respondent_id,date,sunrise,sunset,solar_noon,day_length_sec,civil_twilight_begin,civil_twilight_end,nautical_twilight_begin,nautical_twilight_end,astro_twilight_begin,astro_twilight_end
CISO,2021-02-25,2021-02-25 14:24:17+00:00,2021-02-26 01:45:35+00:00,2021-02-25 20:04:56+00:00,40878,2021-02-25 14:00:07+00:00,2021-02-26 02:09:45+00:00,2021-02-25 13:30:43+00:00,2021-02-26 02:39:08+00:00,2021-02-25 13:01:25+00:00,2021-02-26 03:08:27+00:00
CISO,2021-02-26,2021-02-26 14:23:02+00:00,2021-02-27 01:46:29+00:00,2021-02-26 20:04:46+00:00,41007,2021-02-26 13:58:54+00:00,2021-02-27 02:10:37+00:00,2021-02-26 13:29:31+00:00,2021-02-27 02:40:00+00:00,2021-02-26 13:00:13+00:00,2021-02-27 03:09:18+00:00
CISO,2021-02-27,2021-02-27 14:21:47+00:00,2021-02-28 01:47:23+00:00,2021-02-27 20:04:35+00:00,41136,2021-02-27 13:57:40+00:00,2021-02-28 02:11:29+00:00,2021-02-27 13:28:19+00:00,2021-02-28 02:40:51+00:00,2021-02-27 12:59:00+00:00,2021-02-28 03:10:09+00:00
CISO,2021-02-28,2021-02-28 14:20:31+00:00,2021-03-01 01:48:16+00:00,2021-02-28 20:04:24+00:00,41265,2021-02-28 13:56:26+00:00,2021-03-01 02:12:21+00:00,2021-02-28 13:27:05+00:00,2021-03-01 02:41:42+00:00,2021-02-28 12:57:46+00:00,2021-03-01 03:11:01+00:00
CISO,2021-03-01,2021-03-01 14:19:15+00:00,2021-03-02 01:49:09+00:00,2021-03-01 20:04:12+00:00,41394,2021-03-01 13:55:11+00:00,2021-03-02 02:13:13+00:00,2021-03-01 13:25:50+00:00,2021-03-02 02:42:33+00:00,2021-03-01 12:56:31+00:00,2021-03-02 03:11:52+00:00
CISO,2021-03-02,2021-03-02 14:17:57+00:00,2021-03-03 01:50:02+00:00,2021-03-02 20:04:00+00:00,41525,2021-03-02 13:53:54+00:00,2021-03-03 02:14:05+00:00,2021-03-02 13:24:35+00:00,2021-03-03 02:43:24+00:00,2021-03-02 12:55:15+00:00,2021-03-03 03:12:44+00:00
CISO,2021-03-03,2021-03-03 14:16:39+00:00,2021-03-04 01:50:55+00:00,2021-03-03 20:03:47+00:00,41656,2021-03-03 13:52:38+00:00,2021-03-04 02:14:56+00:00,2021-03-03 13:23:19+00:00,2021-03-04 02:44:15+00:00,2021-03-03 12:53:59+00:00,2021-03-04 03:13:35+00:00
CISO,2021-03-04,2021-03-04 14:15:21+00:00,2021-03-05 01:51:47+00:00,2021-03-04 20:03:34+00:00,41786,2021-03-04 13:51:20+00:00,2021-03-05 02:15:47+00:00,2021-03-04 13:22:01+00:00,2021-03-05 02:45:06+00:00,2021-03-04 12:52:41+00:00,2021-03-05 03:14:27+00:00
CISO,2021-03-05,2021-03-05 14:14:02+00:00,2021-03-06 01:52:39+00:00,2021-03-05 20:03:20+00:00,41917,2021-03-05 13:50:02+00:00,2021-03-06 02:16:38+00:00,2021-03-05 13:20:44+00:00,2021-03-06 02:45:57+00:00,2021-03-05 12:51:22+00:00,2021-03-06 03:15:19+00:00
CISO,2021-03-06,2021-03-06 14:12:42+00:00,2021-03-07 01:53:30+00:00,2021-03-06 20:03:06+00:00,42048,2021-03-06 13:48:43+00:00,2021-03-07 02:17:29+00:00,2021-03-06 13:19:25+00:00,2021-03-07 02:46:48+00:00,2021-03-06 12:50:02+00:00,2021-03-07 03:16:10+00:00
CISO,2021-03-07,2021-03-07 14:11:22+00:00,2021-03-08 01:54:22+00:00,2021-03-07 20:02:52+00:00,42180,2021-03-07 13:47:24+00:00,2021-03-08 02:18:20+00:00,2021-03-07 13:18:05+00:00,2021-03-08 02:47:38+00:00,2021-03-07 12:48:42+00:00,2021-03-08 03:17:02+00:00
CISO,2021-03-08,2021-03-08 14:10:01+00:00,2021-03-09 01:55:13+00:00,2021-03-08 20:02:37+00:00,42312,2021-03-08 13:46:04+00:00,2021-03-09 02:19:10+00:00,2021-03-08 13:16:45+00:00,2021-03-09 02:48:29+00:00,2021-03-08 12:47:20+00:00,2021-03-09 03:17:54+00:00
CISO,2021-03-09,2021-03-09 14:08:40+00:00,2021-03-10 01:56:04+00:00,2021-03-09 20:02:22+00:00,42444,2021-03-09 13:44:43+00:00,2021-03-10 02:20:01+00:00,2021-03-09 13:15:24+00:00,2021-03-10 02:49:19+00:00,2021-03-09 12:45:58+00:00,2021-03-10 03:18:46+00:00
CISO,2021-03-10,2021-03-10 14:07:18+00:00,2021-03-11 01:56:54+00:00,2021-03-10 20:02:06+00:00,42576,2021-03-10 13:43:22+00:00,2021-03-11 02:20:51+00:00,2021-03-10 13:14:03+00:00,2021-03-11 02:50:10+00:00,2021-03-10 12:44:35+00:00,2021-03-11 03:19:38+00:00
CISO,2021-03-11,2021-03-11 14:05:56+00:00,2021-03-12 01:57:45+00:00,2021-03-11 20:01:51+00:00,42709,2021-03-11 13:42:01+00:00,2021-03-12 02:21:41+00:00,2021-03-11 13:12:41+00:00,2021-03-12 02:51:00+00:00,2021-03-11 12:43:11+00:00,2021-03-12 03:20:30+00:00
CISO,2021-03-12,2021-03-12 14:04:34+00:00,2021-03-13 01:58:35+00:00,2021-03-12 20:01:35+00:00,42841,2021-03-12 13:40:38+00:00,2021-03-13 02:22:31+00:00,2021-03-12 13:11:18+00:00,2021-03-13 02:51:51+00:00,2021-03-12 12:41:47+00:00,2021-03-13 03:21:22+00:00
CISO,2021-03-13,2021-03-13 14:03:12+00:00,2021-03-14 01:59:25+00:00,2021-03-13 20:01:18+00:00,42973,2021-03-13 13:39:16+00:00,2021-03-14 02:23:20+00:00,2021-03-13 13:09:55+00:00,2021-03-14 02:52:41+00:00,2021-03-13 12:40:21+00:00,2021-03-14 03:22:15+00:00
CISO,2021-03-14,2021-03-14 14:01:49+00:00,2021-03-15 02:00:14+00:00,2021-03-14 20:01:02+00:00,43105,2021-03-14 13:37:53+00:00,2021-03-15 02:24:10+00:00,2021-03-14 13:08:31+00:00,2021-03-15 02:53:32+00:00,2021-03-14 12:38:56+00:00,2021-03-15 03:23:07+00:00
CISO,2021-03-15,2021-03-15 14:00:25+00:00,2021-03-16 02:01:04+00:00,2021-03-15 20:00:45+00:00,43239,2021-03-15 13:36:30+00:00,2021-03-16 02:24:59+00:00,2021-03-15 13:07:07+00:00,2021-03-16 02:54:22+00:00,2021-03-15 12:37:29+00:00,2021-03-16 03:24:00+00:00
CISO,2021-03-16,2021-03-16 13:59:02+00:00,2021-03-17 02:01:53+00:00,2021-03-16 20:00:28+00:00,43371,2021-03-16 13:35:06+00:00,2021-03-17 02:25:49+00:00,2021-03-16 13:05:42+00:00,2021-03-17 02:55:13+00:00,2021-03-16 12:36:02+00:00,2021-03-17 03:24:53+00:00
CISO,2021-03-17,2021-03-17 13:57:38+00:00,2021-03-18 02:02:42+00:00,2021-03-17 20:00:10+00:00,43504,2021-03-17 13:33:42+00:00,2021-03-18 02:26:38+00:00,2021-03-17 13:04:17+00:00,2021-03-18 02:56:04+00:00,2021-03-17 12:34:34+00:00,2021-03-18 03:25:47+00:00
CISO,2021-03-18,2021-03-18 13:56:14+00:00,2021-03-19 02:03:31+00:00,2021-03-18 19:59:53+00:00,43637,2021-03-18 13:32:18+00:00,2021-03-19 02:27:28+00:00,2021-03-18 13:02:51+00:00,2021-03-19 02:56:54+00:00,2021-03-18 12:33:06+00:00,2021-03-19 03:26:40+00:00
CISO,2021-03-19,2021-03-19 13:54:50+00:00,2021-03-20 02:04:20+00:00,2021-03-19 19:59:35+00:00,43770,2021-03-19 13:30:54+00:00,2021-03-20 02:28:17+00:00,2021-03-19 13:01:25+00:00,2021-03-20 02:57:45+00:00,2021-03-19 12:31:37+00:00,2021-03-20 03:27:34+00:00
CISO,2021-03-20,2021-03-20 13:53:26+00:00,2021-03-21 02:05:09+00:00,2021-03-20 19:59:17+00:00,43903,2021-03-20 13:29:29+00:00,2021-03-21 02:29:06+00:00,2021-03-20 12:59:59+00:00,2021-03-21 02:58:36+00:00,2021-03-20 12:30:07+00:00,2021-03-21 03:28:28+00:00
CISO,2021-03-21,2021-03-21 13:52:02+00:00,2021-03-22 02:05:57+00:00,2021-03-21 19:59:00+00:00,44035,2021-03-21 13:28:04+00:00,2021-03-22 02:29:55+00:00,2021-03-21 12:58:32+00:00,2021-03-22 02:59:27+00:00,2021-03-21 12:28:37+00:00,2021-03-22 03:29:22+00:00
CISO,2021-03-22,2021-03-22 13:50:38+00:00,2021-03-23 02:06:46+00:00,2021-03-22 19:58:42+00:00,44168,2021-03-22 13:26:39+00:00,2021-03-23 02:30:44+00:00,2021-03-22 12:57:05+00:00,2021-03-23 03:00:18+00:00,2021-03-22 12:27:07+00:00,2021-03-23 03:30:16+00:00
CISO,2021-03-23,2021-03-23 13:49:13+00:00,2021-03-24 02:07:34+00:00,2021-03-23 19:58:24+00:00,44301,2021-03-23 13:25:14+00:00,2021-03-24 02:31:34+00:00,2021-03-23 12:55:38+00:00,2021-03-24 03:01:09+00:00,2021-03-23 12:25:36+00:00,2021-03-24 03:31:11+00:00
CISO,2021-03-24,2021-03-24 13:47:49+00:00,2021-03-25 02:08:22+00:00,2021-03-24 19:58:06+00:00,44433,2021-03-24 13:23:48+00:00,2021-03-25 02:32:23+00:00,2021-03-24 12:54:10+00:00,2021-03-25 03:02:01+00:00,2021-03-24 12:24:05+00:00,2021-03-25 03:32:06+00:00
CISO,2021-03-25,2021-03-25 13:46:24+00:00,2021-03-26 02:09:10+00:00,2021-03-25 19:57:47+00:00,44566,2021-03-25 13:22:23+00:00,2021-03-26 02:33:12+00:00,2021-03-25 12:52:43+00:00,2021-03-26 03:02:52+00:00,2021-03-25 12:22:33+00:00,2021-03-26 03:33:02+00:00
CISO,2021-03-26,2021-03-26 13:45:00+00:00,2021-03-27 02:09:58+00:00,2021-03-26 19:57:29+00:00,44698,2021-03-26 13:20:58+00:00,2021-03-27 02:34:01+00:00,2021-03-26 12:51:15+00:00,2021-03-27 03:03:44+00:00,2021-03-26 12:21:01+00:00,2021-03-27 03:33:57+00:00
CISO,2021-03-27,2021-03-27 13:43:36+00:00,2021-03-28 02:10:46+00:00,2021-03-27 19:57:11+00:00,44830,2021-03-27 13:19:32+00:00,2021-03-28 02:34:50+00:00,2021-03-27 12:49:46+00:00,2021-03-28 03:04:36+00:00,2021-03-27 12:19:29+00:00,2021-03-28 03:34:53+00:00
CISO,2021-03-28,2021-03-28 13:42:12+00:00,2021-03-29 02:11:34+00:00,2021-03-28 19:56:53+00:00,44962,2021-03-28 13:18:07+00:00,2021-03-29 02:35:40+00:00,2021-03-28 12:48:18+00:00,2021-03-29 03:05:28+00:00,2021-03-28 12:17:57+00:00,2021-03-29 03:35:50+00:00
CISO,2021-03-29,2021-03-29 13:40:48+00:00,2021-03-30 02:12:22+00:00,2021-03-29 19:56:35+00:00,45094,2021-03-29 13:16:41+00:00,2021-03-30 02:36:29+00:00,2021-03-29 12:46:50+00:00,2021-03-30 03:06:20+00:00,2021-03-29 12:16:24+00:00,2021-03-30 03:36:46+00:00
CISO,2021-03-30,2021-03-30 13:39:24+00:00,2021-03-31 02:13:10+00:00,2021-03-30 19:56:17+00:00,45226,2021-03-30 13:15:16+00:00,2021-03-31 02:37:18+00:00,2021-03-30 12:45:21+00:00,2021-03-31 03:07:13+00:00,2021-03-30 12:14:51+00:00,2021-03-31 03:37:43+00:00
CISO,2021-03-31,2021-03-31 13:38:01+00:00,2021-04-01 02:13:58+00:00,2021-03-31 19:55:59+00:00,45357,2021-03-31 13:13:51+00:00,2021-04-01 02:38:08+00:00,2021-03-31 12:43:53+00:00,2021-04-01 03:08:05+00:00,2021-03-31 12:13:17+00:00,2021-04-01 03:38:41+00:00
CISO,2021-04-01,2021-04-01 13:36:37+00:00,2021-04-02 02:14:46+00:00,2021-04-01 19:55:41+00:00,45489,2021-04-01 13:12:26+00:00,2021-04-02 02:38:57+00:00,2021-04-01 12:42:25+00:00,2021-04-02 03:08:58+00:00,2021-04-01 12:11:44+00:00,2021-04-02 03:39:39+00:00
CISO,2021-04-02,2021-04-02 13:35:14+00:00,2021-04-03 02:15:33+00:00,2021-04-02 19:55:24+00:00,45619,2021-04-02 13:11:01+00:00,2021-04-03 02:39:47+00:00,2021-04-02 12:40:56+00:00,2021-04-03 03:09:51+00:00,2021-04-02 12:10:11+00:00,2021-04-03 03:40:37+00:00
CISO,2021-04-03,2021-04-03 13:33:51+00:00,2021-04-04 02:16:21+00:00,2021-04-03 19:55:06+00:00,45750,2021-04-03 13:09:36+00:00,2021-04-04 02:40:37+00:00,2021-04-03 12:39:28+00:00,2021-04-04 03:10:45+00:00,2021-04-03 12:08:37+00:00,2021-04-04 03:41:36+00:00
CISO,2021-04-04,2021-04-04 13:32:29+00:00,2021-04-05 02:17:09+00:00,2021-04-04 19:54:49+00:00,45880,2021-04-04 13:08:11+00:00,2021-04-05 02:41:27+00:00,2021-04-04 12:38:00+00:00,2021-04-05 03:11:38+00:00,2021-04-04 12:07:03+00:00,2021-04-05 03:42:35+00:00
CISO,2021-04-05,2021-04-05 13:31:07+00:00,2021-04-06 02:17:57+00:00,2021-04-05 19:54:32+00:00,46010,2021-04-05 13:06:47+00:00,2021-04-06 02:42:17+00:00,2021-04-05 12:36:31+00:00,2021-04-06 03:12:32+00:00,2021-04-05 12:05:29+00:00,2021-04-06 03:43:34+00:00
CISO,2021-04-06,2021-04-06 13:29:45+00:00,2021-04-07 02:18:45+00:00,2021-04-06 19:54:15+00:00,46140,2021-04-06 13:05:23+00:00,2021-04-07 02:43:07+00:00,2021-04-06 12:35:03+00:00,2021-04-07 03:13:26+00:00,2021-04-06 12:03:55+00:00,2021-04-07 03:44:34+00:00
CISO,2021-04-07,2021-04-07 13:28:23+00:00,2021-04-08 02:19:33+00:00,2021-04-07 19:53:58+00:00,46270,2021-04-07 13:03:59+00:00,2021-04-08 02:43:57+00:00,2021-04-07 12:33:35+00:00,2021-04-08 03:14:21+00:00,2021-04-07 12:02:22+00:00,2021-04-08 03:45:34+00:00
CISO,2021-04-08,2021-04-08 13:27:02+00:00,2021-04-09 02:20:21+00:00,2021-04-08 19:53:41+00:00,46399,2021-04-08 13:02:36+00:00,2021-04-09 02:44:47+00:00,2021-04-08 12:32:08+00:00,2021-04-09 03:15:15+00:00,2021-04-08 12:00:48+00:00,2021-04-09 03:46:35+00:00
CISO,2021-04-09,2021-04-09 13:25:42+00:00,2021-04-10 02:21:09+00:00,2021-04-09 19:53:25+00:00,46527,2021-04-09 13:01:13+00:00,2021-04-10 02:45:38+00:00,2021-04-09 12:30:40+00:00,2021-04-10 03:16:10+00:00,2021-04-09 11:59:14+00:00,2021-04-10 03:47:36+00:00
CISO,2021-04-10,2021-04-10 13:24:22+00:00,2021-04-11 02:21:57+00:00,2021-04-10 19:53:09+00:00,46655,2021-04-10 12:59:50+00:00,2021-04-11 02:46:28+00:00,2021-04-10 12:29:13+00:00,2021-04-11 03:17:05+00:00,2021-04-10 11:57:41+00:00,2021-04-11 03:48:38+00:00
CISO,2021-04-11,2021-04-11 13:23:02+00:00,2021-04-12 02:22:45+00:00,2021-04-11 19:52:53+00:00,46783,2021-04-11 12:58:28+00:00,2021-04-12 02:47:19+00:00,2021-04-11 12:27:46+00:00,2021-04-12 03:18:01+00:00,2021-04-11 11:56:07+00:00,2021-04-12 03:49:40+00:00
CISO,2021-04-12,2021-04-12 13:21:43+00:00,2021-04-13 02:23:33+00:00,2021-04-12 19:52:38+00:00,46910,2021-04-12 12:57:06+00:00,2021-04-13 02:48:10+00:00,2021-04-12 12:26:20+00:00,2021-04-13 03:18:56+00:00,2021-04-12 11:54:34+00:00,2021-04-13 03:50:42+00:00
CISO,2021-04-13,2021-04-13 13:20:25+00:00,2021-04-14 02:24:21+00:00,2021-04-13 19:52:23+00:00,47036,2021-04-13 12:55:45+00:00,2021-04-14 02:49:01+00:00,2021-04-13 12:24:54+00:00,2021-04-14 03:19:52+00:00,2021-04-13 11:53:01+00:00,2021-04-14 03:51:45+00:00
CISO,2021-04-14,2021-04-14 13:19:07+00:00,2021-04-15 02:25:09+00:00,2021-04-14 19:52:08+00:00,47162,2021-04-14 12:54:24+00:00,2021-04-15 02:49:52+00:00,2021-04-14 12:23:28+00:00,2021-04-15 03:20:48+00:00,2021-04-14 11:51:28+00:00,2021-04-15 03:52:48+00:00
CISO,2021-04-15,2021-04-15 13:17:50+00:00,2021-04-16 02:25:58+00:00,2021-04-15 19:51:54+00:00,47288,2021-04-15 12:53:04+00:00,2021-04-16 02:50:44+00:00,2021-04-15 12:22:03+00:00,2021-04-16 03:21:45+00:00,2021-04-15 11:49:55+00:00,2021-04-16 03:53:52+00:00
CISO,2021-04-16,2021-04-16 13:16:34+00:00,2021-04-17 02:26:46+00:00,2021-04-16 19:51:40+00:00,47412,2021-04-16 12:51:44+00:00,2021-04-17 02:51:35+00:00,2021-04-16 12:20:38+00:00,2021-04-17 03:22:42+00:00,2021-04-16 11:48:23+00:00,2021-04-17 03:54:56+00:00
CISO,2021-04-17,2021-04-17 13:15:18+00:00,2021-04-18 02:27:34+00:00,2021-04-17 19:51:26+00:00,47536,2021-04-17 12:50:25+00:00,2021-04-18 02:52:27+00:00,2021-04-17 12:19:14+00:00,2021-04-18 03:23:39+00:00,2021-04-17 11:46:51+00:00,2021-04-18 03:56:01+00:00
CISO,2021-04-18,2021-04-18 13:14:03+00:00,2021-04-19 02:28:23+00:00,2021-04-18 19:51:13+00:00,47660,2021-04-18 12:49:07+00:00,2021-04-19 02:53:19+00:00,2021-04-18 12:17:50+00:00,2021-04-19 03:24:36+00:00,2021-04-18 11:45:20+00:00,2021-04-19 03:57:06+00:00
CISO,2021-04-19,2021-04-19 13:12:48+00:00,2021-04-20 02:29:12+00:00,2021-04-19 19:51:00+00:00,47784,2021-04-19 12:47:49+00:00,2021-04-20 02:54:11+00:00,2021-04-19 12:16:27+00:00,2021-04-20 03:25:33+00:00,2021-04-19 11:43:49+00:00,2021-04-20 03:58:11+00:00
CISO,2021-04-20,2021-04-20 13:11:35+00:00,2021-04-21 02:30:00+00:00,2021-04-20 19:50:47+00:00,47905,2021-04-20 12:46:32+00:00,2021-04-21 02:55:03+00:00,2021-04-20 12:15:04+00:00,2021-04-21 03:26:31+00:00,2021-04-20 11:42:18+00:00,2021-04-21 03:59:17+00:00
CISO,2021-04-21,2021-04-21 13:10:22+00:00,2021-04-22 02:30:49+00:00,2021-04-21 19:50:35+00:00,48027,2021-04-21 12:45:16+00:00,2021-04-22 02:55:55+00:00,2021-04-21 12:13:42+00:00,2021-04-22 03:27:29+00:00,2021-04-21 11:40:48+00:00,2021-04-22 04:00:23+00:00
CISO,2021-04-22,2021-04-22 13:09:10+00:00,2021-04-23 02:31:38+00:00,2021-04-22 19:50:24+00:00,48148,2021-04-22 12:44:00+00:00,2021-04-23 02:56:47+00:00,2021-04-22 12:12:21+00:00,2021-04-23 03:28:27+00:00,2021-04-22 11:39:18+00:00,2021-04-23 04:01:30+00:00
CISO,2021-04-23,2021-04-23 13:07:59+00:00,2021-04-24 02:32:27+00:00,2021-04-23 19:50:13+00:00,48268,2021-04-23 12:42:46+00:00,2021-04-24 02:57:40+00:00,2021-04-23 12:11:00+00:00,2021-04-24 03:29:26+00:00,2021-04-23 11:37:49+00:00,2021-04-24 04:02:37+00:00
CISO,2021-04-24,2021-04-24 13:06:49+00:00,2021-04-25 02:33:15+00:00,2021-04-24 19:50:02+00:00,48386,2021-04-24 12:41:32+00:00,2021-04-25 02:58:32+00:00,2021-04-24 12:09:40+00:00,2021-04-25 03:30:24+00:00,2021-04-24 11:36:21+00:00,2021-04-25 04:03:44+00:00
CISO,2021-04-25,2021-04-25 13:05:40+00:00,2021-04-26 02:34:04+00:00,2021-04-25 19:49:52+00:00,48504,2021-04-25 12:40:19+00:00,2021-04-26 02:59:25+00:00,2021-04-25 12:08:21+00:00,2021-04-26 03:31:23+00:00,2021-04-25 11:34:53+00:00,2021-04-26 04:04:51+00:00
CISO,2021-04-26,2021-04-26 13:04:31+00:00,2021-04-27 02:34:53+00:00,2021-04-26 19:49:42+00:00,48622,2021-04-26 12:39:07+00:00,2021-04-27 03:00:18+00:00,2021-04-26 12:07:03+00:00,2021-04-27 03:32:22+00:00,2021-04-26 11:33:25+00:00,2021-04-27 04:05:59+00:00
CISO,2021-04-27,2021-04-27 13:03:24+00:00,2021-04-28 02:35:42+00:00,2021-04-27 19:49:33+00:00,48738,2021-04-27 12:37:56+00:00,2021-04-28 03:01:11+00:00,2021-04-27 12:05:45+00:00,2021-04-28 03:33:21+00:00,2021-04-27 11:31:59+00:00,2021-04-28 04:07:07+00:00
CISO,2021-04-28,2021-04-28 13:02:18+00:00,2021-04-29 02:36:31+00:00,2021-04-28 19:49:25+00:00,48853,2021-04-28 12:36:45+00:00,2021-04-29 03:02:04+00:00,2021-04-28 12:04:28+00:00,2021-04-29 03:34:21+00:00,2021-04-28 11:30:33+00:00,2021-04-29 04:08:16+00:00
CISO,2021-04-29,2021-04-29 13:01:12+00:00,2021-04-30 02:37:20+00:00,2021-04-29 19:49:16+00:00,48968,2021-04-29 12:35:36+00:00,2021-04-30 03:02:57+00:00,2021-04-29 12:03:13+00:00,2021-04-30 03:35:20+00:00,2021-04-29 11:29:08+00:00,2021-04-30 04:09:25+00:00
CISO,2021-04-30,2021-04-30 13:00:08+00:00,2021-05-01 02:38:09+00:00,2021-04-30 19:49:09+00:00,49081,2021-04-30 12:34:28+00:00,2021-05-01 03:03:50+00:00,2021-04-30 12:01:58+00:00,2021-05-01 03:36:20+00:00,2021-04-30 11:27:44+00:00,2021-05-01 04:10:33+00:00
CISO,2021-05-01,2021-05-01 12:59:05+00:00,2021-05-02 02:38:59+00:00,2021-05-01 19:49:02+00:00,49194,2021-05-01 12:33:21+00:00,2021-05-02 03:04:43+00:00,2021-05-01 12:00:44+00:00,2021-05-02 03:37:19+00:00,2021-05-01 11:26:21+00:00,2021-05-02 04:11:43+00:00
CISO,2021-05-02,2021-05-02 12:58:03+00:00,2021-05-03 02:39:47+00:00,2021-05-02 19:48:55+00:00,49304,2021-05-02 12:32:15+00:00,2021-05-03 03:05:36+00:00,2021-05-02 11:59:31+00:00,2021-05-03 03:38:19+00:00,2021-05-02 11:24:59+00:00,2021-05-03 04:12:52+00:00
CISO,2021-05-03,2021-05-03 12:57:02+00:00,2021-05-04 02:40:36+00:00,2021-05-03 19:48:49+00:00,49414,2021-05-03 12:31:10+00:00,2021-05-04 03:06:29+00:00,2021-05-03 11:58:20+00:00,2021-05-04 03:39:19+00:00,2021-05-03 11:23:37+00:00,2021-05-04 04:14:01+00:00
CISO,2021-05-04,2021-05-04 12:56:02+00:00,2021-05-05 02:41:25+00:00,2021-05-04 19:48:44+00:00,49523,2021-05-04 12:30:06+00:00,2021-05-05 03:07:22+00:00,2021-05-04 11:57:09+00:00,2021-05-05 03:40:19+00:00,2021-05-04 11:22:17+00:00,2021-05-05 04:15:11+00:00
CISO,2021-05-05,2021-05-05 12:55:04+00:00,2021-05-06 02:42:14+00:00,2021-05-05 19:48:39+00:00,49630,2021-05-05 12:29:03+00:00,2021-05-06 03:08:15+00:00,2021-05-05 11:56:00+00:00,2021-05-06 03:41:18+00:00,2021-05-05 11:20:58+00:00,2021-05-06 04:16:20+00:00
CISO,2021-05-06,2021-05-06 12:54:06+00:00,2021-05-07 02:43:03+00:00,2021-05-06 19:48:35+00:00,49737,2021-05-06 12:28:01+00:00,2021-05-07 03:09:08+00:00,2021-05-06 11:54:51+00:00,2021-05-07 03:42:18+00:00,2021-05-06 11:19:40+00:00,2021-05-07 04:17:30+00:00
CISO,2021-05-07,2021-05-07 12:53:10+00:00,2021-05-08 02:43:51+00:00,2021-05-07 19:48:31+00:00,49841,2021-05-07 12:27:01+00:00,2021-05-08 03:10:01+00:00,2021-05-07 11:53:44+00:00,2021-05-08 03:43:18+00:00,2021-05-07 11:18:22+00:00,2021-05-08 04:18:39+00:00
CISO,2021-05-08,2021-05-08 12:52:16+00:00,2021-05-09 02:44:40+00:00,2021-05-08 19:48:28+00:00,49944,2021-05-08 12:26:02+00:00,2021-05-09 03:10:53+00:00,2021-05-08 11:52:38+00:00,2021-05-09 03:44:17+00:00,2021-05-08 11:17:07+00:00,2021-05-09 04:19:49+00:00
CISO,2021-05-09,2021-05-09 12:51:22+00:00,2021-05-10 02:45:28+00:00,2021-05-09 19:48:25+00:00,50046,2021-05-09 12:25:04+00:00,2021-05-10 03:11:46+00:00,2021-05-09 11:51:33+00:00,2021-05-10 03:45:17+00:00,2021-05-09 11:15:52+00:00,2021-05-10 04:20:58+00:00
CISO,2021-05-10,2021-05-10 12:50:30+00:00,2021-05-11 02:46:16+00:00,2021-05-10 19:48:23+00:00,50146,2021-05-10 12:24:08+00:00,2021-05-11 03:12:38+00:00,2021-05-10 11:50:30+00:00,2021-05-11 03:46:16+00:00,2021-05-10 11:14:38+00:00,2021-05-11 04:22:08+00:00
CISO,2021-05-11,2021-05-11 12:49:39+00:00,2021-05-12 02:47:04+00:00,2021-05-11 19:48:22+00:00,50245,2021-05-11 12:23:13+00:00,2021-05-12 03:13:31+00:00,2021-05-11 11:49:28+00:00,2021-05-12 03:47:15+00:00,2021-05-11 11:13:26+00:00,2021-05-12 04:23:17+00:00
CISO,2021-05-12,2021-05-12 12:48:50+00:00,2021-05-13 02:47:52+00:00,2021-05-12 19:48:21+00:00,50342,2021-05-12 12:22:19+00:00,2021-05-13 03:14:23+00:00,2021-05-12 11:48:28+00:00,2021-05-13 03:48:14+00:00,2021-05-12 11:12:16+00:00,2021-05-13 04:24:26+00:00
CISO,2021-05-13,2021-05-13 12:48:01+00:00,2021-05-14 02:48:40+00:00,2021-05-13 19:48:21+00:00,50439,2021-05-13 12:21:27+00:00,2021-05-14 03:15:14+00:00,2021-05-13 11:47:28+00:00,2021-05-14 03:49:13+00:00,2021-05-13 11:11:06+00:00,2021-05-14 04:25:35+00:00
CISO,2021-05-14,2021-05-14 12:47:15+00:00,2021-05-15 02:49:27+00:00,2021-05-14 19:48:21+00:00,50532,2021-05-14 12:20:36+00:00,2021-05-15 03:16:06+00:00,2021-05-14 11:46:31+00:00,2021-05-15 03:50:11+00:00,2021-05-14 11:09:58+00:00,2021-05-15 04:26:43+00:00
CISO,2021-05-15,2021-05-15 12:46:29+00:00,2021-05-16 02:50:14+00:00,2021-05-15 19:48:22+00:00,50625,2021-05-15 12:19:46+00:00,2021-05-16 03:16:57+00:00,2021-05-15 11:45:34+00:00,2021-05-16 03:51:09+00:00,2021-05-15 11:08:52+00:00,2021-05-16 04:27:51+00:00
CISO,2021-05-16,2021-05-16 12:45:46+00:00,2021-05-17 02:51:00+00:00,2021-05-16 19:48:23+00:00,50714,2021-05-16 12:18:59+00:00,2021-05-17 03:17:47+00:00,2021-05-16 11:44:39+00:00,2021-05-17 03:52:07+00:00,2021-05-16 11:07:47+00:00,2021-05-17 04:28:59+00:00
CISO,2021-05-17,2021-05-17 12:45:03+00:00,2021-05-18 02:51:47+00:00,2021-05-17 19:48:25+00:00,50804,2021-05-17 12:18:12+00:00,2021-05-18 03:18:38+00:00,2021-05-17 11:43:46+00:00,2021-05-18 03:53:04+00:00,2021-05-17 11:06:44+00:00,2021-05-18 04:30:06+00:00
CISO,2021-05-18,2021-05-18 12:44:22+00:00,2021-05-19 02:52:33+00:00,2021-05-18 19:48:27+00:00,50891,2021-05-18 12:17:27+00:00,2021-05-19 03:19:28+00:00,2021-05-18 11:42:55+00:00,2021-05-19 03:54:00+00:00,2021-05-18 11:05:42+00:00,2021-05-19 04:31:13+00:00
CISO,2021-05-19,2021-05-19 12:43:43+00:00,2021-05-20 02:53:18+00:00,2021-05-19 19:48:31+00:00,50975,2021-05-19 12:16:44+00:00,2021-05-20 03:20:17+00:00,2021-05-19 11:42:05+00:00,2021-05-20 03:54:57+00:00,2021-05-19 11:04:42+00:00,2021-05-20 04:32:19+00:00
CISO,2021-05-20,2021-05-20 12:43:05+00:00,2021-05-21 02:54:03+00:00,2021-05-20 19:48:34+00:00,51058,2021-05-20 12:16:02+00:00,2021-05-21 03:21:06+00:00,2021-05-20 11:41:16+00:00,2021-05-21 03:55:52+00:00,2021-05-20 11:03:44+00:00,2021-05-21 04:33:24+00:00
CISO,2021-05-21,2021-05-21 12:42:29+00:00,2021-05-22 02:54:48+00:00,2021-05-21 19:48:38+00:00,51139,2021-05-21 12:15:22+00:00,2021-05-22 03:21:55+00:00,2021-05-21 11:40:29+00:00,2021-05-22 03:56:47+00:00,2021-05-21 11:02:48+00:00,2021-05-22 04:34:29+00:00
CISO,2021-05-22,2021-05-22 12:41:54+00:00,2021-05-23 02:55:32+00:00,2021-05-22 19:48:43+00:00,51218,2021-05-22 12:14:43+00:00,2021-05-23 03:22:43+00:00,2021-05-22 11:39:44+00:00,2021-05-23 03:57:41+00:00,2021-05-22 11:01:53+00:00,2021-05-23 04:35:33+00:00
CISO,2021-05-23,2021-05-23 12:41:21+00:00,2021-05-24 02:56:15+00:00,2021-05-23 19:48:48+00:00,51294,2021-05-23 12:14:06+00:00,2021-05-24 03:23:30+00:00,2021-05-23 11:39:01+00:00,2021-05-24 03:58:35+00:00,2021-05-23 11:01:00+00:00,2021-05-24 04:36:36+00:00
CISO,2021-05-24,2021-05-24 12:40:49+00:00,2021-05-25 02:56:58+00:00,2021-05-24 19:48:54+00:00,51369,2021-05-24 12:13:31+00:00,2021-05-25 03:24:17+00:00,2021-05-24 11:38:20+00:00,2021-05-25 03:59:28+00:00,2021-05-24 11:00:09+00:00,2021-05-25 04:37:38+00:00
CISO,2021-05-25,2021-05-25 12:40:19+00:00,2021-05-26 02:57:40+00:00,2021-05-25 19:49:00+00:00,51441,2021-05-25 12:12:57+00:00,2021-05-26 03:25:03+00:00,2021-05-25 11:37:40+00:00,2021-05-26 04:00:20+00:00,2021-05-25 10:59:20+00:00,2021-05-26 04:38:39+00:00
CISO,2021-05-26,2021-05-26 12:39:51+00:00,2021-05-27 02:58:22+00:00,2021-05-26 19:49:07+00:00,51511,2021-05-26 12:12:25+00:00,2021-05-27 03:25:48+00:00,2021-05-26 11:37:02+00:00,2021-05-27 04:01:11+00:00,2021-05-26 10:58:33+00:00,2021-05-27 04:39:40+00:00
CISO,2021-05-27,2021-05-27 12:39:24+00:00,2021-05-28 02:59:03+00:00,2021-05-27 19:49:14+00:00,51579,2021-05-27 12:11:55+00:00,2021-05-28 03:26:33+00:00,2021-05-27 11:36:26+00:00,2021-05-28 04:02:02+00:00,2021-05-27 10:57:48+00:00,2021-05-28 04:40:39+00:00
CISO,2021-05-28,2021-05-28 12:38:59+00:00,2021-05-29 02:59:43+00:00,2021-05-28 19:49:21+00:00,51644,2021-05-28 12:11:26+00:00,2021-05-29 03:27:16+00:00,2021-05-28 11:35:52+00:00,2021-05-29 04:02:51+00:00,2021-05-28 10:57:06+00:00,2021-05-29 04:41:37+00:00
CISO,2021-05-29,2021-05-29 12:38:36+00:00,2021-05-30 03:00:23+00:00,2021-05-29 19:49:29+00:00,51707,2021-05-29 12:11:00+00:00,2021-05-30 03:27:59+00:00,2021-05-29 11:35:19+00:00,2021-05-30 04:03:39+00:00,2021-05-29 10:56:25+00:00,2021-05-30 04:42:34+00:00
CISO,2021-05-30,2021-05-30 12:38:14+00:00,2021-05-31 03:01:02+00:00,2021-05-30 19:49:38+00:00,51768,2021-05-30 12:10:34+00:00,2021-05-31 03:28:41+00:00,2021-05-30 11:34:49+00:00,2021-05-31 04:04:27+00:00,2021-05-30 10:55:46+00:00,2021-05-31 04:43:29+00:00
CISO,2021-05-31,2021-05-31 12:37:54+00:00,2021-06-01 03:01:40+00:00,2021-05-31 19:49:47+00:00,51826,2021-05-31 12:10:11+00:00,2021-06-01 03:29:22+00:00,2021-05-31 11:34:20+00:00,2021-06-01 04:05:13+00:00,2021-05-31 10:55:10+00:00,2021-06-01 04:44:24+00:00
CISO,2021-06-01,2021-06-01 12:37:35+00:00,2021-06-02 03:02:17+00:00,2021-06-01 19:49:56+00:00,51882,2021-06-01 12:09:50+00:00,2021-06-02 03:30:02+00:00,2021-06-01 11:33:54+00:00,2021-06-02 04:05:58+00:00,2021-06-01 10:54:35+00:00,2021-06-02 04:45:16+00:00
CISO,2021-06-02,2021-06-02 12:37:18+00:00,2021-06-03 03:02:53+00:00,2021-06-02 19:50:06+00:00,51935,2021-06-02 12:09:30+00:00,2021-06-03 03:30:41+00:00,2021-06-02 11:33:29+00:00,2021-06-03 04:06:42+00:00,2021-06-02 10:54:03+00:00,2021-06-03 04:46:08+00:00
CISO,2021-06-03,2021-06-03 12:37:03+00:00,2021-06-04 03:03:28+00:00,2021-06-03 19:50:16+00:00,51985,2021-06-03 12:09:12+00:00,2021-06-04 03:31:19+00:00,2021-06-03 11:33:07+00:00,2021-06-04 04:07:24+00:00,2021-06-03 10:53:34+00:00,2021-06-04 04:46:57+00:00
CISO,2021-06-04,2021-06-04 12:36:49+00:00,2021-06-05 03:04:03+00:00,2021-06-04 19:50:26+00:00,52034,2021-06-04 12:08:56+00:00,2021-06-05 03:31:56+00:00,2021-06-04 11:32:46+00:00,2021-06-05 04:08:06+00:00,2021-06-04 10:53:06+00:00,2021-06-05 04:47:46+00:00
CISO,2021-06-05,2021-06-05 12:36:37+00:00,2021-06-06 03:04:36+00:00,2021-06-05 19:50:37+00:00,52079,2021-06-05 12:08:41+00:00,2021-06-06 03:32:32+00:00,2021-06-05 11:32:28+00:00,2021-06-06 04:08:46+00:00,2021-06-05 10:52:41+00:00,2021-06-06 04:48:32+00:00
CISO,2021-06-06,2021-06-06 12:36:27+00:00,2021-06-07 03:05:08+00:00,2021-06-06 19:50:48+00:00,52121,2021-06-06 12:08:29+00:00,2021-06-07 03:33:07+00:00,2021-06-06 11:32:11+00:00,2021-06-07 04:09:24+00:00,2021-06-06 10:52:19+00:00,2021-06-07 04:49:17+00:00
CISO,2021-06-07,2021-06-07 12:36:19+00:00,2021-06-08 03:05:39+00:00,2021-06-07 19:50:59+00:00,52160,2021-06-07 12:08:18+00:00,2021-06-08 03:33:40+00:00,2021-06-07 11:31:57+00:00,2021-06-08 04:10:01+00:00,2021-06-07 10:51:58+00:00,2021-06-08 04:50:00+00:00
CISO,2021-06-08,2021-06-08 12:36:12+00:00,2021-06-09 03:06:09+00:00,2021-06-08 19:51:11+00:00,52197,2021-06-08 12:08:09+00:00,2021-06-09 03:34:12+00:00,2021-06-08 11:31:44+00:00,2021-06-09 04:10:37+00:00,2021-06-08 10:51:40+00:00,2021-06-09 04:50:41+00:00
CISO,2021-06-09,2021-06-09 12:36:06+00:00,2021-06-10 03:06:38+00:00,2021-06-09 19:51:22+00:00,52232,2021-06-09 12:08:02+00:00,2021-06-10 03:34:43+00:00,2021-06-09 11:31:34+00:00,2021-06-10 04:11:11+00:00,2021-06-09 10:51:25+00:00,2021-06-10 04:51:20+00:00
CISO,2021-06-10,2021-06-10 12:36:03+00:00,2021-06-11 03:07:06+00:00,2021-06-10 19:51:34+00:00,52263,2021-06-10 12:07:56+00:00,2021-06-11 03:35:13+00:00,2021-06-10 11:31:25+00:00,2021-06-11 04:11:44+00:00,2021-06-10 10:51:12+00:00,2021-06-11 04:51:57+00:00
CISO,2021-06-11,2021-06-11 12:36:01+00:00,2021-06-12 03:07:33+00:00,2021-06-11 19:51:47+00:00,52292,2021-06-11 12:07:53+00:00,2021-06-12 03:35:41+00:00,2021-06-11 11:31:19+00:00,2021-06-12 04:12:15+00:00,2021-06-11 10:51:01+00:00,2021-06-12 04:52:33+00:00
CISO,2021-06-12,2021-06-12 12:36:00+00:00,2021-06-13 03:07:58+00:00,2021-06-12 19:51:59+00:00,52318,2021-06-12 12:07:51+00:00,2021-06-13 03:36:08+00:00,2021-06-12 11:31:14+00:00,2021-06-13 04:12:44+00:00,2021-06-12 10:50:53+00:00,2021-06-13 04:53:06+00:00
CISO,2021-06-13,2021-06-13 12:36:01+00:00,2021-06-14 03:08:22+00:00,2021-06-13 19:52:12+00:00,52341,2021-06-13 12:07:50+00:00,2021-06-14 03:36:33+00:00,2021-06-13 11:31:12+00:00,2021-06-14 04:13:11+00:00,2021-06-13 10:50:47+00:00,2021-06-14 04:53:37+00:00
CISO,2021-06-14,2021-06-14 12:36:04+00:00,2021-06-15 03:08:45+00:00,2021-06-14 19:52:24+00:00,52361,2021-06-14 12:07:52+00:00,2021-06-15 03:36:57+00:00,2021-06-14 11:31:12+00:00,2021-06-15 04:13:37+00:00,2021-06-14 10:50:43+00:00,2021-06-15 04:54:06+00:00
CISO,2021-06-15,2021-06-15 12:36:08+00:00,2021-06-16 03:09:06+00:00,2021-06-15 19:52:37+00:00,52378,2021-06-15 12:07:55+00:00,2021-06-16 03:37:19+00:00,2021-06-15 11:31:13+00:00,2021-06-16 04:14:01+00:00,2021-06-15 10:50:42+00:00,2021-06-16 04:54:32+00:00
CISO,2021-06-16,2021-06-16 12:36:14+00:00,2021-06-17 03:09:26+00:00,2021-06-16 19:52:50+00:00,52392,2021-06-16 12:08:00+00:00,2021-06-17 03:37:40+00:00,2021-06-16 11:31:17+00:00,2021-06-17 04:14:23+00:00,2021-06-16 10:50:44+00:00,2021-06-17 04:54:57+00:00
CISO,2021-06-17,2021-06-17 12:36:22+00:00,2021-06-18 03:09:45+00:00,2021-06-17 19:53:03+00:00,52403,2021-06-17 12:08:07+00:00,2021-06-18 03:37:59+00:00,2021-06-17 11:31:23+00:00,2021-06-18 04:14:44+00:00,2021-06-17 10:50:48+00:00,2021-06-18 04:55:19+00:00
CISO,2021-06-18,2021-06-18 12:36:31+00:00,2021-06-19 03:10:02+00:00,2021-06-18 19:53:16+00:00,52411,2021-06-18 12:08:16+00:00,2021-06-19 03:38:17+00:00,2021-06-18 11:31:30+00:00,2021-06-19 04:15:02+00:00,2021-06-18 10:50:54+00:00,2021-06-19 04:55:38+00:00
CISO,2021-06-19,2021-06-19 12:36:41+00:00,2021-06-20 03:10:18+00:00,2021-06-19 19:53:29+00:00,52417,2021-06-19 12:08:26+00:00,2021-06-20 03:38:33+00:00,2021-06-19 11:31:40+00:00,2021-06-20 04:15:19+00:00,2021-06-19 10:51:03+00:00,2021-06-20 04:55:56+00:00
CISO,2021-06-20,2021-06-20 12:36:53+00:00,2021-06-21 03:10:32+00:00,2021-06-20 19:53:42+00:00,52419,2021-06-20 12:08:38+00:00,2021-06-21 03:38:47+00:00,2021-06-20 11:31:52+00:00,2021-06-21 04:15:33+00:00,2021-06-20 10:51:14+00:00,2021-06-21 04:56:11+00:00
CISO,2021-06-21,2021-06-21 12:37:06+00:00,2021-06-22 03:10:45+00:00,2021-06-21 19:53:56+00:00,52419,2021-06-21 12:08:51+00:00,2021-06-22 03:39:00+00:00,2021-06-21 11:32:05+00:00,2021-06-22 04:15:46+00:00,2021-06-21 10:51:28+00:00,2021-06-22 04:56:23+00:00
CISO,2021-06-22,2021-06-22 12:37:21+00:00,2021-06-23 03:10:56+00:00,2021-06-22 19:54:09+00:00,52415,2021-06-22 12:09:06+00:00,2021-06-23 03:39:11+00:00,2021-06-22 11:32:20+00:00,2021-06-23 04:15:57+00:00,2021-06-22 10:51:44+00:00,2021-06-23 04:56:34+00:00
CISO,2021-06-23,2021-06-23 12:37:37+00:00,2021-06-24 03:11:06+00:00,2021-06-23 19:54:21+00:00,52409,2021-06-23 12:09:22+00:00,2021-06-24 03:39:21+00:00,2021-06-23 11:32:37+00:00,2021-06-24 04:16:06+00:00,2021-06-23 10:52:02+00:00,2021-06-24 04:56:41+00:00
CISO,2021-06-24,2021-06-24 12:37:55+00:00,2021-06-25 03:11:14+00:00,2021-06-24 19:54:34+00:00,52399,2021-06-24 12:09:40+00:00,2021-06-25 03:39:28+00:00,2021-06-24 11:32:56+00:00,2021-06-25 04:16:12+00:00,2021-06-24 10:52:22+00:00,2021-06-25 04:56:46+00:00
CISO,2021-06-25,2021-06-25 12:38:14+00:00,2021-06-26 03:11:20+00:00,2021-06-25 19:54:47+00:00,52386,2021-06-25 12:10:00+00:00,2021-06-26 03:39:34+00:00,2021-06-25 11:33:17+00:00,2021-06-26 04:16:17+00:00,2021-06-25 10:52:45+00:00,2021-06-26 04:56:49+00:00
CISO,2021-06-26,2021-06-26 12:38:34+00:00,2021-06-27 03:11:25+00:00,2021-06-26 19:55:00+00:00,52371,2021-06-26 12:10:21+00:00,2021-06-27 03:39:38+00:00,2021-06-26 11:33:40+00:00,2021-06-27 04:16:19+00:00,2021-06-26 10:53:10+00:00,2021-06-27 04:56:50+00:00
CISO,2021-06-27,2021-06-27 12:38:55+00:00,2021-06-28 03:11:29+00:00,2021-06-27 19:55:12+00:00,52354,2021-06-27 12:10:44+00:00,2021-06-28 03:39:40+00:00,2021-06-27 11:34:04+00:00,2021-06-28 04:16:20+00:00,2021-06-27 10:53:37+00:00,2021-06-28 04:56:47+00:00
CISO,2021-06-28,2021-06-28 12:39:18+00:00,2021-06-29 03:11:30+00:00,2021-06-28 19:55:24+00:00,52332,2021-06-28 12:11:08+00:00,2021-06-29 03:39:41+00:00,2021-06-28 11:34:30+00:00,2021-06-29 04:16:19+00:00,2021-06-28 10:54:06+00:00,2021-06-29 04:56:43+00:00
CISO,2021-06-29,2021-06-29 12:39:42+00:00,2021-06-30 03:11:30+00:00,2021-06-29 19:55:36+00:00,52308,2021-06-29 12:11:33+00:00,2021-06-30 03:39:40+00:00,2021-06-29 11:34:58+00:00,2021-06-30 04:16:15+00:00,2021-06-29 10:54:37+00:00,2021-06-30 04:56:35+00:00
CISO,2021-06-30,2021-06-30 12:40:07+00:00,2021-07-01 03:11:29+00:00,2021-06-30 19:55:48+00:00,52282,2021-06-30 12:12:00+00:00,2021-07-01 03:39:36+00:00,2021-06-30 11:35:27+00:00,2021-07-01 04:16:09+00:00,2021-06-30 10:55:10+00:00,2021-07-01 04:56:26+00:00
CISO,2021-07-01,2021-07-01 12:40:34+00:00,2021-07-02 03:11:26+00:00,2021-07-01 19:56:00+00:00,52252,2021-07-01 12:12:28+00:00,2021-07-02 03:39:32+00:00,2021-07-01 11:35:58+00:00,2021-07-02 04:16:01+00:00,2021-07-01 10:55:46+00:00,2021-07-02 04:56:13+00:00
CISO,2021-07-02,2021-07-02 12:41:01+00:00,2021-07-03 03:11:21+00:00,2021-07-02 19:56:11+00:00,52220,2021-07-02 12:12:57+00:00,2021-07-03 03:39:25+00:00,2021-07-02 11:36:30+00:00,2021-07-03 04:15:52+00:00,2021-07-02 10:56:23+00:00,2021-07-03 04:55:59+00:00
CISO,2021-07-03,2021-07-03 12:41:30+00:00,2021-07-04 03:11:14+00:00,2021-07-03 19:56:22+00:00,52184,2021-07-03 12:13:27+00:00,2021-07-04 03:39:16+00:00,2021-07-03 11:37:04+00:00,2021-07-04 04:15:40+00:00,2021-07-03 10:57:02+00:00,2021-07-04 04:55:42+00:00
CISO,2021-07-04,2021-07-04 12:41:59+00:00,2021-07-05 03:11:06+00:00,2021-07-04 19:56:32+00:00,52147,2021-07-04 12:13:59+00:00,2021-07-05 03:39:06+00:00,2021-07-04 11:37:39+00:00,2021-07-05 04:15:26+00:00,2021-07-04 10:57:43+00:00,2021-07-05 04:55:22+00:00
CISO,2021-07-05,2021-07-05 12:42:30+00:00,2021-07-06 03:10:56+00:00,2021-07-05 19:56:43+00:00,52106,2021-07-05 12:14:32+00:00,2021-07-06 03:38:53+00:00,2021-07-05 11:38:16+00:00,2021-07-06 04:15:10+00:00,2021-07-05 10:58:25+00:00,2021-07-06 04:55:00+00:00
CISO,2021-07-06,2021-07-06 12:43:01+00:00,2021-07-07 03:10:44+00:00,2021-07-06 19:56:53+00:00,52063,2021-07-06 12:15:06+00:00,2021-07-07 03:38:39+00:00,2021-07-06 11:38:54+00:00,2021-07-07 04:14:52+00:00,2021-07-06 10:59:10+00:00,2021-07-07 04:54:36+00:00
CISO,2021-07-07,2021-07-07 12:43:34+00:00,2021-07-08 03:10:31+00:00,2021-07-07 19:57:02+00:00,52017,2021-07-07 12:15:41+00:00,2021-07-08 03:38:23+00:00,2021-07-07 11:39:33+00:00,2021-07-08 04:14:31+00:00,2021-07-07 10:59:55+00:00,2021-07-08 04:54:09+00:00
CISO,2021-07-08,2021-07-08 12:44:07+00:00,2021-07-09 03:10:15+00:00,2021-07-08 19:57:11+00:00,51968,2021-07-08 12:16:17+00:00,2021-07-09 03:38:06+00:00,2021-07-08 11:40:14+00:00,2021-07-09 04:14:09+00:00,2021-07-08 11:00:43+00:00,2021-07-09 04:53:40+00:00
CISO,2021-07-09,2021-07-09 12:44:42+00:00,2021-07-10 03:09:59+00:00,2021-07-09 19:57:20+00:00,51917,2021-07-09 12:16:54+00:00,2021-07-10 03:37:46+00:00,2021-07-09 11:40:55+00:00,2021-07-10 04:13:45+00:00,2021-07-09 11:01:32+00:00,2021-07-10 04:53:08+00:00
CISO,2021-07-10,2021-07-10 12:45:17+00:00,2021-07-11 03:09:40+00:00,2021-07-10 19:57:28+00:00,51863,2021-07-10 12:17:32+00:00,2021-07-11 03:37:25+00:00,2021-07-10 11:41:38+00:00,2021-07-11 04:13:19+00:00,2021-07-10 11:02:22+00:00,2021-07-11 04:52:35+00:00
CISO,2021-07-11,2021-07-11 12:45:53+00:00,2021-07-12 03:09:20+00:00,2021-07-11 19:57:36+00:00,51807,2021-07-11 12:18:11+00:00,2021-07-12 03:37:01+00:00,2021-07-11 11:42:22+00:00,2021-07-12 04:12:50+00:00,2021-07-11 11:03:14+00:00,2021-07-12 04:51:59+00:00
CISO,2021-07-12,2021-07-12 12:46:30+00:00,2021-07-13 03:08:58+00:00,2021-07-12 19:57:44+00:00,51748,2021-07-12 12:18:51+00:00,2021-07-13 03:36:36+00:00,2021-07-12 11:43:07+00:00,2021-07-13 04:12:20+00:00,2021-07-12 11:04:07+00:00,2021-07-13 04:51:20+00:00
CISO,2021-07-13,2021-07-13 12:47:07+00:00,2021-07-14 03:08:34+00:00,2021-07-13 19:57:51+00:00,51687,2021-07-13 12:19:32+00:00,2021-07-14 03:36:10+00:00,2021-07-13 11:43:53+00:00,2021-07-14 04:11:48+00:00,2021-07-13 11:05:01+00:00,2021-07-14 04:50:40+00:00
CISO,2021-07-14,2021-07-14 12:47:45+00:00,2021-07-15 03:08:09+00:00,2021-07-14 19:57:57+00:00,51624,2021-07-14 12:20:13+00:00,2021-07-15 03:35:41+00:00,2021-07-14 11:44:40+00:00,2021-07-15 04:11:14+00:00,2021-07-14 11:05:57+00:00,2021-07-15 04:49:57+00:00
CISO,2021-07-15,2021-07-15 12:48:24+00:00,2021-07-16 03:07:42+00:00,2021-07-15 19:58:03+00:00,51558,2021-07-15 12:20:56+00:00,2021-07-16 03:35:11+00:00,2021-07-15 11:45:28+00:00,2021-07-16 04:10:38+00:00,2021-07-15 11:06:54+00:00,2021-07-16 04:49:13+00:00
CISO,2021-07-16,2021-07-16 12:49:04+00:00,2021-07-17 03:07:14+00:00,2021-07-16 19:58:09+00:00,51490,2021-07-16 12:21:39+00:00,2021-07-17 03:34:39+00:00,2021-07-16 11:46:17+00:00,2021-07-17 04:10:00+00:00,2021-07-16 11:07:51+00:00,2021-07-17 04:48:26+00:00
CISO,2021-07-17,2021-07-17 12:49:44+00:00,2021-07-18 03:06:43+00:00,2021-07-17 19:58:14+00:00,51419,2021-07-17 12:22:22+00:00,2021-07-18 03:34:05+00:00,2021-07-17 11:47:07+00:00,2021-07-18 04:09:20+00:00,2021-07-17 11:08:50+00:00,2021-07-18 04:47:37+00:00
CISO,2021-07-18,2021-07-18 12:50:24+00:00,2021-07-19 03:06:11+00:00,2021-07-18 19:58:18+00:00,51347,2021-07-18 12:23:06+00:00,2021-07-19 03:33:29+00:00,2021-07-18 11:47:57+00:00,2021-07-19 04:08:39+00:00,2021-07-18 11:09:49+00:00,2021-07-19 04:46:46+00:00
CISO,2021-07-19,2021-07-19 12:51:05+00:00,2021-07-20 03:05:38+00:00,2021-07-19 19:58:22+00:00,51273,2021-07-19 12:23:51+00:00,2021-07-20 03:32:52+00:00,2021-07-19 11:48:48+00:00,2021-07-20 04:07:55+00:00,2021-07-19 11:10:50+00:00,2021-07-20 04:45:54+00:00
CISO,2021-07-20,2021-07-20 12:51:47+00:00,2021-07-21 03:05:03+00:00,2021-07-20 19:58:25+00:00,51196,2021-07-20 12:24:37+00:00,2021-07-21 03:32:13+00:00,2021-07-20 11:49:40+00:00,2021-07-21 04:07:10+00:00,2021-07-20 11:11:51+00:00,2021-07-21 04:44:59+00:00
CISO,2021-07-21,2021-07-21 12:52:29+00:00,2021-07-22 03:04:26+00:00,2021-07-21 19:58:28+00:00,51117,2021-07-21 12:25:23+00:00,2021-07-22 03:31:33+00:00,2021-07-21 11:50:32+00:00,2021-07-22 04:06:23+00:00,2021-07-21 11:12:53+00:00,2021-07-22 04:44:03+00:00
CISO,2021-07-22,2021-07-22 12:53:12+00:00,2021-07-23 03:03:48+00:00,2021-07-22 19:58:30+00:00,51036,2021-07-22 12:26:09+00:00,2021-07-23 03:30:51+00:00,2021-07-22 11:51:25+00:00,2021-07-23 04:05:35+00:00,2021-07-22 11:13:56+00:00,2021-07-23 04:43:04+00:00
CISO,2021-07-23,2021-07-23 12:53:55+00:00,2021-07-24 03:03:08+00:00,2021-07-23 19:58:31+00:00,50953,2021-07-23 12:26:56+00:00,2021-07-24 03:30:07+00:00,2021-07-23 11:52:18+00:00,2021-07-24 04:04:44+00:00,2021-07-23 11:14:59+00:00,2021-07-24 04:42:04+00:00
CISO,2021-07-24,2021-07-24 12:54:38+00:00,2021-07-25 03:02:27+00:00,2021-07-24 19:58:32+00:00,50869,2021-07-24 12:27:43+00:00,2021-07-25 03:29:21+00:00,2021-07-24 11:53:12+00:00,2021-07-25 04:03:52+00:00,2021-07-24 11:16:02+00:00,2021-07-25 04:41:02+00:00
CISO,2021-07-25,2021-07-25 12:55:22+00:00,2021-07-26 03:01:44+00:00,2021-07-25 19:58:33+00:00,50782,2021-07-25 12:28:31+00:00,2021-07-26 03:28:35+00:00,2021-07-25 11:54:07+00:00,2021-07-26 04:02:59+00:00,2021-07-25 11:17:07+00:00,2021-07-26 04:39:59+00:00
CISO,2021-07-26,2021-07-26 12:56:05+00:00,2021-07-27 03:01:00+00:00,2021-07-26 19:58:33+00:00,50695,2021-07-26 12:29:19+00:00,2021-07-27 03:27:46+00:00,2021-07-26 11:55:01+00:00,2021-07-27 04:02:04+00:00,2021-07-26 11:18:11+00:00,2021-07-27 04:38:54+00:00
CISO,2021-07-27,2021-07-27 12:56:50+00:00,2021-07-28 03:00:14+00:00,2021-07-27 19:58:32+00:00,50604,2021-07-27 12:30:07+00:00,2021-07-28 03:26:56+00:00,2021-07-27 11:55:56+00:00,2021-07-28 04:01:07+00:00,2021-07-27 11:19:16+00:00,2021-07-28 04:37:47+00:00
CISO,2021-07-28,2021-07-28 12:57:34+00:00,2021-07-29 02:59:26+00:00,2021-07-28 19:58:30+00:00,50512,2021-07-28 12:30:56+00:00,2021-07-29 03:26:05+00:00,2021-07-28 11:56:52+00:00,2021-07-29 04:00:09+00:00,2021-07-28 11:20:22+00:00,2021-07-29 04:36:39+00:00
CISO,2021-07-29,2021-07-29 12:58:19+00:00,2021-07-30 02:58:38+00:00,2021-07-29 19:58:28+00:00,50419,2021-07-29 12:31:45+00:00,2021-07-30 03:25:12+00:00,2021-07-29 11:57:47+00:00,2021-07-30 03:59:09+00:00,2021-07-29 11:21:27+00:00,2021-07-30 04:35:29+00:00
CISO,2021-07-30,2021-07-30 12:59:04+00:00,2021-07-31 02:57:48+00:00,2021-07-30 19:58:26+00:00,50324,2021-07-30 12:32:34+00:00,2021-07-31 03:24:18+00:00,2021-07-30 11:58:43+00:00,2021-07-31 03:58:08+00:00,2021-07-30 11:22:33+00:00,2021-07-31 04:34:18+00:00
CISO,2021-07-31,2021-07-31 12:59:49+00:00,2021-08-01 02:56:56+00:00,2021-07-31 19:58:22+00:00,50227,2021-07-31 12:33:23+00:00,2021-08-01 03:23:22+00:00,2021-07-31 11:59:39+00:00,2021-08-01 03:57:05+00:00,2021-07-31 11:23:39+00:00,2021-08-01 04:33:05+00:00
CISO,2021-08-01,2021-08-01 13:00:34+00:00,2021-08-02 02:56:03+00:00,2021-08-01 19:58:19+00:00,50129,2021-08-01 12:34:12+00:00,2021-08-02 03:22:25+00:00,2021-08-01 12:00:36+00:00,2021-08-02 03:56:01+00:00,2021-08-01 11:24:46+00:00,2021-08-02 04:31:51+00:00
CISO,2021-08-02,2021-08-02 13:01:19+00:00,2021-08-03 02:55:09+00:00,2021-08-02 19:58:14+00:00,50030,2021-08-02 12:35:02+00:00,2021-08-03 03:21:26+00:00,2021-08-02 12:01:32+00:00,2021-08-03 03:54:56+00:00,2021-08-02 11:25:52+00:00,2021-08-03 04:30:36+00:00
CISO,2021-08-03,2021-08-03 13:02:05+00:00,2021-08-04 02:54:13+00:00,2021-08-03 19:58:09+00:00,49928,2021-08-03 12:35:52+00:00,2021-08-04 03:20:26+00:00,2021-08-03 12:02:29+00:00,2021-08-04 03:53:49+00:00,2021-08-03 11:26:58+00:00,2021-08-04 04:29:20+00:00
CISO,2021-08-04,2021-08-04 13:02:50+00:00,2021-08-05 02:53:16+00:00,2021-08-04 19:58:03+00:00,49826,2021-08-04 12:36:41+00:00,2021-08-05 03:19:25+00:00,2021-08-04 12:03:25+00:00,2021-08-05 03:52:42+00:00,2021-08-04 11:28:05+00:00,2021-08-05 04:28:02+00:00
CISO,2021-08-05,2021-08-05 13:03:36+00:00,2021-08-06 02:52:18+00:00,2021-08-05 19:57:57+00:00,49722,2021-08-05 12:37:31+00:00,2021-08-06 03:18:23+00:00,2021-08-05 12:04:22+00:00,2021-08-06 03:51:33+00:00,2021-08-05 11:29:11+00:00,2021-08-06 04:26:43+00:00
CISO,2021-08-06,2021-08-06 13:04:22+00:00,2021-08-07 02:51:19+00:00,2021-08-06 19:57:50+00:00,49617,2021-08-06 12:38:21+00:00,2021-08-07 03:17:20+00:00,2021-08-06 12:05:18+00:00,2021-08-07 03:50:22+00:00,2021-08-06 11:30:17+00:00,2021-08-07 04:25:23+00:00
CISO,2021-08-07,2021-08-07 13:05:07+00:00,2021-08-08 02:50:18+00:00,2021-08-07 19:57:43+00:00,49511,2021-08-07 12:39:11+00:00,2021-08-08 03:16:15+00:00,2021-08-07 12:06:15+00:00,2021-08-08 03:49:11+00:00,2021-08-07 11:31:24+00:00,2021-08-08 04:24:02+00:00
CISO,2021-08-08,2021-08-08 13:05:53+00:00,2021-08-09 02:49:16+00:00,2021-08-08 19:57:35+00:00,49403,2021-08-08 12:40:00+00:00,2021-08-09 03:15:09+00:00,2021-08-08 12:07:11+00:00,2021-08-09 03:47:58+00:00,2021-08-08 11:32:30+00:00,2021-08-09 04:22:40+00:00
CISO,2021-08-09,2021-08-09 13:06:39+00:00,2021-08-10 02:48:13+00:00,2021-08-09 19:57:26+00:00,49294,2021-08-09 12:40:50+00:00,2021-08-10 03:14:02+00:00,2021-08-09 12:08:08+00:00,2021-08-10 03:46:45+00:00,2021-08-09 11:33:36+00:00,2021-08-10 04:21:16+00:00
CISO,2021-08-10,2021-08-10 13:07:24+00:00,2021-08-11 02:47:09+00:00,2021-08-10 19:57:17+00:00,49185,2021-08-10 12:41:40+00:00,2021-08-11 03:12:54+00:00,2021-08-10 12:09:04+00:00,2021-08-11 03:45:30+00:00,2021-08-10 11:34:41+00:00,2021-08-11 04:19:52+00:00
CISO,2021-08-11,2021-08-11 13:08:10+00:00,2021-08-12 02:46:04+00:00,2021-08-11 19:57:07+00:00,49074,2021-08-11 12:42:30+00:00,2021-08-12 03:11:45+00:00,2021-08-11 12:10:00+00:00,2021-08-12 03:44:14+00:00,2021-08-11 11:35:47+00:00,2021-08-12 04:18:27+00:00
CISO,2021-08-12,2021-08-12 13:08:56+00:00,2021-08-13 02:44:58+00:00,2021-08-12 19:56:57+00:00,48962,2021-08-12 12:43:19+00:00,2021-08-13 03:10:34+00:00,2021-08-12 12:10:56+00:00,2021-08-13 03:42:57+00:00,2021-08-12 11:36:52+00:00,2021-08-13 04:17:01+00:00
CISO,2021-08-13,2021-08-13 13:09:41+00:00,2021-08-14 02:43:50+00:00,2021-08-13 19:56:46+00:00,48849,2021-08-13 12:44:09+00:00,2021-08-14 03:09:23+00:00,2021-08-13 12:11:52+00:00,2021-08-14 03:41:40+00:00,2021-08-13 11:37:57+00:00,2021-08-14 04:15:34+00:00
CISO,2021-08-14,2021-08-14 13:10:27+00:00,2021-08-15 02:42:42+00:00,2021-08-14 19:56:34+00:00,48735,2021-08-14 12:44:58+00:00,2021-08-15 03:08:11+00:00,2021-08-14 12:12:48+00:00,2021-08-15 03:40:21+00:00,2021-08-14 11:39:02+00:00,2021-08-15 04:14:07+00:00
CISO,2021-08-15,2021-08-15 13:11:13+00:00,2021-08-16 02:41:32+00:00,2021-08-15 19:56:22+00:00,48619,2021-08-15 12:45:48+00:00,2021-08-16 03:06:57+00:00,2021-08-15 12:13:43+00:00,2021-08-16 03:39:02+00:00,2021-08-15 11:40:06+00:00,2021-08-16 04:12:39+00:00
CISO,2021-08-16,2021-08-16 13:11:58+00:00,2021-08-17 02:40:22+00:00,2021-08-16 19:56:10+00:00,48504,2021-08-16 12:46:37+00:00,2021-08-17 03:05:43+00:00,2021-08-16 12:14:39+00:00,2021-08-17 03:37:41+00:00,2021-08-16 11:41:10+00:00,2021-08-17 04:11:10+00:00
CISO,2021-08-17,2021-08-17 13:12:43+00:00,2021-08-18 02:39:11+00:00,2021-08-17 19:55:57+00:00,48388,2021-08-17 12:47:26+00:00,2021-08-18 03:04:28+00:00,2021-08-17 12:15:34+00:00,2021-08-18 03:36:20+00:00,2021-08-17 11:42:14+00:00,2021-08-18 04:09:40+00:00
CISO,2021-08-18,2021-08-18 13:13:29+00:00,2021-08-19 02:37:58+00:00,2021-08-18 19:55:43+00:00,48269,2021-08-18 12:48:15+00:00,2021-08-19 03:03:12+00:00,2021-08-18 12:16:29+00:00,2021-08-19 03:34:58+00:00,2021-08-18 11:43:18+00:00,2021-08-19 04:08:09+00:00
CISO,2021-08-19,2021-08-19 13:14:14+00:00,2021-08-20 02:36:45+00:00,2021-08-19 19:55:30+00:00,48151,2021-08-19 12:49:03+00:00,2021-08-20 03:01:56+00:00,2021-08-19 12:17:23+00:00,2021-08-20 03:33:36+00:00,2021-08-19 11:44:21+00:00,2021-08-20 04:06:38+00:00
CISO,2021-08-20,2021-08-20 13:14:59+00:00,2021-08-21 02:35:31+00:00,2021-08-20 19:55:15+00:00,48032,2021-08-20 12:49:52+00:00,2021-08-21 03:00:38+00:00,2021-08-20 12:18:18+00:00,2021-08-21 03:32:12+00:00,2021-08-20 11:45:23+00:00,2021-08-21 04:05:07+00:00
CISO,2021-08-21,2021-08-21 13:15:44+00:00,2021-08-22 02:34:16+00:00,2021-08-21 19:55:00+00:00,47912,2021-08-21 12:50:40+00:00,2021-08-22 02:59:20+00:00,2021-08-21 12:19:12+00:00,2021-08-22 03:30:48+00:00,2021-08-21 11:46:25+00:00,2021-08-22 04:03:35+00:00
CISO,2021-08-22,2021-08-22 13:16:29+00:00,2021-08-23 02:33:01+00:00,2021-08-22 19:54:45+00:00,47792,2021-08-22 12:51:29+00:00,2021-08-23 02:58:01+00:00,2021-08-22 12:20:06+00:00,2021-08-23 03:29:24+00:00,2021-08-22 11:47:27+00:00,2021-08-23 04:02:02+00:00
CISO,2021-08-23,2021-08-23 13:17:14+00:00,2021-08-24 02:31:44+00:00,2021-08-23 19:54:29+00:00,47670,2021-08-23 12:52:17+00:00,2021-08-24 02:56:41+00:00,2021-08-23 12:20:59+00:00,2021-08-24 03:27:58+00:00,2021-08-23 11:48:29+00:00,2021-08-24 04:00:29+00:00
CISO,2021-08-24,2021-08-24 13:17:58+00:00,2021-08-25 02:30:27+00:00,2021-08-24 19:54:13+00:00,47549,2021-08-24 12:53:05+00:00,2021-08-25 02:55:20+00:00,2021-08-24 12:21:53+00:00,2021-08-25 03:26:33+00:00,2021-08-24 11:49:29+00:00,2021-08-25 03:58:56+00:00
CISO,2021-08-25,2021-08-25 13:18:43+00:00,2021-08-26 02:29:09+00:00,2021-08-25 19:53:56+00:00,47426,2021-08-25 12:53:53+00:00,2021-08-26 02:53:59+00:00,2021-08-25 12:22:46+00:00,2021-08-26 03:25:06+00:00,2021-08-25 11:50:30+00:00,2021-08-26 03:57:22+00:00
CISO,2021-08-26,2021-08-26 13:19:27+00:00,2021-08-27 02:27:51+00:00,2021-08-26 19:53:39+00:00,47304,2021-08-26 12:54:40+00:00,2021-08-27 02:52:38+00:00,2021-08-26 12:23:38+00:00,2021-08-27 03:23:39+00:00,2021-08-26 11:51:30+00:00,2021-08-27 03:55:48+00:00
CISO,2021-08-27,2021-08-27 13:20:12+00:00,2021-08-28 02:26:31+00:00,2021-08-27 19:53:21+00:00,47179,2021-08-27 12:55:28+00:00,2021-08-28 02:51:15+00:00,2021-08-27 12:24:31+00:00,2021-08-28 03:22:12+00:00,2021-08-27 11:52:30+00:00,2021-08-28 03:54:13+00:00
CISO,2021-08-28,2021-08-28 13:20:56+00:00,2021-08-29 02:25:11+00:00,2021-08-28 19:53:04+00:00,47055,2021-08-28 12:56:15+00:00,2021-08-29 02:49:53+00:00,2021-08-28 12:25:23+00:00,2021-08-29 03:20:44+00:00,2021-08-28 11:53:29+00:00,2021-08-29 03:52:38+00:00
CISO,2021-08-29,2021-08-29 13:21:40+00:00,2021-08-30 02:23:51+00:00,2021-08-29 19:52:46+00:00,46931,2021-08-29 12:57:02+00:00,2021-08-30 02:48:29+00:00,2021-08-29 12:26:15+00:00,2021-08-30 03:19:16+00:00,2021-08-29 11:54:28+00:00,2021-08-30 03:51:03+00:00
CISO,2021-08-30,2021-08-30 13:22:24+00:00,2021-08-31 02:22:30+00:00,2021-08-30 19:52:27+00:00,46806,2021-08-30 12:57:49+00:00,2021-08-31 02:47:05+00:00,2021-08-30 12:27:06+00:00,2021-08-31 03:17:48+00:00,2021-08-30 11:55:26+00:00,2021-08-31 03:49:28+00:00
CISO,2021-08-31,2021-08-31 13:23:08+00:00,2021-09-01 02:21:08+00:00,2021-08-31 19:52:08+00:00,46680,2021-08-31 12:58:35+00:00,2021-09-01 02:45:41+00:00,2021-08-31 12:27:58+00:00,2021-09-01 03:16:19+00:00,2021-08-31 11:56:24+00:00,2021-09-01 03:47:53+00:00
CISO,2021-09-01,2021-09-01 13:23:52+00:00,2021-09-02 02:19:46+00:00,2021-09-01 19:51:49+00:00,46554,2021-09-01 12:59:22+00:00,2021-09-02 02:44:16+00:00,2021-09-01 12:28:49+00:00,2021-09-02 03:14:49+00:00,2021-09-01 11:57:21+00:00,2021-09-02 03:46:17+00:00
CISO,2021-09-02,2021-09-02 13:24:36+00:00,2021-09-03 02:18:23+00:00,2021-09-02 19:51:30+00:00,46427,2021-09-02 13:00:08+00:00,2021-09-03 02:42:51+00:00,2021-09-02 12:29:39+00:00,2021-09-03 03:13:20+00:00,2021-09-02 11:58:18+00:00,2021-09-03 03:44:41+00:00
CISO,2021-09-03,2021-09-03 13:25:20+00:00,2021-09-04 02:17:00+00:00,2021-09-03 19:51:10+00:00,46300,2021-09-03 13:00:55+00:00,2021-09-04 02:41:26+00:00,2021-09-03 12:30:30+00:00,2021-09-04 03:11:50+00:00,2021-09-03 11:59:15+00:00,2021-09-04 03:43:06+00:00
CISO,2021-09-04,2021-09-04 13:26:04+00:00,2021-09-05 02:15:37+00:00,2021-09-04 19:50:50+00:00,46173,2021-09-04 13:01:41+00:00,2021-09-05 02:40:00+00:00,2021-09-04 12:31:20+00:00,2021-09-05 03:10:20+00:00,2021-09-04 12:00:11+00:00,2021-09-05 03:41:30+00:00
CISO,2021-09-05,2021-09-05 13:26:47+00:00,2021-09-06 02:14:13+00:00,2021-09-05 19:50:30+00:00,46046,2021-09-05 13:02:27+00:00,2021-09-06 02:38:33+00:00,2021-09-05 12:32:10+00:00,2021-09-06 03:08:50+00:00,2021-09-05 12:01:06+00:00,2021-09-06 03:39:54+00:00
CISO,2021-09-06,2021-09-06 13:27:31+00:00,2021-09-07 02:12:48+00:00,2021-09-06 19:50:10+00:00,45917,2021-09-06 13:03:12+00:00,2021-09-07 02:37:07+00:00,2021-09-06 12:33:00+00:00,2021-09-07 03:07:20+00:00,2021-09-06 12:02:01+00:00,2021-09-07 03:38:18+00:00
CISO,2021-09-07,2021-09-07 13:28:15+00:00,2021-09-08 02:11:24+00:00,2021-09-07 19:49:49+00:00,45789,2021-09-07 13:03:58+00:00,2021-09-08 02:35:40+00:00,2021-09-07 12:33:49+00:00,2021-09-08 03:05:49+00:00,2021-09-07 12:02:56+00:00,2021-09-08 03:36:42+00:00
CISO,2021-09-08,2021-09-08 13:28:58+00:00,2021-09-09 02:09:59+00:00,2021-09-08 19:49:28+00:00,45661,2021-09-08 13:04:43+00:00,2021-09-09 02:34:13+00:00,2021-09-08 12:34:38+00:00,2021-09-09 03:04:19+00:00,2021-09-08 12:03:51+00:00,2021-09-09 03:35:06+00:00
CISO,2021-09-09,2021-09-09 13:29:42+00:00,2021-09-10 02:08:33+00:00,2021-09-09 19:49:07+00:00,45531,2021-09-09 13:05:29+00:00,2021-09-10 02:32:46+00:00,2021-09-09 12:35:27+00:00,2021-09-10 03:02:48+00:00,2021-09-09 12:04:45+00:00,2021-09-10 03:33:30+00:00
CISO,2021-09-10,2021-09-10 13:30:25+00:00,2021-09-11 02:07:08+00:00,2021-09-10 19:48:46+00:00,45403,2021-09-10 13:06:14+00:00,2021-09-11 02:31:19+00:00,2021-09-10 12:36:15+00:00,2021-09-11 03:01:17+00:00,2021-09-10 12:05:38+00:00,2021-09-11 03:31:55+00:00
CISO,2021-09-11,2021-09-11 13:31:09+00:00,2021-09-12 02:05:42+00:00,2021-09-11 19:48:25+00:00,45273,2021-09-11 13:06:59+00:00,2021-09-12 02:29:51+00:00,2021-09-11 12:37:04+00:00,2021-09-12 02:59:47+00:00,2021-09-11 12:06:31+00:00,2021-09-12 03:30:19+00:00
CISO,2021-09-12,2021-09-12 13:31:52+00:00,2021-09-13 02:04:16+00:00,2021-09-12 19:48:04+00:00,45144,2021-09-12 13:07:45+00:00,2021-09-13 02:28:24+00:00,2021-09-12 12:37:52+00:00,2021-09-13 02:58:16+00:00,2021-09-12 12:07:24+00:00,2021-09-13 03:28:44+00:00
CISO,2021-09-13,2021-09-13 13:32:36+00:00,2021-09-14 02:02:50+00:00,2021-09-13 19:47:43+00:00,45014,2021-09-13 13:08:30+00:00,2021-09-14 02:26:56+00:00,2021-09-13 12:38:40+00:00,2021-09-14 02:56:46+00:00,2021-09-13 12:08:17+00:00,2021-09-14 03:27:09+00:00
CISO,2021-09-14,2021-09-14 13:33:20+00:00,2021-09-15 02:01:23+00:00,2021-09-14 19:47:21+00:00,44883,2021-09-14 13:09:15+00:00,2021-09-15 02:25:28+00:00,2021-09-14 12:39:28+00:00,2021-09-15 02:55:15+00:00,2021-09-14 12:09:09+00:00,2021-09-15 03:25:34+00:00
CISO,2021-09-15,2021-09-15 13:34:03+00:00,2021-09-16 01:59:57+00:00,2021-09-15 19:47:00+00:00,44754,2021-09-15 13:09:59+00:00,2021-09-16 02:24:00+00:00,2021-09-15 12:40:15+00:00,2021-09-16 02:53:45+00:00,2021-09-15 12:10:00+00:00,2021-09-16 03:24:00+00:00
CISO,2021-09-16,2021-09-16 13:34:47+00:00,2021-09-17 01:58:30+00:00,2021-09-16 19:46:39+00:00,44623,2021-09-16 13:10:44+00:00,2021-09-17 02:22:33+00:00,2021-09-16 12:41:03+00:00,2021-09-17 02:52:14+00:00,2021-09-16 12:10:52+00:00,2021-09-17 03:22:25+00:00
CISO,2021-09-17,2021-09-17 13:35:31+00:00,2021-09-18 01:57:04+00:00,2021-09-17 19:46:17+00:00,44493,2021-09-17 13:11:29+00:00,2021-09-18 02:21:05+00:00,2021-09-17 12:41:50+00:00,2021-09-18 02:50:44+00:00,2021-09-17 12:11:43+00:00,2021-09-18 03:20:51+00:00
CISO,2021-09-18,2021-09-18 13:36:14+00:00,2021-09-19 01:55:37+00:00,2021-09-18 19:45:56+00:00,44363,2021-09-18 13:12:14+00:00,2021-09-19 02:19:37+00:00,2021-09-18 12:42:37+00:00,2021-09-19 02:49:14+00:00,2021-09-18 12:12:34+00:00,2021-09-19 03:19:18+00:00
CISO,2021-09-19,2021-09-19 13:36:58+00:00,2021-09-20 01:54:10+00:00,2021-09-19 19:45:34+00:00,44232,2021-09-19 13:12:59+00:00,2021-09-20 02:18:10+00:00,2021-09-19 12:43:24+00:00,2021-09-20 02:47:45+00:00,2021-09-19 12:13:24+00:00,2021-09-20 03:17:44+00:00
CISO,2021-09-20,2021-09-20 13:37:42+00:00,2021-09-21 01:52:44+00:00,2021-09-20 19:45:13+00:00,44102,2021-09-20 13:13:44+00:00,2021-09-21 02:16:42+00:00,2021-09-20 12:44:11+00:00,2021-09-21 02:46:15+00:00,2021-09-20 12:14:14+00:00,2021-09-21 03:16:12+00:00
CISO,2021-09-21,2021-09-21 13:38:27+00:00,2021-09-22 01:51:17+00:00,2021-09-21 19:44:52+00:00,43970,2021-09-21 13:14:28+00:00,2021-09-22 02:15:15+00:00,2021-09-21 12:44:57+00:00,2021-09-22 02:44:46+00:00,2021-09-21 12:15:04+00:00,2021-09-22 03:14:39+00:00
CISO,2021-09-22,2021-09-22 13:39:11+00:00,2021-09-23 01:49:50+00:00,2021-09-22 19:44:31+00:00,43839,2021-09-22 13:15:13+00:00,2021-09-23 02:13:48+00:00,2021-09-22 12:45:44+00:00,2021-09-23 02:43:17+00:00,2021-09-22 12:15:54+00:00,2021-09-23 03:13:07+00:00
CISO,2021-09-23,2021-09-23 13:39:55+00:00,2021-09-24 01:48:24+00:00,2021-09-23 19:44:10+00:00,43709,2021-09-23 13:15:58+00:00,2021-09-24 02:12:21+00:00,2021-09-23 12:46:31+00:00,2021-09-24 02:41:49+00:00,2021-09-23 12:16:43+00:00,2021-09-24 03:11:36+00:00
CISO,2021-09-24,2021-09-24 13:40:40+00:00,2021-09-25 01:46:58+00:00,2021-09-24 19:43:49+00:00,43578,2021-09-24 13:16:43+00:00,2021-09-25 02:10:54+00:00,2021-09-24 12:47:17+00:00,2021-09-25 02:40:20+00:00,2021-09-24 12:17:32+00:00,2021-09-25 03:10:05+00:00
CISO,2021-09-25,2021-09-25 13:41:24+00:00,2021-09-26 01:45:32+00:00,2021-09-25 19:43:28+00:00,43448,2021-09-25 13:17:28+00:00,2021-09-26 02:09:28+00:00,2021-09-25 12:48:03+00:00,2021-09-26 02:38:53+00:00,2021-09-25 12:18:21+00:00,2021-09-26 03:08:35+00:00
CISO,2021-09-26,2021-09-26 13:42:09+00:00,2021-09-27 01:44:06+00:00,2021-09-26 19:43:07+00:00,43317,2021-09-26 13:18:13+00:00,2021-09-27 02:08:02+00:00,2021-09-26 12:48:49+00:00,2021-09-27 02:37:25+00:00,2021-09-26 12:19:10+00:00,2021-09-27 03:07:05+00:00
CISO,2021-09-27,2021-09-27 13:42:54+00:00,2021-09-28 01:42:40+00:00,2021-09-27 19:42:47+00:00,43186,2021-09-27 13:18:58+00:00,2021-09-28 02:06:36+00:00,2021-09-27 12:49:36+00:00,2021-09-28 02:35:58+00:00,2021-09-27 12:19:59+00:00,2021-09-28 03:05:35+00:00
CISO,2021-09-28,2021-09-28 13:43:39+00:00,2021-09-29 01:41:14+00:00,2021-09-28 19:42:27+00:00,43055,2021-09-28 13:19:43+00:00,2021-09-29 02:05:10+00:00,2021-09-28 12:50:22+00:00,2021-09-29 02:34:32+00:00,2021-09-28 12:20:47+00:00,2021-09-29 03:04:07+00:00
CISO,2021-09-29,2021-09-29 13:44:25+00:00,2021-09-30 01:39:49+00:00,2021-09-29 19:42:07+00:00,42924,2021-09-29 13:20:29+00:00,2021-09-30 02:03:45+00:00,2021-09-29 12:51:08+00:00,2021-09-30 02:33:06+00:00,2021-09-29 12:21:35+00:00,2021-09-30 03:02:39+00:00
CISO,2021-09-30,2021-09-30 13:45:11+00:00,2021-10-01 01:38:24+00:00,2021-09-30 19:41:47+00:00,42793,2021-09-30 13:21:14+00:00,2021-10-01 02:02:21+00:00,2021-09-30 12:51:54+00:00,2021-10-01 02:31:41+00:00,2021-09-30 12:22:23+00:00,2021-10-01 03:01:12+00:00
CISO,2021-10-01,2021-10-01 13:45:56+00:00,2021-10-02 01:37:00+00:00,2021-10-01 19:41:28+00:00,42664,2021-10-01 13:22:00+00:00,2021-10-02 02:00:57+00:00,2021-10-01 12:52:40+00:00,2021-10-02 02:30:16+00:00,2021-10-01 12:23:11+00:00,2021-10-02 02:59:45+00:00
CISO,2021-10-02,2021-10-02 13:46:43+00:00,2021-10-03 01:35:36+00:00,2021-10-02 19:41:09+00:00,42533,2021-10-02 13:22:46+00:00,2021-10-03 01:59:33+00:00,2021-10-02 12:53:27+00:00,2021-10-03 02:28:52+00:00,2021-10-02 12:23:59+00:00,2021-10-03 02:58:19+00:00
CISO,2021-10-03,2021-10-03 13:47:29+00:00,2021-10-04 01:34:12+00:00,2021-10-03 19:40:50+00:00,42403,2021-10-03 13:23:31+00:00,2021-10-04 01:58:09+00:00,2021-10-03 12:54:13+00:00,2021-10-04 02:27:28+00:00,2021-10-03 12:24:47+00:00,2021-10-04 02:56:54+00:00
CISO,2021-10-04,2021-10-04 13:48:16+00:00,2021-10-05 01:32:49+00:00,2021-10-04 19:40:32+00:00,42273,2021-10-04 13:24:17+00:00,2021-10-05 01:56:47+00:00,2021-10-04 12:54:59+00:00,2021-10-05 02:26:05+00:00,2021-10-04 12:25:34+00:00,2021-10-05 02:55:30+00:00
CISO,2021-10-05,2021-10-05 13:49:03+00:00,2021-10-06 01:31:26+00:00,2021-10-05 19:40:14+00:00,42143,2021-10-05 13:25:04+00:00,2021-10-06 01:55:25+00:00,2021-10-05 12:55:45+00:00,2021-10-06 02:24:43+00:00,2021-10-05 12:26:22+00:00,2021-10-06 02:54:06+00:00
CISO,2021-10-06,2021-10-06 13:49:50+00:00,2021-10-07 01:30:03+00:00,2021-10-06 19:39:57+00:00,42013,2021-10-06 13:25:50+00:00,2021-10-07 01:54:03+00:00,2021-10-06 12:56:32+00:00,2021-10-07 02:23:21+00:00,2021-10-06 12:27:09+00:00,2021-10-07 02:52:44+00:00
CISO,2021-10-07,2021-10-07 13:50:37+00:00,2021-10-08 01:28:41+00:00,2021-10-07 19:39:39+00:00,41884,2021-10-07 13:26:37+00:00,2021-10-08 01:52:42+00:00,2021-10-07 12:57:18+00:00,2021-10-08 02:22:00+00:00,2021-10-07 12:27:57+00:00,2021-10-08 02:51:22+00:00
CISO,2021-10-08,2021-10-08 13:51:25+00:00,2021-10-09 01:27:20+00:00,2021-10-08 19:39:23+00:00,41755,2021-10-08 13:27:23+00:00,2021-10-09 01:51:22+00:00,2021-10-08 12:58:05+00:00,2021-10-09 02:20:40+00:00,2021-10-08 12:28:44+00:00,2021-10-09 02:50:01+00:00
CISO,2021-10-09,2021-10-09 13:52:13+00:00,2021-10-10 01:25:59+00:00,2021-10-09 19:39:06+00:00,41626,2021-10-09 13:28:11+00:00,2021-10-10 01:50:02+00:00,2021-10-09 12:58:51+00:00,2021-10-10 02:19:21+00:00,2021-10-09 12:29:31+00:00,2021-10-10 02:48:41+00:00
CISO,2021-10-10,2021-10-10 13:53:01+00:00,2021-10-11 01:24:39+00:00,2021-10-10 19:38:50+00:00,41498,2021-10-10 13:28:58+00:00,2021-10-11 01:48:43+00:00,2021-10-10 12:59:38+00:00,2021-10-11 02:18:03+00:00,2021-10-10 12:30:19+00:00,2021-10-11 02:47:22+00:00
CISO,2021-10-11,2021-10-11 13:53:50+00:00,2021-10-12 01:23:20+00:00,2021-10-11 19:38:35+00:00,41370,2021-10-11 13:29:45+00:00,2021-10-12 01:47:25+00:00,2021-10-11 13:00:25+00:00,2021-10-12 02:16:45+00:00,2021-10-11 12:31:06+00:00,2021-10-12 02:46:04+00:00
CISO,2021-10-12,2021-10-12 13:54:39+00:00,2021-10-13 01:22:01+00:00,2021-10-12 19:38:20+00:00,41242,2021-10-12 13:30:33+00:00,2021-10-13 01:46:07+00:00,2021-10-12 13:01:12+00:00,2021-10-13 02:15:28+00:00,2021-10-12 12:31:53+00:00,2021-10-13 02:44:47+00:00
CISO,2021-10-13,2021-10-13 13:55:29+00:00,2021-10-14 01:20:43+00:00,2021-10-13 19:38:06+00:00,41114,2021-10-13 13:31:21+00:00,2021-10-14 01:44:51+00:00,2021-10-13 13:01:59+00:00,2021-10-14 02:14:12+00:00,2021-10-13 12:32:41+00:00,2021-10-14 02:43:31+00:00
CISO,2021-10-14,2021-10-14 13:56:18+00:00,2021-10-15 01:19:26+00:00,2021-10-14 19:37:52+00:00,40988,2021-10-14 13:32:09+00:00,2021-10-15 01:43:35+00:00,2021-10-14 13:02:46+00:00,2021-10-15 02:12:57+00:00,2021-10-14 12:33:28+00:00,2021-10-15 02:42:16+00:00
CISO,2021-10-15,2021-10-15 13:57:08+00:00,2021-10-16 01:18:09+00:00,2021-10-15 19:37:39+00:00,40861,2021-10-15 13:32:58+00:00,2021-10-16 01:42:20+00:00,2021-10-15 13:03:34+00:00,2021-10-16 02:11:44+00:00,2021-10-15 12:34:16+00:00,2021-10-16 02:41:02+00:00
CISO,2021-10-16,2021-10-16 13:57:59+00:00,2021-10-17 01:16:53+00:00,2021-10-16 19:37:26+00:00,40734,2021-10-16 13:33:46+00:00,2021-10-17 01:41:06+00:00,2021-10-16 13:04:21+00:00,2021-10-17 02:10:31+00:00,2021-10-16 12:35:03+00:00,2021-10-17 02:39:49+00:00
CISO,2021-10-17,2021-10-17 13:58:50+00:00,2021-10-18 01:15:38+00:00,2021-10-17 19:37:14+00:00,40608,2021-10-17 13:34:35+00:00,2021-10-18 01:39:52+00:00,2021-10-17 13:05:09+00:00,2021-10-18 02:09:19+00:00,2021-10-17 12:35:51+00:00,2021-10-18 02:38:37+00:00
CISO,2021-10-18,2021-10-18 13:59:41+00:00,2021-10-19 01:14:24+00:00,2021-10-18 19:37:02+00:00,40483,2021-10-18 13:35:25+00:00,2021-10-19 01:38:40+00:00,2021-10-18 13:05:57+00:00,2021-10-19 02:08:08+00:00,2021-10-18 12:36:38+00:00,2021-10-19 02:37:27+00:00
CISO,2021-10-19,2021-10-19 14:00:32+00:00,2021-10-20 01:13:11+00:00,2021-10-19 19:36:52+00:00,40359,2021-10-19 13:36:14+00:00,2021-10-20 01:37:29+00:00,2021-10-19 13:06:45+00:00,2021-10-20 02:06:58+00:00,2021-10-19 12:37:26+00:00,2021-10-20 02:36:17+00:00
CISO,2021-10-20,2021-10-20 14:01:24+00:00,2021-10-21 01:11:58+00:00,2021-10-20 19:36:41+00:00,40234,2021-10-20 13:37:04+00:00,2021-10-21 01:36:18+00:00,2021-10-20 13:07:34+00:00,2021-10-21 02:05:49+00:00,2021-10-20 12:38:14+00:00,2021-10-21 02:35:09+00:00
CISO,2021-10-21,2021-10-21 14:02:16+00:00,2021-10-22 01:10:47+00:00,2021-10-21 19:36:32+00:00,40111,2021-10-21 13:37:54+00:00,2021-10-22 01:35:09+00:00,2021-10-21 13:08:22+00:00,2021-10-22 02:04:41+00:00,2021-10-21 12:39:01+00:00,2021-10-22 02:34:02+00:00
CISO,2021-10-22,2021-10-22 14:03:09+00:00,2021-10-23 01:09:37+00:00,2021-10-22 19:36:23+00:00,39988,2021-10-22 13:38:45+00:00,2021-10-23 01:34:01+00:00,2021-10-22 13:09:11+00:00,2021-10-23 02:03:35+00:00,2021-10-22 12:39:49+00:00,2021-10-23 02:32:56+00:00
CISO,2021-10-23,2021-10-23 14:04:02+00:00,2021-10-24 01:08:27+00:00,2021-10-23 19:36:15+00:00,39865,2021-10-23 13:39:36+00:00,2021-10-24 01:32:54+00:00,2021-10-23 13:10:00+00:00,2021-10-24 02:02:29+00:00,2021-10-23 12:40:37+00:00,2021-10-24 02:31:52+00:00
CISO,2021-10-24,2021-10-24 14:04:55+00:00,2021-10-25 01:07:19+00:00,2021-10-24 19:36:07+00:00,39744,2021-10-24 13:40:27+00:00,2021-10-25 01:31:48+00:00,2021-10-24 13:10:49+00:00,2021-10-25 02:01:25+00:00,2021-10-24 12:41:26+00:00,2021-10-25 02:30:49+00:00
CISO,2021-10-25,2021-10-25 14:05:49+00:00,2021-10-26 01:06:12+00:00,2021-10-25 19:36:00+00:00,39623,2021-10-25 13:41:18+00:00,2021-10-26 01:30:43+00:00,2021-10-25 13:11:38+00:00,2021-10-26 02:00:22+00:00,2021-10-25 12:42:14+00:00,2021-10-26 02:29:47+00:00
CISO,2021-10-26,2021-10-26 14:06:43+00:00,2021-10-27 01:05:05+00:00,2021-10-26 19:35:54+00:00,39502,2021-10-26 13:42:09+00:00,2021-10-27 01:29:39+00:00,2021-10-26 13:12:28+00:00,2021-10-27 01:59:21+00:00,2021-10-26 12:43:02+00:00,2021-10-27 02:28:46+00:00
CISO,2021-10-27,2021-10-27 14:07:37+00:00,2021-10-28 01:04:00+00:00,2021-10-27 19:35:49+00:00,39383,2021-10-27 13:43:01+00:00,2021-10-28 01:28:36+00:00,2021-10-27 13:13:18+00:00,2021-10-28 01:58:20+00:00,2021-10-27 12:43:51+00:00,2021-10-28 02:27:47+00:00
CISO,2021-10-28,2021-10-28 14:08:32+00:00,2021-10-29 01:02:57+00:00,2021-10-28 19:35:44+00:00,39265,2021-10-28 13:43:54+00:00,2021-10-29 01:27:35+00:00,2021-10-28 13:14:07+00:00,2021-10-29 01:57:21+00:00,2021-10-28 12:44:39+00:00,2021-10-29 02:26:49+00:00
CISO,2021-10-29,2021-10-29 14:09:27+00:00,2021-10-30 01:01:54+00:00,2021-10-29 19:35:41+00:00,39147,2021-10-29 13:44:46+00:00,2021-10-30 01:26:35+00:00,2021-10-29 13:14:58+00:00,2021-10-30 01:56:23+00:00,2021-10-29 12:45:28+00:00,2021-10-30 02:25:53+00:00
CISO,2021-10-30,2021-10-30 14:10:22+00:00,2021-10-31 01:00:53+00:00,2021-10-30 19:35:38+00:00,39031,2021-10-30 13:45:39+00:00,2021-10-31 01:25:36+00:00,2021-10-30 13:15:48+00:00,2021-10-31 01:55:27+00:00,2021-10-30 12:46:17+00:00,2021-10-31 02:24:58+00:00
CISO,2021-10-31,2021-10-31 14:11:18+00:00,2021-11-01 00:59:52+00:00,2021-10-31 19:35:35+00:00,38914,2021-10-31 13:46:32+00:00,2021-11-01 01:24:39+00:00,2021-10-31 13:16:38+00:00,2021-11-01 01:54:32+00:00,2021-10-31 12:47:06+00:00,2021-11-01 02:24:04+00:00
CISO,2021-11-01,2021-11-01 14:12:14+00:00,2021-11-02 00:58:54+00:00,2021-11-01 19:35:34+00:00,38800,2021-11-01 13:47:25+00:00,2021-11-02 01:23:43+00:00,2021-11-01 13:17:29+00:00,2021-11-02 01:53:38+00:00,2021-11-01 12:47:55+00:00,2021-11-02 02:23:12+00:00
CISO,2021-11-02,2021-11-02 14:13:10+00:00,2021-11-03 00:57:56+00:00,2021-11-02 19:35:33+00:00,38686,2021-11-02 13:48:18+00:00,2021-11-03 01:22:48+00:00,2021-11-02 13:18:20+00:00,2021-11-03 01:52:46+00:00,2021-11-02 12:48:44+00:00,2021-11-03 02:22:22+00:00
CISO,2021-11-03,2021-11-03 14:14:07+00:00,2021-11-04 00:57:00+00:00,2021-11-03 19:35:33+00:00,38573,2021-11-03 13:49:12+00:00,2021-11-04 01:21:55+00:00,2021-11-03 13:19:11+00:00,2021-11-04 01:51:56+00:00,2021-11-03 12:49:34+00:00,2021-11-04 02:21:33+00:00
CISO,2021-11-04,2021-11-04 14:15:04+00:00,2021-11-05 00:56:05+00:00,2021-11-04 19:35:34+00:00,38461,2021-11-04 13:50:06+00:00,2021-11-05 01:21:03+00:00,2021-11-04 13:20:02+00:00,2021-11-05 01:51:06+00:00,2021-11-04 12:50:23+00:00,2021-11-05 02:20:45+00:00
CISO,2021-11-05,2021-11-05 14:16:01+00:00,2021-11-06 00:55:12+00:00,2021-11-05 19:35:36+00:00,38351,2021-11-05 13:51:00+00:00,2021-11-06 01:20:12+00:00,2021-11-05 13:20:54+00:00,2021-11-06 01:50:18+00:00,2021-11-05 12:51:13+00:00,2021-11-06 02:20:00+00:00
CISO,2021-11-06,2021-11-06 14:16:58+00:00,2021-11-07 00:54:20+00:00,2021-11-06 19:35:39+00:00,38242,2021-11-06 13:51:54+00:00,2021-11-07 01:19:23+00:00,2021-11-06 13:21:45+00:00,2021-11-07 01:49:32+00:00,2021-11-06 12:52:02+00:00,2021-11-07 02:19:15+00:00
CISO,2021-11-07,2021-11-07 14:17:55+00:00,2021-11-08 00:53:29+00:00,2021-11-07 19:35:42+00:00,38134,2021-11-07 13:52:49+00:00,2021-11-08 01:18:36+00:00,2021-11-07 13:22:37+00:00,2021-11-08 01:48:48+00:00,2021-11-07 12:52:52+00:00,2021-11-08 02:18:32+00:00
CISO,2021-11-08,2021-11-08 14:18:53+00:00,2021-11-09 00:52:40+00:00,2021-11-08 19:35:47+00:00,38027,2021-11-08 13:53:43+00:00,2021-11-09 01:17:50+00:00,2021-11-08 13:23:29+00:00,2021-11-09 01:48:04+00:00,2021-11-08 12:53:42+00:00,2021-11-09 02:17:51+00:00
CISO,2021-11-09,2021-11-09 14:19:51+00:00,2021-11-10 00:51:53+00:00,2021-11-09 19:35:52+00:00,37922,2021-11-09 13:54:38+00:00,2021-11-10 01:17:06+00:00,2021-11-09 13:24:21+00:00,2021-11-10 01:47:23+00:00,2021-11-09 12:54:32+00:00,2021-11-10 02:17:12+00:00
CISO,2021-11-10,2021-11-10 14:20:49+00:00,2021-11-11 00:51:07+00:00,2021-11-10 19:35:58+00:00,37818,2021-11-10 13:55:33+00:00,2021-11-11 01:16:23+00:00,2021-11-10 13:25:13+00:00,2021-11-11 01:46:43+00:00,2021-11-10 12:55:22+00:00,2021-11-11 02:16:34+00:00
CISO,2021-11-11,2021-11-11 14:21:47+00:00,2021-11-12 00:50:23+00:00,2021-11-11 19:36:05+00:00,37716,2021-11-11 13:56:28+00:00,2021-11-12 01:15:42+00:00,2021-11-11 13:26:05+00:00,2021-11-12 01:46:05+00:00,2021-11-11 12:56:12+00:00,2021-11-12 02:15:58+00:00
CISO,2021-11-12,2021-11-12 14:22:45+00:00,2021-11-13 00:49:40+00:00,2021-11-12 19:36:12+00:00,37615,2021-11-12 13:57:23+00:00,2021-11-13 01:15:02+00:00,2021-11-12 13:26:57+00:00,2021-11-13 01:45:28+00:00,2021-11-12 12:57:02+00:00,2021-11-13 02:15:23+00:00
CISO,2021-11-13,2021-11-13 14:23:43+00:00,2021-11-14 00:48:59+00:00,2021-11-13 19:36:21+00:00,37516,2021-11-13 13:58:18+00:00,2021-11-14 01:14:24+00:00,2021-11-13 13:27:49+00:00,2021-11-14 01:44:53+00:00,2021-11-13 12:57:52+00:00,2021-11-14 02:14:50+00:00
CISO,2021-11-14,2021-11-14 14:24:41+00:00,2021-11-15 00:48:20+00:00,2021-11-14 19:36:30+00:00,37419,2021-11-14 13:59:13+00:00,2021-11-15 01:13:48+00:00,2021-11-14 13:28:41+00:00,2021-11-15 01:44:20+00:00,2021-11-14 12:58:42+00:00,2021-11-15 02:14:19+00:00
CISO,2021-11-15,2021-11-15 14:25:39+00:00,2021-11-16 00:47:42+00:00,2021-11-15 19:36:41+00:00,37323,2021-11-15 14:00:08+00:00,2021-11-16 01:13:13+00:00,2021-11-15 13:29:33+00:00,2021-11-16 01:43:48+00:00,2021-11-15 12:59:32+00:00,2021-11-16 02:13:49+00:00
CISO,2021-11-16,2021-11-16 14:26:37+00:00,2021-11-17 00:47:06+00:00,2021-11-16 19:36:52+00:00,37229,2021-11-16 14:01:03+00:00,2021-11-17 01:12:40+00:00,2021-11-16 13:30:26+00:00,2021-11-17 01:43:18+00:00,2021-11-16 13:00:22+00:00,2021-11-17 02:13:22+00:00
CISO,2021-11-17,2021-11-17 14:27:35+00:00,2021-11-18 00:46:32+00:00,2021-11-17 19:37:04+00:00,37137,2021-11-17 14:01:58+00:00,2021-11-18 01:12:09+00:00,2021-11-17 13:31:18+00:00,2021-11-18 01:42:50+00:00,2021-11-17 13:01:12+00:00,2021-11-18 02:12:55+00:00
CISO,2021-11-18,2021-11-18 14:28:33+00:00,2021-11-19 00:46:00+00:00,2021-11-18 19:37:17+00:00,37047,2021-11-18 14:02:53+00:00,2021-11-19 01:11:40+00:00,2021-11-18 13:32:10+00:00,2021-11-19 01:42:23+00:00,2021-11-18 13:02:02+00:00,2021-11-19 02:12:31+00:00
CISO,2021-11-19,2021-11-19 14:29:31+00:00,2021-11-20 00:45:29+00:00,2021-11-19 19:37:30+00:00,36958,2021-11-19 14:03:48+00:00,2021-11-20 01:11:12+00:00,2021-11-19 13:33:02+00:00,2021-11-20 01:41:58+00:00,2021-11-19 13:02:52+00:00,2021-11-20 02:12:09+00:00
CISO,2021-11-20,2021-11-20 14:30:29+00:00,2021-11-21 00:45:00+00:00,2021-11-20 19:37:45+00:00,36871,2021-11-20 14:04:43+00:00,2021-11-21 01:10:46+00:00,2021-11-20 13:33:54+00:00,2021-11-21 01:41:35+00:00,2021-11-20 13:03:41+00:00,2021-11-21 02:11:48+00:00
CISO,2021-11-21,2021-11-21 14:31:26+00:00,2021-11-22 00:44:33+00:00,2021-11-21 19:38:00+00:00,36787,2021-11-21 14:05:37+00:00,2021-11-22 01:10:22+00:00,2021-11-21 13:34:45+00:00,2021-11-22 01:41:14+00:00,2021-11-21 13:04:31+00:00,2021-11-22 02:11:29+00:00
CISO,2021-11-22,2021-11-22 14:32:24+00:00,2021-11-23 00:44:08+00:00,2021-11-22 19:38:16+00:00,36704,2021-11-22 14:06:31+00:00,2021-11-23 01:10:00+00:00,2021-11-22 13:35:37+00:00,2021-11-23 01:40:55+00:00,2021-11-22 13:05:20+00:00,2021-11-23 02:11:11+00:00
CISO,2021-11-23,2021-11-23 14:33:21+00:00,2021-11-24 00:43:45+00:00,2021-11-23 19:38:33+00:00,36624,2021-11-23 14:07:26+00:00,2021-11-24 01:09:40+00:00,2021-11-23 13:36:28+00:00,2021-11-24 01:40:37+00:00,2021-11-23 13:06:09+00:00,2021-11-24 02:10:56+00:00
CISO,2021-11-24,2021-11-24 14:34:17+00:00,2021-11-25 00:43:23+00:00,2021-11-24 19:38:50+00:00,36546,2021-11-24 14:08:19+00:00,2021-11-25 01:09:21+00:00,2021-11-24 13:37:19+00:00,2021-11-25 01:40:21+00:00,2021-11-24 13:06:58+00:00,2021-11-25 02:10:42+00:00
CISO,2021-11-25,2021-11-25 14:35:13+00:00,2021-11-26 00:43:04+00:00,2021-11-25 19:39:08+00:00,36471,2021-11-25 14:09:13+00:00,2021-11-26 01:09:04+00:00,2021-11-25 13:38:10+00:00,2021-11-26 01:40:07+00:00,2021-11-25 13:07:47+00:00,2021-11-26 02:10:30+00:00
CISO,2021-11-26,2021-11-26 14:36:09+00:00,2021-11-27 00:42:46+00:00,2021-11-26 19:39:28+00:00,36397,2021-11-26 14:10:06+00:00,2021-11-27 01:08:49+00:00,2021-11-26 13:39:00+00:00,2021-11-27 01:39:55+00:00,2021-11-26 13:08:36+00:00,2021-11-27 02:10:19+00:00
CISO,2021-11-27,2021-11-27 14:37:04+00:00,2021-11-28 00:42:30+00:00,2021-11-27 19:39:47+00:00,36326,2021-11-27 14:10:58+00:00,2021-11-28 01:08:36+00:00,2021-11-27 13:39:50+00:00,2021-11-28 01:39:44+00:00,2021-11-27 13:09:24+00:00,2021-11-28 02:10:11+00:00
CISO,2021-11-28,2021-11-28 14:37:59+00:00,2021-11-29 00:42:16+00:00,2021-11-28 19:40:08+00:00,36257,2021-11-28 14:11:51+00:00,2021-11-29 01:08:25+00:00,2021-11-28 13:40:40+00:00,2021-11-29 01:39:36+00:00,2021-11-28 13:10:12+00:00,2021-11-29 02:10:04+00:00
CISO,2021-11-29,2021-11-29 14:38:54+00:00,2021-11-30 00:42:04+00:00,2021-11-29 19:40:29+00:00,36190,2021-11-29 14:12:42+00:00,2021-11-30 01:08:16+00:00,2021-11-29 13:41:29+00:00,2021-11-30 01:39:29+00:00,2021-11-29 13:10:59+00:00,2021-11-30 02:09:59+00:00
CISO,2021-11-30,2021-11-30 14:39:47+00:00,2021-12-01 00:41:55+00:00,2021-11-30 19:40:51+00:00,36128,2021-11-30 14:13:34+00:00,2021-12-01 01:08:08+00:00,2021-11-30 13:42:18+00:00,2021-12-01 01:39:23+00:00,2021-11-30 13:11:46+00:00,2021-12-01 02:09:56+00:00
CISO,2021-12-01,2021-12-01 14:40:40+00:00,2021-12-02 00:41:47+00:00,2021-12-01 19:41:13+00:00,36067,2021-12-01 14:14:24+00:00,2021-12-02 01:08:02+00:00,2021-12-01 13:43:07+00:00,2021-12-02 01:39:20+00:00,2021-12-01 13:12:33+00:00,2021-12-02 02:09:54+00:00
CISO,2021-12-02,2021-12-02 14:41:33+00:00,2021-12-03 00:41:41+00:00,2021-12-02 19:41:37+00:00,36008,2021-12-02 14:15:14+00:00,2021-12-03 01:07:59+00:00,2021-12-02 13:43:54+00:00,2021-12-03 01:39:19+00:00,2021-12-02 13:13:19+00:00,2021-12-03 02:09:54+00:00
CISO,2021-12-03,2021-12-03 14:42:24+00:00,2021-12-04 00:41:36+00:00,2021-12-03 19:42:00+00:00,35952,2021-12-03 14:16:04+00:00,2021-12-04 01:07:57+00:00,2021-12-03 13:44:42+00:00,2021-12-04 01:39:19+00:00,2021-12-03 13:14:04+00:00,2021-12-04 02:09:56+00:00
CISO,2021-12-04,2021-12-04 14:43:15+00:00,2021-12-05 00:41:34+00:00,2021-12-04 19:42:25+00:00,35899,2021-12-04 14:16:53+00:00,2021-12-05 01:07:57+00:00,2021-12-04 13:45:28+00:00,2021-12-05 01:39:21+00:00,2021-12-04 13:14:49+00:00,2021-12-05 02:10:00+00:00
CISO,2021-12-05,2021-12-05 14:44:05+00:00,2021-12-06 00:41:34+00:00,2021-12-05 19:42:49+00:00,35849,2021-12-05 14:17:40+00:00,2021-12-06 01:07:59+00:00,2021-12-05 13:46:14+00:00,2021-12-06 01:39:25+00:00,2021-12-05 13:15:34+00:00,2021-12-06 02:10:05+00:00
CISO,2021-12-06,2021-12-06 14:44:54+00:00,2021-12-07 00:41:36+00:00,2021-12-06 19:43:15+00:00,35802,2021-12-06 14:18:28+00:00,2021-12-07 01:08:02+00:00,2021-12-06 13:47:00+00:00,2021-12-07 01:39:30+00:00,2021-12-06 13:16:18+00:00,2021-12-07 02:10:12+00:00
CISO,2021-12-07,2021-12-07 14:45:42+00:00,2021-12-08 00:41:40+00:00,2021-12-07 19:43:41+00:00,35758,2021-12-07 14:19:14+00:00,2021-12-08 01:08:08+00:00,2021-12-07 13:47:44+00:00,2021-12-08 01:39:37+00:00,2021-12-07 13:17:01+00:00,2021-12-08 02:10:21+00:00
CISO,2021-12-08,2021-12-08 14:46:29+00:00,2021-12-09 00:41:45+00:00,2021-12-08 19:44:07+00:00,35716,2021-12-08 14:20:00+00:00,2021-12-09 01:08:15+00:00,2021-12-08 13:48:28+00:00,2021-12-09 01:39:46+00:00,2021-12-08 13:17:44+00:00,2021-12-09 02:10:31+00:00
CISO,2021-12-09,2021-12-09 14:47:15+00:00,2021-12-10 00:41:53+00:00,2021-12-09 19:44:34+00:00,35678,2021-12-09 14:20:44+00:00,2021-12-10 01:08:24+00:00,2021-12-09 13:49:11+00:00,2021-12-10 01:39:57+00:00,2021-12-09 13:18:25+00:00,2021-12-10 02:10:43+00:00
CISO,2021-12-10,2021-12-10 14:48:01+00:00,2021-12-11 00:42:02+00:00,2021-12-10 19:45:01+00:00,35641,2021-12-10 14:21:28+00:00,2021-12-11 01:08:35+00:00,2021-12-10 13:49:53+00:00,2021-12-11 01:40:09+00:00,2021-12-10 13:19:07+00:00,2021-12-11 02:10:56+00:00
CISO,2021-12-11,2021-12-11 14:48:44+00:00,2021-12-12 00:42:14+00:00,2021-12-11 19:45:29+00:00,35610,2021-12-11 14:22:10+00:00,2021-12-12 01:08:48+00:00,2021-12-11 13:50:35+00:00,2021-12-12 01:40:23+00:00,2021-12-11 13:19:47+00:00,2021-12-12 02:11:11+00:00
CISO,2021-12-12,2021-12-12 14:49:27+00:00,2021-12-13 00:42:27+00:00,2021-12-12 19:45:57+00:00,35580,2021-12-12 14:22:52+00:00,2021-12-13 01:09:02+00:00,2021-12-12 13:51:15+00:00,2021-12-13 01:40:39+00:00,2021-12-12 13:20:26+00:00,2021-12-13 02:11:28+00:00
CISO,2021-12-13,2021-12-13 14:50:09+00:00,2021-12-14 00:42:42+00:00,2021-12-13 19:46:25+00:00,35553,2021-12-13 14:23:32+00:00,2021-12-14 01:09:19+00:00,2021-12-13 13:51:55+00:00,2021-12-14 01:40:56+00:00,2021-12-13 13:21:05+00:00,2021-12-14 02:11:46+00:00
CISO,2021-12-14,2021-12-14 14:50:49+00:00,2021-12-15 00:42:59+00:00,2021-12-14 19:46:54+00:00,35530,2021-12-14 14:24:12+00:00,2021-12-15 01:09:36+00:00,2021-12-14 13:52:33+00:00,2021-12-15 01:41:15+00:00,2021-12-14 13:21:43+00:00,2021-12-15 02:12:06+00:00
CISO,2021-12-15,2021-12-15 14:51:28+00:00,2021-12-16 00:43:18+00:00,2021-12-15 19:47:23+00:00,35510,2021-12-15 14:24:50+00:00,2021-12-16 01:09:56+00:00,2021-12-15 13:53:10+00:00,2021-12-16 01:41:36+00:00,2021-12-15 13:22:19+00:00,2021-12-16 02:12:27+00:00
CISO,2021-12-16,2021-12-16 14:52:06+00:00,2021-12-17 00:43:39+00:00,2021-12-16 19:47:52+00:00,35493,2021-12-16 14:25:27+00:00,2021-12-17 01:10:17+00:00,2021-12-16 13:53:47+00:00,2021-12-17 01:41:58+00:00,2021-12-16 13:22:55+00:00,2021-12-17 02:12:49+00:00
CISO,2021-12-17,2021-12-17 14:52:42+00:00,2021-12-18 00:44:01+00:00,2021-12-17 19:48:22+00:00,35479,2021-12-17 14:26:03+00:00,2021-12-18 01:10:41+00:00,2021-12-17 13:54:22+00:00,2021-12-18 01:42:21+00:00,2021-12-17 13:23:30+00:00,2021-12-18 02:13:13+00:00
CISO,2021-12-18,2021-12-18 14:53:17+00:00,2021-12-19 00:44:25+00:00,2021-12-18 19:48:51+00:00,35468,2021-12-18 14:26:37+00:00,2021-12-19 01:11:05+00:00,2021-12-18 13:54:56+00:00,2021-12-19 01:42:46+00:00,2021-12-18 13:24:03+00:00,2021-12-19 02:13:39+00:00
CISO,2021-12-19,2021-12-19 14:53:50+00:00,2021-12-20 00:44:51+00:00,2021-12-19 19:49:21+00:00,35461,2021-12-19 14:27:10+00:00,2021-12-20 01:11:31+00:00,2021-12-19 13:55:28+00:00,2021-12-20 01:43:13+00:00,2021-12-19 13:24:36+00:00,2021-12-20 02:14:06+00:00
CISO,2021-12-20,2021-12-20 14:54:22+00:00,2021-12-21 00:45:19+00:00,2021-12-20 19:49:50+00:00,35457,2021-12-20 14:27:42+00:00,2021-12-21 01:11:59+00:00,2021-12-20 13:56:00+00:00,2021-12-21 01:43:41+00:00,2021-12-20 13:25:07+00:00,2021-12-21 02:14:34+00:00
CISO,2021-12-21,2021-12-21 14:54:52+00:00,2021-12-22 00:45:48+00:00,2021-12-21 19:50:20+00:00,35456,2021-12-21 14:28:12+00:00,2021-12-22 01:12:29+00:00,2021-12-21 13:56:30+00:00,2021-12-22 01:44:10+00:00,2021-12-21 13:25:37+00:00,2021-12-22 02:15:03+00:00
CISO,2021-12-22,2021-12-22 14:55:21+00:00,2021-12-23 00:46:19+00:00,2021-12-22 19:50:50+00:00,35458,2021-12-22 14:28:41+00:00,2021-12-23 01:12:59+00:00,2021-12-22 13:56:59+00:00,2021-12-23 01:44:41+00:00,2021-12-22 13:26:06+00:00,2021-12-23 02:15:34+00:00
CISO,2021-12-23,2021-12-23 14:55:48+00:00,2021-12-24 00:46:51+00:00,2021-12-23 19:51:20+00:00,35463,2021-12-23 14:29:08+00:00,2021-12-24 01:13:32+00:00,2021-12-23 13:57:27+00:00,2021-12-24 01:45:13+00:00,2021-12-23 13:26:34+00:00,2021-12-24 02:16:06+00:00
CISO,2021-12-24,2021-12-24 14:56:14+00:00,2021-12-25 00:47:26+00:00,2021-12-24 19:51:50+00:00,35472,2021-12-24 14:29:34+00:00,2021-12-25 01:14:05+00:00,2021-12-24 13:57:53+00:00,2021-12-25 01:45:47+00:00,2021-12-24 13:27:01+00:00,2021-12-25 02:16:39+00:00
CISO,2021-12-25,2021-12-25 14:56:38+00:00,2021-12-26 00:48:01+00:00,2021-12-25 19:52:19+00:00,35483,2021-12-25 14:29:58+00:00,2021-12-26 01:14:41+00:00,2021-12-25 13:58:18+00:00,2021-12-26 01:46:21+00:00,2021-12-25 13:27:26+00:00,2021-12-26 02:17:13+00:00
CISO,2021-12-26,2021-12-26 14:57:00+00:00,2021-12-27 00:48:38+00:00,2021-12-26 19:52:49+00:00,35498,2021-12-26 14:30:21+00:00,2021-12-27 01:15:17+00:00,2021-12-26 13:58:41+00:00,2021-12-27 01:46:57+00:00,2021-12-26 13:27:50+00:00,2021-12-27 02:17:48+00:00
CISO,2021-12-27,2021-12-27 14:57:20+00:00,2021-12-28 00:49:17+00:00,2021-12-27 19:53:19+00:00,35517,2021-12-27 14:30:42+00:00,2021-12-28 01:15:55+00:00,2021-12-27 13:59:03+00:00,2021-12-28 01:47:34+00:00,2021-12-27 13:28:12+00:00,2021-12-28 02:18:25+00:00
CISO,2021-12-28,2021-12-28 14:57:39+00:00,2021-12-29 00:49:57+00:00,2021-12-28 19:53:48+00:00,35538,2021-12-28 14:31:02+00:00,2021-12-29 01:16:34+00:00,2021-12-28 13:59:23+00:00,2021-12-29 01:48:12+00:00,2021-12-28 13:28:33+00:00,2021-12-29 02:19:02+00:00
CISO,2021-12-29,2021-12-29 14:57:56+00:00,2021-12-30 00:50:38+00:00,2021-12-29 19:54:17+00:00,35562,2021-12-29 14:31:20+00:00,2021-12-30 01:17:14+00:00,2021-12-29 13:59:42+00:00,2021-12-30 01:48:52+00:00,2021-12-29 13:28:53+00:00,2021-12-30 02:19:41+00:00
CISO,2021-12-30,2021-12-30 14:58:11+00:00,2021-12-31 00:51:21+00:00,2021-12-30 19:54:46+00:00,35590,2021-12-30 14:31:36+00:00,2021-12-31 01:17:56+00:00,2021-12-30 14:00:00+00:00,2021-12-31 01:49:32+00:00,2021-12-30 13:29:11+00:00,2021-12-31 02:20:21+00:00
CISO,2021-12-31,2021-12-31 14:58:24+00:00,2022-01-01 00:52:05+00:00,2021-12-31 19:55:14+00:00,35621,2021-12-31 14:31:50+00:00,2022-01-01 01:18:38+00:00,2021-12-31 14:00:15+00:00,2022-01-01 01:50:14+00:00,2021-12-31 13:29:28+00:00,2022-01-01 02:21:01+00:00
CISO,2022-01-01,2022-01-01 14:58:35+00:00,2022-01-02 00:52:50+00:00,2022-01-01 19:55:43+00:00,35655,2022-01-01 14:32:03+00:00,2022-01-02 01:19:22+00:00,2022-01-01 14:00:29+00:00,2022-01-02 01:50:56+00:00,2022-01-01 13:29:43+00:00,2022-01-02 02:21:42+00:00
CISO,2022-01-02,2022-01-02 14:58:45+00:00,2022-01-03 00:53:36+00:00,2022-01-02 19:56:11+00:00,35691,2022-01-02 14:32:14+00:00,2022-01-03 01:20:07+00:00,2022-01-02 14:00:42+00:00,2022-01-03 01:51:39+00:00,2022-01-02 13:29:57+00:00,2022-01-03 02:22:25+00:00
CISO,2022-01-03,2022-01-03 14:58:52+00:00,2022-01-04 00:54:24+00:00,2022-01-03 19:56:38+00:00,35732,2022-01-03 14:32:23+00:00,2022-01-04 01:20:53+00:00,2022-01-03 14:00:53+00:00,2022-01-04 01:52:24+00:00,2022-01-03 13:30:09+00:00,2022-01-04 02:23:08+00:00
CISO,2022-01-04,2022-01-04 14:58:58+00:00,2022-01-05 00:55:13+00:00,2022-01-04 19:57:05+00:00,35775,2022-01-04 14:32:31+00:00,2022-01-05 01:21:40+00:00,2022-01-04 14:01:02+00:00,2022-01-05 01:53:09+00:00,2022-01-04 13:30:19+00:00,2022-01-05 02:23:52+00:00
CISO,2022-01-05,2022-01-05 14:59:02+00:00,2022-01-06 00:56:02+00:00,2022-01-05 19:57:32+00:00,35820,2022-01-05 14:32:37+00:00,2022-01-06 01:22:28+00:00,2022-01-05 14:01:10+00:00,2022-01-06 01:53:55+00:00,2022-01-05 13:30:28+00:00,2022-01-06 02:24:36+00:00
CISO,2022-01-06,2022-01-06 14:59:04+00:00,2022-01-07 00:56:53+00:00,2022-01-06 19:57:58+00:00,35869,2022-01-06 14:32:41+00:00,2022-01-07 01:23:16+00:00,2022-01-06 14:01:15+00:00,2022-01-07 01:54:42+00:00,2022-01-06 13:30:35+00:00,2022-01-07 02:25:22+00:00
CISO,2022-01-07,2022-01-07 14:59:04+00:00,2022-01-08 00:57:44+00:00,2022-01-07 19:58:24+00:00,35920,2022-01-07 14:32:43+00:00,2022-01-08 01:24:06+00:00,2022-01-07 14:01:19+00:00,2022-01-08 01:55:29+00:00,2022-01-07 13:30:41+00:00,2022-01-08 02:26:07+00:00
CISO,2022-01-08,2022-01-08 14:59:02+00:00,2022-01-09 00:58:37+00:00,2022-01-08 19:58:50+00:00,35975,2022-01-08 14:32:43+00:00,2022-01-09 01:24:56+00:00,2022-01-08 14:01:22+00:00,2022-01-09 01:56:17+00:00,2022-01-08 13:30:45+00:00,2022-01-09 02:26:54+00:00
CISO,2022-01-09,2022-01-09 14:58:59+00:00,2022-01-10 00:59:30+00:00,2022-01-09 19:59:14+00:00,36031,2022-01-09 14:32:42+00:00,2022-01-10 01:25:47+00:00,2022-01-09 14:01:23+00:00,2022-01-10 01:57:06+00:00,2022-01-09 13:30:47+00:00,2022-01-10 02:27:41+00:00
CISO,2022-01-10,2022-01-10 14:58:53+00:00,2022-01-11 01:00:24+00:00,2022-01-10 19:59:39+00:00,36091,2022-01-10 14:32:38+00:00,2022-01-11 01:26:39+00:00,2022-01-10 14:01:22+00:00,2022-01-11 01:57:56+00:00,2022-01-10 13:30:48+00:00,2022-01-11 02:28:29+00:00
CISO,2022-01-11,2022-01-11 14:58:45+00:00,2022-01-12 01:01:19+00:00,2022-01-11 20:00:02+00:00,36154,2022-01-11 14:32:33+00:00,2022-01-12 01:27:31+00:00,2022-01-11 14:01:19+00:00,2022-01-12 01:58:46+00:00,2022-01-11 13:30:47+00:00,2022-01-12 02:29:17+00:00
CISO,2022-01-12,2022-01-12 14:58:36+00:00,2022-01-13 01:02:15+00:00,2022-01-12 20:00:25+00:00,36219,2022-01-12 14:32:26+00:00,2022-01-13 01:28:25+00:00,2022-01-12 14:01:14+00:00,2022-01-13 01:59:37+00:00,2022-01-12 13:30:44+00:00,2022-01-13 02:30:06+00:00
CISO,2022-01-13,2022-01-13 14:58:25+00:00,2022-01-14 01:03:11+00:00,2022-01-13 20:00:48+00:00,36286,2022-01-13 14:32:17+00:00,2022-01-14 01:29:18+00:00,2022-01-13 14:01:08+00:00,2022-01-14 02:00:28+00:00,2022-01-13 13:30:40+00:00,2022-01-14 02:30:56+00:00
CISO,2022-01-14,2022-01-14 14:58:11+00:00,2022-01-15 01:04:08+00:00,2022-01-14 20:01:10+00:00,36357,2022-01-14 14:32:07+00:00,2022-01-15 01:30:12+00:00,2022-01-14 14:01:00+00:00,2022-01-15 02:01:19+00:00,2022-01-14 13:30:34+00:00,2022-01-15 02:31:45+00:00
CISO,2022-01-15,2022-01-15 14:57:56+00:00,2022-01-16 01:05:05+00:00,2022-01-15 20:01:31+00:00,36429,2022-01-15 14:31:54+00:00,2022-01-16 01:31:07+00:00,2022-01-15 14:00:50+00:00,2022-01-16 02:02:12+00:00,2022-01-15 13:30:26+00:00,2022-01-16 02:32:35+00:00
CISO,2022-01-16,2022-01-16 14:57:39+00:00,2022-01-17 01:06:03+00:00,2022-01-16 20:01:51+00:00,36504,2022-01-16 14:31:40+00:00,2022-01-17 01:32:02+00:00,2022-01-16 14:00:38+00:00,2022-01-17 02:03:04+00:00,2022-01-16 13:30:17+00:00,2022-01-17 02:33:26+00:00
CISO,2022-01-17,2022-01-17 14:57:20+00:00,2022-01-18 01:07:02+00:00,2022-01-17 20:02:11+00:00,36582,2022-01-17 14:31:24+00:00,2022-01-18 01:32:58+00:00,2022-01-17 14:00:25+00:00,2022-01-18 02:03:57+00:00,2022-01-17 13:30:05+00:00,2022-01-18 02:34:17+00:00
CISO,2022-01-18,2022-01-18 14:56:59+00:00,2022-01-19 01:08:01+00:00,2022-01-18 20:02:30+00:00,36662,2022-01-18 14:31:06+00:00,2022-01-19 01:33:54+00:00,2022-01-18 14:00:10+00:00,2022-01-19 02:04:50+00:00,2022-01-18 13:29:52+00:00,2022-01-19 02:35:08+00:00
CISO,2022-01-19,2022-01-19 14:56:37+00:00,2022-01-20 01:09:00+00:00,2022-01-19 20:02:48+00:00,36743,2022-01-19 14:30:46+00:00,2022-01-20 01:34:50+00:00,2022-01-19 13:59:53+00:00,2022-01-20 02:05:44+00:00,2022-01-19 13:29:37+00:00,2022-01-20 02:35:59+00:00
CISO,2022-01-20,2022-01-20 14:56:12+00:00,2022-01-21 01:09:59+00:00,2022-01-20 20:03:06+00:00,36827,2022-01-20 14:30:25+00:00,2022-01-21 01:35:47+00:00,2022-01-20 13:59:34+00:00,2022-01-21 02:06:37+00:00,2022-01-20 13:29:21+00:00,2022-01-21 02:36:51+00:00
CISO,2022-01-21,2022-01-21 14:55:46+00:00,2022-01-22 01:10:59+00:00,2022-01-21 20:03:23+00:00,36913,2022-01-21 14:30:02+00:00,2022-01-22 01:36:44+00:00,2022-01-21 13:59:14+00:00,2022-01-22 02:07:32+00:00,2022-01-21 13:29:03+00:00,2022-01-22 02:37:43+00:00
CISO,2022-01-22,2022-01-22 14:55:18+00:00,2022-01-23 01:11:59+00:00,2022-01-22 20:03:39+00:00,37001,2022-01-22 14:29:37+00:00,2022-01-23 01:37:41+00:00,2022-01-22 13:58:52+00:00,2022-01-23 02:08:26+00:00,2022-01-22 13:28:43+00:00,2022-01-23 02:38:35+00:00
CISO,2022-01-23,2022-01-23 14:54:48+00:00,2022-01-24 01:13:00+00:00,2022-01-23 20:03:54+00:00,37092,2022-01-23 14:29:10+00:00,2022-01-24 01:38:38+00:00,2022-01-23 13:58:28+00:00,2022-01-24 02:09:20+00:00,2022-01-23 13:28:21+00:00,2022-01-24 02:39:27+00:00
CISO,2022-01-24,2022-01-24 14:54:17+00:00,2022-01-25 01:14:00+00:00,2022-01-24 20:04:09+00:00,37183,2022-01-24 14:28:41+00:00,2022-01-25 01:39:36+00:00,2022-01-24 13:58:02+00:00,2022-01-25 02:10:15+00:00,2022-01-24 13:27:58+00:00,2022-01-25 02:40:19+00:00
CISO,2022-01-25,2022-01-25 14:53:43+00:00,2022-01-26 01:15:01+00:00,2022-01-25 20:04:22+00:00,37278,2022-01-25 14:28:11+00:00,2022-01-26 01:40:33+00:00,2022-01-25 13:57:35+00:00,2022-01-26 02:11:09+00:00,2022-01-25 13:27:33+00:00,2022-01-26 02:41:12+00:00
CISO,2022-01-26,2022-01-26 14:53:08+00:00,2022-01-27 01:16:02+00:00,2022-01-26 20:04:35+00:00,37374,2022-01-26 14:27:39+00:00,2022-01-27 01:41:31+00:00,2022-01-26 13:57:06+00:00,2022-01-27 02:12:04+00:00,2022-01-26 13:27:06+00:00,2022-01-27 02:42:04+00:00
CISO,2022-01-27,2022-01-27 14:52:32+00:00,2022-01-28 01:17:03+00:00,2022-01-27 20:04:47+00:00,37471,2022-01-27 14:27:06+00:00,2022-01-28 01:42:29+00:00,2022-01-27 13:56:35+00:00,2022-01-28 02:12:59+00:00,2022-01-27 13:26:37+00:00,2022-01-28 02:42:57+00:00
CISO,2022-01-28,2022-01-28 14:51:53+00:00,2022-01-29 01:18:04+00:00,2022-01-28 20:04:59+00:00,37571,2022-01-28 14:26:30+00:00,2022-01-29 01:43:27+00:00,2022-01-28 13:56:03+00:00,2022-01-29 02:13:54+00:00,2022-01-28 13:26:07+00:00,2022-01-29 02:43:50+00:00
CISO,2022-01-29,2022-01-29 14:51:13+00:00,2022-01-30 01:19:05+00:00,2022-01-29 20:05:09+00:00,37672,2022-01-29 14:25:53+00:00,2022-01-30 01:44:25+00:00,2022-01-29 13:55:29+00:00,2022-01-30 02:14:49+00:00,2022-01-29 13:25:35+00:00,2022-01-30 02:44:43+00:00
CISO,2022-01-30,2022-01-30 14:50:32+00:00,2022-01-31 01:20:06+00:00,2022-01-30 20:05:19+00:00,37774,2022-01-30 14:25:15+00:00,2022-01-31 01:45:23+00:00,2022-01-30 13:54:54+00:00,2022-01-31 02:15:44+00:00,2022-01-30 13:25:02+00:00,2022-01-31 02:45:36+00:00
CISO,2022-01-31,2022-01-31 14:49:48+00:00,2022-02-01 01:21:07+00:00,2022-01-31 20:05:28+00:00,37879,2022-01-31 14:24:35+00:00,2022-02-01 01:46:20+00:00,2022-01-31 13:54:16+00:00,2022-02-01 02:16:39+00:00,2022-01-31 13:24:27+00:00,2022-02-01 02:46:29+00:00
CISO,2022-02-01,2022-02-01 14:49:04+00:00,2022-02-02 01:22:08+00:00,2022-02-01 20:05:36+00:00,37984,2022-02-01 14:23:53+00:00,2022-02-02 01:47:18+00:00,2022-02-01 13:53:37+00:00,2022-02-02 02:17:34+00:00,2022-02-01 13:23:50+00:00,2022-02-02 02:47:21+00:00
CISO,2022-02-02,2022-02-02 14:48:17+00:00,2022-02-03 01:23:08+00:00,2022-02-02 20:05:43+00:00,38091,2022-02-02 14:23:10+00:00,2022-02-03 01:48:16+00:00,2022-02-02 13:52:57+00:00,2022-02-03 02:18:29+00:00,2022-02-02 13:23:11+00:00,2022-02-03 02:48:14+00:00
CISO,2022-02-03,2022-02-03 14:47:29+00:00,2022-02-04 01:24:09+00:00,2022-02-03 20:05:49+00:00,38200,2022-02-03 14:22:25+00:00,2022-02-04 01:49:14+00:00,2022-02-03 13:52:15+00:00,2022-02-04 02:19:23+00:00,2022-02-03 13:22:31+00:00,2022-02-04 02:49:07+00:00
CISO,2022-02-04,2022-02-04 14:46:40+00:00,2022-02-05 01:25:10+00:00,2022-02-04 20:05:55+00:00,38310,2022-02-04 14:21:39+00:00,2022-02-05 01:50:11+00:00,2022-02-04 13:51:31+00:00,2022-02-05 02:20:18+00:00,2022-02-04 13:21:50+00:00,2022-02-05 02:50:00+00:00
CISO,2022-02-05,2022-02-05 14:45:49+00:00,2022-02-06 01:26:10+00:00,2022-02-05 20:06:00+00:00,38421,2022-02-05 14:20:51+00:00,2022-02-06 01:51:08+00:00,2022-02-05 13:50:46+00:00,2022-02-06 02:21:13+00:00,2022-02-05 13:21:06+00:00,2022-02-06 02:50:53+00:00
CISO,2022-02-06,2022-02-06 14:44:57+00:00,2022-02-07 01:27:10+00:00,2022-02-06 20:06:04+00:00,38533,2022-02-06 14:20:01+00:00,2022-02-07 01:52:06+00:00,2022-02-06 13:50:00+00:00,2022-02-07 02:22:07+00:00,2022-02-06 13:20:22+00:00,2022-02-07 02:51:45+00:00
CISO,2022-02-07,2022-02-07 14:44:03+00:00,2022-02-08 01:28:10+00:00,2022-02-07 20:06:07+00:00,38647,2022-02-07 14:19:11+00:00,2022-02-08 01:53:03+00:00,2022-02-07 13:49:12+00:00,2022-02-08 02:23:02+00:00,2022-02-07 13:19:35+00:00,2022-02-08 02:52:38+00:00
CISO,2022-02-08,2022-02-08 14:43:08+00:00,2022-02-09 01:29:10+00:00,2022-02-08 20:06:09+00:00,38762,2022-02-08 14:18:19+00:00,2022-02-09 01:54:00+00:00,2022-02-08 13:48:22+00:00,2022-02-09 02:23:56+00:00,2022-02-08 13:18:48+00:00,2022-02-09 02:53:31+00:00
CISO,2022-02-09,2022-02-09 14:42:12+00:00,2022-02-10 01:30:09+00:00,2022-02-09 20:06:11+00:00,38877,2022-02-09 14:17:25+00:00,2022-02-10 01:54:56+00:00,2022-02-09 13:47:31+00:00,2022-02-10 02:24:50+00:00,2022-02-09 13:17:58+00:00,2022-02-10 02:54:23+00:00
CISO,2022-02-10,2022-02-10 14:41:14+00:00,2022-02-11 01:31:09+00:00,2022-02-10 20:06:12+00:00,38995,2022-02-10 14:16:30+00:00,2022-02-11 01:55:53+00:00,2022-02-10 13:46:39+00:00,2022-02-11 02:25:44+00:00,2022-02-10 13:17:07+00:00,2022-02-11 02:55:16+00:00
CISO,2022-02-11,2022-02-11 14:40:16+00:00,2022-02-12 01:32:08+00:00,2022-02-11 20:06:12+00:00,39112,2022-02-11 14:15:34+00:00,2022-02-12 01:56:49+00:00,2022-02-11 13:45:45+00:00,2022-02-12 02:26:38+00:00,2022-02-11 13:16:15+00:00,2022-02-12 02:56:08+00:00
CISO,2022-02-12,2022-02-12 14:39:15+00:00,2022-02-13 01:33:06+00:00,2022-02-12 20:06:11+00:00,39231,2022-02-12 14:14:37+00:00,2022-02-13 01:57:45+00:00,2022-02-12 13:44:50+00:00,2022-02-13 02:27:32+00:00,2022-02-12 13:15:21+00:00,2022-02-13 02:57:00+00:00
CISO,2022-02-13,2022-02-13 14:38:14+00:00,2022-02-14 01:34:05+00:00,2022-02-13 20:06:09+00:00,39351,2022-02-13 14:13:38+00:00,2022-02-14 01:58:41+00:00,2022-02-13 13:43:53+00:00,2022-02-14 02:28:26+00:00,2022-02-13 13:14:26+00:00,2022-02-14 02:57:53+00:00
CISO,2022-02-14,2022-02-14 14:37:12+00:00,2022-02-15 01:35:03+00:00,2022-02-14 20:06:07+00:00,39471,2022-02-14 14:12:38+00:00,2022-02-15 01:59:37+00:00,2022-02-14 13:42:56+00:00,2022-02-15 02:29:19+00:00,2022-02-14 13:13:30+00:00,2022-02-15 02:58:45+00:00
CISO,2022-02-15,2022-02-15 14:36:08+00:00,2022-02-16 01:36:01+00:00,2022-02-15 20:06:04+00:00,39593,2022-02-15 14:11:37+00:00,2022-02-16 02:00:32+00:00,2022-02-15 13:41:57+00:00,2022-02-16 02:30:12+00:00,2022-02-15 13:12:32+00:00,2022-02-16 02:59:37+00:00
CISO,2022-02-16,2022-02-16 14:35:03+00:00,2022-02-17 01:36:58+00:00,2022-02-16 20:06:01+00:00,39715,2022-02-16 14:10:34+00:00,2022-02-17 02:01:27+00:00,2022-02-16 13:40:56+00:00,2022-02-17 02:31:05+00:00,2022-02-16 13:11:33+00:00,2022-02-17 03:00:29+00:00
CISO,2022-02-17,2022-02-17 14:33:57+00:00,2022-02-18 01:37:56+00:00,2022-02-17 20:05:56+00:00,39839,2022-02-17 14:09:31+00:00,2022-02-18 02:02:22+00:00,2022-02-17 13:39:55+00:00,2022-02-18 02:31:58+00:00,2022-02-17 13:10:32+00:00,2022-02-18 03:01:21+00:00
CISO,2022-02-18,2022-02-18 14:32:50+00:00,2022-02-19 01:38:52+00:00,2022-02-18 20:05:51+00:00,39962,2022-02-18 14:08:26+00:00,2022-02-19 02:03:17+00:00,2022-02-18 13:38:52+00:00,2022-02-19 02:32:51+00:00,2022-02-18 13:09:30+00:00,2022-02-19 03:02:13+00:00
CISO,2022-02-19,2022-02-19 14:31:42+00:00,2022-02-20 01:39:49+00:00,2022-02-19 20:05:46+00:00,40087,2022-02-19 14:07:20+00:00,2022-02-20 02:04:11+00:00,2022-02-19 13:37:48+00:00,2022-02-20 02:33:43+00:00,2022-02-19 13:08:27+00:00,2022-02-20 03:03:04+00:00
CISO,2022-02-20,2022-02-20 14:30:33+00:00,2022-02-21 01:40:45+00:00,2022-02-20 20:05:39+00:00,40212,2022-02-20 14:06:13+00:00,2022-02-21 02:05:05+00:00,2022-02-20 13:36:43+00:00,2022-02-21 02:34:36+00:00,2022-02-20 13:07:22+00:00,2022-02-21 03:03:56+00:00
CISO,2022-02-21,2022-02-21 14:29:23+00:00,2022-02-22 01:41:41+00:00,2022-02-21 20:05:32+00:00,40338,2022-02-21 14:05:06+00:00,2022-02-22 02:05:59+00:00,2022-02-21 13:35:36+00:00,2022-02-22 02:35:28+00:00,2022-02-21 13:06:17+00:00,2022-02-22 03:04:48+00:00
CISO,2022-02-22,2022-02-22 14:28:13+00:00,2022-02-23 01:42:37+00:00,2022-02-22 20:05:25+00:00,40464,2022-02-22 14:03:57+00:00,2022-02-23 02:06:53+00:00,2022-02-22 13:34:29+00:00,2022-02-23 02:36:20+00:00,2022-02-22 13:05:10+00:00,2022-02-23 03:05:39+00:00
CISO,2022-02-23,2022-02-23 14:27:01+00:00,2022-02-24 01:43:32+00:00,2022-02-23 20:05:16+00:00,40591,2022-02-23 14:02:47+00:00,2022-02-24 02:07:46+00:00,2022-02-23 13:33:20+00:00,2022-02-24 02:37:12+00:00,2022-02-23 13:04:02+00:00,2022-02-24 03:06:31+00:00
CISO,2022-02-24,2022-02-24 14:25:48+00:00,2022-02-25 01:44:27+00:00,2022-02-24 20:05:07+00:00,40719,2022-02-24 14:01:36+00:00,2022-02-25 02:08:39+00:00,2022-02-24 13:32:11+00:00,2022-02-25 02:38:04+00:00,2022-02-24 13:02:52+00:00,2022-02-25 03:07:23+00:00
CISO,2022-02-25,2022-02-25 14:24:35+00:00,2022-02-26 01:45:21+00:00,2022-02-25 20:04:58+00:00,40846,2022-02-25 14:00:24+00:00,2022-02-26 02:09:32+00:00,2022-02-25 13:31:00+00:00,2022-02-26 02:38:56+00:00,2022-02-25 13:01:42+00:00,2022-02-26 03:08:14+00:00
CISO,2022-02-26,2022-02-26 14:23:20+00:00,2022-02-27 01:46:16+00:00,2022-02-26 20:04:48+00:00,40976,2022-02-26 13:59:12+00:00,2022-02-27 02:10:24+00:00,2022-02-26 13:29:49+00:00,2022-02-27 02:39:47+00:00,2022-02-26 13:00:31+00:00,2022-02-27 03:09:05+00:00
CISO,2022-02-27,2022-02-27 14:22:05+00:00,2022-02-28 01:47:09+00:00,2022-02-27 20:04:37+00:00,41104,2022-02-27 13:57:58+00:00,2022-02-28 02:11:17+00:00,2022-02-27 13:28:36+00:00,2022-02-28 02:40:39+00:00,2022-02-27 12:59:18+00:00,2022-02-28 03:09:57+00:00
CISO,2022-02-28,2022-02-28 14:20:50+00:00,2022-03-01 01:48:03+00:00,2022-02-28 20:04:26+00:00,41233,2022-02-28 13:56:44+00:00,2022-03-01 02:12:09+00:00,2022-02-28 13:27:23+00:00,2022-03-01 02:41:30+00:00,2022-02-28 12:58:04+00:00,2022-03-01 03:10:48+00:00
CISO,2022-03-01,2022-03-01 14:19:33+00:00,2022-03-02 01:48:56+00:00,2022-03-01 20:04:15+00:00,41363,2022-03-01 13:55:29+00:00,2022-03-02 02:13:01+00:00,2022-03-01 13:26:08+00:00,2022-03-02 02:42:21+00:00,2022-03-01 12:56:50+00:00,2022-03-02 03:11:40+00:00
CISO,2022-03-02,2022-03-02 14:18:16+00:00,2022-03-03 01:49:49+00:00,2022-03-02 20:04:03+00:00,41493,2022-03-02 13:54:13+00:00,2022-03-03 02:13:52+00:00,2022-03-02 13:24:53+00:00,2022-03-03 02:43:12+00:00,2022-03-02 12:55:34+00:00,2022-03-03 03:12:31+00:00
CISO,2022-03-03,2022-03-03 14:16:58+00:00,2022-03-04 01:50:42+00:00,2022-03-03 20:03:50+00:00,41624,2022-03-03 13:52:56+00:00,2022-03-04 02:14:44+00:00,2022-03-03 13:23:37+00:00,2022-03-04 02:44:03+00:00,2022-03-03 12:54:17+00:00,2022-03-04 03:13:23+00:00
CISO,2022-03-04,2022-03-04 14:15:40+00:00,2022-03-05 01:51:34+00:00,2022-03-04 20:03:37+00:00,41754,2022-03-04 13:51:39+00:00,2022-03-05 02:15:35+00:00,2022-03-04 13:22:20+00:00,2022-03-05 02:44:54+00:00,2022-03-04 12:53:00+00:00,2022-03-05 03:14:14+00:00
CISO,2022-03-05,2022-03-05 14:14:21+00:00,2022-03-06 01:52:26+00:00,2022-03-05 20:03:23+00:00,41885,2022-03-05 13:50:21+00:00,2022-03-06 02:16:26+00:00,2022-03-05 13:21:02+00:00,2022-03-06 02:45:44+00:00,2022-03-05 12:51:41+00:00,2022-03-06 03:15:06+00:00
CISO,2022-03-06,2022-03-06 14:13:01+00:00,2022-03-07 01:53:18+00:00,2022-03-06 20:03:10+00:00,42017,2022-03-06 13:49:02+00:00,2022-03-07 02:17:17+00:00,2022-03-06 13:19:44+00:00,2022-03-07 02:46:35+00:00,2022-03-06 12:50:22+00:00,2022-03-07 03:15:58+00:00
CISO,2022-03-07,2022-03-07 14:11:41+00:00,2022-03-08 01:54:09+00:00,2022-03-07 20:02:55+00:00,42148,2022-03-07 13:47:43+00:00,2022-03-08 02:18:08+00:00,2022-03-07 13:18:25+00:00,2022-03-08 02:47:26+00:00,2022-03-07 12:49:01+00:00,2022-03-08 03:16:49+00:00
CISO,2022-03-08,2022-03-08 14:10:21+00:00,2022-03-09 01:55:00+00:00,2022-03-08 20:02:41+00:00,42279,2022-03-08 13:46:23+00:00,2022-03-09 02:18:58+00:00,2022-03-08 13:17:05+00:00,2022-03-09 02:48:16+00:00,2022-03-08 12:47:40+00:00,2022-03-09 03:17:41+00:00
CISO,2022-03-09,2022-03-09 14:09:00+00:00,2022-03-10 01:55:51+00:00,2022-03-09 20:02:26+00:00,42411,2022-03-09 13:45:03+00:00,2022-03-10 02:19:48+00:00,2022-03-09 13:15:44+00:00,2022-03-10 02:49:07+00:00,2022-03-09 12:46:18+00:00,2022-03-10 03:18:33+00:00
CISO,2022-03-10,2022-03-10 14:07:38+00:00,2022-03-11 01:56:42+00:00,2022-03-10 20:02:10+00:00,42544,2022-03-10 13:43:42+00:00,2022-03-11 02:20:38+00:00,2022-03-10 13:14:23+00:00,2022-03-11 02:49:57+00:00,2022-03-10 12:44:55+00:00,2022-03-11 03:19:25+00:00
CISO,2022-03-11,2022-03-11 14:06:16+00:00,2022-03-12 01:57:32+00:00,2022-03-11 20:01:54+00:00,42676,2022-03-11 13:42:20+00:00,2022-03-12 02:21:28+00:00,2022-03-11 13:13:01+00:00,2022-03-12 02:50:48+00:00,2022-03-11 12:43:32+00:00,2022-03-12 03:20:17+00:00
CISO,2022-03-12,2022-03-12 14:04:54+00:00,2022-03-13 01:58:23+00:00,2022-03-12 20:01:38+00:00,42809,2022-03-12 13:40:58+00:00,2022-03-13 02:22:18+00:00,2022-03-12 13:11:38+00:00,2022-03-13 02:51:38+00:00,2022-03-12 12:42:07+00:00,2022-03-13 03:21:10+00:00
CISO,2022-03-13,2022-03-13 14:03:32+00:00,2022-03-14 01:59:13+00:00,2022-03-13 20:01:22+00:00,42941,2022-03-13 13:39:36+00:00,2022-03-14 02:23:08+00:00,2022-03-13 13:10:15+00:00,2022-03-14 02:52:29+00:00,2022-03-13 12:40:42+00:00,2022-03-14 03:22:02+00:00
CISO,2022-03-14,2022-03-14 14:02:09+00:00,2022-03-15 02:00:02+00:00,2022-03-14 20:01:05+00:00,43073,2022-03-14 13:38:13+00:00,2022-03-15 02:23:58+00:00,2022-03-14 13:08:52+00:00,2022-03-15 02:53:19+00:00,2022-03-14 12:39:16+00:00,2022-03-15 03:22:55+00:00
CISO,2022-03-15,2022-03-15 14:00:45+00:00,2022-03-16 02:00:52+00:00,2022-03-15 20:00:49+00:00,43207,2022-03-15 13:36:50+00:00,2022-03-16 02:24:47+00:00,2022-03-15 13:07:27+00:00,2022-03-16 02:54:10+00:00,2022-03-15 12:37:50+00:00,2022-03-16 03:23:47+00:00
CISO,2022-03-16,2022-03-16 13:59:22+00:00,2022-03-17 02:01:41+00:00,2022-03-16 20:00:32+00:00,43339,2022-03-16 13:35:26+00:00,2022-03-17 02:25:37+00:00,2022-03-16 13:06:03+00:00,2022-03-17 02:55:01+00:00,2022-03-16 12:36:23+00:00,2022-03-17 03:24:40+00:00
CISO,2022-03-17,2022-03-17 13:57:58+00:00,2022-03-18 02:02:30+00:00,2022-03-17 20:00:14+00:00,43472,2022-03-17 13:34:03+00:00,2022-03-18 02:26:26+00:00,2022-03-17 13:04:38+00:00,2022-03-18 02:55:51+00:00,2022-03-17 12:34:55+00:00,2022-03-18 03:25:34+00:00
CISO,2022-03-18,2022-03-18 13:56:35+00:00,2022-03-19 02:03:19+00:00,2022-03-18 19:59:57+00:00,43604,2022-03-18 13:32:38+00:00,2022-03-19 02:27:16+00:00,2022-03-18 13:03:12+00:00,2022-03-19 02:56:42+00:00,2022-03-18 12:33:27+00:00,2022-03-19 03:26:27+00:00
CISO,2022-03-19,2022-03-19 13:55:11+00:00,2022-03-20 02:04:08+00:00,2022-03-19 19:59:39+00:00,43737,2022-03-19 13:31:14+00:00,2022-03-20 02:28:05+00:00,2022-03-19 13:01:46+00:00,2022-03-20 02:57:33+00:00,2022-03-19 12:31:58+00:00,2022-03-20 03:27:21+00:00
CISO,2022-03-20,2022-03-20 13:53:46+00:00,2022-03-21 02:04:57+00:00,2022-03-20 19:59:22+00:00,43871,2022-03-20 13:29:49+00:00,2022-03-21 02:28:54+00:00,2022-03-20 13:00:20+00:00,2022-03-21 02:58:24+00:00,2022-03-20 12:30:29+00:00,2022-03-21 03:28:15+00:00
CISO,2022-03-21,2022-03-21 13:52:22+00:00,2022-03-22 02:05:46+00:00,2022-03-21 19:59:04+00:00,44004,2022-03-21 13:28:25+00:00,2022-03-22 02:29:43+00:00,2022-03-21 12:58:53+00:00,2022-03-22 02:59:15+00:00,2022-03-21 12:28:59+00:00,2022-03-22 03:29:09+00:00
CISO,2022-03-22,2022-03-22 13:50:58+00:00,2022-03-23 02:06:34+00:00,2022-03-22 19:58:46+00:00,44136,2022-03-22 13:27:00+00:00,2022-03-23 02:30:32+00:00,2022-03-22 12:57:26+00:00,2022-03-23 03:00:06+00:00,2022-03-22 12:27:29+00:00,2022-03-23 03:30:03+00:00
CISO,2022-03-23,2022-03-23 13:49:34+00:00,2022-03-24 02:07:22+00:00,2022-03-23 19:58:28+00:00,44268,2022-03-23 13:25:34+00:00,2022-03-24 02:31:22+00:00,2022-03-23 12:55:59+00:00,2022-03-24 03:00:57+00:00,2022-03-23 12:25:58+00:00,2022-03-24 03:30:58+00:00
CISO,2022-03-24,2022-03-24 13:48:09+00:00,2022-03-25 02:08:11+00:00,2022-03-24 19:58:10+00:00,44402,2022-03-24 13:24:09+00:00,2022-03-25 02:32:11+00:00,2022-03-24 12:54:31+00:00,2022-03-25 03:01:48+00:00,2022-03-24 12:24:27+00:00,2022-03-25 03:31:53+00:00
CISO,2022-03-25,2022-03-25 13:46:45+00:00,2022-03-26 02:08:59+00:00,2022-03-25 19:57:52+00:00,44534,2022-03-25 13:22:44+00:00,2022-03-26 02:33:00+00:00,2022-03-25 12:53:04+00:00,2022-03-26 03:02:40+00:00,2022-03-25 12:22:56+00:00,2022-03-26 03:32:48+00:00
CISO,2022-03-26,2022-03-26 13:45:21+00:00,2022-03-27 02:09:47+00:00,2022-03-26 19:57:34+00:00,44666,2022-03-26 13:21:18+00:00,2022-03-27 02:33:49+00:00,2022-03-26 12:51:36+00:00,2022-03-27 03:03:32+00:00,2022-03-26 12:21:24+00:00,2022-03-27 03:33:44+00:00
CISO,2022-03-27,2022-03-27 13:43:56+00:00,2022-03-28 02:10:35+00:00,2022-03-27 19:57:16+00:00,44799,2022-03-27 13:19:53+00:00,2022-03-28 02:34:38+00:00,2022-03-27 12:50:08+00:00,2022-03-28 03:04:23+00:00,2022-03-27 12:19:51+00:00,2022-03-28 03:34:40+00:00
CISO,2022-03-28,2022-03-28 13:42:32+00:00,2022-03-29 02:11:23+00:00,2022-03-28 19:56:57+00:00,44931,2022-03-28 13:18:27+00:00,2022-03-29 02:35:28+00:00,2022-03-28 12:48:40+00:00,2022-03-29 03:05:15+00:00,2022-03-28 12:18:19+00:00,2022-03-29 03:35:36+00:00
CISO,2022-03-29,2022-03-29 13:41:08+00:00,2022-03-30 02:12:11+00:00,2022-03-29 19:56:39+00:00,45063,2022-03-29 13:17:02+00:00,2022-03-30 02:36:17+00:00,2022-03-29 12:47:11+00:00,2022-03-30 03:06:08+00:00,2022-03-29 12:16:46+00:00,2022-03-30 03:36:33+00:00
CISO,2022-03-30,2022-03-30 13:39:44+00:00,2022-03-31 02:12:58+00:00,2022-03-30 19:56:21+00:00,45194,2022-03-30 13:15:37+00:00,2022-03-31 02:37:06+00:00,2022-03-30 12:45:43+00:00,2022-03-31 03:07:00+00:00,2022-03-30 12:15:13+00:00,2022-03-31 03:37:30+00:00
CISO,2022-03-31,2022-03-31 13:38:21+00:00,2022-04-01 02:13:46+00:00,2022-03-31 19:56:04+00:00,45325,2022-03-31 13:14:11+00:00,2022-04-01 02:37:56+00:00,2022-03-31 12:44:14+00:00,2022-04-01 03:07:53+00:00,2022-03-31 12:13:40+00:00,2022-04-01 03:38:27+00:00
CISO,2022-04-01,2022-04-01 13:36:57+00:00,2022-04-02 02:14:34+00:00,2022-04-01 19:55:46+00:00,45457,2022-04-01 13:12:46+00:00,2022-04-02 02:38:45+00:00,2022-04-01 12:42:46+00:00,2022-04-02 03:08:45+00:00,2022-04-01 12:12:07+00:00,2022-04-02 03:39:25+00:00
CISO,2022-04-02,2022-04-02 13:35:34+00:00,2022-04-03 02:15:22+00:00,2022-04-02 19:55:28+00:00,45588,2022-04-02 13:11:21+00:00,2022-04-03 02:39:35+00:00,2022-04-02 12:41:18+00:00,2022-04-03 03:09:38+00:00,2022-04-02 12:10:33+00:00,2022-04-03 03:40:23+00:00
CISO,2022-04-03,2022-04-03 13:34:11+00:00,2022-04-04 02:16:10+00:00,2022-04-03 19:55:10+00:00,45719,2022-04-03 13:09:56+00:00,2022-04-04 02:40:25+00:00,2022-04-03 12:39:49+00:00,2022-04-04 03:10:32+00:00,2022-04-03 12:09:00+00:00,2022-04-04 03:41:21+00:00
CISO,2022-04-04,2022-04-04 13:32:49+00:00,2022-04-05 02:16:58+00:00,2022-04-04 19:54:53+00:00,45849,2022-04-04 13:08:32+00:00,2022-04-05 02:41:15+00:00,2022-04-04 12:38:21+00:00,2022-04-05 03:11:25+00:00,2022-04-04 12:07:26+00:00,2022-04-05 03:42:20+00:00
CISO,2022-04-05,2022-04-05 13:31:26+00:00,2022-04-06 02:17:45+00:00,2022-04-05 19:54:36+00:00,45979,2022-04-05 13:07:07+00:00,2022-04-06 02:42:04+00:00,2022-04-05 12:36:53+00:00,2022-04-06 03:12:19+00:00,2022-04-05 12:05:52+00:00,2022-04-06 03:43:20+00:00
CISO,2022-04-06,2022-04-06 13:30:05+00:00,2022-04-07 02:18:33+00:00,2022-04-06 19:54:19+00:00,46108,2022-04-06 13:05:43+00:00,2022-04-07 02:42:55+00:00,2022-04-06 12:35:25+00:00,2022-04-07 03:13:13+00:00,2022-04-06 12:04:18+00:00,2022-04-07 03:44:20+00:00
CISO,2022-04-07,2022-04-07 13:28:43+00:00,2022-04-08 02:19:21+00:00,2022-04-07 19:54:02+00:00,46238,2022-04-07 13:04:19+00:00,2022-04-08 02:43:45+00:00,2022-04-07 12:33:57+00:00,2022-04-08 03:14:07+00:00,2022-04-07 12:02:44+00:00,2022-04-08 03:45:20+00:00
CISO,2022-04-08,2022-04-08 13:27:22+00:00,2022-04-09 02:20:09+00:00,2022-04-08 19:53:45+00:00,46367,2022-04-08 13:02:56+00:00,2022-04-09 02:44:35+00:00,2022-04-08 12:32:29+00:00,2022-04-09 03:15:02+00:00,2022-04-08 12:01:11+00:00,2022-04-09 03:46:20+00:00
CISO,2022-04-09,2022-04-09 13:26:01+00:00,2022-04-10 02:20:57+00:00,2022-04-09 19:53:29+00:00,46496,2022-04-09 13:01:33+00:00,2022-04-10 02:45:26+00:00,2022-04-09 12:31:02+00:00,2022-04-10 03:15:57+00:00,2022-04-09 11:59:37+00:00,2022-04-10 03:47:21+00:00
CISO,2022-04-10,2022-04-10 13:24:41+00:00,2022-04-11 02:21:45+00:00,2022-04-10 19:53:13+00:00,46624,2022-04-10 13:00:10+00:00,2022-04-11 02:46:16+00:00,2022-04-10 12:29:34+00:00,2022-04-11 03:16:52+00:00,2022-04-10 11:58:03+00:00,2022-04-11 03:48:23+00:00
CISO,2022-04-11,2022-04-11 13:23:22+00:00,2022-04-12 02:22:33+00:00,2022-04-11 19:52:57+00:00,46751,2022-04-11 12:58:48+00:00,2022-04-12 02:47:07+00:00,2022-04-11 12:28:07+00:00,2022-04-12 03:17:47+00:00,2022-04-11 11:56:30+00:00,2022-04-12 03:49:25+00:00
CISO,2022-04-12,2022-04-12 13:22:02+00:00,2022-04-13 02:23:21+00:00,2022-04-12 19:52:42+00:00,46879,2022-04-12 12:57:26+00:00,2022-04-13 02:47:58+00:00,2022-04-12 12:26:41+00:00,2022-04-13 03:18:43+00:00,2022-04-12 11:54:56+00:00,2022-04-13 03:50:27+00:00
CISO,2022-04-13,2022-04-13 13:20:44+00:00,2022-04-14 02:24:09+00:00,2022-04-13 19:52:27+00:00,47005,2022-04-13 12:56:04+00:00,2022-04-14 02:48:49+00:00,2022-04-13 12:25:15+00:00,2022-04-14 03:19:39+00:00,2022-04-13 11:53:23+00:00,2022-04-14 03:51:30+00:00
CISO,2022-04-14,2022-04-14 13:19:26+00:00,2022-04-15 02:24:58+00:00,2022-04-14 19:52:12+00:00,47132,2022-04-14 12:54:44+00:00,2022-04-15 02:49:40+00:00,2022-04-14 12:23:49+00:00,2022-04-15 03:20:35+00:00,2022-04-14 11:51:50+00:00,2022-04-15 03:52:33+00:00
CISO,2022-04-15,2022-04-15 13:18:09+00:00,2022-04-16 02:25:46+00:00,2022-04-15 19:51:57+00:00,47257,2022-04-15 12:53:23+00:00,2022-04-16 02:50:31+00:00,2022-04-15 12:22:23+00:00,2022-04-16 03:21:31+00:00,2022-04-15 11:50:18+00:00,2022-04-16 03:53:37+00:00
CISO,2022-04-16,2022-04-16 13:16:52+00:00,2022-04-17 02:26:34+00:00,2022-04-16 19:51:43+00:00,47382,2022-04-16 12:52:03+00:00,2022-04-17 02:51:23+00:00,2022-04-16 12:20:58+00:00,2022-04-17 03:22:28+00:00,2022-04-16 11:48:46+00:00,2022-04-17 03:54:41+00:00
CISO,2022-04-17,2022-04-17 13:15:36+00:00,2022-04-18 02:27:23+00:00,2022-04-17 19:51:29+00:00,47507,2022-04-17 12:50:44+00:00,2022-04-18 02:52:14+00:00,2022-04-17 12:19:34+00:00,2022-04-18 03:23:25+00:00,2022-04-17 11:47:14+00:00,2022-04-18 03:55:45+00:00
CISO,2022-04-18,2022-04-18 13:14:21+00:00,2022-04-19 02:28:11+00:00,2022-04-18 19:51:16+00:00,47630,2022-04-18 12:49:26+00:00,2022-04-19 02:53:06+00:00,2022-04-18 12:18:10+00:00,2022-04-19 03:24:22+00:00,2022-04-18 11:45:42+00:00,2022-04-19 03:56:50+00:00
CISO,2022-04-19,2022-04-19 13:13:06+00:00,2022-04-20 02:29:00+00:00,2022-04-19 19:51:03+00:00,47754,2022-04-19 12:48:08+00:00,2022-04-20 02:53:58+00:00,2022-04-19 12:16:47+00:00,2022-04-20 03:25:19+00:00,2022-04-19 11:44:11+00:00,2022-04-20 03:57:55+00:00
CISO,2022-04-20,2022-04-20 13:11:53+00:00,2022-04-21 02:29:48+00:00,2022-04-20 19:50:51+00:00,47875,2022-04-20 12:46:51+00:00,2022-04-21 02:54:50+00:00,2022-04-20 12:15:24+00:00,2022-04-21 03:26:17+00:00,2022-04-20 11:42:40+00:00,2022-04-21 03:59:01+00:00
CISO,2022-04-21,2022-04-21 13:10:40+00:00,2022-04-22 02:30:37+00:00,2022-04-21 19:50:38+00:00,47997,2022-04-21 12:45:34+00:00,2022-04-22 02:55:42+00:00,2022-04-21 12:14:02+00:00,2022-04-22 03:27:15+00:00,2022-04-21 11:41:10+00:00,2022-04-22 04:00:07+00:00
CISO,2022-04-22,2022-04-22 13:09:27+00:00,2022-04-23 02:31:26+00:00,2022-04-22 19:50:27+00:00,48119,2022-04-22 12:44:19+00:00,2022-04-23 02:56:35+00:00,2022-04-22 12:12:40+00:00,2022-04-23 03:28:13+00:00,2022-04-22 11:39:40+00:00,2022-04-23 04:01:14+00:00
CISO,2022-04-23,2022-04-23 13:08:16+00:00,2022-04-24 02:32:15+00:00,2022-04-23 19:50:16+00:00,48239,2022-04-23 12:43:04+00:00,2022-04-24 02:57:27+00:00,2022-04-23 12:11:19+00:00,2022-04-24 03:29:12+00:00,2022-04-23 11:38:11+00:00,2022-04-24 04:02:20+00:00
CISO,2022-04-24,2022-04-24 13:07:06+00:00,2022-04-25 02:33:04+00:00,2022-04-24 19:50:05+00:00,48358,2022-04-24 12:41:50+00:00,2022-04-25 02:58:20+00:00,2022-04-24 12:09:59+00:00,2022-04-25 03:30:10+00:00,2022-04-24 11:36:42+00:00,2022-04-25 04:03:28+00:00
CISO,2022-04-25,2022-04-25 13:05:56+00:00,2022-04-26 02:33:53+00:00,2022-04-25 19:49:54+00:00,48477,2022-04-25 12:40:37+00:00,2022-04-26 02:59:12+00:00,2022-04-25 12:08:40+00:00,2022-04-26 03:31:09+00:00,2022-04-25 11:35:14+00:00,2022-04-26 04:04:35+00:00
CISO,2022-04-26,2022-04-26 13:04:48+00:00,2022-04-27 02:34:42+00:00,2022-04-26 19:49:45+00:00,48594,2022-04-26 12:39:24+00:00,2022-04-27 03:00:05+00:00,2022-04-26 12:07:21+00:00,2022-04-27 03:32:08+00:00,2022-04-26 11:33:47+00:00,2022-04-27 04:05:43+00:00
CISO,2022-04-27,2022-04-27 13:03:40+00:00,2022-04-28 02:35:31+00:00,2022-04-27 19:49:35+00:00,48711,2022-04-27 12:38:13+00:00,2022-04-28 03:00:58+00:00,2022-04-27 12:06:04+00:00,2022-04-28 03:33:07+00:00,2022-04-27 11:32:20+00:00,2022-04-28 04:06:51+00:00
CISO,2022-04-28,2022-04-28 13:02:34+00:00,2022-04-29 02:36:20+00:00,2022-04-28 19:49:27+00:00,48826,2022-04-28 12:37:02+00:00,2022-04-29 03:01:51+00:00,2022-04-28 12:04:47+00:00,2022-04-29 03:34:06+00:00,2022-04-28 11:30:54+00:00,2022-04-29 04:07:59+00:00
CISO,2022-04-29,2022-04-29 13:01:28+00:00,2022-04-30 02:37:09+00:00,2022-04-29 19:49:18+00:00,48941,2022-04-29 12:35:53+00:00,2022-04-30 03:02:44+00:00,2022-04-29 12:03:31+00:00,2022-04-30 03:35:06+00:00,2022-04-29 11:29:29+00:00,2022-04-30 04:09:08+00:00
CISO,2022-04-30,2022-04-30 13:00:24+00:00,2022-05-01 02:37:58+00:00,2022-04-30 19:49:11+00:00,49054,2022-04-30 12:34:44+00:00,2022-05-01 03:03:37+00:00,2022-04-30 12:02:16+00:00,2022-05-01 03:36:05+00:00,2022-04-30 11:28:05+00:00,2022-05-01 04:10:17+00:00
CISO,2022-05-01,2022-05-01 12:59:20+00:00,2022-05-02 02:38:47+00:00,2022-05-01 19:49:03+00:00,49167,2022-05-01 12:33:37+00:00,2022-05-02 03:04:30+00:00,2022-05-01 12:01:02+00:00,2022-05-02 03:37:05+00:00,2022-05-01 11:26:41+00:00,2022-05-02 04:11:26+00:00
CISO,2022-05-02,2022-05-02 12:58:18+00:00,2022-05-03 02:39:36+00:00,2022-05-02 19:48:57+00:00,49278,2022-05-02 12:32:31+00:00,2022-05-03 03:05:23+00:00,2022-05-02 11:59:49+00:00,2022-05-03 03:38:05+00:00,2022-05-02 11:25:19+00:00,2022-05-03 04:12:35+00:00
CISO,2022-05-03,2022-05-03 12:57:17+00:00,2022-05-04 02:40:25+00:00,2022-05-03 19:48:51+00:00,49388,2022-05-03 12:31:25+00:00,2022-05-04 03:06:16+00:00,2022-05-03 11:58:37+00:00,2022-05-04 03:39:04+00:00,2022-05-03 11:23:57+00:00,2022-05-04 04:13:44+00:00
CISO,2022-05-04,2022-05-04 12:56:17+00:00,2022-05-05 02:41:14+00:00,2022-05-04 19:48:45+00:00,49497,2022-05-04 12:30:21+00:00,2022-05-05 03:07:09+00:00,2022-05-04 11:57:26+00:00,2022-05-05 03:40:04+00:00,2022-05-04 11:22:36+00:00,2022-05-05 04:14:54+00:00
CISO,2022-05-05,2022-05-05 12:55:18+00:00,2022-05-06 02:42:02+00:00,2022-05-05 19:48:40+00:00,49604,2022-05-05 12:29:18+00:00,2022-05-06 03:08:02+00:00,2022-05-05 11:56:16+00:00,2022-05-06 03:41:04+00:00,2022-05-05 11:21:17+00:00,2022-05-06 04:16:03+00:00
CISO,2022-05-06,2022-05-06 12:54:20+00:00,2022-05-07 02:42:51+00:00,2022-05-06 19:48:36+00:00,49711,2022-05-06 12:28:16+00:00,2022-05-07 03:08:55+00:00,2022-05-06 11:55:08+00:00,2022-05-07 03:42:04+00:00,2022-05-06 11:19:58+00:00,2022-05-07 04:17:13+00:00
CISO,2022-05-07,2022-05-07 12:53:24+00:00,2022-05-08 02:43:40+00:00,2022-05-07 19:48:32+00:00,49816,2022-05-07 12:27:16+00:00,2022-05-08 03:09:48+00:00,2022-05-07 11:54:00+00:00,2022-05-08 03:43:03+00:00,2022-05-07 11:18:41+00:00,2022-05-08 04:18:23+00:00
CISO,2022-05-08,2022-05-08 12:52:29+00:00,2022-05-09 02:44:28+00:00,2022-05-08 19:48:29+00:00,49919,2022-05-08 12:26:16+00:00,2022-05-09 03:10:41+00:00,2022-05-08 11:52:54+00:00,2022-05-09 03:44:03+00:00,2022-05-08 11:17:25+00:00,2022-05-09 04:19:32+00:00
CISO,2022-05-09,2022-05-09 12:51:35+00:00,2022-05-10 02:45:17+00:00,2022-05-09 19:48:26+00:00,50022,2022-05-09 12:25:18+00:00,2022-05-10 03:11:33+00:00,2022-05-09 11:51:49+00:00,2022-05-10 03:45:03+00:00,2022-05-09 11:16:10+00:00,2022-05-10 04:20:42+00:00
CISO,2022-05-10,2022-05-10 12:50:42+00:00,2022-05-11 02:46:05+00:00,2022-05-10 19:48:24+00:00,50123,2022-05-10 12:24:22+00:00,2022-05-11 03:12:26+00:00,2022-05-10 11:50:45+00:00,2022-05-11 03:46:02+00:00,2022-05-10 11:14:56+00:00,2022-05-11 04:21:51+00:00
CISO,2022-05-11,2022-05-11 12:49:51+00:00,2022-05-12 02:46:53+00:00,2022-05-11 19:48:22+00:00,50222,2022-05-11 12:23:26+00:00,2022-05-12 03:13:18+00:00,2022-05-11 11:49:43+00:00,2022-05-12 03:47:01+00:00,2022-05-11 11:13:44+00:00,2022-05-12 04:23:00+00:00
CISO,2022-05-12,2022-05-12 12:49:01+00:00,2022-05-13 02:47:41+00:00,2022-05-12 19:48:21+00:00,50320,2022-05-12 12:22:32+00:00,2022-05-13 03:14:10+00:00,2022-05-12 11:48:42+00:00,2022-05-13 03:48:00+00:00,2022-05-12 11:12:33+00:00,2022-05-13 04:24:09+00:00
CISO,2022-05-13,2022-05-13 12:48:13+00:00,2022-05-14 02:48:28+00:00,2022-05-13 19:48:21+00:00,50415,2022-05-13 12:21:39+00:00,2022-05-14 03:15:02+00:00,2022-05-13 11:47:43+00:00,2022-05-14 03:48:59+00:00,2022-05-13 11:11:23+00:00,2022-05-14 04:25:18+00:00
CISO,2022-05-14,2022-05-14 12:47:26+00:00,2022-05-15 02:49:16+00:00,2022-05-14 19:48:21+00:00,50510,2022-05-14 12:20:48+00:00,2022-05-15 03:15:53+00:00,2022-05-14 11:46:44+00:00,2022-05-15 03:49:57+00:00,2022-05-14 11:10:15+00:00,2022-05-15 04:26:27+00:00
CISO,2022-05-15,2022-05-15 12:46:40+00:00,2022-05-16 02:50:03+00:00,2022-05-15 19:48:21+00:00,50603,2022-05-15 12:19:58+00:00,2022-05-16 03:16:44+00:00,2022-05-15 11:45:48+00:00,2022-05-16 03:50:55+00:00,2022-05-15 11:09:08+00:00,2022-05-16 04:27:35+00:00
CISO,2022-05-16,2022-05-16 12:45:56+00:00,2022-05-17 02:50:49+00:00,2022-05-16 19:48:23+00:00,50693,2022-05-16 12:19:10+00:00,2022-05-17 03:17:35+00:00,2022-05-16 11:44:53+00:00,2022-05-17 03:51:53+00:00,2022-05-16 11:08:03+00:00,2022-05-17 04:28:43+00:00
CISO,2022-05-17,2022-05-17 12:45:13+00:00,2022-05-18 02:51:36+00:00,2022-05-17 19:48:25+00:00,50783,2022-05-17 12:18:23+00:00,2022-05-18 03:18:26+00:00,2022-05-17 11:43:59+00:00,2022-05-18 03:52:50+00:00,2022-05-17 11:06:59+00:00,2022-05-18 04:29:50+00:00
CISO,2022-05-18,2022-05-18 12:44:32+00:00,2022-05-19 02:52:22+00:00,2022-05-18 19:48:27+00:00,50870,2022-05-18 12:17:38+00:00,2022-05-19 03:19:16+00:00,2022-05-18 11:43:07+00:00,2022-05-19 03:53:47+00:00,2022-05-18 11:05:57+00:00,2022-05-19 04:30:57+00:00
CISO,2022-05-19,2022-05-19 12:43:52+00:00,2022-05-20 02:53:07+00:00,2022-05-19 19:48:30+00:00,50955,2022-05-19 12:16:54+00:00,2022-05-20 03:20:05+00:00,2022-05-19 11:42:17+00:00,2022-05-20 03:54:43+00:00,2022-05-19 11:04:57+00:00,2022-05-20 04:32:03+00:00
CISO,2022-05-20,2022-05-20 12:43:14+00:00,2022-05-21 02:53:52+00:00,2022-05-20 19:48:33+00:00,51038,2022-05-20 12:16:12+00:00,2022-05-21 03:20:55+00:00,2022-05-20 11:41:28+00:00,2022-05-21 03:55:39+00:00,2022-05-20 11:03:58+00:00,2022-05-21 04:33:08+00:00
CISO,2022-05-21,2022-05-21 12:42:38+00:00,2022-05-22 02:54:37+00:00,2022-05-21 19:48:37+00:00,51119,2022-05-21 12:15:31+00:00,2022-05-22 03:21:43+00:00,2022-05-21 11:40:41+00:00,2022-05-22 03:56:34+00:00,2022-05-21 11:03:01+00:00,2022-05-22 04:34:13+00:00
CISO,2022-05-22,2022-05-22 12:42:02+00:00,2022-05-23 02:55:21+00:00,2022-05-22 19:48:42+00:00,51199,2022-05-22 12:14:52+00:00,2022-05-23 03:22:31+00:00,2022-05-22 11:39:55+00:00,2022-05-23 03:57:28+00:00,2022-05-22 11:02:06+00:00,2022-05-23 04:35:18+00:00
CISO,2022-05-23,2022-05-23 12:41:29+00:00,2022-05-24 02:56:05+00:00,2022-05-23 19:48:47+00:00,51276,2022-05-23 12:14:15+00:00,2022-05-24 03:23:19+00:00,2022-05-23 11:39:12+00:00,2022-05-24 03:58:22+00:00,2022-05-23 11:01:13+00:00,2022-05-24 04:36:21+00:00
CISO,2022-05-24,2022-05-24 12:40:57+00:00,2022-05-25 02:56:48+00:00,2022-05-24 19:48:52+00:00,51351,2022-05-24 12:13:39+00:00,2022-05-25 03:24:06+00:00,2022-05-24 11:38:30+00:00,2022-05-25 03:59:15+00:00,2022-05-24 11:00:22+00:00,2022-05-25 04:37:23+00:00
CISO,2022-05-25,2022-05-25 12:40:27+00:00,2022-05-26 02:57:30+00:00,2022-05-25 19:48:58+00:00,51423,2022-05-25 12:13:05+00:00,2022-05-26 03:24:52+00:00,2022-05-25 11:37:49+00:00,2022-05-26 04:00:08+00:00,2022-05-25 10:59:32+00:00,2022-05-26 04:38:25+00:00
CISO,2022-05-26,2022-05-26 12:39:58+00:00,2022-05-27 02:58:12+00:00,2022-05-26 19:49:05+00:00,51494,2022-05-26 12:12:33+00:00,2022-05-27 03:25:37+00:00,2022-05-26 11:37:11+00:00,2022-05-27 04:00:59+00:00,2022-05-26 10:58:45+00:00,2022-05-27 04:39:25+00:00
CISO,2022-05-27,2022-05-27 12:39:31+00:00,2022-05-28 02:58:53+00:00,2022-05-27 19:49:12+00:00,51562,2022-05-27 12:12:02+00:00,2022-05-28 03:26:22+00:00,2022-05-27 11:36:35+00:00,2022-05-28 04:01:50+00:00,2022-05-27 10:57:59+00:00,2022-05-28 04:40:25+00:00
CISO,2022-05-28,2022-05-28 12:39:05+00:00,2022-05-29 02:59:34+00:00,2022-05-28 19:49:20+00:00,51629,2022-05-28 12:11:33+00:00,2022-05-29 03:27:06+00:00,2022-05-28 11:36:00+00:00,2022-05-29 04:02:39+00:00,2022-05-28 10:57:16+00:00,2022-05-29 04:41:23+00:00
CISO,2022-05-29,2022-05-29 12:38:41+00:00,2022-05-30 03:00:14+00:00,2022-05-29 19:49:27+00:00,51693,2022-05-29 12:11:06+00:00,2022-05-30 03:27:49+00:00,2022-05-29 11:35:27+00:00,2022-05-30 04:03:28+00:00,2022-05-29 10:56:35+00:00,2022-05-30 04:42:20+00:00
CISO,2022-05-30,2022-05-30 12:38:19+00:00,2022-05-31 03:00:53+00:00,2022-05-30 19:49:36+00:00,51754,2022-05-30 12:10:41+00:00,2022-05-31 03:28:31+00:00,2022-05-30 11:34:56+00:00,2022-05-31 04:04:15+00:00,2022-05-30 10:55:55+00:00,2022-05-31 04:43:16+00:00
CISO,2022-05-31,2022-05-31 12:37:58+00:00,2022-06-01 03:01:31+00:00,2022-05-31 19:49:45+00:00,51813,2022-05-31 12:10:17+00:00,2022-06-01 03:29:12+00:00,2022-05-31 11:34:27+00:00,2022-06-01 04:05:02+00:00,2022-05-31 10:55:18+00:00,2022-06-01 04:44:11+00:00
CISO,2022-06-01,2022-06-01 12:37:39+00:00,2022-06-02 03:02:08+00:00,2022-06-01 19:49:54+00:00,51869,2022-06-01 12:09:55+00:00,2022-06-02 03:29:53+00:00,2022-06-01 11:34:00+00:00,2022-06-02 04:05:47+00:00,2022-06-01 10:54:44+00:00,2022-06-02 04:45:04+00:00
CISO,2022-06-02,2022-06-02 12:37:22+00:00,2022-06-03 03:02:44+00:00,2022-06-02 19:50:03+00:00,51922,2022-06-02 12:09:35+00:00,2022-06-03 03:30:32+00:00,2022-06-02 11:33:35+00:00,2022-06-03 04:06:31+00:00,2022-06-02 10:54:11+00:00,2022-06-03 04:45:56+00:00
CISO,2022-06-03,2022-06-03 12:37:07+00:00,2022-06-04 03:03:20+00:00,2022-06-03 19:50:13+00:00,51973,2022-06-03 12:09:16+00:00,2022-06-04 03:31:10+00:00,2022-06-03 11:33:12+00:00,2022-06-04 04:07:14+00:00,2022-06-03 10:53:41+00:00,2022-06-04 04:46:46+00:00
CISO,2022-06-04,2022-06-04 12:36:53+00:00,2022-06-05 03:03:55+00:00,2022-06-04 19:50:24+00:00,52022,2022-06-04 12:09:00+00:00,2022-06-05 03:31:48+00:00,2022-06-04 11:32:51+00:00,2022-06-05 04:07:56+00:00,2022-06-04 10:53:13+00:00,2022-06-05 04:47:34+00:00
CISO,2022-06-05,2022-06-05 12:36:40+00:00,2022-06-06 03:04:28+00:00,2022-06-05 19:50:34+00:00,52068,2022-06-05 12:08:45+00:00,2022-06-06 03:32:24+00:00,2022-06-05 11:32:32+00:00,2022-06-06 04:08:36+00:00,2022-06-05 10:52:47+00:00,2022-06-06 04:48:21+00:00
CISO,2022-06-06,2022-06-06 12:36:30+00:00,2022-06-07 03:05:01+00:00,2022-06-06 19:50:45+00:00,52111,2022-06-06 12:08:32+00:00,2022-06-07 03:32:59+00:00,2022-06-06 11:32:15+00:00,2022-06-07 04:09:15+00:00,2022-06-06 10:52:24+00:00,2022-06-07 04:49:06+00:00
CISO,2022-06-07,2022-06-07 12:36:21+00:00,2022-06-08 03:05:32+00:00,2022-06-07 19:50:56+00:00,52151,2022-06-07 12:08:21+00:00,2022-06-08 03:33:32+00:00,2022-06-07 11:32:00+00:00,2022-06-08 04:09:53+00:00,2022-06-07 10:52:03+00:00,2022-06-08 04:49:50+00:00
CISO,2022-06-08,2022-06-08 12:36:13+00:00,2022-06-09 03:06:02+00:00,2022-06-08 19:51:08+00:00,52189,2022-06-08 12:08:11+00:00,2022-06-09 03:34:05+00:00,2022-06-08 11:31:47+00:00,2022-06-09 04:10:29+00:00,2022-06-08 10:51:45+00:00,2022-06-09 04:50:31+00:00
CISO,2022-06-09,2022-06-09 12:36:08+00:00,2022-06-10 03:06:32+00:00,2022-06-09 19:51:20+00:00,52224,2022-06-09 12:08:03+00:00,2022-06-10 03:34:36+00:00,2022-06-09 11:31:36+00:00,2022-06-10 04:11:03+00:00,2022-06-09 10:51:28+00:00,2022-06-10 04:51:11+00:00
CISO,2022-06-10,2022-06-10 12:36:04+00:00,2022-06-11 03:07:00+00:00,2022-06-10 19:51:32+00:00,52256,2022-06-10 12:07:58+00:00,2022-06-11 03:35:06+00:00,2022-06-10 11:31:27+00:00,2022-06-11 04:11:36+00:00,2022-06-10 10:51:15+00:00,2022-06-11 04:51:49+00:00
CISO,2022-06-11,2022-06-11 12:36:01+00:00,2022-06-12 03:07:27+00:00,2022-06-11 19:51:44+00:00,52286,2022-06-11 12:07:53+00:00,2022-06-12 03:35:34+00:00,2022-06-11 11:31:20+00:00,2022-06-12 04:12:07+00:00,2022-06-11 10:51:03+00:00,2022-06-12 04:52:24+00:00
CISO,2022-06-12,2022-06-12 12:36:00+00:00,2022-06-13 03:07:52+00:00,2022-06-12 19:51:56+00:00,52312,2022-06-12 12:07:51+00:00,2022-06-13 03:36:01+00:00,2022-06-12 11:31:15+00:00,2022-06-13 04:12:37+00:00,2022-06-12 10:50:55+00:00,2022-06-13 04:52:58+00:00
CISO,2022-06-13,2022-06-13 12:36:01+00:00,2022-06-14 03:08:17+00:00,2022-06-13 19:52:09+00:00,52336,2022-06-13 12:07:51+00:00,2022-06-14 03:36:27+00:00,2022-06-13 11:31:13+00:00,2022-06-14 04:13:05+00:00,2022-06-13 10:50:48+00:00,2022-06-14 04:53:29+00:00
CISO,2022-06-14,2022-06-14 12:36:03+00:00,2022-06-15 03:08:40+00:00,2022-06-14 19:52:21+00:00,52357,2022-06-14 12:07:52+00:00,2022-06-15 03:36:51+00:00,2022-06-14 11:31:12+00:00,2022-06-15 04:13:31+00:00,2022-06-14 10:50:44+00:00,2022-06-15 04:53:59+00:00
CISO,2022-06-15,2022-06-15 12:36:07+00:00,2022-06-16 03:09:01+00:00,2022-06-15 19:52:34+00:00,52374,2022-06-15 12:07:55+00:00,2022-06-16 03:37:14+00:00,2022-06-15 11:31:13+00:00,2022-06-16 04:13:56+00:00,2022-06-15 10:50:43+00:00,2022-06-16 04:54:26+00:00
CISO,2022-06-16,2022-06-16 12:36:13+00:00,2022-06-17 03:09:22+00:00,2022-06-16 19:52:47+00:00,52389,2022-06-16 12:07:59+00:00,2022-06-17 03:37:35+00:00,2022-06-16 11:31:16+00:00,2022-06-17 04:14:18+00:00,2022-06-16 10:50:44+00:00,2022-06-17 04:54:51+00:00
CISO,2022-06-17,2022-06-17 12:36:20+00:00,2022-06-18 03:09:41+00:00,2022-06-17 19:53:00+00:00,52401,2022-06-17 12:08:06+00:00,2022-06-18 03:37:55+00:00,2022-06-17 11:31:21+00:00,2022-06-18 04:14:39+00:00,2022-06-17 10:50:47+00:00,2022-06-18 04:55:14+00:00
CISO,2022-06-18,2022-06-18 12:36:28+00:00,2022-06-19 03:09:58+00:00,2022-06-18 19:53:13+00:00,52410,2022-06-18 12:08:14+00:00,2022-06-19 03:38:13+00:00,2022-06-18 11:31:29+00:00,2022-06-19 04:14:58+00:00,2022-06-18 10:50:53+00:00,2022-06-19 04:55:34+00:00
CISO,2022-06-19,2022-06-19 12:36:39+00:00,2022-06-20 03:10:14+00:00,2022-06-19 19:53:26+00:00,52415,2022-06-19 12:08:23+00:00,2022-06-20 03:38:29+00:00,2022-06-19 11:31:38+00:00,2022-06-20 04:15:15+00:00,2022-06-19 10:51:01+00:00,2022-06-20 04:55:52+00:00
CISO,2022-06-20,2022-06-20 12:36:50+00:00,2022-06-21 03:10:29+00:00,2022-06-20 19:53:39+00:00,52419,2022-06-20 12:08:35+00:00,2022-06-21 03:38:44+00:00,2022-06-20 11:31:49+00:00,2022-06-21 04:15:30+00:00,2022-06-20 10:51:11+00:00,2022-06-21 04:56:07+00:00
CISO,2022-06-21,2022-06-21 12:37:03+00:00,2022-06-22 03:10:42+00:00,2022-06-21 19:53:53+00:00,52419,2022-06-21 12:08:48+00:00,2022-06-22 03:38:57+00:00,2022-06-21 11:32:02+00:00,2022-06-22 04:15:43+00:00,2022-06-21 10:51:24+00:00,2022-06-22 04:56:21+00:00
CISO,2022-06-22,2022-06-22 12:37:17+00:00,2022-06-23 03:10:54+00:00,2022-06-22 19:54:06+00:00,52417,2022-06-22 12:09:02+00:00,2022-06-23 03:39:09+00:00,2022-06-22 11:32:17+00:00,2022-06-23 04:15:55+00:00,2022-06-22 10:51:40+00:00,2022-06-23 04:56:31+00:00
CISO,2022-06-23,2022-06-23 12:37:33+00:00,2022-06-24 03:11:04+00:00,2022-06-23 19:54:19+00:00,52411,2022-06-23 12:09:18+00:00,2022-06-24 03:39:19+00:00,2022-06-23 11:32:33+00:00,2022-06-24 04:16:04+00:00,2022-06-23 10:51:57+00:00,2022-06-24 04:56:40+00:00
CISO,2022-06-24,2022-06-24 12:37:51+00:00,2022-06-25 03:11:12+00:00,2022-06-24 19:54:31+00:00,52401,2022-06-24 12:09:36+00:00,2022-06-25 03:39:27+00:00,2022-06-24 11:32:52+00:00,2022-06-25 04:16:11+00:00,2022-06-24 10:52:17+00:00,2022-06-25 04:56:46+00:00
CISO,2022-06-25,2022-06-25 12:38:09+00:00,2022-06-26 03:11:19+00:00,2022-06-25 19:54:44+00:00,52390,2022-06-25 12:09:55+00:00,2022-06-26 03:39:33+00:00,2022-06-25 11:33:12+00:00,2022-06-26 04:16:16+00:00,2022-06-25 10:52:39+00:00,2022-06-26 04:56:49+00:00
CISO,2022-06-26,2022-06-26 12:38:29+00:00,2022-06-27 03:11:24+00:00,2022-06-26 19:54:57+00:00,52375,2022-06-26 12:10:16+00:00,2022-06-27 03:39:37+00:00,2022-06-26 11:33:34+00:00,2022-06-27 04:16:19+00:00,2022-06-26 10:53:04+00:00,2022-06-27 04:56:50+00:00
CISO,2022-06-27,2022-06-27 12:38:50+00:00,2022-06-28 03:11:28+00:00,2022-06-27 19:55:09+00:00,52358,2022-06-27 12:10:38+00:00,2022-06-28 03:39:40+00:00,2022-06-27 11:33:58+00:00,2022-06-28 04:16:20+00:00,2022-06-27 10:53:30+00:00,2022-06-28 04:56:48+00:00
CISO,2022-06-28,2022-06-28 12:39:13+00:00,2022-06-29 03:11:30+00:00,2022-06-28 19:55:21+00:00,52337,2022-06-28 12:11:02+00:00,2022-06-29 03:39:41+00:00,2022-06-28 11:34:24+00:00,2022-06-29 04:16:19+00:00,2022-06-28 10:53:59+00:00,2022-06-29 04:56:44+00:00
CISO,2022-06-29,2022-06-29 12:39:36+00:00,2022-06-30 03:11:31+00:00,2022-06-29 19:55:34+00:00,52315,2022-06-29 12:11:27+00:00,2022-06-30 03:39:40+00:00,2022-06-29 11:34:51+00:00,2022-06-30 04:16:16+00:00,2022-06-29 10:54:30+00:00,2022-06-30 04:56:37+00:00
CISO,2022-06-30,2022-06-30 12:40:01+00:00,2022-07-01 03:11:30+00:00,2022-06-30 19:55:45+00:00,52289,2022-06-30 12:11:53+00:00,2022-07-01 03:39:38+00:00,2022-06-30 11:35:20+00:00,2022-07-01 04:16:11+00:00,2022-06-30 10:55:02+00:00,2022-07-01 04:56:28+00:00
CISO,2022-07-01,2022-07-01 12:40:27+00:00,2022-07-02 03:11:27+00:00,2022-07-01 19:55:57+00:00,52260,2022-07-01 12:12:21+00:00,2022-07-02 03:39:33+00:00,2022-07-01 11:35:50+00:00,2022-07-02 04:16:04+00:00,2022-07-01 10:55:37+00:00,2022-07-02 04:56:17+00:00
CISO,2022-07-02,2022-07-02 12:40:54+00:00,2022-07-03 03:11:22+00:00,2022-07-02 19:56:08+00:00,52228,2022-07-02 12:12:50+00:00,2022-07-03 03:39:27+00:00,2022-07-02 11:36:22+00:00,2022-07-03 04:15:54+00:00,2022-07-02 10:56:14+00:00,2022-07-03 04:56:03+00:00
CISO,2022-07-03,2022-07-03 12:41:23+00:00,2022-07-04 03:11:16+00:00,2022-07-03 19:56:19+00:00,52193,2022-07-03 12:13:20+00:00,2022-07-04 03:39:19+00:00,2022-07-03 11:36:56+00:00,2022-07-04 04:15:43+00:00,2022-07-03 10:56:52+00:00,2022-07-04 04:55:46+00:00
CISO,2022-07-04,2022-07-04 12:41:52+00:00,2022-07-05 03:11:08+00:00,2022-07-04 19:56:30+00:00,52156,2022-07-04 12:13:51+00:00,2022-07-05 03:39:09+00:00,2022-07-04 11:37:31+00:00,2022-07-05 04:15:29+00:00,2022-07-04 10:57:33+00:00,2022-07-05 04:55:27+00:00
CISO,2022-07-05,2022-07-05 12:42:22+00:00,2022-07-06 03:10:58+00:00,2022-07-05 19:56:40+00:00,52116,2022-07-05 12:14:24+00:00,2022-07-06 03:38:57+00:00,2022-07-05 11:38:07+00:00,2022-07-06 04:15:14+00:00,2022-07-05 10:58:15+00:00,2022-07-06 04:55:06+00:00
CISO,2022-07-06,2022-07-06 12:42:54+00:00,2022-07-07 03:10:47+00:00,2022-07-06 19:56:50+00:00,52073,2022-07-06 12:14:58+00:00,2022-07-07 03:38:43+00:00,2022-07-06 11:38:45+00:00,2022-07-07 04:14:56+00:00,2022-07-06 10:58:59+00:00,2022-07-07 04:54:42+00:00
CISO,2022-07-07,2022-07-07 12:43:26+00:00,2022-07-08 03:10:34+00:00,2022-07-07 19:57:00+00:00,52028,2022-07-07 12:15:33+00:00,2022-07-08 03:38:28+00:00,2022-07-07 11:39:24+00:00,2022-07-08 04:14:37+00:00,2022-07-07 10:59:44+00:00,2022-07-08 04:54:16+00:00
CISO,2022-07-08,2022-07-08 12:43:59+00:00,2022-07-09 03:10:19+00:00,2022-07-08 19:57:09+00:00,51980,2022-07-08 12:16:08+00:00,2022-07-09 03:38:10+00:00,2022-07-08 11:40:04+00:00,2022-07-09 04:14:15+00:00,2022-07-08 11:00:31+00:00,2022-07-09 04:53:47+00:00
CISO,2022-07-09,2022-07-09 12:44:33+00:00,2022-07-10 03:10:03+00:00,2022-07-09 19:57:18+00:00,51930,2022-07-09 12:16:45+00:00,2022-07-10 03:37:51+00:00,2022-07-09 11:40:45+00:00,2022-07-10 04:13:51+00:00,2022-07-09 11:01:20+00:00,2022-07-10 04:53:16+00:00
CISO,2022-07-10,2022-07-10 12:45:08+00:00,2022-07-11 03:09:45+00:00,2022-07-10 19:57:27+00:00,51877,2022-07-10 12:17:23+00:00,2022-07-11 03:37:30+00:00,2022-07-10 11:41:28+00:00,2022-07-11 04:13:25+00:00,2022-07-10 11:02:10+00:00,2022-07-11 04:52:43+00:00
CISO,2022-07-11,2022-07-11 12:45:44+00:00,2022-07-12 03:09:25+00:00,2022-07-11 19:57:35+00:00,51821,2022-07-11 12:18:02+00:00,2022-07-12 03:37:07+00:00,2022-07-11 11:42:12+00:00,2022-07-12 04:12:58+00:00,2022-07-11 11:03:02+00:00,2022-07-12 04:52:08+00:00
CISO,2022-07-12,2022-07-12 12:46:21+00:00,2022-07-13 03:09:03+00:00,2022-07-12 19:57:42+00:00,51762,2022-07-12 12:18:42+00:00,2022-07-13 03:36:43+00:00,2022-07-12 11:42:57+00:00,2022-07-13 04:12:28+00:00,2022-07-12 11:03:54+00:00,2022-07-13 04:51:30+00:00
CISO,2022-07-13,2022-07-13 12:46:58+00:00,2022-07-14 03:08:40+00:00,2022-07-13 19:57:49+00:00,51702,2022-07-13 12:19:22+00:00,2022-07-14 03:36:16+00:00,2022-07-13 11:43:42+00:00,2022-07-14 04:11:56+00:00,2022-07-13 11:04:48+00:00,2022-07-14 04:50:50+00:00
CISO,2022-07-14,2022-07-14 12:47:36+00:00,2022-07-15 03:08:15+00:00,2022-07-14 19:57:56+00:00,51639,2022-07-14 12:20:03+00:00,2022-07-15 03:35:48+00:00,2022-07-14 11:44:29+00:00,2022-07-15 04:11:22+00:00,2022-07-14 11:05:44+00:00,2022-07-15 04:50:08+00:00
CISO,2022-07-15,2022-07-15 12:48:15+00:00,2022-07-16 03:07:49+00:00,2022-07-15 19:58:02+00:00,51574,2022-07-15 12:20:45+00:00,2022-07-16 03:35:18+00:00,2022-07-15 11:45:17+00:00,2022-07-16 04:10:47+00:00,2022-07-15 11:06:40+00:00,2022-07-16 04:49:24+00:00
CISO,2022-07-16,2022-07-16 12:48:54+00:00,2022-07-17 03:07:21+00:00,2022-07-16 19:58:07+00:00,51507,2022-07-16 12:21:28+00:00,2022-07-17 03:34:47+00:00,2022-07-16 11:46:05+00:00,2022-07-17 04:10:09+00:00,2022-07-16 11:07:37+00:00,2022-07-17 04:48:38+00:00
CISO,2022-07-17,2022-07-17 12:49:34+00:00,2022-07-18 03:06:51+00:00,2022-07-17 19:58:13+00:00,51437,2022-07-17 12:22:12+00:00,2022-07-18 03:34:13+00:00,2022-07-17 11:46:55+00:00,2022-07-18 04:09:30+00:00,2022-07-17 11:08:36+00:00,2022-07-18 04:47:49+00:00
CISO,2022-07-18,2022-07-18 12:50:15+00:00,2022-07-19 03:06:19+00:00,2022-07-18 19:58:17+00:00,51364,2022-07-18 12:22:56+00:00,2022-07-19 03:33:38+00:00,2022-07-18 11:47:45+00:00,2022-07-19 04:08:49+00:00,2022-07-18 11:09:35+00:00,2022-07-19 04:46:59+00:00
CISO,2022-07-19,2022-07-19 12:50:56+00:00,2022-07-20 03:05:46+00:00,2022-07-19 19:58:21+00:00,51290,2022-07-19 12:23:41+00:00,2022-07-20 03:33:01+00:00,2022-07-19 11:48:36+00:00,2022-07-20 04:08:06+00:00,2022-07-19 11:10:35+00:00,2022-07-20 04:46:07+00:00
CISO,2022-07-20,2022-07-20 12:51:37+00:00,2022-07-21 03:05:12+00:00,2022-07-20 19:58:24+00:00,51215,2022-07-20 12:24:26+00:00,2022-07-21 03:32:23+00:00,2022-07-20 11:49:27+00:00,2022-07-21 04:07:21+00:00,2022-07-20 11:11:36+00:00,2022-07-21 04:45:12+00:00
CISO,2022-07-21,2022-07-21 12:52:19+00:00,2022-07-22 03:04:35+00:00,2022-07-21 19:58:27+00:00,51136,2022-07-21 12:25:12+00:00,2022-07-22 03:31:43+00:00,2022-07-21 11:50:20+00:00,2022-07-22 04:06:35+00:00,2022-07-21 11:12:38+00:00,2022-07-22 04:44:16+00:00
CISO,2022-07-22,2022-07-22 12:53:02+00:00,2022-07-23 03:03:57+00:00,2022-07-22 19:58:30+00:00,51055,2022-07-22 12:25:58+00:00,2022-07-23 03:31:01+00:00,2022-07-22 11:51:12+00:00,2022-07-23 04:05:47+00:00,2022-07-22 11:13:40+00:00,2022-07-23 04:43:19+00:00
CISO,2022-07-23,2022-07-23 12:53:44+00:00,2022-07-24 03:03:18+00:00,2022-07-23 19:58:31+00:00,50974,2022-07-23 12:26:45+00:00,2022-07-24 03:30:18+00:00,2022-07-23 11:52:06+00:00,2022-07-24 04:04:57+00:00,2022-07-23 11:14:44+00:00,2022-07-24 04:42:19+00:00
CISO,2022-07-24,2022-07-24 12:54:28+00:00,2022-07-25 03:02:37+00:00,2022-07-24 19:58:32+00:00,50889,2022-07-24 12:27:32+00:00,2022-07-25 03:29:33+00:00,2022-07-24 11:52:59+00:00,2022-07-25 04:04:05+00:00,2022-07-24 11:15:47+00:00,2022-07-25 04:41:17+00:00
CISO,2022-07-25,2022-07-25 12:55:11+00:00,2022-07-26 03:01:55+00:00,2022-07-25 19:58:33+00:00,50804,2022-07-25 12:28:20+00:00,2022-07-26 03:28:46+00:00,2022-07-25 11:53:54+00:00,2022-07-26 04:03:12+00:00,2022-07-25 11:16:51+00:00,2022-07-26 04:40:14+00:00
CISO,2022-07-26,2022-07-26 12:55:55+00:00,2022-07-27 03:01:11+00:00,2022-07-26 19:58:33+00:00,50716,2022-07-26 12:29:07+00:00,2022-07-27 03:27:58+00:00,2022-07-26 11:54:48+00:00,2022-07-27 04:02:17+00:00,2022-07-26 11:17:56+00:00,2022-07-27 04:39:10+00:00
CISO,2022-07-27,2022-07-27 12:56:39+00:00,2022-07-28 03:00:25+00:00,2022-07-27 19:58:32+00:00,50626,2022-07-27 12:29:56+00:00,2022-07-28 03:27:08+00:00,2022-07-27 11:55:43+00:00,2022-07-28 04:01:21+00:00,2022-07-27 11:19:01+00:00,2022-07-28 04:38:03+00:00
CISO,2022-07-28,2022-07-28 12:57:24+00:00,2022-07-29 02:59:38+00:00,2022-07-28 19:58:31+00:00,50534,2022-07-28 12:30:44+00:00,2022-07-29 03:26:17+00:00,2022-07-28 11:56:39+00:00,2022-07-29 04:00:23+00:00,2022-07-28 11:20:06+00:00,2022-07-29 04:36:56+00:00
CISO,2022-07-29,2022-07-29 12:58:08+00:00,2022-07-30 02:58:50+00:00,2022-07-29 19:58:29+00:00,50442,2022-07-29 12:31:33+00:00,2022-07-30 03:25:25+00:00,2022-07-29 11:57:34+00:00,2022-07-30 03:59:24+00:00,2022-07-29 11:21:12+00:00,2022-07-30 04:35:46+00:00
CISO,2022-07-30,2022-07-30 12:58:53+00:00,2022-07-31 02:58:00+00:00,2022-07-30 19:58:26+00:00,50347,2022-07-30 12:32:22+00:00,2022-07-31 03:24:31+00:00,2022-07-30 11:58:30+00:00,2022-07-31 03:58:23+00:00,2022-07-30 11:22:18+00:00,2022-07-31 04:34:35+00:00
CISO,2022-07-31,2022-07-31 12:59:38+00:00,2022-08-01 02:57:09+00:00,2022-07-31 19:58:23+00:00,50251,2022-07-31 12:33:11+00:00,2022-08-01 03:23:35+00:00,2022-07-31 11:59:26+00:00,2022-08-01 03:57:21+00:00,2022-07-31 11:23:24+00:00,2022-08-01 04:33:23+00:00
CISO,2022-08-01,2022-08-01 13:00:23+00:00,2022-08-02 02:56:16+00:00,2022-08-01 19:58:20+00:00,50153,2022-08-01 12:34:01+00:00,2022-08-02 03:22:39+00:00,2022-08-01 12:00:22+00:00,2022-08-02 03:56:17+00:00,2022-08-01 11:24:30+00:00,2022-08-02 04:32:09+00:00
CISO,2022-08-02,2022-08-02 13:01:08+00:00,2022-08-03 02:55:22+00:00,2022-08-02 19:58:15+00:00,50054,2022-08-02 12:34:50+00:00,2022-08-03 03:21:41+00:00,2022-08-02 12:01:19+00:00,2022-08-03 03:55:12+00:00,2022-08-02 11:25:36+00:00,2022-08-03 04:30:55+00:00
CISO,2022-08-03,2022-08-03 13:01:54+00:00,2022-08-04 02:54:27+00:00,2022-08-03 19:58:10+00:00,49953,2022-08-03 12:35:40+00:00,2022-08-04 03:20:41+00:00,2022-08-03 12:02:15+00:00,2022-08-04 03:54:06+00:00,2022-08-03 11:26:43+00:00,2022-08-04 04:29:38+00:00
CISO,2022-08-04,2022-08-04 13:02:39+00:00,2022-08-05 02:53:30+00:00,2022-08-04 19:58:05+00:00,49851,2022-08-04 12:36:29+00:00,2022-08-05 03:19:40+00:00,2022-08-04 12:03:12+00:00,2022-08-05 03:52:58+00:00,2022-08-04 11:27:49+00:00,2022-08-05 04:28:21+00:00
CISO,2022-08-05,2022-08-05 13:03:25+00:00,2022-08-06 02:52:32+00:00,2022-08-05 19:57:59+00:00,49747,2022-08-05 12:37:19+00:00,2022-08-06 03:18:38+00:00,2022-08-05 12:04:08+00:00,2022-08-06 03:51:49+00:00,2022-08-05 11:28:55+00:00,2022-08-06 04:27:02+00:00
CISO,2022-08-06,2022-08-06 13:04:11+00:00,2022-08-07 02:51:33+00:00,2022-08-06 19:57:52+00:00,49642,2022-08-06 12:38:09+00:00,2022-08-07 03:17:35+00:00,2022-08-06 12:05:05+00:00,2022-08-07 03:50:39+00:00,2022-08-06 11:30:02+00:00,2022-08-07 04:25:42+00:00
CISO,2022-08-07,2022-08-07 13:04:56+00:00,2022-08-08 02:50:33+00:00,2022-08-07 19:57:45+00:00,49537,2022-08-07 12:38:59+00:00,2022-08-08 03:16:31+00:00,2022-08-07 12:06:01+00:00,2022-08-08 03:49:28+00:00,2022-08-07 11:31:08+00:00,2022-08-08 04:24:22+00:00
CISO,2022-08-08,2022-08-08 13:05:42+00:00,2022-08-09 02:49:31+00:00,2022-08-08 19:57:37+00:00,49429,2022-08-08 12:39:49+00:00,2022-08-09 03:15:25+00:00,2022-08-08 12:06:58+00:00,2022-08-09 03:48:16+00:00,2022-08-08 11:32:14+00:00,2022-08-09 04:23:00+00:00
CISO,2022-08-09,2022-08-09 13:06:28+00:00,2022-08-10 02:48:29+00:00,2022-08-09 19:57:28+00:00,49321,2022-08-09 12:40:38+00:00,2022-08-10 03:14:18+00:00,2022-08-09 12:07:54+00:00,2022-08-10 03:47:03+00:00,2022-08-09 11:33:20+00:00,2022-08-10 04:21:37+00:00
CISO,2022-08-10,2022-08-10 13:07:14+00:00,2022-08-11 02:47:25+00:00,2022-08-10 19:57:19+00:00,49211,2022-08-10 12:41:28+00:00,2022-08-11 03:13:10+00:00,2022-08-10 12:08:50+00:00,2022-08-11 03:45:48+00:00,2022-08-10 11:34:26+00:00,2022-08-11 04:20:13+00:00
CISO,2022-08-11,2022-08-11 13:07:59+00:00,2022-08-12 02:46:20+00:00,2022-08-11 19:57:10+00:00,49101,2022-08-11 12:42:18+00:00,2022-08-12 03:12:01+00:00,2022-08-11 12:09:47+00:00,2022-08-12 03:44:33+00:00,2022-08-11 11:35:31+00:00,2022-08-12 04:18:48+00:00
CISO,2022-08-12,2022-08-12 13:08:45+00:00,2022-08-13 02:45:14+00:00,2022-08-12 19:56:59+00:00,48989,2022-08-12 12:43:07+00:00,2022-08-13 03:10:51+00:00,2022-08-12 12:10:43+00:00,2022-08-13 03:43:16+00:00,2022-08-12 11:36:37+00:00,2022-08-13 04:17:22+00:00
CISO,2022-08-13,2022-08-13 13:09:31+00:00,2022-08-14 02:44:07+00:00,2022-08-13 19:56:49+00:00,48876,2022-08-13 12:43:57+00:00,2022-08-14 03:09:40+00:00,2022-08-13 12:11:39+00:00,2022-08-14 03:41:59+00:00,2022-08-13 11:37:42+00:00,2022-08-14 04:15:56+00:00
CISO,2022-08-14,2022-08-14 13:10:16+00:00,2022-08-15 02:42:59+00:00,2022-08-14 19:56:37+00:00,48763,2022-08-14 12:44:46+00:00,2022-08-15 03:08:28+00:00,2022-08-14 12:12:34+00:00,2022-08-15 03:40:40+00:00,2022-08-14 11:38:46+00:00,2022-08-15 04:14:28+00:00
CISO,2022-08-15,2022-08-15 13:11:02+00:00,2022-08-16 02:41:49+00:00,2022-08-15 19:56:26+00:00,48647,2022-08-15 12:45:36+00:00,2022-08-16 03:07:15+00:00,2022-08-15 12:13:30+00:00,2022-08-16 03:39:21+00:00,2022-08-15 11:39:51+00:00,2022-08-16 04:13:00+00:00
CISO,2022-08-16,2022-08-16 13:11:47+00:00,2022-08-17 02:40:39+00:00,2022-08-16 19:56:13+00:00,48532,2022-08-16 12:46:25+00:00,2022-08-17 03:06:01+00:00,2022-08-16 12:14:25+00:00,2022-08-17 03:38:01+00:00,2022-08-16 11:40:55+00:00,2022-08-17 04:11:31+00:00
CISO,2022-08-17,2022-08-17 13:12:33+00:00,2022-08-18 02:39:28+00:00,2022-08-17 19:56:00+00:00,48415,2022-08-17 12:47:14+00:00,2022-08-18 03:04:47+00:00,2022-08-17 12:15:21+00:00,2022-08-18 03:36:40+00:00,2022-08-17 11:41:59+00:00,2022-08-18 04:10:02+00:00
CISO,2022-08-18,2022-08-18 13:13:18+00:00,2022-08-19 02:38:16+00:00,2022-08-18 19:55:47+00:00,48298,2022-08-18 12:48:03+00:00,2022-08-19 03:03:31+00:00,2022-08-18 12:16:16+00:00,2022-08-19 03:35:18+00:00,2022-08-18 11:43:02+00:00,2022-08-19 04:08:31+00:00
CISO,2022-08-19,2022-08-19 13:14:03+00:00,2022-08-20 02:37:03+00:00,2022-08-19 19:55:33+00:00,48180,2022-08-19 12:48:52+00:00,2022-08-20 03:02:14+00:00,2022-08-19 12:17:10+00:00,2022-08-20 03:33:56+00:00,2022-08-19 11:44:05+00:00,2022-08-20 04:07:01+00:00
CISO,2022-08-20,2022-08-20 13:14:48+00:00,2022-08-21 02:35:49+00:00,2022-08-20 19:55:19+00:00,48061,2022-08-20 12:49:40+00:00,2022-08-21 03:00:57+00:00,2022-08-20 12:18:05+00:00,2022-08-21 03:32:33+00:00,2022-08-20 11:45:08+00:00,2022-08-21 04:05:29+00:00
CISO,2022-08-21,2022-08-21 13:15:33+00:00,2022-08-22 02:34:35+00:00,2022-08-21 19:55:04+00:00,47942,2022-08-21 12:50:29+00:00,2022-08-22 02:59:39+00:00,2022-08-21 12:18:59+00:00,2022-08-22 03:31:09+00:00,2022-08-21 11:46:10+00:00,2022-08-22 04:03:57+00:00
CISO,2022-08-22,2022-08-22 13:16:18+00:00,2022-08-23 02:33:19+00:00,2022-08-22 19:54:49+00:00,47821,2022-08-22 12:51:17+00:00,2022-08-23 02:58:20+00:00,2022-08-22 12:19:53+00:00,2022-08-23 03:29:44+00:00,2022-08-22 11:47:12+00:00,2022-08-23 04:02:25+00:00
CISO,2022-08-23,2022-08-23 13:17:03+00:00,2022-08-24 02:32:03+00:00,2022-08-23 19:54:33+00:00,47700,2022-08-23 12:52:05+00:00,2022-08-24 02:57:00+00:00,2022-08-23 12:20:47+00:00,2022-08-24 03:28:19+00:00,2022-08-23 11:48:14+00:00,2022-08-24 04:00:52+00:00
CISO,2022-08-24,2022-08-24 13:17:48+00:00,2022-08-25 02:30:46+00:00,2022-08-24 19:54:17+00:00,47578,2022-08-24 12:52:53+00:00,2022-08-25 02:55:40+00:00,2022-08-24 12:21:40+00:00,2022-08-25 03:26:54+00:00,2022-08-24 11:49:15+00:00,2022-08-25 03:59:19+00:00
CISO,2022-08-25,2022-08-25 13:18:32+00:00,2022-08-26 02:29:28+00:00,2022-08-25 19:54:00+00:00,47456,2022-08-25 12:53:41+00:00,2022-08-26 02:54:19+00:00,2022-08-25 12:22:33+00:00,2022-08-26 03:25:27+00:00,2022-08-25 11:50:16+00:00,2022-08-26 03:57:45+00:00
CISO,2022-08-26,2022-08-26 13:19:17+00:00,2022-08-27 02:28:10+00:00,2022-08-26 19:53:43+00:00,47333,2022-08-26 12:54:29+00:00,2022-08-27 02:52:58+00:00,2022-08-26 12:23:26+00:00,2022-08-27 03:24:01+00:00,2022-08-26 11:51:16+00:00,2022-08-27 03:56:11+00:00
CISO,2022-08-27,2022-08-27 13:20:01+00:00,2022-08-28 02:26:51+00:00,2022-08-27 19:53:26+00:00,47210,2022-08-27 12:55:16+00:00,2022-08-28 02:51:35+00:00,2022-08-27 12:24:18+00:00,2022-08-28 03:22:33+00:00,2022-08-27 11:52:15+00:00,2022-08-28 03:54:36+00:00
CISO,2022-08-28,2022-08-28 13:20:45+00:00,2022-08-29 02:25:31+00:00,2022-08-28 19:53:08+00:00,47086,2022-08-28 12:56:03+00:00,2022-08-29 02:50:13+00:00,2022-08-28 12:25:11+00:00,2022-08-29 03:21:06+00:00,2022-08-28 11:53:15+00:00,2022-08-29 03:53:01+00:00
CISO,2022-08-29,2022-08-29 13:21:30+00:00,2022-08-30 02:24:10+00:00,2022-08-29 19:52:50+00:00,46960,2022-08-29 12:56:51+00:00,2022-08-30 02:48:50+00:00,2022-08-29 12:26:02+00:00,2022-08-30 03:19:38+00:00,2022-08-29 11:54:14+00:00,2022-08-30 03:51:26+00:00
CISO,2022-08-30,2022-08-30 13:22:14+00:00,2022-08-31 02:22:49+00:00,2022-08-30 19:52:32+00:00,46835,2022-08-30 12:57:37+00:00,2022-08-31 02:47:26+00:00,2022-08-30 12:26:54+00:00,2022-08-31 03:18:09+00:00,2022-08-30 11:55:12+00:00,2022-08-31 03:49:51+00:00
CISO,2022-08-31,2022-08-31 13:22:58+00:00,2022-09-01 02:21:28+00:00,2022-08-31 19:52:13+00:00,46710,2022-08-31 12:58:24+00:00,2022-09-01 02:46:02+00:00,2022-08-31 12:27:45+00:00,2022-09-01 03:16:40+00:00,2022-08-31 11:56:10+00:00,2022-09-01 03:48:16+00:00
CISO,2022-09-01,2022-09-01 13:23:42+00:00,2022-09-02 02:20:06+00:00,2022-09-01 19:51:54+00:00,46584,2022-09-01 12:59:11+00:00,2022-09-02 02:44:37+00:00,2022-09-01 12:28:37+00:00,2022-09-02 03:15:11+00:00,2022-09-01 11:57:07+00:00,2022-09-02 03:46:40+00:00
CISO,2022-09-02,2022-09-02 13:24:26+00:00,2022-09-03 02:18:43+00:00,2022-09-02 19:51:35+00:00,46457,2022-09-02 12:59:57+00:00,2022-09-03 02:43:12+00:00,2022-09-02 12:29:27+00:00,2022-09-03 03:13:42+00:00,2022-09-02 11:58:04+00:00,2022-09-03 03:45:05+00:00
CISO,2022-09-03,2022-09-03 13:25:09+00:00,2022-09-04 02:17:20+00:00,2022-09-03 19:51:15+00:00,46331,2022-09-03 13:00:43+00:00,2022-09-04 02:41:46+00:00,2022-09-03 12:30:18+00:00,2022-09-04 03:12:12+00:00,2022-09-03 11:59:01+00:00,2022-09-04 03:43:29+00:00
CISO,2022-09-04,2022-09-04 13:25:53+00:00,2022-09-05 02:15:57+00:00,2022-09-04 19:50:55+00:00,46204,2022-09-04 13:01:30+00:00,2022-09-05 02:40:21+00:00,2022-09-04 12:31:08+00:00,2022-09-05 03:10:42+00:00,2022-09-04 11:59:57+00:00,2022-09-05 03:41:53+00:00
CISO,2022-09-05,2022-09-05 13:26:37+00:00,2022-09-06 02:14:33+00:00,2022-09-05 19:50:35+00:00,46076,2022-09-05 13:02:16+00:00,2022-09-06 02:38:54+00:00,2022-09-05 12:31:58+00:00,2022-09-06 03:09:12+00:00,2022-09-05 12:00:53+00:00,2022-09-06 03:40:17+00:00
CISO,2022-09-06,2022-09-06 13:27:21+00:00,2022-09-07 02:13:09+00:00,2022-09-06 19:50:15+00:00,45948,2022-09-06 13:03:01+00:00,2022-09-07 02:37:28+00:00,2022-09-06 12:32:48+00:00,2022-09-07 03:07:42+00:00,2022-09-06 12:01:48+00:00,2022-09-07 03:38:41+00:00
CISO,2022-09-07,2022-09-07 13:28:04+00:00,2022-09-08 02:11:44+00:00,2022-09-07 19:49:54+00:00,45820,2022-09-07 13:03:47+00:00,2022-09-08 02:36:01+00:00,2022-09-07 12:33:37+00:00,2022-09-08 03:06:11+00:00,2022-09-07 12:02:43+00:00,2022-09-08 03:37:05+00:00
CISO,2022-09-08,2022-09-08 13:28:48+00:00,2022-09-09 02:10:19+00:00,2022-09-08 19:49:33+00:00,45691,2022-09-08 13:04:33+00:00,2022-09-09 02:34:34+00:00,2022-09-08 12:34:26+00:00,2022-09-09 03:04:41+00:00,2022-09-08 12:03:38+00:00,2022-09-09 03:35:29+00:00
CISO,2022-09-09,2022-09-09 13:29:31+00:00,2022-09-10 02:08:54+00:00,2022-09-09 19:49:13+00:00,45563,2022-09-09 13:05:18+00:00,2022-09-10 02:33:07+00:00,2022-09-09 12:35:15+00:00,2022-09-10 03:03:10+00:00,2022-09-09 12:04:32+00:00,2022-09-10 03:33:54+00:00
CISO,2022-09-10,2022-09-10 13:30:15+00:00,2022-09-11 02:07:28+00:00,2022-09-10 19:48:52+00:00,45433,2022-09-10 13:06:03+00:00,2022-09-11 02:31:40+00:00,2022-09-10 12:36:04+00:00,2022-09-11 03:01:39+00:00,2022-09-10 12:05:25+00:00,2022-09-11 03:32:18+00:00
CISO,2022-09-11,2022-09-11 13:30:58+00:00,2022-09-12 02:06:03+00:00,2022-09-11 19:48:31+00:00,45305,2022-09-11 13:06:49+00:00,2022-09-12 02:30:12+00:00,2022-09-11 12:36:52+00:00,2022-09-12 03:00:09+00:00,2022-09-11 12:06:19+00:00,2022-09-12 03:30:42+00:00
CISO,2022-09-12,2022-09-12 13:31:42+00:00,2022-09-13 02:04:37+00:00,2022-09-12 19:48:09+00:00,45175,2022-09-12 13:07:34+00:00,2022-09-13 02:28:45+00:00,2022-09-12 12:37:40+00:00,2022-09-13 02:58:38+00:00,2022-09-12 12:07:12+00:00,2022-09-13 03:29:07+00:00
CISO,2022-09-13,2022-09-13 13:32:25+00:00,2022-09-14 02:03:10+00:00,2022-09-13 19:47:48+00:00,45045,2022-09-13 13:08:19+00:00,2022-09-14 02:27:17+00:00,2022-09-13 12:38:28+00:00,2022-09-14 02:57:07+00:00,2022-09-13 12:08:04+00:00,2022-09-14 03:27:32+00:00
CISO,2022-09-14,2022-09-14 13:33:09+00:00,2022-09-15 02:01:44+00:00,2022-09-14 19:47:27+00:00,44915,2022-09-14 13:09:04+00:00,2022-09-15 02:25:49+00:00,2022-09-14 12:39:16+00:00,2022-09-15 02:55:37+00:00,2022-09-14 12:08:56+00:00,2022-09-15 03:25:57+00:00
CISO,2022-09-15,2022-09-15 13:33:53+00:00,2022-09-16 02:00:18+00:00,2022-09-15 19:47:05+00:00,44785,2022-09-15 13:09:49+00:00,2022-09-16 02:24:22+00:00,2022-09-15 12:40:04+00:00,2022-09-16 02:54:06+00:00,2022-09-15 12:09:48+00:00,2022-09-16 03:24:22+00:00
CISO,2022-09-16,2022-09-16 13:34:36+00:00,2022-09-17 01:58:51+00:00,2022-09-16 19:46:44+00:00,44655,2022-09-16 13:10:34+00:00,2022-09-17 02:22:54+00:00,2022-09-16 12:40:51+00:00,2022-09-17 02:52:36+00:00,2022-09-16 12:10:39+00:00,2022-09-17 03:22:48+00:00
CISO,2022-09-17,2022-09-17 13:35:20+00:00,2022-09-18 01:57:25+00:00,2022-09-17 19:46:22+00:00,44525,2022-09-17 13:11:18+00:00,2022-09-18 02:21:26+00:00,2022-09-17 12:41:39+00:00,2022-09-18 02:51:06+00:00,2022-09-17 12:11:31+00:00,2022-09-18 03:21:14+00:00
CISO,2022-09-18,2022-09-18 13:36:04+00:00,2022-09-19 01:55:58+00:00,2022-09-18 19:46:01+00:00,44394,2022-09-18 13:12:03+00:00,2022-09-19 02:19:59+00:00,2022-09-18 12:42:26+00:00,2022-09-19 02:49:36+00:00,2022-09-18 12:12:21+00:00,2022-09-19 03:19:40+00:00
CISO,2022-09-19,2022-09-19 13:36:48+00:00,2022-09-20 01:54:31+00:00,2022-09-19 19:45:39+00:00,44263,2022-09-19 13:12:48+00:00,2022-09-20 02:18:31+00:00,2022-09-19 12:43:13+00:00,2022-09-20 02:48:06+00:00,2022-09-19 12:13:12+00:00,2022-09-20 03:18:07+00:00
CISO,2022-09-20,2022-09-20 13:37:32+00:00,2022-09-21 01:53:05+00:00,2022-09-20 19:45:18+00:00,44133,2022-09-20 13:13:33+00:00,2022-09-21 02:17:03+00:00,2022-09-20 12:44:00+00:00,2022-09-21 02:46:37+00:00,2022-09-20 12:14:02+00:00,2022-09-21 03:16:34+00:00
CISO,2022-09-21,2022-09-21 13:38:16+00:00,2022-09-22 01:51:38+00:00,2022-09-21 19:44:57+00:00,44002,2022-09-21 13:14:18+00:00,2022-09-22 02:15:36+00:00,2022-09-21 12:44:46+00:00,2022-09-22 02:45:08+00:00,2022-09-21 12:14:52+00:00,2022-09-22 03:15:02+00:00
CISO,2022-09-22,2022-09-22 13:39:00+00:00,2022-09-23 01:50:11+00:00,2022-09-22 19:44:36+00:00,43871,2022-09-22 13:15:02+00:00,2022-09-23 02:14:09+00:00,2022-09-22 12:45:33+00:00,2022-09-23 02:43:39+00:00,2022-09-22 12:15:42+00:00,2022-09-23 03:13:30+00:00
CISO,2022-09-23,2022-09-23 13:39:44+00:00,2022-09-24 01:48:45+00:00,2022-09-23 19:44:15+00:00,43741,2022-09-23 13:15:47+00:00,2022-09-24 02:12:42+00:00,2022-09-23 12:46:19+00:00,2022-09-24 02:42:10+00:00,2022-09-23 12:16:31+00:00,2022-09-24 03:11:58+00:00
CISO,2022-09-24,2022-09-24 13:40:29+00:00,2022-09-25 01:47:19+00:00,2022-09-24 19:43:54+00:00,43610,2022-09-24 13:16:32+00:00,2022-09-25 02:11:15+00:00,2022-09-24 12:47:06+00:00,2022-09-25 02:40:42+00:00,2022-09-24 12:17:21+00:00,2022-09-25 03:10:27+00:00
CISO,2022-09-25,2022-09-25 13:41:14+00:00,2022-09-26 01:45:52+00:00,2022-09-25 19:43:33+00:00,43478,2022-09-25 13:17:17+00:00,2022-09-26 02:09:49+00:00,2022-09-25 12:47:52+00:00,2022-09-26 02:39:14+00:00,2022-09-25 12:18:10+00:00,2022-09-26 03:08:56+00:00
CISO,2022-09-26,2022-09-26 13:41:58+00:00,2022-09-27 01:44:26+00:00,2022-09-26 19:43:12+00:00,43348,2022-09-26 13:18:02+00:00,2022-09-27 02:08:23+00:00,2022-09-26 12:48:38+00:00,2022-09-27 02:37:46+00:00,2022-09-26 12:18:58+00:00,2022-09-27 03:07:26+00:00
CISO,2022-09-27,2022-09-27 13:42:43+00:00,2022-09-28 01:43:01+00:00,2022-09-27 19:42:52+00:00,43218,2022-09-27 13:18:47+00:00,2022-09-28 02:06:57+00:00,2022-09-27 12:49:25+00:00,2022-09-28 02:36:19+00:00,2022-09-27 12:19:47+00:00,2022-09-28 03:05:57+00:00
CISO,2022-09-28,2022-09-28 13:43:29+00:00,2022-09-29 01:41:35+00:00,2022-09-28 19:42:32+00:00,43086,2022-09-28 13:19:32+00:00,2022-09-29 02:05:31+00:00,2022-09-28 12:50:11+00:00,2022-09-29 02:34:53+00:00,2022-09-28 12:20:35+00:00,2022-09-29 03:04:28+00:00
CISO,2022-09-29,2022-09-29 13:44:14+00:00,2022-09-30 01:40:10+00:00,2022-09-29 19:42:12+00:00,42956,2022-09-29 13:20:18+00:00,2022-09-30 02:04:06+00:00,2022-09-29 12:50:57+00:00,2022-09-30 02:33:27+00:00,2022-09-29 12:21:24+00:00,2022-09-30 03:03:00+00:00
CISO,2022-09-30,2022-09-30 13:45:00+00:00,2022-10-01 01:38:45+00:00,2022-09-30 19:41:52+00:00,42825,2022-09-30 13:21:03+00:00,2022-10-01 02:02:41+00:00,2022-09-30 12:51:43+00:00,2022-10-01 02:32:01+00:00,2022-09-30 12:22:12+00:00,2022-10-01 03:01:33+00:00
CISO,2022-10-01,2022-10-01 13:45:45+00:00,2022-10-02 01:37:20+00:00,2022-10-01 19:41:33+00:00,42695,2022-10-01 13:21:49+00:00,2022-10-02 02:01:17+00:00,2022-10-01 12:52:29+00:00,2022-10-02 02:30:36+00:00,2022-10-01 12:23:00+00:00,2022-10-02 03:00:06+00:00
CISO,2022-10-02,2022-10-02 13:46:31+00:00,2022-10-03 01:35:56+00:00,2022-10-02 19:41:14+00:00,42565,2022-10-02 13:22:34+00:00,2022-10-03 01:59:53+00:00,2022-10-02 12:53:15+00:00,2022-10-03 02:29:12+00:00,2022-10-02 12:23:47+00:00,2022-10-03 02:58:40+00:00
CISO,2022-10-03,2022-10-03 13:47:18+00:00,2022-10-04 01:34:32+00:00,2022-10-03 19:40:55+00:00,42434,2022-10-03 13:23:20+00:00,2022-10-04 01:58:30+00:00,2022-10-03 12:54:02+00:00,2022-10-04 02:27:48+00:00,2022-10-03 12:24:35+00:00,2022-10-04 02:57:15+00:00
CISO,2022-10-04,2022-10-04 13:48:04+00:00,2022-10-05 01:33:09+00:00,2022-10-04 19:40:37+00:00,42305,2022-10-04 13:24:06+00:00,2022-10-05 01:57:07+00:00,2022-10-04 12:54:48+00:00,2022-10-05 02:26:25+00:00,2022-10-04 12:25:23+00:00,2022-10-05 02:55:50+00:00
CISO,2022-10-05,2022-10-05 13:48:51+00:00,2022-10-06 01:31:46+00:00,2022-10-05 19:40:18+00:00,42175,2022-10-05 13:24:52+00:00,2022-10-06 01:55:44+00:00,2022-10-05 12:55:34+00:00,2022-10-06 02:25:03+00:00,2022-10-05 12:26:10+00:00,2022-10-06 02:54:27+00:00
CISO,2022-10-06,2022-10-06 13:49:38+00:00,2022-10-07 01:30:23+00:00,2022-10-06 19:40:01+00:00,42045,2022-10-06 13:25:39+00:00,2022-10-07 01:54:23+00:00,2022-10-06 12:56:20+00:00,2022-10-07 02:23:41+00:00,2022-10-06 12:26:58+00:00,2022-10-07 02:53:04+00:00
CISO,2022-10-07,2022-10-07 13:50:26+00:00,2022-10-08 01:29:01+00:00,2022-10-07 19:39:43+00:00,41915,2022-10-07 13:26:25+00:00,2022-10-08 01:53:02+00:00,2022-10-07 12:57:07+00:00,2022-10-08 02:22:20+00:00,2022-10-07 12:27:45+00:00,2022-10-08 02:51:42+00:00
CISO,2022-10-08,2022-10-08 13:51:13+00:00,2022-10-09 01:27:40+00:00,2022-10-08 19:39:27+00:00,41787,2022-10-08 13:27:12+00:00,2022-10-09 01:51:41+00:00,2022-10-08 12:57:53+00:00,2022-10-09 02:21:00+00:00,2022-10-08 12:28:33+00:00,2022-10-09 02:50:21+00:00
CISO,2022-10-09,2022-10-09 13:52:01+00:00,2022-10-10 01:26:19+00:00,2022-10-09 19:39:10+00:00,41658,2022-10-09 13:27:59+00:00,2022-10-10 01:50:21+00:00,2022-10-09 12:58:40+00:00,2022-10-10 02:19:40+00:00,2022-10-09 12:29:20+00:00,2022-10-10 02:49:00+00:00
CISO,2022-10-10,2022-10-10 13:52:50+00:00,2022-10-11 01:24:59+00:00,2022-10-10 19:38:54+00:00,41529,2022-10-10 13:28:46+00:00,2022-10-11 01:49:02+00:00,2022-10-10 12:59:27+00:00,2022-10-11 02:18:22+00:00,2022-10-10 12:30:07+00:00,2022-10-11 02:47:41+00:00
CISO,2022-10-11,2022-10-11 13:53:38+00:00,2022-10-12 01:23:39+00:00,2022-10-11 19:38:39+00:00,41401,2022-10-11 13:29:34+00:00,2022-10-12 01:47:44+00:00,2022-10-11 13:00:14+00:00,2022-10-12 02:17:04+00:00,2022-10-11 12:30:55+00:00,2022-10-12 02:46:23+00:00
CISO,2022-10-12,2022-10-12 13:54:27+00:00,2022-10-13 01:22:20+00:00,2022-10-12 19:38:24+00:00,41273,2022-10-12 13:30:21+00:00,2022-10-13 01:46:26+00:00,2022-10-12 13:01:01+00:00,2022-10-13 02:15:47+00:00,2022-10-12 12:31:42+00:00,2022-10-13 02:45:05+00:00
CISO,2022-10-13,2022-10-13 13:55:17+00:00,2022-10-14 01:21:02+00:00,2022-10-13 19:38:09+00:00,41145,2022-10-13 13:31:09+00:00,2022-10-14 01:45:09+00:00,2022-10-13 13:01:48+00:00,2022-10-14 02:14:31+00:00,2022-10-13 12:32:29+00:00,2022-10-14 02:43:49+00:00
CISO,2022-10-14,2022-10-14 13:56:06+00:00,2022-10-15 01:19:44+00:00,2022-10-14 19:37:55+00:00,41018,2022-10-14 13:31:57+00:00,2022-10-15 01:43:53+00:00,2022-10-14 13:02:35+00:00,2022-10-15 02:13:16+00:00,2022-10-14 12:33:17+00:00,2022-10-15 02:42:34+00:00
CISO,2022-10-15,2022-10-15 13:56:56+00:00,2022-10-16 01:18:27+00:00,2022-10-15 19:37:42+00:00,40891,2022-10-15 13:32:46+00:00,2022-10-16 01:42:38+00:00,2022-10-15 13:03:22+00:00,2022-10-16 02:12:01+00:00,2022-10-15 12:34:04+00:00,2022-10-16 02:41:20+00:00
CISO,2022-10-16,2022-10-16 13:57:47+00:00,2022-10-17 01:17:11+00:00,2022-10-16 19:37:29+00:00,40764,2022-10-16 13:33:35+00:00,2022-10-17 01:41:23+00:00,2022-10-16 13:04:10+00:00,2022-10-17 02:10:48+00:00,2022-10-16 12:34:51+00:00,2022-10-17 02:40:07+00:00
CISO,2022-10-17,2022-10-17 13:58:37+00:00,2022-10-18 01:15:56+00:00,2022-10-17 19:37:17+00:00,40639,2022-10-17 13:34:24+00:00,2022-10-18 01:40:10+00:00,2022-10-17 13:04:58+00:00,2022-10-18 02:09:36+00:00,2022-10-17 12:35:39+00:00,2022-10-18 02:38:55+00:00
CISO,2022-10-18,2022-10-18 13:59:28+00:00,2022-10-19 01:14:42+00:00,2022-10-18 19:37:05+00:00,40514,2022-10-18 13:35:13+00:00,2022-10-19 01:38:57+00:00,2022-10-18 13:05:46+00:00,2022-10-19 02:08:25+00:00,2022-10-18 12:36:27+00:00,2022-10-19 02:37:44+00:00
CISO,2022-10-19,2022-10-19 14:00:20+00:00,2022-10-20 01:13:28+00:00,2022-10-19 19:36:54+00:00,40388,2022-10-19 13:36:02+00:00,2022-10-20 01:37:46+00:00,2022-10-19 13:06:34+00:00,2022-10-20 02:07:15+00:00,2022-10-19 12:37:14+00:00,2022-10-20 02:36:34+00:00
CISO,2022-10-20,2022-10-20 14:01:12+00:00,2022-10-21 01:12:16+00:00,2022-10-20 19:36:44+00:00,40264,2022-10-20 13:36:52+00:00,2022-10-21 01:36:35+00:00,2022-10-20 13:07:22+00:00,2022-10-21 02:06:05+00:00,2022-10-20 12:38:02+00:00,2022-10-21 02:35:25+00:00
CISO,2022-10-21,2022-10-21 14:02:04+00:00,2022-10-22 01:11:04+00:00,2022-10-21 19:36:34+00:00,40140,2022-10-21 13:37:42+00:00,2022-10-22 01:35:26+00:00,2022-10-21 13:08:10+00:00,2022-10-22 02:04:58+00:00,2022-10-21 12:38:50+00:00,2022-10-22 02:34:18+00:00
CISO,2022-10-22,2022-10-22 14:02:56+00:00,2022-10-23 01:09:54+00:00,2022-10-22 19:36:25+00:00,40018,2022-10-22 13:38:33+00:00,2022-10-23 01:34:17+00:00,2022-10-22 13:08:59+00:00,2022-10-23 02:03:51+00:00,2022-10-22 12:39:38+00:00,2022-10-23 02:33:12+00:00
CISO,2022-10-23,2022-10-23 14:03:49+00:00,2022-10-24 01:08:44+00:00,2022-10-23 19:36:17+00:00,39895,2022-10-23 13:39:23+00:00,2022-10-24 01:33:10+00:00,2022-10-23 13:09:48+00:00,2022-10-24 02:02:45+00:00,2022-10-23 12:40:26+00:00,2022-10-24 02:32:07+00:00
CISO,2022-10-24,2022-10-24 14:04:42+00:00,2022-10-25 01:07:35+00:00,2022-10-24 19:36:09+00:00,39773,2022-10-24 13:40:14+00:00,2022-10-25 01:32:04+00:00,2022-10-24 13:10:37+00:00,2022-10-25 02:01:41+00:00,2022-10-24 12:41:14+00:00,2022-10-25 02:31:04+00:00
CISO,2022-10-25,2022-10-25 14:05:36+00:00,2022-10-26 01:06:28+00:00,2022-10-25 19:36:02+00:00,39652,2022-10-25 13:41:05+00:00,2022-10-26 01:30:58+00:00,2022-10-25 13:11:26+00:00,2022-10-26 02:00:37+00:00,2022-10-25 12:42:02+00:00,2022-10-26 02:30:02+00:00
CISO,2022-10-26,2022-10-26 14:06:30+00:00,2022-10-27 01:05:21+00:00,2022-10-26 19:35:56+00:00,39531,2022-10-26 13:41:57+00:00,2022-10-27 01:29:54+00:00,2022-10-26 13:12:16+00:00,2022-10-27 01:59:35+00:00,2022-10-26 12:42:50+00:00,2022-10-27 02:29:01+00:00
CISO,2022-10-27,2022-10-27 14:07:24+00:00,2022-10-28 01:04:16+00:00,2022-10-27 19:35:50+00:00,39412,2022-10-27 13:42:49+00:00,2022-10-28 01:28:51+00:00,2022-10-27 13:13:05+00:00,2022-10-28 01:58:35+00:00,2022-10-27 12:43:39+00:00,2022-10-28 02:28:01+00:00
CISO,2022-10-28,2022-10-28 14:08:19+00:00,2022-10-29 01:03:12+00:00,2022-10-28 19:35:45+00:00,39293,2022-10-28 13:43:41+00:00,2022-10-29 01:27:50+00:00,2022-10-28 13:13:55+00:00,2022-10-29 01:57:35+00:00,2022-10-28 12:44:28+00:00,2022-10-29 02:27:03+00:00
CISO,2022-10-29,2022-10-29 14:09:14+00:00,2022-10-30 01:02:09+00:00,2022-10-29 19:35:41+00:00,39175,2022-10-29 13:44:33+00:00,2022-10-30 01:26:50+00:00,2022-10-29 13:14:45+00:00,2022-10-30 01:56:37+00:00,2022-10-29 12:45:16+00:00,2022-10-30 02:26:06+00:00
CISO,2022-10-30,2022-10-30 14:10:09+00:00,2022-10-31 01:01:07+00:00,2022-10-30 19:35:38+00:00,39058,2022-10-30 13:45:26+00:00,2022-10-31 01:25:50+00:00,2022-10-30 13:15:36+00:00,2022-10-31 01:55:41+00:00,2022-10-30 12:46:05+00:00,2022-10-31 02:25:11+00:00
CISO,2022-10-31,2022-10-31 14:11:05+00:00,2022-11-01 01:00:07+00:00,2022-10-31 19:35:36+00:00,38942,2022-10-31 13:46:19+00:00,2022-11-01 01:24:53+00:00,2022-10-31 13:16:26+00:00,2022-11-01 01:54:45+00:00,2022-10-31 12:46:54+00:00,2022-11-01 02:24:17+00:00
CISO,2022-11-01,2022-11-01 14:12:00+00:00,2022-11-02 00:59:08+00:00,2022-11-01 19:35:34+00:00,38828,2022-11-01 13:47:12+00:00,2022-11-02 01:23:56+00:00,2022-11-01 13:17:17+00:00,2022-11-02 01:53:51+00:00,2022-11-01 12:47:43+00:00,2022-11-02 02:23:25+00:00
CISO,2022-11-02,2022-11-02 14:12:57+00:00,2022-11-03 00:58:10+00:00,2022-11-02 19:35:33+00:00,38713,2022-11-02 13:48:05+00:00,2022-11-03 01:23:01+00:00,2022-11-02 13:18:08+00:00,2022-11-03 01:52:59+00:00,2022-11-02 12:48:32+00:00,2022-11-03 02:22:34+00:00
CISO,2022-11-03,2022-11-03 14:13:53+00:00,2022-11-04 00:57:13+00:00,2022-11-03 19:35:33+00:00,38600,2022-11-03 13:48:59+00:00,2022-11-04 01:22:08+00:00,2022-11-03 13:18:59+00:00,2022-11-04 01:52:08+00:00,2022-11-03 12:49:22+00:00,2022-11-04 02:21:45+00:00
CISO,2022-11-04,2022-11-04 14:14:50+00:00,2022-11-05 00:56:18+00:00,2022-11-04 19:35:34+00:00,38488,2022-11-04 13:49:53+00:00,2022-11-05 01:21:15+00:00,2022-11-04 13:19:50+00:00,2022-11-05 01:51:18+00:00,2022-11-04 12:50:11+00:00,2022-11-05 02:20:57+00:00
CISO,2022-11-05,2022-11-05 14:15:47+00:00,2022-11-06 00:55:24+00:00,2022-11-05 19:35:36+00:00,38377,2022-11-05 13:50:47+00:00,2022-11-06 01:20:24+00:00,2022-11-05 13:20:41+00:00,2022-11-06 01:50:30+00:00,2022-11-05 12:51:01+00:00,2022-11-06 02:20:10+00:00
CISO,2022-11-06,2022-11-06 14:16:44+00:00,2022-11-07 00:54:32+00:00,2022-11-06 19:35:38+00:00,38268,2022-11-06 13:51:41+00:00,2022-11-07 01:19:35+00:00,2022-11-06 13:21:33+00:00,2022-11-07 01:49:43+00:00,2022-11-06 12:51:50+00:00,2022-11-07 02:19:26+00:00
CISO,2022-11-07,2022-11-07 14:17:41+00:00,2022-11-08 00:53:41+00:00,2022-11-07 19:35:41+00:00,38160,2022-11-07 13:52:35+00:00,2022-11-08 01:18:47+00:00,2022-11-07 13:22:24+00:00,2022-11-08 01:48:58+00:00,2022-11-07 12:52:40+00:00,2022-11-08 02:18:43+00:00
CISO,2022-11-08,2022-11-08 14:18:39+00:00,2022-11-09 00:52:52+00:00,2022-11-08 19:35:45+00:00,38053,2022-11-08 13:53:30+00:00,2022-11-09 01:18:01+00:00,2022-11-08 13:23:16+00:00,2022-11-09 01:48:15+00:00,2022-11-08 12:53:30+00:00,2022-11-09 02:18:01+00:00
CISO,2022-11-09,2022-11-09 14:19:37+00:00,2022-11-10 00:52:04+00:00,2022-11-09 19:35:50+00:00,37947,2022-11-09 13:54:25+00:00,2022-11-10 01:17:16+00:00,2022-11-09 13:24:08+00:00,2022-11-10 01:47:33+00:00,2022-11-09 12:54:20+00:00,2022-11-10 02:17:21+00:00
CISO,2022-11-10,2022-11-10 14:20:34+00:00,2022-11-11 00:51:18+00:00,2022-11-10 19:35:56+00:00,37844,2022-11-10 13:55:19+00:00,2022-11-11 01:16:33+00:00,2022-11-10 13:25:00+00:00,2022-11-11 01:46:52+00:00,2022-11-10 12:55:10+00:00,2022-11-11 02:16:43+00:00
CISO,2022-11-11,2022-11-11 14:21:32+00:00,2022-11-12 00:50:33+00:00,2022-11-11 19:36:03+00:00,37741,2022-11-11 13:56:14+00:00,2022-11-12 01:15:51+00:00,2022-11-11 13:25:52+00:00,2022-11-12 01:46:14+00:00,2022-11-11 12:56:00+00:00,2022-11-12 02:16:06+00:00
CISO,2022-11-12,2022-11-12 14:22:31+00:00,2022-11-13 00:49:50+00:00,2022-11-12 19:36:10+00:00,37639,2022-11-12 13:57:09+00:00,2022-11-13 01:15:11+00:00,2022-11-12 13:26:44+00:00,2022-11-13 01:45:37+00:00,2022-11-12 12:56:50+00:00,2022-11-13 02:15:31+00:00
CISO,2022-11-13,2022-11-13 14:23:29+00:00,2022-11-14 00:49:09+00:00,2022-11-13 19:36:19+00:00,37540,2022-11-13 13:58:04+00:00,2022-11-14 01:14:33+00:00,2022-11-13 13:27:36+00:00,2022-11-14 01:45:01+00:00,2022-11-13 12:57:40+00:00,2022-11-14 02:14:58+00:00
CISO,2022-11-14,2022-11-14 14:24:27+00:00,2022-11-15 00:48:29+00:00,2022-11-14 19:36:28+00:00,37442,2022-11-14 13:59:00+00:00,2022-11-15 01:13:56+00:00,2022-11-14 13:28:29+00:00,2022-11-15 01:44:27+00:00,2022-11-14 12:58:30+00:00,2022-11-15 02:14:26+00:00
CISO,2022-11-15,2022-11-15 14:25:25+00:00,2022-11-16 00:47:51+00:00,2022-11-15 19:36:38+00:00,37346,2022-11-15 13:59:55+00:00,2022-11-16 01:13:21+00:00,2022-11-15 13:29:21+00:00,2022-11-16 01:43:55+00:00,2022-11-15 12:59:20+00:00,2022-11-16 02:13:56+00:00
CISO,2022-11-16,2022-11-16 14:26:23+00:00,2022-11-17 00:47:15+00:00,2022-11-16 19:36:49+00:00,37252,2022-11-16 14:00:50+00:00,2022-11-17 01:12:48+00:00,2022-11-16 13:30:13+00:00,2022-11-17 01:43:25+00:00,2022-11-16 13:00:10+00:00,2022-11-17 02:13:28+00:00
CISO,2022-11-17,2022-11-17 14:27:21+00:00,2022-11-18 00:46:40+00:00,2022-11-17 19:37:01+00:00,37159,2022-11-17 14:01:45+00:00,2022-11-18 01:12:17+00:00,2022-11-17 13:31:05+00:00,2022-11-18 01:42:56+00:00,2022-11-17 13:01:00+00:00,2022-11-18 02:13:02+00:00
CISO,2022-11-18,2022-11-18 14:28:19+00:00,2022-11-19 00:46:07+00:00,2022-11-18 19:37:13+00:00,37068,2022-11-18 14:02:40+00:00,2022-11-19 01:11:47+00:00,2022-11-18 13:31:57+00:00,2022-11-19 01:42:29+00:00,2022-11-18 13:01:50+00:00,2022-11-19 02:12:37+00:00
CISO,2022-11-19,2022-11-19 14:29:17+00:00,2022-11-20 00:45:36+00:00,2022-11-19 19:37:27+00:00,36979,2022-11-19 14:03:35+00:00,2022-11-20 01:11:19+00:00,2022-11-19 13:32:49+00:00,2022-11-20 01:42:04+00:00,2022-11-19 13:02:40+00:00,2022-11-20 02:12:14+00:00
CISO,2022-11-20,2022-11-20 14:30:15+00:00,2022-11-21 00:45:07+00:00,2022-11-20 19:37:41+00:00,36892,2022-11-20 14:04:29+00:00,2022-11-21 01:10:52+00:00,2022-11-20 13:33:41+00:00,2022-11-21 01:41:41+00:00,2022-11-20 13:03:29+00:00,2022-11-21 02:11:53+00:00
CISO,2022-11-21,2022-11-21 14:31:12+00:00,2022-11-22 00:44:39+00:00,2022-11-21 19:37:56+00:00,36807,2022-11-21 14:05:24+00:00,2022-11-22 01:10:28+00:00,2022-11-21 13:34:33+00:00,2022-11-22 01:41:19+00:00,2022-11-21 13:04:19+00:00,2022-11-22 02:11:33+00:00
CISO,2022-11-22,2022-11-22 14:32:10+00:00,2022-11-23 00:44:14+00:00,2022-11-22 19:38:12+00:00,36724,2022-11-22 14:06:18+00:00,2022-11-23 01:10:05+00:00,2022-11-22 13:35:24+00:00,2022-11-23 01:40:59+00:00,2022-11-22 13:05:08+00:00,2022-11-23 02:11:15+00:00
CISO,2022-11-23,2022-11-23 14:33:07+00:00,2022-11-24 00:43:50+00:00,2022-11-23 19:38:28+00:00,36643,2022-11-23 14:07:12+00:00,2022-11-24 01:09:44+00:00,2022-11-23 13:36:15+00:00,2022-11-24 01:40:41+00:00,2022-11-23 13:05:57+00:00,2022-11-24 02:10:59+00:00
CISO,2022-11-24,2022-11-24 14:34:03+00:00,2022-11-25 00:43:28+00:00,2022-11-24 19:38:46+00:00,36565,2022-11-24 14:08:06+00:00,2022-11-25 01:09:25+00:00,2022-11-24 13:37:07+00:00,2022-11-25 01:40:25+00:00,2022-11-24 13:06:46+00:00,2022-11-25 02:10:45+00:00
CISO,2022-11-25,2022-11-25 14:35:00+00:00,2022-11-26 00:43:08+00:00,2022-11-25 19:39:04+00:00,36488,2022-11-25 14:09:00+00:00,2022-11-26 01:09:08+00:00,2022-11-25 13:37:57+00:00,2022-11-26 01:40:10+00:00,2022-11-25 13:07:35+00:00,2022-11-26 02:10:32+00:00
CISO,2022-11-26,2022-11-26 14:35:55+00:00,2022-11-27 00:42:50+00:00,2022-11-26 19:39:23+00:00,36415,2022-11-26 14:09:53+00:00,2022-11-27 01:08:53+00:00,2022-11-26 13:38:48+00:00,2022-11-27 01:39:58+00:00,2022-11-26 13:08:24+00:00,2022-11-27 02:10:22+00:00
CISO,2022-11-27,2022-11-27 14:36:51+00:00,2022-11-28 00:42:34+00:00,2022-11-27 19:39:42+00:00,36343,2022-11-27 14:10:46+00:00,2022-11-28 01:08:39+00:00,2022-11-27 13:39:38+00:00,2022-11-28 01:39:47+00:00,2022-11-27 13:09:12+00:00,2022-11-28 02:10:13+00:00
CISO,2022-11-28,2022-11-28 14:37:46+00:00,2022-11-29 00:42:19+00:00,2022-11-28 19:40:03+00:00,36273,2022-11-28 14:11:38+00:00,2022-11-29 01:08:27+00:00,2022-11-28 13:40:28+00:00,2022-11-29 01:39:37+00:00,2022-11-28 13:10:00+00:00,2022-11-29 02:10:06+00:00
CISO,2022-11-29,2022-11-29 14:38:40+00:00,2022-11-30 00:42:07+00:00,2022-11-29 19:40:24+00:00,36207,2022-11-29 14:12:30+00:00,2022-11-30 01:08:18+00:00,2022-11-29 13:41:17+00:00,2022-11-30 01:39:30+00:00,2022-11-29 13:10:47+00:00,2022-11-30 02:10:00+00:00
CISO,2022-11-30,2022-11-30 14:39:34+00:00,2022-12-01 00:41:57+00:00,2022-11-30 19:40:45+00:00,36143,2022-11-30 14:13:21+00:00,2022-12-01 01:08:10+00:00,2022-11-30 13:42:06+00:00,2022-12-01 01:39:24+00:00,2022-11-30 13:11:34+00:00,2022-12-01 02:09:56+00:00
CISO,2022-12-01,2022-12-01 14:40:27+00:00,2022-12-02 00:41:48+00:00,2022-12-01 19:41:08+00:00,36081,2022-12-01 14:14:12+00:00,2022-12-02 01:08:04+00:00,2022-12-01 13:42:55+00:00,2022-12-02 01:39:21+00:00,2022-12-01 13:12:21+00:00,2022-12-02 02:09:54+00:00
CISO,2022-12-02,2022-12-02 14:41:20+00:00,2022-12-03 00:41:42+00:00,2022-12-02 19:41:31+00:00,36022,2022-12-02 14:15:02+00:00,2022-12-03 01:07:59+00:00,2022-12-02 13:43:43+00:00,2022-12-03 01:39:19+00:00,2022-12-02 13:13:07+00:00,2022-12-03 02:09:54+00:00
CISO,2022-12-03,2022-12-03 14:42:12+00:00,2022-12-04 00:41:37+00:00,2022-12-03 19:41:54+00:00,35965,2022-12-03 14:15:52+00:00,2022-12-04 01:07:57+00:00,2022-12-03 13:44:30+00:00,2022-12-04 01:39:19+00:00,2022-12-03 13:13:53+00:00,2022-12-04 02:09:56+00:00
CISO,2022-12-04,2022-12-04 14:43:03+00:00,2022-12-05 00:41:35+00:00,2022-12-04 19:42:19+00:00,35912,2022-12-04 14:16:41+00:00,2022-12-05 01:07:56+00:00,2022-12-04 13:45:17+00:00,2022-12-05 01:39:20+00:00,2022-12-04 13:14:38+00:00,2022-12-05 02:09:59+00:00
CISO,2022-12-05,2022-12-05 14:43:53+00:00,2022-12-06 00:41:34+00:00,2022-12-05 19:42:43+00:00,35861,2022-12-05 14:17:29+00:00,2022-12-06 01:07:58+00:00,2022-12-05 13:46:03+00:00,2022-12-06 01:39:23+00:00,2022-12-05 13:15:23+00:00,2022-12-06 02:10:04+00:00
CISO,2022-12-06,2022-12-06 14:44:42+00:00,2022-12-07 00:41:35+00:00,2022-12-06 19:43:09+00:00,35813,2022-12-06 14:18:16+00:00,2022-12-07 01:08:01+00:00,2022-12-06 13:46:49+00:00,2022-12-07 01:39:28+00:00,2022-12-06 13:16:07+00:00,2022-12-07 02:10:10+00:00
CISO,2022-12-07,2022-12-07 14:45:30+00:00,2022-12-08 00:41:38+00:00,2022-12-07 19:43:34+00:00,35768,2022-12-07 14:19:03+00:00,2022-12-08 01:08:06+00:00,2022-12-07 13:47:33+00:00,2022-12-08 01:39:35+00:00,2022-12-07 13:16:51+00:00,2022-12-08 02:10:18+00:00
CISO,2022-12-08,2022-12-08 14:46:18+00:00,2022-12-09 00:41:44+00:00,2022-12-08 19:44:01+00:00,35726,2022-12-08 14:19:48+00:00,2022-12-09 01:08:13+00:00,2022-12-08 13:48:18+00:00,2022-12-09 01:39:44+00:00,2022-12-08 13:17:33+00:00,2022-12-09 02:10:28+00:00
CISO,2022-12-09,2022-12-09 14:47:04+00:00,2022-12-10 00:41:51+00:00,2022-12-09 19:44:27+00:00,35687,2022-12-09 14:20:33+00:00,2022-12-10 01:08:22+00:00,2022-12-09 13:49:01+00:00,2022-12-10 01:39:54+00:00,2022-12-09 13:18:15+00:00,2022-12-10 02:10:40+00:00
CISO,2022-12-10,2022-12-10 14:47:50+00:00,2022-12-11 00:42:00+00:00,2022-12-10 19:44:55+00:00,35650,2022-12-10 14:21:17+00:00,2022-12-11 01:08:32+00:00,2022-12-10 13:49:43+00:00,2022-12-11 01:40:06+00:00,2022-12-10 13:18:57+00:00,2022-12-11 02:10:53+00:00
CISO,2022-12-11,2022-12-11 14:48:34+00:00,2022-12-12 00:42:11+00:00,2022-12-11 19:45:22+00:00,35617,2022-12-11 14:22:00+00:00,2022-12-12 01:08:44+00:00,2022-12-11 13:50:25+00:00,2022-12-12 01:40:20+00:00,2022-12-11 13:19:37+00:00,2022-12-12 02:11:07+00:00
CISO,2022-12-12,2022-12-12 14:49:17+00:00,2022-12-13 00:42:23+00:00,2022-12-12 19:45:50+00:00,35586,2022-12-12 14:22:42+00:00,2022-12-13 01:08:58+00:00,2022-12-12 13:51:05+00:00,2022-12-13 01:40:35+00:00,2022-12-12 13:20:17+00:00,2022-12-13 02:11:24+00:00
CISO,2022-12-13,2022-12-13 14:49:59+00:00,2022-12-14 00:42:38+00:00,2022-12-13 19:46:18+00:00,35559,2022-12-13 14:23:22+00:00,2022-12-14 01:09:14+00:00,2022-12-13 13:51:45+00:00,2022-12-14 01:40:52+00:00,2022-12-13 13:20:55+00:00,2022-12-14 02:11:41+00:00
CISO,2022-12-14,2022-12-14 14:50:39+00:00,2022-12-15 00:42:55+00:00,2022-12-14 19:46:47+00:00,35536,2022-12-14 14:24:02+00:00,2022-12-15 01:09:32+00:00,2022-12-14 13:52:24+00:00,2022-12-15 01:41:10+00:00,2022-12-14 13:21:33+00:00,2022-12-15 02:12:01+00:00
CISO,2022-12-15,2022-12-15 14:51:19+00:00,2022-12-16 00:43:13+00:00,2022-12-15 19:47:16+00:00,35514,2022-12-15 14:24:41+00:00,2022-12-16 01:09:51+00:00,2022-12-15 13:53:01+00:00,2022-12-16 01:41:31+00:00,2022-12-15 13:22:10+00:00,2022-12-16 02:12:21+00:00
CISO,2022-12-16,2022-12-16 14:51:57+00:00,2022-12-17 00:43:33+00:00,2022-12-16 19:47:45+00:00,35496,2022-12-16 14:25:18+00:00,2022-12-17 01:10:12+00:00,2022-12-16 13:53:38+00:00,2022-12-17 01:41:52+00:00,2022-12-16 13:22:46+00:00,2022-12-17 02:12:44+00:00
CISO,2022-12-17,2022-12-17 14:52:33+00:00,2022-12-18 00:43:55+00:00,2022-12-17 19:48:14+00:00,35482,2022-12-17 14:25:54+00:00,2022-12-18 01:10:35+00:00,2022-12-17 13:54:13+00:00,2022-12-18 01:42:15+00:00,2022-12-17 13:23:21+00:00,2022-12-18 02:13:07+00:00
CISO,2022-12-18,2022-12-18 14:53:08+00:00,2022-12-19 00:44:19+00:00,2022-12-18 19:48:44+00:00,35471,2022-12-18 14:26:29+00:00,2022-12-19 01:10:59+00:00,2022-12-18 13:54:47+00:00,2022-12-19 01:42:40+00:00,2022-12-18 13:23:55+00:00,2022-12-19 02:13:32+00:00
CISO,2022-12-19,2022-12-19 14:53:42+00:00,2022-12-20 00:44:45+00:00,2022-12-19 19:49:13+00:00,35463,2022-12-19 14:27:02+00:00,2022-12-20 01:11:25+00:00,2022-12-19 13:55:20+00:00,2022-12-20 01:43:06+00:00,2022-12-19 13:24:28+00:00,2022-12-20 02:13:59+00:00
CISO,2022-12-20,2022-12-20 14:54:14+00:00,2022-12-21 00:45:12+00:00,2022-12-20 19:49:43+00:00,35458,2022-12-20 14:27:34+00:00,2022-12-21 01:11:52+00:00,2022-12-20 13:55:52+00:00,2022-12-21 01:43:34+00:00,2022-12-20 13:25:00+00:00,2022-12-21 02:14:27+00:00
CISO,2022-12-21,2022-12-21 14:54:45+00:00,2022-12-22 00:45:41+00:00,2022-12-21 19:50:13+00:00,35456,2022-12-21 14:28:05+00:00,2022-12-22 01:12:21+00:00,2022-12-21 13:56:23+00:00,2022-12-22 01:44:03+00:00,2022-12-21 13:25:30+00:00,2022-12-22 02:14:56+00:00
CISO,2022-12-22,2022-12-22 14:55:14+00:00,2022-12-23 00:46:11+00:00,2022-12-22 19:50:43+00:00,35457,2022-12-22 14:28:34+00:00,2022-12-23 01:12:52+00:00,2022-12-22 13:56:52+00:00,2022-12-23 01:44:33+00:00,2022-12-22 13:25:59+00:00,2022-12-23 02:15:26+00:00
CISO,2022-12-23,2022-12-23 14:55:42+00:00,2022-12-24 00:46:43+00:00,2022-12-23 19:51:13+00:00,35461,2022-12-23 14:29:02+00:00,2022-12-24 01:13:24+00:00,2022-12-23 13:57:20+00:00,2022-12-24 01:45:05+00:00,2022-12-23 13:26:27+00:00,2022-12-24 02:15:58+00:00
CISO,2022-12-24,2022-12-24 14:56:08+00:00,2022-12-25 00:47:17+00:00,2022-12-24 19:51:42+00:00,35469,2022-12-24 14:29:28+00:00,2022-12-25 01:13:57+00:00,2022-12-24 13:57:47+00:00,2022-12-25 01:45:38+00:00,2022-12-24 13:26:54+00:00,2022-12-25 02:16:31+00:00
CISO,2022-12-25,2022-12-25 14:56:32+00:00,2022-12-26 00:47:52+00:00,2022-12-25 19:52:12+00:00,35480,2022-12-25 14:29:52+00:00,2022-12-26 01:14:32+00:00,2022-12-25 13:58:12+00:00,2022-12-26 01:46:13+00:00,2022-12-25 13:27:20+00:00,2022-12-26 02:17:05+00:00
CISO,2022-12-26,2022-12-26 14:56:54+00:00,2022-12-27 00:48:29+00:00,2022-12-26 19:52:42+00:00,35495,2022-12-26 14:30:16+00:00,2022-12-27 01:15:08+00:00,2022-12-26 13:58:35+00:00,2022-12-27 01:46:48+00:00,2022-12-26 13:27:44+00:00,2022-12-27 02:17:40+00:00
CISO,2022-12-27,2022-12-27 14:57:15+00:00,2022-12-28 00:49:07+00:00,2022-12-27 19:53:11+00:00,35512,2022-12-27 14:30:37+00:00,2022-12-28 01:15:45+00:00,2022-12-27 13:58:58+00:00,2022-12-28 01:47:25+00:00,2022-12-27 13:28:07+00:00,2022-12-28 02:18:16+00:00
CISO,2022-12-28,2022-12-28 14:57:34+00:00,2022-12-29 00:49:47+00:00,2022-12-28 19:53:41+00:00,35533,2022-12-28 14:30:57+00:00,2022-12-29 01:16:24+00:00,2022-12-28 13:59:18+00:00,2022-12-29 01:48:03+00:00,2022-12-28 13:28:28+00:00,2022-12-29 02:18:53+00:00
CISO,2022-12-29,2022-12-29 14:57:52+00:00,2022-12-30 00:50:28+00:00,2022-12-29 19:54:10+00:00,35556,2022-12-29 14:31:15+00:00,2022-12-30 01:17:04+00:00,2022-12-29 13:59:38+00:00,2022-12-30 01:48:42+00:00,2022-12-29 13:28:48+00:00,2022-12-30 02:19:31+00:00
CISO,2022-12-30,2022-12-30 14:58:07+00:00,2022-12-31 00:51:10+00:00,2022-12-30 19:54:39+00:00,35583,2022-12-30 14:31:32+00:00,2022-12-31 01:17:45+00:00,2022-12-30 13:59:55+00:00,2022-12-31 01:49:22+00:00,2022-12-30 13:29:07+00:00,2022-12-31 02:20:11+00:00
CISO,2022-12-31,2022-12-31 14:58:21+00:00,2023-01-01 00:51:54+00:00,2022-12-31 19:55:07+00:00,35613,2022-12-31 14:31:47+00:00,2023-01-01 01:18:28+00:00,2022-12-31 14:00:11+00:00,2023-01-01 01:50:03+00:00,2022-12-31 13:29:24+00:00,2023-01-01 02:20:51+00:00
CISO,2023-01-01,2023-01-01 14:58:33+00:00,2023-01-02 00:52:39+00:00,2023-01-01 19:55:36+00:00,35646,2023-01-01 14:32:00+00:00,2023-01-02 01:19:11+00:00,2023-01-01 14:00:26+00:00,2023-01-02 01:50:45+00:00,2023-01-01 13:29:39+00:00,2023-01-02 02:21:32+00:00
CISO,2023-01-02,2023-01-02 14:58:43+00:00,2023-01-03 00:53:25+00:00,2023-01-02 19:56:04+00:00,35682,2023-01-02 14:32:11+00:00,2023-01-03 01:19:56+00:00,2023-01-02 14:00:39+00:00,2023-01-03 01:51:29+00:00,2023-01-02 13:29:53+00:00,2023-01-03 02:22:14+00:00
CISO,2023-01-03,2023-01-03 14:58:51+00:00,2023-01-04 00:54:12+00:00,2023-01-03 19:56:31+00:00,35721,2023-01-03 14:32:21+00:00,2023-01-04 01:20:42+00:00,2023-01-03 14:00:50+00:00,2023-01-04 01:52:13+00:00,2023-01-03 13:30:06+00:00,2023-01-04 02:22:57+00:00
CISO,2023-01-04,2023-01-04 14:58:57+00:00,2023-01-05 00:55:01+00:00,2023-01-04 19:56:59+00:00,35764,2023-01-04 14:32:29+00:00,2023-01-05 01:21:28+00:00,2023-01-04 14:01:00+00:00,2023-01-05 01:52:58+00:00,2023-01-04 13:30:17+00:00,2023-01-05 02:23:41+00:00
CISO,2023-01-05,2023-01-05 14:59:01+00:00,2023-01-06 00:55:50+00:00,2023-01-05 19:57:26+00:00,35809,2023-01-05 14:32:35+00:00,2023-01-06 01:22:16+00:00,2023-01-05 14:01:08+00:00,2023-01-06 01:53:43+00:00,2023-01-05 13:30:26+00:00,2023-01-06 02:24:25+00:00
CISO,2023-01-06,2023-01-06 14:59:04+00:00,2023-01-07 00:56:40+00:00,2023-01-06 19:57:52+00:00,35856,2023-01-06 14:32:40+00:00,2023-01-07 01:23:04+00:00,2023-01-06 14:01:14+00:00,2023-01-07 01:54:30+00:00,2023-01-06 13:30:34+00:00,2023-01-07 02:25:10+00:00
CISO,2023-01-07,2023-01-07 14:59:04+00:00,2023-01-08 00:57:32+00:00,2023-01-07 19:58:18+00:00,35908,2023-01-07 14:32:42+00:00,2023-01-08 01:23:54+00:00,2023-01-07 14:01:18+00:00,2023-01-08 01:55:17+00:00,2023-01-07 13:30:40+00:00,2023-01-08 02:25:56+00:00
CISO,2023-01-08,2023-01-08 14:59:03+00:00,2023-01-09 00:58:24+00:00,2023-01-08 19:58:43+00:00,35961,2023-01-08 14:32:43+00:00,2023-01-09 01:24:44+00:00,2023-01-08 14:01:21+00:00,2023-01-09 01:56:05+00:00,2023-01-08 13:30:44+00:00,2023-01-09 02:26:43+00:00
CISO,2023-01-09,2023-01-09 14:59:00+00:00,2023-01-10 00:59:17+00:00,2023-01-09 19:59:08+00:00,36017,2023-01-09 14:32:42+00:00,2023-01-10 01:25:35+00:00,2023-01-09 14:01:22+00:00,2023-01-10 01:56:54+00:00,2023-01-09 13:30:47+00:00,2023-01-10 02:27:30+00:00
CISO,2023-01-10,2023-01-10 14:58:54+00:00,2023-01-11 01:00:11+00:00,2023-01-10 19:59:33+00:00,36077,2023-01-10 14:32:39+00:00,2023-01-11 01:26:26+00:00,2023-01-10 14:01:22+00:00,2023-01-11 01:57:44+00:00,2023-01-10 13:30:48+00:00,2023-01-11 02:28:17+00:00
CISO,2023-01-11,2023-01-11 14:58:47+00:00,2023-01-12 01:01:06+00:00,2023-01-11 19:59:56+00:00,36139,2023-01-11 14:32:34+00:00,2023-01-12 01:27:19+00:00,2023-01-11 14:01:19+00:00,2023-01-12 01:58:34+00:00,2023-01-11 13:30:47+00:00,2023-01-12 02:29:06+00:00
CISO,2023-01-12,2023-01-12 14:58:38+00:00,2023-01-13 01:02:01+00:00,2023-01-12 20:00:20+00:00,36203,2023-01-12 14:32:28+00:00,2023-01-13 01:28:11+00:00,2023-01-12 14:01:15+00:00,2023-01-13 01:59:24+00:00,2023-01-12 13:30:45+00:00,2023-01-13 02:29:54+00:00
CISO,2023-01-13,2023-01-13 14:58:27+00:00,2023-01-14 01:02:57+00:00,2023-01-13 20:00:42+00:00,36270,2023-01-13 14:32:20+00:00,2023-01-14 01:29:05+00:00,2023-01-13 14:01:09+00:00,2023-01-14 02:00:15+00:00,2023-01-13 13:30:41+00:00,2023-01-14 02:30:43+00:00
CISO,2023-01-14,2023-01-14 14:58:15+00:00,2023-01-15 01:03:54+00:00,2023-01-14 20:01:04+00:00,36339,2023-01-14 14:32:09+00:00,2023-01-15 01:29:59+00:00,2023-01-14 14:01:02+00:00,2023-01-15 02:01:07+00:00,2023-01-14 13:30:35+00:00,2023-01-15 02:31:33+00:00
CISO,2023-01-15,2023-01-15 14:58:00+00:00,2023-01-16 01:04:51+00:00,2023-01-15 20:01:26+00:00,36411,2023-01-15 14:31:57+00:00,2023-01-16 01:30:54+00:00,2023-01-15 14:00:52+00:00,2023-01-16 02:01:59+00:00,2023-01-15 13:30:28+00:00,2023-01-16 02:32:23+00:00
CISO,2023-01-16,2023-01-16 14:57:43+00:00,2023-01-17 01:05:49+00:00,2023-01-16 20:01:46+00:00,36486,2023-01-16 14:31:44+00:00,2023-01-17 01:31:49+00:00,2023-01-16 14:00:41+00:00,2023-01-17 02:02:51+00:00,2023-01-16 13:30:19+00:00,2023-01-17 02:33:13+00:00
CISO,2023-01-17,2023-01-17 14:57:25+00:00,2023-01-18 01:06:47+00:00,2023-01-17 20:02:06+00:00,36562,2023-01-17 14:31:28+00:00,2023-01-18 01:32:44+00:00,2023-01-17 14:00:28+00:00,2023-01-18 02:03:44+00:00,2023-01-17 13:30:08+00:00,2023-01-18 02:34:04+00:00
CISO,2023-01-18,2023-01-18 14:57:05+00:00,2023-01-19 01:07:46+00:00,2023-01-18 20:02:25+00:00,36641,2023-01-18 14:31:10+00:00,2023-01-19 01:33:40+00:00,2023-01-18 14:00:14+00:00,2023-01-19 02:04:37+00:00,2023-01-18 13:29:55+00:00,2023-01-19 02:34:55+00:00
CISO,2023-01-19,2023-01-19 14:56:42+00:00,2023-01-20 01:08:45+00:00,2023-01-19 20:02:44+00:00,36723,2023-01-19 14:30:51+00:00,2023-01-20 01:34:36+00:00,2023-01-19 13:59:57+00:00,2023-01-20 02:05:31+00:00,2023-01-19 13:29:41+00:00,2023-01-20 02:35:47+00:00
CISO,2023-01-20,2023-01-20 14:56:18+00:00,2023-01-21 01:09:45+00:00,2023-01-20 20:03:02+00:00,36807,2023-01-20 14:30:30+00:00,2023-01-21 01:35:33+00:00,2023-01-20 13:59:39+00:00,2023-01-21 02:06:24+00:00,2023-01-20 13:29:25+00:00,2023-01-21 02:36:38+00:00
CISO,2023-01-21,2023-01-21 14:55:53+00:00,2023-01-22 01:10:45+00:00,2023-01-21 20:03:19+00:00,36892,2023-01-21 14:30:07+00:00,2023-01-22 01:36:30+00:00,2023-01-21 13:59:19+00:00,2023-01-22 02:07:18+00:00,2023-01-21 13:29:07+00:00,2023-01-22 02:37:30+00:00
CISO,2023-01-22,2023-01-22 14:55:25+00:00,2023-01-23 01:11:45+00:00,2023-01-22 20:03:35+00:00,36980,2023-01-22 14:29:43+00:00,2023-01-23 01:37:27+00:00,2023-01-22 13:58:57+00:00,2023-01-23 02:08:12+00:00,2023-01-22 13:28:48+00:00,2023-01-23 02:38:22+00:00
CISO,2023-01-23,2023-01-23 14:54:56+00:00,2023-01-24 01:12:45+00:00,2023-01-23 20:03:50+00:00,37069,2023-01-23 14:29:16+00:00,2023-01-24 01:38:24+00:00,2023-01-23 13:58:34+00:00,2023-01-24 02:09:07+00:00,2023-01-23 13:28:26+00:00,2023-01-24 02:39:14+00:00
CISO,2023-01-24,2023-01-24 14:54:24+00:00,2023-01-25 01:13:46+00:00,2023-01-24 20:04:05+00:00,37162,2023-01-24 14:28:48+00:00,2023-01-25 01:39:22+00:00,2023-01-24 13:58:09+00:00,2023-01-25 02:10:01+00:00,2023-01-24 13:28:03+00:00,2023-01-25 02:40:07+00:00
CISO,2023-01-25,2023-01-25 14:53:51+00:00,2023-01-26 01:14:46+00:00,2023-01-25 20:04:19+00:00,37255,2023-01-25 14:28:18+00:00,2023-01-26 01:40:19+00:00,2023-01-25 13:57:42+00:00,2023-01-26 02:10:56+00:00,2023-01-25 13:27:39+00:00,2023-01-26 02:40:59+00:00
CISO,2023-01-26,2023-01-26 14:53:17+00:00,2023-01-27 01:15:47+00:00,2023-01-26 20:04:32+00:00,37350,2023-01-26 14:27:47+00:00,2023-01-27 01:41:17+00:00,2023-01-26 13:57:13+00:00,2023-01-27 02:11:51+00:00,2023-01-26 13:27:12+00:00,2023-01-27 02:41:52+00:00
CISO,2023-01-27,2023-01-27 14:52:41+00:00,2023-01-28 01:16:48+00:00,2023-01-27 20:04:44+00:00,37447,2023-01-27 14:27:14+00:00,2023-01-28 01:42:15+00:00,2023-01-27 13:56:43+00:00,2023-01-28 02:12:46+00:00,2023-01-27 13:26:44+00:00,2023-01-28 02:42:44+00:00
CISO,2023-01-28,2023-01-28 14:52:03+00:00,2023-01-29 01:17:49+00:00,2023-01-28 20:04:56+00:00,37546,2023-01-28 14:26:39+00:00,2023-01-29 01:43:13+00:00,2023-01-28 13:56:11+00:00,2023-01-29 02:13:41+00:00,2023-01-28 13:26:14+00:00,2023-01-29 02:43:37+00:00
CISO,2023-01-29,2023-01-29 14:51:23+00:00,2023-01-30 01:18:50+00:00,2023-01-29 20:05:06+00:00,37647,2023-01-29 14:26:02+00:00,2023-01-30 01:44:11+00:00,2023-01-29 13:55:37+00:00,2023-01-30 02:14:35+00:00,2023-01-29 13:25:43+00:00,2023-01-30 02:44:30+00:00
CISO,2023-01-30,2023-01-30 14:50:42+00:00,2023-01-31 01:19:51+00:00,2023-01-30 20:05:16+00:00,37749,2023-01-30 14:25:24+00:00,2023-01-31 01:45:08+00:00,2023-01-30 13:55:02+00:00,2023-01-31 02:15:30+00:00,2023-01-30 13:25:10+00:00,2023-01-31 02:45:23+00:00
CISO,2023-01-31,2023-01-31 14:49:59+00:00,2023-02-01 01:20:52+00:00,2023-01-31 20:05:25+00:00,37853,2023-01-31 14:24:44+00:00,2023-02-01 01:46:06+00:00,2023-01-31 13:54:25+00:00,2023-02-01 02:16:25+00:00,2023-01-31 13:24:35+00:00,2023-02-01 02:46:16+00:00
CISO,2023-02-01,2023-02-01 14:49:14+00:00,2023-02-02 01:21:53+00:00,2023-02-01 20:05:34+00:00,37959,2023-02-01 14:24:03+00:00,2023-02-02 01:47:04+00:00,2023-02-01 13:53:47+00:00,2023-02-02 02:17:20+00:00,2023-02-01 13:23:59+00:00,2023-02-02 02:47:08+00:00
CISO,2023-02-02,2023-02-02 14:48:28+00:00,2023-02-03 01:22:54+00:00,2023-02-02 20:05:41+00:00,38066,2023-02-02 14:23:20+00:00,2023-02-03 01:48:02+00:00,2023-02-02 13:53:07+00:00,2023-02-03 02:18:15+00:00,2023-02-02 13:23:21+00:00,2023-02-03 02:48:01+00:00
CISO,2023-02-03,2023-02-03 14:47:41+00:00,2023-02-04 01:23:54+00:00,2023-02-03 20:05:48+00:00,38173,2023-02-03 14:22:36+00:00,2023-02-04 01:48:59+00:00,2023-02-03 13:52:25+00:00,2023-02-04 02:19:10+00:00,2023-02-03 13:22:41+00:00,2023-02-04 02:48:54+00:00
CISO,2023-02-04,2023-02-04 14:46:52+00:00,2023-02-05 01:24:55+00:00,2023-02-04 20:05:53+00:00,38283,2023-02-04 14:21:50+00:00,2023-02-05 01:49:57+00:00,2023-02-04 13:51:42+00:00,2023-02-05 02:20:05+00:00,2023-02-04 13:22:00+00:00,2023-02-05 02:49:47+00:00
CISO,2023-02-05,2023-02-05 14:46:02+00:00,2023-02-06 01:25:55+00:00,2023-02-05 20:05:58+00:00,38393,2023-02-05 14:21:02+00:00,2023-02-06 01:50:54+00:00,2023-02-05 13:50:57+00:00,2023-02-06 02:20:59+00:00,2023-02-05 13:21:17+00:00,2023-02-06 02:50:40+00:00
CISO,2023-02-06,2023-02-06 14:45:10+00:00,2023-02-07 01:26:55+00:00,2023-02-06 20:06:03+00:00,38505,2023-02-06 14:20:13+00:00,2023-02-07 01:51:52+00:00,2023-02-06 13:50:11+00:00,2023-02-07 02:21:54+00:00,2023-02-06 13:20:33+00:00,2023-02-07 02:51:33+00:00
CISO,2023-02-07,2023-02-07 14:44:16+00:00,2023-02-08 01:27:55+00:00,2023-02-07 20:06:06+00:00,38619,2023-02-07 14:19:23+00:00,2023-02-08 01:52:49+00:00,2023-02-07 13:49:23+00:00,2023-02-08 02:22:48+00:00,2023-02-07 13:19:47+00:00,2023-02-08 02:52:25+00:00
CISO,2023-02-08,2023-02-08 14:43:22+00:00,2023-02-09 01:28:55+00:00,2023-02-08 20:06:09+00:00,38733,2023-02-08 14:18:31+00:00,2023-02-09 01:53:46+00:00,2023-02-08 13:48:34+00:00,2023-02-09 02:23:43+00:00,2023-02-08 13:18:59+00:00,2023-02-09 02:53:18+00:00
CISO,2023-02-09,2023-02-09 14:42:26+00:00,2023-02-10 01:29:55+00:00,2023-02-09 20:06:10+00:00,38849,2023-02-09 14:17:38+00:00,2023-02-10 01:54:43+00:00,2023-02-09 13:47:44+00:00,2023-02-10 02:24:37+00:00,2023-02-09 13:18:10+00:00,2023-02-10 02:54:10+00:00
CISO,2023-02-10,2023-02-10 14:41:28+00:00,2023-02-11 01:30:54+00:00,2023-02-10 20:06:11+00:00,38966,2023-02-10 14:16:44+00:00,2023-02-11 01:55:39+00:00,2023-02-10 13:46:52+00:00,2023-02-11 02:25:31+00:00,2023-02-10 13:17:20+00:00,2023-02-11 02:55:03+00:00
CISO,2023-02-11,2023-02-11 14:40:30+00:00,2023-02-12 01:31:53+00:00,2023-02-11 20:06:12+00:00,39083,2023-02-11 14:15:48+00:00,2023-02-12 01:56:35+00:00,2023-02-11 13:45:58+00:00,2023-02-12 02:26:25+00:00,2023-02-11 13:16:28+00:00,2023-02-12 02:55:55+00:00
CISO,2023-02-12,2023-02-12 14:39:30+00:00,2023-02-13 01:32:52+00:00,2023-02-12 20:06:11+00:00,39202,2023-02-12 14:14:51+00:00,2023-02-13 01:57:32+00:00,2023-02-12 13:45:03+00:00,2023-02-13 02:27:19+00:00,2023-02-12 13:15:34+00:00,2023-02-13 02:56:48+00:00
CISO,2023-02-13,2023-02-13 14:38:29+00:00,2023-02-14 01:33:51+00:00,2023-02-13 20:06:10+00:00,39322,2023-02-13 14:13:52+00:00,2023-02-14 01:58:27+00:00,2023-02-13 13:44:07+00:00,2023-02-14 02:28:12+00:00,2023-02-13 13:14:40+00:00,2023-02-14 02:57:40+00:00
CISO,2023-02-14,2023-02-14 14:37:27+00:00,2023-02-15 01:34:49+00:00,2023-02-14 20:06:08+00:00,39442,2023-02-14 14:12:52+00:00,2023-02-15 01:59:23+00:00,2023-02-14 13:43:10+00:00,2023-02-15 02:29:06+00:00,2023-02-14 13:13:43+00:00,2023-02-15 02:58:32+00:00
CISO,2023-02-15,2023-02-15 14:36:23+00:00,2023-02-16 01:35:47+00:00,2023-02-15 20:06:05+00:00,39564,2023-02-15 14:11:51+00:00,2023-02-16 02:00:19+00:00,2023-02-15 13:42:11+00:00,2023-02-16 02:29:59+00:00,2023-02-15 13:12:46+00:00,2023-02-16 02:59:24+00:00
CISO,2023-02-16,2023-02-16 14:35:19+00:00,2023-02-17 01:36:44+00:00,2023-02-16 20:06:02+00:00,39685,2023-02-16 14:10:49+00:00,2023-02-17 02:01:14+00:00,2023-02-16 13:41:11+00:00,2023-02-17 02:30:52+00:00,2023-02-16 13:11:47+00:00,2023-02-17 03:00:16+00:00
CISO,2023-02-17,2023-02-17 14:34:13+00:00,2023-02-18 01:37:42+00:00,2023-02-17 20:05:57+00:00,39809,2023-02-17 14:09:46+00:00,2023-02-18 02:02:09+00:00,2023-02-17 13:40:10+00:00,2023-02-18 02:31:45+00:00,2023-02-17 13:10:47+00:00,2023-02-18 03:01:08+00:00
CISO,2023-02-18,2023-02-18 14:33:06+00:00,2023-02-19 01:38:39+00:00,2023-02-18 20:05:53+00:00,39933,2023-02-18 14:08:42+00:00,2023-02-19 02:03:03+00:00,2023-02-18 13:39:07+00:00,2023-02-19 02:32:38+00:00,2023-02-18 13:09:45+00:00,2023-02-19 03:02:00+00:00
CISO,2023-02-19,2023-02-19 14:31:59+00:00,2023-02-20 01:39:35+00:00,2023-02-19 20:05:47+00:00,40056,2023-02-19 14:07:36+00:00,2023-02-20 02:03:58+00:00,2023-02-19 13:38:03+00:00,2023-02-20 02:33:31+00:00,2023-02-19 13:08:42+00:00,2023-02-20 03:02:52+00:00
CISO,2023-02-20,2023-02-20 14:30:50+00:00,2023-02-21 01:40:32+00:00,2023-02-20 20:05:41+00:00,40182,2023-02-20 14:06:30+00:00,2023-02-21 02:04:52+00:00,2023-02-20 13:36:58+00:00,2023-02-21 02:34:23+00:00,2023-02-20 13:07:38+00:00,2023-02-21 03:03:44+00:00
CISO,2023-02-21,2023-02-21 14:29:40+00:00,2023-02-22 01:41:27+00:00,2023-02-21 20:05:34+00:00,40307,2023-02-21 14:05:22+00:00,2023-02-22 02:05:46+00:00,2023-02-21 13:35:52+00:00,2023-02-22 02:35:15+00:00,2023-02-21 13:06:33+00:00,2023-02-22 03:04:35+00:00
CISO,2023-02-22,2023-02-22 14:28:30+00:00,2023-02-23 01:42:23+00:00,2023-02-22 20:05:26+00:00,40433,2023-02-22 14:04:13+00:00,2023-02-23 02:06:39+00:00,2023-02-22 13:34:45+00:00,2023-02-23 02:36:08+00:00,2023-02-22 13:05:26+00:00,2023-02-23 03:05:27+00:00
CISO,2023-02-23,2023-02-23 14:27:18+00:00,2023-02-24 01:43:18+00:00,2023-02-23 20:05:18+00:00,40560,2023-02-23 14:03:04+00:00,2023-02-24 02:07:33+00:00,2023-02-23 13:33:37+00:00,2023-02-24 02:37:00+00:00,2023-02-23 13:04:18+00:00,2023-02-24 03:06:18+00:00
CISO,2023-02-24,2023-02-24 14:26:06+00:00,2023-02-25 01:44:13+00:00,2023-02-24 20:05:10+00:00,40687,2023-02-24 14:01:53+00:00,2023-02-25 02:08:26+00:00,2023-02-24 13:32:28+00:00,2023-02-25 02:37:51+00:00,2023-02-24 13:03:09+00:00,2023-02-25 03:07:10+00:00
CISO,2023-02-25,2023-02-25 14:24:53+00:00,2023-02-26 01:45:08+00:00,2023-02-25 20:05:00+00:00,40815,2023-02-25 14:00:42+00:00,2023-02-26 02:09:19+00:00,2023-02-25 13:31:17+00:00,2023-02-26 02:38:43+00:00,2023-02-25 13:01:59+00:00,2023-02-26 03:08:01+00:00
CISO,2023-02-26,2023-02-26 14:23:38+00:00,2023-02-27 01:46:02+00:00,2023-02-26 20:04:50+00:00,40944,2023-02-26 13:59:29+00:00,2023-02-27 02:10:12+00:00,2023-02-26 13:30:06+00:00,2023-02-27 02:39:35+00:00,2023-02-26 13:00:48+00:00,2023-02-27 03:08:53+00:00
CISO,2023-02-27,2023-02-27 14:22:24+00:00,2023-02-28 01:46:56+00:00,2023-02-27 20:04:40+00:00,41072,2023-02-27 13:58:16+00:00,2023-02-28 02:11:04+00:00,2023-02-27 13:28:54+00:00,2023-02-28 02:40:26+00:00,2023-02-27 12:59:36+00:00,2023-02-28 03:09:44+00:00
CISO,2023-02-28,2023-02-28 14:21:08+00:00,2023-03-01 01:47:50+00:00,2023-02-28 20:04:29+00:00,41202,2023-02-28 13:57:02+00:00,2023-03-01 02:11:56+00:00,2023-02-28 13:27:41+00:00,2023-03-01 02:41:17+00:00,2023-02-28 12:58:22+00:00,2023-03-01 03:10:36+00:00
CISO,2023-03-01,2023-03-01 14:19:52+00:00,2023-03-02 01:48:43+00:00,2023-03-01 20:04:17+00:00,41331,2023-03-01 13:55:47+00:00,2023-03-02 02:12:48+00:00,2023-03-01 13:26:27+00:00,2023-03-02 02:42:08+00:00,2023-03-01 12:57:08+00:00,2023-03-02 03:11:27+00:00
CISO,2023-03-02,2023-03-02 14:18:35+00:00,2023-03-03 01:49:36+00:00,2023-03-02 20:04:05+00:00,41461,2023-03-02 13:54:31+00:00,2023-03-03 02:13:40+00:00,2023-03-02 13:25:11+00:00,2023-03-03 02:43:00+00:00,2023-03-02 12:55:52+00:00,2023-03-03 03:12:19+00:00
CISO,2023-03-03,2023-03-03 14:17:17+00:00,2023-03-04 01:50:29+00:00,2023-03-03 20:03:53+00:00,41592,2023-03-03 13:53:15+00:00,2023-03-04 02:14:31+00:00,2023-03-03 13:23:56+00:00,2023-03-04 02:43:50+00:00,2023-03-03 12:54:36+00:00,2023-03-04 03:13:10+00:00
CISO,2023-03-04,2023-03-04 14:15:59+00:00,2023-03-05 01:51:21+00:00,2023-03-04 20:03:40+00:00,41722,2023-03-04 13:51:58+00:00,2023-03-05 02:15:22+00:00,2023-03-04 13:22:39+00:00,2023-03-05 02:44:41+00:00,2023-03-04 12:53:18+00:00,2023-03-05 03:14:02+00:00
CISO,2023-03-05,2023-03-05 14:14:40+00:00,2023-03-06 01:52:13+00:00,2023-03-05 20:03:27+00:00,41853,2023-03-05 13:50:40+00:00,2023-03-06 02:16:14+00:00,2023-03-05 13:21:21+00:00,2023-03-06 02:45:32+00:00,2023-03-05 12:52:00+00:00,2023-03-06 03:14:53+00:00
CISO,2023-03-06,2023-03-06 14:13:21+00:00,2023-03-07 01:53:05+00:00,2023-03-06 20:03:13+00:00,41984,2023-03-06 13:49:21+00:00,2023-03-07 02:17:04+00:00,2023-03-06 13:20:03+00:00,2023-03-07 02:46:23+00:00,2023-03-06 12:50:41+00:00,2023-03-07 03:15:45+00:00
CISO,2023-03-07,2023-03-07 14:12:01+00:00,2023-03-08 01:53:57+00:00,2023-03-07 20:02:59+00:00,42116,2023-03-07 13:48:02+00:00,2023-03-08 02:17:55+00:00,2023-03-07 13:18:44+00:00,2023-03-08 02:47:13+00:00,2023-03-07 12:49:21+00:00,2023-03-08 03:16:37+00:00
CISO,2023-03-08,2023-03-08 14:10:40+00:00,2023-03-09 01:54:48+00:00,2023-03-08 20:02:44+00:00,42248,2023-03-08 13:46:42+00:00,2023-03-09 02:18:46+00:00,2023-03-08 13:17:24+00:00,2023-03-09 02:48:04+00:00,2023-03-08 12:48:00+00:00,2023-03-09 03:17:29+00:00
CISO,2023-03-09,2023-03-09 14:09:19+00:00,2023-03-10 01:55:39+00:00,2023-03-09 20:02:29+00:00,42380,2023-03-09 13:45:22+00:00,2023-03-10 02:19:36+00:00,2023-03-09 13:16:04+00:00,2023-03-10 02:48:55+00:00,2023-03-09 12:46:38+00:00,2023-03-10 03:18:20+00:00
CISO,2023-03-10,2023-03-10 14:07:58+00:00,2023-03-11 01:56:30+00:00,2023-03-10 20:02:14+00:00,42512,2023-03-10 13:44:01+00:00,2023-03-11 02:20:26+00:00,2023-03-10 13:14:42+00:00,2023-03-11 02:49:45+00:00,2023-03-10 12:45:15+00:00,2023-03-11 03:19:12+00:00
CISO,2023-03-11,2023-03-11 14:06:36+00:00,2023-03-12 01:57:20+00:00,2023-03-11 20:01:58+00:00,42644,2023-03-11 13:42:40+00:00,2023-03-12 02:21:16+00:00,2023-03-11 13:13:21+00:00,2023-03-12 02:50:36+00:00,2023-03-11 12:43:52+00:00,2023-03-12 03:20:05+00:00
CISO,2023-03-12,2023-03-12 14:05:14+00:00,2023-03-13 01:58:10+00:00,2023-03-12 20:01:42+00:00,42776,2023-03-12 13:41:18+00:00,2023-03-13 02:22:06+00:00,2023-03-12 13:11:58+00:00,2023-03-13 02:51:26+00:00,2023-03-12 12:42:28+00:00,2023-03-13 03:20:57+00:00
CISO,2023-03-13,2023-03-13 14:03:51+00:00,2023-03-14 01:59:00+00:00,2023-03-13 20:01:26+00:00,42909,2023-03-13 13:39:56+00:00,2023-03-14 02:22:56+00:00,2023-03-13 13:10:35+00:00,2023-03-14 02:52:17+00:00,2023-03-13 12:41:03+00:00,2023-03-14 03:21:49+00:00
CISO,2023-03-14,2023-03-14 14:02:29+00:00,2023-03-15 01:59:50+00:00,2023-03-14 20:01:09+00:00,43041,2023-03-14 13:38:33+00:00,2023-03-15 02:23:46+00:00,2023-03-14 13:09:12+00:00,2023-03-15 02:53:07+00:00,2023-03-14 12:39:37+00:00,2023-03-15 03:22:42+00:00
CISO,2023-03-15,2023-03-15 14:01:06+00:00,2023-03-16 02:00:40+00:00,2023-03-15 20:00:53+00:00,43174,2023-03-15 13:37:10+00:00,2023-03-16 02:24:35+00:00,2023-03-15 13:07:48+00:00,2023-03-16 02:53:58+00:00,2023-03-15 12:38:11+00:00,2023-03-16 03:23:35+00:00
CISO,2023-03-16,2023-03-16 13:59:42+00:00,2023-03-17 02:01:29+00:00,2023-03-16 20:00:36+00:00,43307,2023-03-16 13:35:47+00:00,2023-03-17 02:25:25+00:00,2023-03-16 13:06:23+00:00,2023-03-17 02:54:48+00:00,2023-03-16 12:36:44+00:00,2023-03-17 03:24:27+00:00
CISO,2023-03-17,2023-03-17 13:58:19+00:00,2023-03-18 02:02:19+00:00,2023-03-17 20:00:19+00:00,43440,2023-03-17 13:34:23+00:00,2023-03-18 02:26:14+00:00,2023-03-17 13:04:58+00:00,2023-03-18 02:55:39+00:00,2023-03-17 12:35:17+00:00,2023-03-18 03:25:21+00:00
CISO,2023-03-18,2023-03-18 13:56:55+00:00,2023-03-19 02:03:08+00:00,2023-03-18 20:00:01+00:00,43573,2023-03-18 13:32:59+00:00,2023-03-19 02:27:04+00:00,2023-03-18 13:03:33+00:00,2023-03-19 02:56:30+00:00,2023-03-18 12:33:48+00:00,2023-03-19 03:26:14+00:00
CISO,2023-03-19,2023-03-19 13:55:31+00:00,2023-03-20 02:03:56+00:00,2023-03-19 19:59:44+00:00,43705,2023-03-19 13:31:35+00:00,2023-03-20 02:27:53+00:00,2023-03-19 13:02:07+00:00,2023-03-20 02:57:20+00:00,2023-03-19 12:32:20+00:00,2023-03-20 03:27:08+00:00
CISO,2023-03-20,2023-03-20 13:54:07+00:00,2023-03-21 02:04:45+00:00,2023-03-20 19:59:26+00:00,43838,2023-03-20 13:30:10+00:00,2023-03-21 02:28:42+00:00,2023-03-20 13:00:41+00:00,2023-03-21 02:58:11+00:00,2023-03-20 12:30:51+00:00,2023-03-21 03:28:01+00:00
CISO,2023-03-21,2023-03-21 13:52:43+00:00,2023-03-22 02:05:34+00:00,2023-03-21 19:59:08+00:00,43971,2023-03-21 13:28:45+00:00,2023-03-22 02:29:31+00:00,2023-03-21 12:59:14+00:00,2023-03-22 02:59:02+00:00,2023-03-21 12:29:21+00:00,2023-03-22 03:28:55+00:00
CISO,2023-03-22,2023-03-22 13:51:18+00:00,2023-03-23 02:06:22+00:00,2023-03-22 19:58:50+00:00,44104,2023-03-22 13:27:20+00:00,2023-03-23 02:30:20+00:00,2023-03-22 12:57:47+00:00,2023-03-23 02:59:53+00:00,2023-03-22 12:27:51+00:00,2023-03-23 03:29:50+00:00
CISO,2023-03-23,2023-03-23 13:49:54+00:00,2023-03-24 02:07:11+00:00,2023-03-23 19:58:32+00:00,44237,2023-03-23 13:25:55+00:00,2023-03-24 02:31:10+00:00,2023-03-23 12:56:20+00:00,2023-03-24 03:00:45+00:00,2023-03-23 12:26:20+00:00,2023-03-24 03:30:44+00:00
CISO,2023-03-24,2023-03-24 13:48:30+00:00,2023-03-25 02:07:59+00:00,2023-03-24 19:58:14+00:00,44369,2023-03-24 13:24:30+00:00,2023-03-25 02:31:59+00:00,2023-03-24 12:54:53+00:00,2023-03-25 03:01:36+00:00,2023-03-24 12:24:49+00:00,2023-03-25 03:31:39+00:00
CISO,2023-03-25,2023-03-25 13:47:05+00:00,2023-03-26 02:08:47+00:00,2023-03-25 19:57:56+00:00,44502,2023-03-25 13:23:04+00:00,2023-03-26 02:32:48+00:00,2023-03-25 12:53:25+00:00,2023-03-26 03:02:27+00:00,2023-03-25 12:23:18+00:00,2023-03-26 03:32:35+00:00
CISO,2023-03-26,2023-03-26 13:45:41+00:00,2023-03-27 02:09:35+00:00,2023-03-26 19:57:38+00:00,44634,2023-03-26 13:21:39+00:00,2023-03-27 02:33:37+00:00,2023-03-26 12:51:57+00:00,2023-03-27 03:03:19+00:00,2023-03-26 12:21:46+00:00,2023-03-27 03:33:30+00:00
CISO,2023-03-27,2023-03-27 13:44:17+00:00,2023-03-28 02:10:23+00:00,2023-03-27 19:57:20+00:00,44766,2023-03-27 13:20:14+00:00,2023-03-28 02:34:26+00:00,2023-03-27 12:50:29+00:00,2023-03-28 03:04:11+00:00,2023-03-27 12:20:14+00:00,2023-03-28 03:34:26+00:00
CISO,2023-03-28,2023-03-28 13:42:53+00:00,2023-03-29 02:11:11+00:00,2023-03-28 19:57:02+00:00,44898,2023-03-28 13:18:48+00:00,2023-03-29 02:35:16+00:00,2023-03-28 12:49:01+00:00,2023-03-29 03:05:03+00:00,2023-03-28 12:18:41+00:00,2023-03-29 03:35:22+00:00
CISO,2023-03-29,2023-03-29 13:41:29+00:00,2023-03-30 02:11:59+00:00,2023-03-29 19:56:44+00:00,45030,2023-03-29 13:17:23+00:00,2023-03-30 02:36:05+00:00,2023-03-29 12:47:33+00:00,2023-03-30 03:05:55+00:00,2023-03-29 12:17:09+00:00,2023-03-30 03:36:19+00:00
CISO,2023-03-30,2023-03-30 13:40:05+00:00,2023-03-31 02:12:47+00:00,2023-03-30 19:56:26+00:00,45162,2023-03-30 13:15:57+00:00,2023-03-31 02:36:54+00:00,2023-03-30 12:46:04+00:00,2023-03-31 03:06:47+00:00,2023-03-30 12:15:36+00:00,2023-03-31 03:37:16+00:00
CISO,2023-03-31,2023-03-31 13:38:41+00:00,2023-04-01 02:13:35+00:00,2023-03-31 19:56:08+00:00,45294,2023-03-31 13:14:32+00:00,2023-04-01 02:37:44+00:00,2023-03-31 12:44:36+00:00,2023-04-01 03:07:40+00:00,2023-03-31 12:14:03+00:00,2023-04-01 03:38:13+00:00
CISO,2023-04-01,2023-04-01 13:37:18+00:00,2023-04-02 02:14:23+00:00,2023-04-01 19:55:50+00:00,45425,2023-04-01 13:13:07+00:00,2023-04-02 02:38:33+00:00,2023-04-01 12:43:07+00:00,2023-04-02 03:08:33+00:00,2023-04-01 12:12:29+00:00,2023-04-02 03:39:11+00:00
CISO,2023-04-02,2023-04-02 13:35:54+00:00,2023-04-03 02:15:10+00:00,2023-04-02 19:55:32+00:00,45556,2023-04-02 13:11:42+00:00,2023-04-03 02:39:23+00:00,2023-04-02 12:41:39+00:00,2023-04-03 03:09:26+00:00,2023-04-02 12:10:56+00:00,2023-04-03 03:40:09+00:00
CISO,2023-04-03,2023-04-03 13:34:31+00:00,2023-04-04 02:15:58+00:00,2023-04-03 19:55:15+00:00,45687,2023-04-03 13:10:17+00:00,2023-04-04 02:40:13+00:00,2023-04-03 12:40:11+00:00,2023-04-04 03:10:19+00:00,2023-04-03 12:09:22+00:00,2023-04-04 03:41:07+00:00
CISO,2023-04-04,2023-04-04 13:33:09+00:00,2023-04-05 02:16:46+00:00,2023-04-04 19:54:57+00:00,45817,2023-04-04 13:08:52+00:00,2023-04-05 02:41:02+00:00,2023-04-04 12:38:42+00:00,2023-04-05 03:11:12+00:00,2023-04-04 12:07:49+00:00,2023-04-05 03:42:06+00:00
CISO,2023-04-05,2023-04-05 13:31:46+00:00,2023-04-06 02:17:34+00:00,2023-04-05 19:54:40+00:00,45948,2023-04-05 13:07:28+00:00,2023-04-06 02:41:52+00:00,2023-04-05 12:37:14+00:00,2023-04-06 03:12:06+00:00,2023-04-05 12:06:15+00:00,2023-04-06 03:43:05+00:00
CISO,2023-04-06,2023-04-06 13:30:24+00:00,2023-04-07 02:18:22+00:00,2023-04-06 19:54:23+00:00,46078,2023-04-06 13:06:03+00:00,2023-04-07 02:42:42+00:00,2023-04-06 12:35:46+00:00,2023-04-07 03:13:00+00:00,2023-04-06 12:04:41+00:00,2023-04-07 03:44:05+00:00
CISO,2023-04-07,2023-04-07 13:29:03+00:00,2023-04-08 02:19:09+00:00,2023-04-07 19:54:06+00:00,46206,2023-04-07 13:04:40+00:00,2023-04-08 02:43:33+00:00,2023-04-07 12:34:18+00:00,2023-04-08 03:13:54+00:00,2023-04-07 12:03:07+00:00,2023-04-08 03:45:05+00:00
CISO,2023-04-08,2023-04-08 13:27:42+00:00,2023-04-09 02:19:57+00:00,2023-04-08 19:53:49+00:00,46335,2023-04-08 13:03:16+00:00,2023-04-09 02:44:23+00:00,2023-04-08 12:32:50+00:00,2023-04-09 03:14:49+00:00,2023-04-08 12:01:33+00:00,2023-04-09 03:46:06+00:00
CISO,2023-04-09,2023-04-09 13:26:21+00:00,2023-04-10 02:20:45+00:00,2023-04-09 19:53:33+00:00,46464,2023-04-09 13:01:53+00:00,2023-04-10 02:45:13+00:00,2023-04-09 12:31:23+00:00,2023-04-10 03:15:43+00:00,2023-04-09 12:00:00+00:00,2023-04-10 03:47:07+00:00
CISO,2023-04-10,2023-04-10 13:25:01+00:00,2023-04-11 02:21:33+00:00,2023-04-10 19:53:17+00:00,46592,2023-04-10 13:00:30+00:00,2023-04-11 02:46:04+00:00,2023-04-10 12:29:55+00:00,2023-04-11 03:16:38+00:00,2023-04-10 11:58:26+00:00,2023-04-11 03:48:08+00:00
CISO,2023-04-11,2023-04-11 13:23:41+00:00,2023-04-12 02:22:21+00:00,2023-04-11 19:53:01+00:00,46720,2023-04-11 12:59:08+00:00,2023-04-12 02:46:55+00:00,2023-04-11 12:28:29+00:00,2023-04-12 03:17:34+00:00,2023-04-11 11:56:52+00:00,2023-04-12 03:49:10+00:00
CISO,2023-04-12,2023-04-12 13:22:22+00:00,2023-04-13 02:23:09+00:00,2023-04-12 19:52:46+00:00,46847,2023-04-12 12:57:46+00:00,2023-04-13 02:47:45+00:00,2023-04-12 12:27:02+00:00,2023-04-13 03:18:29+00:00,2023-04-12 11:55:19+00:00,2023-04-13 03:50:12+00:00
CISO,2023-04-13,2023-04-13 13:21:03+00:00,2023-04-14 02:23:58+00:00,2023-04-13 19:52:30+00:00,46975,2023-04-13 12:56:24+00:00,2023-04-14 02:48:36+00:00,2023-04-13 12:25:36+00:00,2023-04-14 03:19:25+00:00,2023-04-13 11:53:46+00:00,2023-04-14 03:51:15+00:00
CISO,2023-04-14,2023-04-14 13:19:45+00:00,2023-04-15 02:24:46+00:00,2023-04-14 19:52:15+00:00,47101,2023-04-14 12:55:03+00:00,2023-04-15 02:49:28+00:00,2023-04-14 12:24:10+00:00,2023-04-15 03:20:21+00:00,2023-04-14 11:52:13+00:00,2023-04-15 03:52:18+00:00
CISO,2023-04-15,2023-04-15 13:18:27+00:00,2023-04-16 02:25:34+00:00,2023-04-15 19:52:01+00:00,47227,2023-04-15 12:53:43+00:00,2023-04-16 02:50:19+00:00,2023-04-15 12:22:44+00:00,2023-04-16 03:21:17+00:00,2023-04-15 11:50:40+00:00,2023-04-16 03:53:21+00:00
CISO,2023-04-16,2023-04-16 13:17:11+00:00,2023-04-17 02:26:23+00:00,2023-04-16 19:51:47+00:00,47352,2023-04-16 12:52:23+00:00,2023-04-17 02:51:10+00:00,2023-04-16 12:21:19+00:00,2023-04-17 03:22:14+00:00,2023-04-16 11:49:08+00:00,2023-04-17 03:54:25+00:00
CISO,2023-04-17,2023-04-17 13:15:54+00:00,2023-04-18 02:27:11+00:00,2023-04-17 19:51:33+00:00,47477,2023-04-17 12:51:03+00:00,2023-04-18 02:52:02+00:00,2023-04-17 12:19:54+00:00,2023-04-18 03:23:11+00:00,2023-04-17 11:47:36+00:00,2023-04-18 03:55:30+00:00
CISO,2023-04-18,2023-04-18 13:14:39+00:00,2023-04-19 02:27:59+00:00,2023-04-18 19:51:19+00:00,47600,2023-04-18 12:49:45+00:00,2023-04-19 02:52:54+00:00,2023-04-18 12:18:30+00:00,2023-04-19 03:24:08+00:00,2023-04-18 11:46:04+00:00,2023-04-19 03:56:34+00:00
CISO,2023-04-19,2023-04-19 13:13:24+00:00,2023-04-20 02:28:48+00:00,2023-04-19 19:51:06+00:00,47724,2023-04-19 12:48:27+00:00,2023-04-20 02:53:46+00:00,2023-04-19 12:17:07+00:00,2023-04-20 03:25:05+00:00,2023-04-19 11:44:33+00:00,2023-04-20 03:57:40+00:00
CISO,2023-04-20,2023-04-20 13:12:10+00:00,2023-04-21 02:29:37+00:00,2023-04-20 19:50:54+00:00,47847,2023-04-20 12:47:09+00:00,2023-04-21 02:54:38+00:00,2023-04-20 12:15:44+00:00,2023-04-21 03:26:03+00:00,2023-04-20 11:43:02+00:00,2023-04-21 03:58:45+00:00
CISO,2023-04-21,2023-04-21 13:10:57+00:00,2023-04-22 02:30:25+00:00,2023-04-21 19:50:41+00:00,47968,2023-04-21 12:45:53+00:00,2023-04-22 02:55:30+00:00,2023-04-21 12:14:22+00:00,2023-04-22 03:27:01+00:00,2023-04-21 11:41:31+00:00,2023-04-22 03:59:51+00:00
CISO,2023-04-22,2023-04-22 13:09:45+00:00,2023-04-23 02:31:14+00:00,2023-04-22 19:50:30+00:00,48089,2023-04-22 12:44:37+00:00,2023-04-23 02:56:22+00:00,2023-04-22 12:13:00+00:00,2023-04-23 03:27:59+00:00,2023-04-22 11:40:02+00:00,2023-04-23 04:00:58+00:00
CISO,2023-04-23,2023-04-23 13:08:33+00:00,2023-04-24 02:32:03+00:00,2023-04-23 19:50:18+00:00,48210,2023-04-23 12:43:22+00:00,2023-04-24 02:57:15+00:00,2023-04-23 12:11:39+00:00,2023-04-24 03:28:57+00:00,2023-04-23 11:38:32+00:00,2023-04-24 04:02:04+00:00
CISO,2023-04-24,2023-04-24 13:07:23+00:00,2023-04-25 02:32:52+00:00,2023-04-24 19:50:07+00:00,48329,2023-04-24 12:42:08+00:00,2023-04-25 02:58:07+00:00,2023-04-24 12:10:19+00:00,2023-04-25 03:29:56+00:00,2023-04-24 11:37:03+00:00,2023-04-25 04:03:11+00:00
CISO,2023-04-25,2023-04-25 13:06:13+00:00,2023-04-26 02:33:41+00:00,2023-04-25 19:49:57+00:00,48448,2023-04-25 12:40:54+00:00,2023-04-26 02:59:00+00:00,2023-04-25 12:08:59+00:00,2023-04-26 03:30:55+00:00,2023-04-25 11:35:35+00:00,2023-04-26 04:04:19+00:00
CISO,2023-04-26,2023-04-26 13:05:04+00:00,2023-04-27 02:34:30+00:00,2023-04-26 19:49:47+00:00,48566,2023-04-26 12:39:42+00:00,2023-04-27 02:59:52+00:00,2023-04-26 12:07:40+00:00,2023-04-27 03:31:54+00:00,2023-04-26 11:34:08+00:00,2023-04-27 04:05:26+00:00
CISO,2023-04-27,2023-04-27 13:03:57+00:00,2023-04-28 02:35:19+00:00,2023-04-27 19:49:38+00:00,48682,2023-04-27 12:38:30+00:00,2023-04-28 03:00:45+00:00,2023-04-27 12:06:23+00:00,2023-04-28 03:32:53+00:00,2023-04-27 11:32:41+00:00,2023-04-28 04:06:34+00:00
CISO,2023-04-28,2023-04-28 13:02:50+00:00,2023-04-29 02:36:08+00:00,2023-04-28 19:49:29+00:00,48798,2023-04-28 12:37:19+00:00,2023-04-29 03:01:38+00:00,2023-04-28 12:05:06+00:00,2023-04-29 03:33:52+00:00,2023-04-28 11:31:15+00:00,2023-04-29 04:07:43+00:00
CISO,2023-04-29,2023-04-29 13:01:44+00:00,2023-04-30 02:36:57+00:00,2023-04-29 19:49:20+00:00,48913,2023-04-29 12:36:10+00:00,2023-04-30 03:02:31+00:00,2023-04-29 12:03:49+00:00,2023-04-30 03:34:51+00:00,2023-04-29 11:29:49+00:00,2023-04-30 04:08:51+00:00
CISO,2023-04-30,2023-04-30 13:00:39+00:00,2023-05-01 02:37:46+00:00,2023-04-30 19:49:13+00:00,49027,2023-04-30 12:35:01+00:00,2023-05-01 03:03:24+00:00,2023-04-30 12:02:34+00:00,2023-05-01 03:35:51+00:00,2023-04-30 11:28:25+00:00,2023-05-01 04:10:00+00:00
CISO,2023-05-01,2023-05-01 12:59:36+00:00,2023-05-02 02:38:35+00:00,2023-05-01 19:49:05+00:00,49139,2023-05-01 12:33:53+00:00,2023-05-02 03:04:17+00:00,2023-05-01 12:01:20+00:00,2023-05-02 03:36:51+00:00,2023-05-01 11:27:01+00:00,2023-05-02 04:11:09+00:00
CISO,2023-05-02,2023-05-02 12:58:33+00:00,2023-05-03 02:39:24+00:00,2023-05-02 19:48:58+00:00,49251,2023-05-02 12:32:47+00:00,2023-05-03 03:05:10+00:00,2023-05-02 12:00:07+00:00,2023-05-03 03:37:50+00:00,2023-05-02 11:25:39+00:00,2023-05-03 04:12:18+00:00
CISO,2023-05-03,2023-05-03 12:57:32+00:00,2023-05-04 02:40:13+00:00,2023-05-03 19:48:52+00:00,49361,2023-05-03 12:31:41+00:00,2023-05-04 03:06:03+00:00,2023-05-03 11:58:54+00:00,2023-05-04 03:38:50+00:00,2023-05-03 11:24:17+00:00,2023-05-04 04:13:28+00:00
CISO,2023-05-04,2023-05-04 12:56:31+00:00,2023-05-05 02:41:02+00:00,2023-05-04 19:48:47+00:00,49471,2023-05-04 12:30:37+00:00,2023-05-05 03:06:56+00:00,2023-05-04 11:57:43+00:00,2023-05-05 03:39:50+00:00,2023-05-04 11:22:56+00:00,2023-05-05 04:14:37+00:00
CISO,2023-05-05,2023-05-05 12:55:32+00:00,2023-05-06 02:41:51+00:00,2023-05-05 19:48:41+00:00,49579,2023-05-05 12:29:33+00:00,2023-05-06 03:07:49+00:00,2023-05-05 11:56:33+00:00,2023-05-06 03:40:50+00:00,2023-05-05 11:21:36+00:00,2023-05-06 04:15:47+00:00
CISO,2023-05-06,2023-05-06 12:54:34+00:00,2023-05-07 02:42:39+00:00,2023-05-06 19:48:37+00:00,49685,2023-05-06 12:28:31+00:00,2023-05-07 03:08:42+00:00,2023-05-06 11:55:24+00:00,2023-05-07 03:41:49+00:00,2023-05-06 11:20:17+00:00,2023-05-07 04:16:56+00:00
CISO,2023-05-07,2023-05-07 12:53:38+00:00,2023-05-08 02:43:28+00:00,2023-05-07 19:48:33+00:00,49790,2023-05-07 12:27:30+00:00,2023-05-08 03:09:35+00:00,2023-05-07 11:54:17+00:00,2023-05-08 03:42:49+00:00,2023-05-07 11:19:00+00:00,2023-05-08 04:18:06+00:00
CISO,2023-05-08,2023-05-08 12:52:42+00:00,2023-05-09 02:44:17+00:00,2023-05-08 19:48:29+00:00,49895,2023-05-08 12:26:31+00:00,2023-05-09 03:10:28+00:00,2023-05-08 11:53:10+00:00,2023-05-09 03:43:49+00:00,2023-05-08 11:17:43+00:00,2023-05-09 04:19:15+00:00
CISO,2023-05-09,2023-05-09 12:51:48+00:00,2023-05-10 02:45:05+00:00,2023-05-09 19:48:27+00:00,49997,2023-05-09 12:25:32+00:00,2023-05-10 03:11:21+00:00,2023-05-09 11:52:05+00:00,2023-05-10 03:44:48+00:00,2023-05-09 11:16:28+00:00,2023-05-10 04:20:25+00:00
CISO,2023-05-10,2023-05-10 12:50:55+00:00,2023-05-11 02:45:53+00:00,2023-05-10 19:48:24+00:00,50098,2023-05-10 12:24:35+00:00,2023-05-11 03:12:13+00:00,2023-05-10 11:51:01+00:00,2023-05-11 03:45:48+00:00,2023-05-10 11:15:14+00:00,2023-05-11 04:21:34+00:00
CISO,2023-05-11,2023-05-11 12:50:04+00:00,2023-05-12 02:46:41+00:00,2023-05-11 19:48:22+00:00,50197,2023-05-11 12:23:40+00:00,2023-05-12 03:13:05+00:00,2023-05-11 11:49:58+00:00,2023-05-12 03:46:47+00:00,2023-05-11 11:14:01+00:00,2023-05-12 04:22:44+00:00
CISO,2023-05-12,2023-05-12 12:49:13+00:00,2023-05-13 02:47:29+00:00,2023-05-12 19:48:21+00:00,50296,2023-05-12 12:22:45+00:00,2023-05-13 03:13:58+00:00,2023-05-12 11:48:57+00:00,2023-05-13 03:47:46+00:00,2023-05-12 11:12:50+00:00,2023-05-13 04:23:53+00:00
CISO,2023-05-13,2023-05-13 12:48:25+00:00,2023-05-14 02:48:17+00:00,2023-05-13 19:48:21+00:00,50392,2023-05-13 12:21:52+00:00,2023-05-14 03:14:49+00:00,2023-05-13 11:47:57+00:00,2023-05-14 03:48:45+00:00,2023-05-13 11:11:40+00:00,2023-05-14 04:25:02+00:00
CISO,2023-05-14,2023-05-14 12:47:37+00:00,2023-05-15 02:49:04+00:00,2023-05-14 19:48:21+00:00,50487,2023-05-14 12:21:01+00:00,2023-05-15 03:15:41+00:00,2023-05-14 11:46:59+00:00,2023-05-15 03:49:43+00:00,2023-05-14 11:10:31+00:00,2023-05-15 04:26:10+00:00
CISO,2023-05-15,2023-05-15 12:46:51+00:00,2023-05-16 02:49:51+00:00,2023-05-15 19:48:21+00:00,50580,2023-05-15 12:20:10+00:00,2023-05-16 03:16:32+00:00,2023-05-15 11:46:02+00:00,2023-05-16 03:50:41+00:00,2023-05-15 11:09:24+00:00,2023-05-16 04:27:18+00:00
CISO,2023-05-16,2023-05-16 12:46:07+00:00,2023-05-17 02:50:38+00:00,2023-05-16 19:48:22+00:00,50671,2023-05-16 12:19:22+00:00,2023-05-17 03:17:23+00:00,2023-05-16 11:45:06+00:00,2023-05-17 03:51:39+00:00,2023-05-16 11:08:19+00:00,2023-05-17 04:28:26+00:00
CISO,2023-05-17,2023-05-17 12:45:24+00:00,2023-05-18 02:51:25+00:00,2023-05-17 19:48:24+00:00,50761,2023-05-17 12:18:35+00:00,2023-05-18 03:18:14+00:00,2023-05-17 11:44:12+00:00,2023-05-18 03:52:36+00:00,2023-05-17 11:07:15+00:00,2023-05-18 04:29:34+00:00
CISO,2023-05-18,2023-05-18 12:44:42+00:00,2023-05-19 02:52:11+00:00,2023-05-18 19:48:26+00:00,50849,2023-05-18 12:17:49+00:00,2023-05-19 03:19:04+00:00,2023-05-18 11:43:20+00:00,2023-05-19 03:53:33+00:00,2023-05-18 11:06:12+00:00,2023-05-19 04:30:41+00:00
CISO,2023-05-19,2023-05-19 12:44:02+00:00,2023-05-20 02:52:56+00:00,2023-05-19 19:48:29+00:00,50934,2023-05-19 12:17:05+00:00,2023-05-20 03:19:54+00:00,2023-05-19 11:42:29+00:00,2023-05-20 03:54:30+00:00,2023-05-19 11:05:11+00:00,2023-05-20 04:31:47+00:00
CISO,2023-05-20,2023-05-20 12:43:23+00:00,2023-05-21 02:53:42+00:00,2023-05-20 19:48:33+00:00,51019,2023-05-20 12:16:22+00:00,2023-05-21 03:20:43+00:00,2023-05-20 11:41:40+00:00,2023-05-21 03:55:25+00:00,2023-05-20 11:04:12+00:00,2023-05-21 04:32:53+00:00
CISO,2023-05-21,2023-05-21 12:42:46+00:00,2023-05-22 02:54:26+00:00,2023-05-21 19:48:36+00:00,51100,2023-05-21 12:15:41+00:00,2023-05-22 03:21:32+00:00,2023-05-21 11:40:52+00:00,2023-05-22 03:56:21+00:00,2023-05-21 11:03:15+00:00,2023-05-22 04:33:58+00:00
CISO,2023-05-22,2023-05-22 12:42:11+00:00,2023-05-23 02:55:11+00:00,2023-05-22 19:48:41+00:00,51180,2023-05-22 12:15:02+00:00,2023-05-23 03:22:20+00:00,2023-05-22 11:40:06+00:00,2023-05-23 03:57:15+00:00,2023-05-22 11:02:19+00:00,2023-05-23 04:35:02+00:00
CISO,2023-05-23,2023-05-23 12:41:37+00:00,2023-05-24 02:55:54+00:00,2023-05-23 19:48:46+00:00,51257,2023-05-23 12:14:24+00:00,2023-05-24 03:23:07+00:00,2023-05-23 11:39:22+00:00,2023-05-24 03:58:09+00:00,2023-05-23 11:01:26+00:00,2023-05-24 04:36:06+00:00
CISO,2023-05-24,2023-05-24 12:41:05+00:00,2023-05-25 02:56:38+00:00,2023-05-24 19:48:51+00:00,51333,2023-05-24 12:13:48+00:00,2023-05-25 03:23:54+00:00,2023-05-24 11:38:40+00:00,2023-05-25 03:59:03+00:00,2023-05-24 11:00:34+00:00,2023-05-25 04:37:08+00:00
CISO,2023-05-25,2023-05-25 12:40:34+00:00,2023-05-26 02:57:20+00:00,2023-05-25 19:48:57+00:00,51406,2023-05-25 12:13:13+00:00,2023-05-26 03:24:41+00:00,2023-05-25 11:37:59+00:00,2023-05-26 03:59:55+00:00,2023-05-25 10:59:44+00:00,2023-05-26 04:38:10+00:00
CISO,2023-05-26,2023-05-26 12:40:05+00:00,2023-05-27 02:58:02+00:00,2023-05-26 19:49:04+00:00,51477,2023-05-26 12:12:41+00:00,2023-05-27 03:25:26+00:00,2023-05-26 11:37:20+00:00,2023-05-27 04:00:47+00:00,2023-05-26 10:58:56+00:00,2023-05-27 04:39:11+00:00
CISO,2023-05-27,2023-05-27 12:39:37+00:00,2023-05-28 02:58:44+00:00,2023-05-27 19:49:10+00:00,51547,2023-05-27 12:12:10+00:00,2023-05-28 03:26:11+00:00,2023-05-27 11:36:43+00:00,2023-05-28 04:01:37+00:00,2023-05-27 10:58:10+00:00,2023-05-28 04:40:11+00:00
CISO,2023-05-28,2023-05-28 12:39:11+00:00,2023-05-29 02:59:24+00:00,2023-05-28 19:49:18+00:00,51613,2023-05-28 12:11:40+00:00,2023-05-29 03:26:55+00:00,2023-05-28 11:36:08+00:00,2023-05-29 04:02:27+00:00,2023-05-28 10:57:26+00:00,2023-05-29 04:41:09+00:00
CISO,2023-05-29,2023-05-29 12:38:47+00:00,2023-05-30 03:00:04+00:00,2023-05-29 19:49:26+00:00,51677,2023-05-29 12:11:13+00:00,2023-05-30 03:27:39+00:00,2023-05-29 11:35:35+00:00,2023-05-30 04:03:16+00:00,2023-05-29 10:56:45+00:00,2023-05-30 04:42:07+00:00
CISO,2023-05-30,2023-05-30 12:38:24+00:00,2023-05-31 03:00:43+00:00,2023-05-30 19:49:34+00:00,51739,2023-05-30 12:10:47+00:00,2023-05-31 03:28:21+00:00,2023-05-30 11:35:04+00:00,2023-05-31 04:04:04+00:00,2023-05-30 10:56:05+00:00,2023-05-31 04:43:03+00:00
CISO,2023-05-31,2023-05-31 12:38:03+00:00,2023-06-01 03:01:22+00:00,2023-05-31 19:49:43+00:00,51799,2023-05-31 12:10:23+00:00,2023-06-01 03:29:03+00:00,2023-05-31 11:34:34+00:00,2023-06-01 04:04:51+00:00,2023-05-31 10:55:27+00:00,2023-06-01 04:43:58+00:00
CISO,2023-06-01,2023-06-01 12:37:44+00:00,2023-06-02 03:01:59+00:00,2023-06-01 19:49:52+00:00,51855,2023-06-01 12:10:00+00:00,2023-06-02 03:29:43+00:00,2023-06-01 11:34:07+00:00,2023-06-02 04:05:36+00:00,2023-06-01 10:54:52+00:00,2023-06-02 04:44:51+00:00
CISO,2023-06-02,2023-06-02 12:37:26+00:00,2023-06-03 03:02:36+00:00,2023-06-02 19:50:01+00:00,51910,2023-06-02 12:09:40+00:00,2023-06-03 03:30:23+00:00,2023-06-02 11:33:41+00:00,2023-06-03 04:06:21+00:00,2023-06-02 10:54:19+00:00,2023-06-03 04:45:43+00:00
CISO,2023-06-03,2023-06-03 12:37:10+00:00,2023-06-04 03:03:12+00:00,2023-06-03 19:50:11+00:00,51962,2023-06-03 12:09:21+00:00,2023-06-04 03:31:01+00:00,2023-06-03 11:33:18+00:00,2023-06-04 04:07:04+00:00,2023-06-03 10:53:48+00:00,2023-06-04 04:46:34+00:00
CISO,2023-06-04,2023-06-04 12:36:56+00:00,2023-06-05 03:03:46+00:00,2023-06-04 19:50:21+00:00,52010,2023-06-04 12:09:04+00:00,2023-06-05 03:31:39+00:00,2023-06-04 11:32:56+00:00,2023-06-05 04:07:46+00:00,2023-06-04 10:53:20+00:00,2023-06-05 04:47:23+00:00
CISO,2023-06-05,2023-06-05 12:36:43+00:00,2023-06-06 03:04:20+00:00,2023-06-05 19:50:32+00:00,52057,2023-06-05 12:08:48+00:00,2023-06-06 03:32:15+00:00,2023-06-05 11:32:37+00:00,2023-06-06 04:08:27+00:00,2023-06-05 10:52:53+00:00,2023-06-06 04:48:10+00:00
CISO,2023-06-06,2023-06-06 12:36:32+00:00,2023-06-07 03:04:53+00:00,2023-06-06 19:50:43+00:00,52101,2023-06-06 12:08:35+00:00,2023-06-07 03:32:50+00:00,2023-06-06 11:32:19+00:00,2023-06-07 04:09:06+00:00,2023-06-06 10:52:30+00:00,2023-06-07 04:48:56+00:00
CISO,2023-06-07,2023-06-07 12:36:23+00:00,2023-06-08 03:05:25+00:00,2023-06-07 19:50:54+00:00,52142,2023-06-07 12:08:23+00:00,2023-06-08 03:33:24+00:00,2023-06-07 11:32:04+00:00,2023-06-08 04:09:44+00:00,2023-06-07 10:52:08+00:00,2023-06-08 04:49:39+00:00
CISO,2023-06-08,2023-06-08 12:36:15+00:00,2023-06-09 03:05:55+00:00,2023-06-08 19:51:05+00:00,52180,2023-06-08 12:08:13+00:00,2023-06-09 03:33:57+00:00,2023-06-08 11:31:50+00:00,2023-06-09 04:10:20+00:00,2023-06-08 10:51:49+00:00,2023-06-09 04:50:21+00:00
CISO,2023-06-09,2023-06-09 12:36:09+00:00,2023-06-10 03:06:25+00:00,2023-06-09 19:51:17+00:00,52216,2023-06-09 12:08:05+00:00,2023-06-10 03:34:29+00:00,2023-06-09 11:31:39+00:00,2023-06-10 04:10:55+00:00,2023-06-09 10:51:32+00:00,2023-06-10 04:51:02+00:00
CISO,2023-06-10,2023-06-10 12:36:05+00:00,2023-06-11 03:06:53+00:00,2023-06-10 19:51:29+00:00,52248,2023-06-10 12:07:59+00:00,2023-06-11 03:34:59+00:00,2023-06-10 11:31:29+00:00,2023-06-11 04:11:28+00:00,2023-06-10 10:51:18+00:00,2023-06-11 04:51:40+00:00
CISO,2023-06-11,2023-06-11 12:36:02+00:00,2023-06-12 03:07:20+00:00,2023-06-11 19:51:41+00:00,52278,2023-06-11 12:07:54+00:00,2023-06-12 03:35:28+00:00,2023-06-11 11:31:22+00:00,2023-06-12 04:12:00+00:00,2023-06-11 10:51:06+00:00,2023-06-12 04:52:16+00:00
CISO,2023-06-12,2023-06-12 12:36:00+00:00,2023-06-13 03:07:46+00:00,2023-06-12 19:51:53+00:00,52306,2023-06-12 12:07:52+00:00,2023-06-13 03:35:55+00:00,2023-06-12 11:31:17+00:00,2023-06-13 04:12:30+00:00,2023-06-12 10:50:57+00:00,2023-06-13 04:52:50+00:00
CISO,2023-06-13,2023-06-13 12:36:01+00:00,2023-06-14 03:08:11+00:00,2023-06-13 19:52:06+00:00,52330,2023-06-13 12:07:51+00:00,2023-06-14 03:36:21+00:00,2023-06-13 11:31:13+00:00,2023-06-14 04:12:58+00:00,2023-06-13 10:50:50+00:00,2023-06-14 04:53:22+00:00
CISO,2023-06-14,2023-06-14 12:36:03+00:00,2023-06-15 03:08:34+00:00,2023-06-14 19:52:19+00:00,52351,2023-06-14 12:07:51+00:00,2023-06-15 03:36:46+00:00,2023-06-14 11:31:12+00:00,2023-06-15 04:13:25+00:00,2023-06-14 10:50:45+00:00,2023-06-15 04:53:52+00:00
CISO,2023-06-15,2023-06-15 12:36:06+00:00,2023-06-16 03:08:56+00:00,2023-06-15 19:52:31+00:00,52370,2023-06-15 12:07:54+00:00,2023-06-16 03:37:09+00:00,2023-06-15 11:31:13+00:00,2023-06-16 04:13:50+00:00,2023-06-15 10:50:43+00:00,2023-06-16 04:54:20+00:00
CISO,2023-06-16,2023-06-16 12:36:12+00:00,2023-06-17 03:09:17+00:00,2023-06-16 19:52:44+00:00,52385,2023-06-16 12:07:58+00:00,2023-06-17 03:37:30+00:00,2023-06-16 11:31:15+00:00,2023-06-17 04:14:13+00:00,2023-06-16 10:50:43+00:00,2023-06-17 04:54:45+00:00
CISO,2023-06-17,2023-06-17 12:36:18+00:00,2023-06-18 03:09:36+00:00,2023-06-17 19:52:57+00:00,52398,2023-06-17 12:08:04+00:00,2023-06-18 03:37:50+00:00,2023-06-17 11:31:20+00:00,2023-06-18 04:14:34+00:00,2023-06-17 10:50:46+00:00,2023-06-18 04:55:08+00:00
CISO,2023-06-18,2023-06-18 12:36:26+00:00,2023-06-19 03:09:54+00:00,2023-06-18 19:53:10+00:00,52408,2023-06-18 12:08:12+00:00,2023-06-19 03:38:09+00:00,2023-06-18 11:31:27+00:00,2023-06-19 04:14:54+00:00,2023-06-18 10:50:51+00:00,2023-06-19 04:55:29+00:00
CISO,2023-06-19,2023-06-19 12:36:36+00:00,2023-06-20 03:10:11+00:00,2023-06-19 19:53:23+00:00,52415,2023-06-19 12:08:21+00:00,2023-06-20 03:38:26+00:00,2023-06-19 11:31:35+00:00,2023-06-20 04:15:11+00:00,2023-06-19 10:50:59+00:00,2023-06-20 04:55:48+00:00
CISO,2023-06-20,2023-06-20 12:36:47+00:00,2023-06-21 03:10:26+00:00,2023-06-20 19:53:36+00:00,52419,2023-06-20 12:08:32+00:00,2023-06-21 03:38:41+00:00,2023-06-20 11:31:46+00:00,2023-06-21 04:15:27+00:00,2023-06-20 10:51:09+00:00,2023-06-21 04:56:04+00:00
CISO,2023-06-21,2023-06-21 12:37:00+00:00,2023-06-22 03:10:39+00:00,2023-06-21 19:53:50+00:00,52419,2023-06-21 12:08:45+00:00,2023-06-22 03:38:54+00:00,2023-06-21 11:31:59+00:00,2023-06-22 04:15:40+00:00,2023-06-21 10:51:21+00:00,2023-06-22 04:56:18+00:00
CISO,2023-06-22,2023-06-22 12:37:14+00:00,2023-06-23 03:10:51+00:00,2023-06-22 19:54:03+00:00,52417,2023-06-22 12:08:59+00:00,2023-06-23 03:39:06+00:00,2023-06-22 11:32:13+00:00,2023-06-23 04:15:52+00:00,2023-06-22 10:51:36+00:00,2023-06-23 04:56:29+00:00
CISO,2023-06-23,2023-06-23 12:37:30+00:00,2023-06-24 03:11:01+00:00,2023-06-23 19:54:16+00:00,52411,2023-06-23 12:09:15+00:00,2023-06-24 03:39:16+00:00,2023-06-23 11:32:29+00:00,2023-06-24 04:16:02+00:00,2023-06-23 10:51:53+00:00,2023-06-24 04:56:38+00:00
CISO,2023-06-24,2023-06-24 12:37:46+00:00,2023-06-25 03:11:10+00:00,2023-06-24 19:54:28+00:00,52404,2023-06-24 12:09:32+00:00,2023-06-25 03:39:25+00:00,2023-06-24 11:32:47+00:00,2023-06-25 04:16:09+00:00,2023-06-24 10:52:12+00:00,2023-06-25 04:56:44+00:00
CISO,2023-06-25,2023-06-25 12:38:05+00:00,2023-06-26 03:11:18+00:00,2023-06-25 19:54:41+00:00,52393,2023-06-25 12:09:51+00:00,2023-06-26 03:39:32+00:00,2023-06-25 11:33:07+00:00,2023-06-26 04:16:15+00:00,2023-06-25 10:52:34+00:00,2023-06-26 04:56:48+00:00
CISO,2023-06-26,2023-06-26 12:38:24+00:00,2023-06-27 03:11:23+00:00,2023-06-26 19:54:54+00:00,52379,2023-06-26 12:10:11+00:00,2023-06-27 03:39:37+00:00,2023-06-26 11:33:29+00:00,2023-06-27 04:16:19+00:00,2023-06-26 10:52:58+00:00,2023-06-27 04:56:50+00:00
CISO,2023-06-27,2023-06-27 12:38:45+00:00,2023-06-28 03:11:28+00:00,2023-06-27 19:55:06+00:00,52363,2023-06-27 12:10:33+00:00,2023-06-28 03:39:40+00:00,2023-06-27 11:33:52+00:00,2023-06-28 04:16:20+00:00,2023-06-27 10:53:24+00:00,2023-06-28 04:56:49+00:00
CISO,2023-06-28,2023-06-28 12:39:07+00:00,2023-06-29 03:11:30+00:00,2023-06-28 19:55:19+00:00,52343,2023-06-28 12:10:56+00:00,2023-06-29 03:39:41+00:00,2023-06-28 11:34:18+00:00,2023-06-29 04:16:20+00:00,2023-06-28 10:53:52+00:00,2023-06-29 04:56:45+00:00
CISO,2023-06-29,2023-06-29 12:39:31+00:00,2023-06-30 03:11:31+00:00,2023-06-29 19:55:31+00:00,52320,2023-06-29 12:11:21+00:00,2023-06-30 03:39:41+00:00,2023-06-29 11:34:44+00:00,2023-06-30 04:16:17+00:00,2023-06-29 10:54:22+00:00,2023-06-30 04:56:39+00:00
CISO,2023-06-30,2023-06-30 12:39:55+00:00,2023-07-01 03:11:30+00:00,2023-06-30 19:55:43+00:00,52295,2023-06-30 12:11:47+00:00,2023-07-01 03:39:38+00:00,2023-06-30 11:35:13+00:00,2023-07-01 04:16:12+00:00,2023-06-30 10:54:54+00:00,2023-07-01 04:56:31+00:00
CISO,2023-07-01,2023-07-01 12:40:21+00:00,2023-07-02 03:11:28+00:00,2023-07-01 19:55:54+00:00,52267,2023-07-01 12:12:14+00:00,2023-07-02 03:39:34+00:00,2023-07-01 11:35:43+00:00,2023-07-02 04:16:06+00:00,2023-07-01 10:55:29+00:00,2023-07-02 04:56:20+00:00
CISO,2023-07-02,2023-07-02 12:40:48+00:00,2023-07-03 03:11:23+00:00,2023-07-02 19:56:06+00:00,52235,2023-07-02 12:12:43+00:00,2023-07-03 03:39:28+00:00,2023-07-02 11:36:15+00:00,2023-07-03 04:15:57+00:00,2023-07-02 10:56:05+00:00,2023-07-03 04:56:06+00:00
CISO,2023-07-03,2023-07-03 12:41:16+00:00,2023-07-04 03:11:18+00:00,2023-07-03 19:56:17+00:00,52202,2023-07-03 12:13:13+00:00,2023-07-04 03:39:21+00:00,2023-07-03 11:36:48+00:00,2023-07-04 04:15:46+00:00,2023-07-03 10:56:43+00:00,2023-07-04 04:55:50+00:00
CISO,2023-07-04,2023-07-04 12:41:45+00:00,2023-07-05 03:11:10+00:00,2023-07-04 19:56:28+00:00,52165,2023-07-04 12:13:44+00:00,2023-07-05 03:39:11+00:00,2023-07-04 11:37:22+00:00,2023-07-05 04:15:33+00:00,2023-07-04 10:57:23+00:00,2023-07-05 04:55:32+00:00
CISO,2023-07-05,2023-07-05 12:42:15+00:00,2023-07-06 03:11:01+00:00,2023-07-05 19:56:38+00:00,52126,2023-07-05 12:14:16+00:00,2023-07-06 03:39:00+00:00,2023-07-05 11:37:58+00:00,2023-07-06 04:15:18+00:00,2023-07-05 10:58:05+00:00,2023-07-06 04:55:11+00:00
CISO,2023-07-06,2023-07-06 12:42:46+00:00,2023-07-07 03:10:50+00:00,2023-07-06 19:56:48+00:00,52084,2023-07-06 12:14:50+00:00,2023-07-07 03:38:47+00:00,2023-07-06 11:38:36+00:00,2023-07-07 04:15:01+00:00,2023-07-06 10:58:48+00:00,2023-07-07 04:54:48+00:00
CISO,2023-07-07,2023-07-07 12:43:18+00:00,2023-07-08 03:10:37+00:00,2023-07-07 19:56:58+00:00,52039,2023-07-07 12:15:24+00:00,2023-07-08 03:38:32+00:00,2023-07-07 11:39:14+00:00,2023-07-08 04:14:42+00:00,2023-07-07 10:59:33+00:00,2023-07-08 04:54:22+00:00
CISO,2023-07-08,2023-07-08 12:43:51+00:00,2023-07-09 03:10:23+00:00,2023-07-08 19:57:07+00:00,51992,2023-07-08 12:16:00+00:00,2023-07-09 03:38:15+00:00,2023-07-08 11:39:54+00:00,2023-07-09 04:14:20+00:00,2023-07-08 11:00:20+00:00,2023-07-09 04:53:54+00:00
CISO,2023-07-09,2023-07-09 12:44:25+00:00,2023-07-10 03:10:07+00:00,2023-07-09 19:57:16+00:00,51942,2023-07-09 12:16:36+00:00,2023-07-10 03:37:56+00:00,2023-07-09 11:40:35+00:00,2023-07-10 04:13:57+00:00,2023-07-09 11:01:08+00:00,2023-07-10 04:53:24+00:00
CISO,2023-07-10,2023-07-10 12:45:00+00:00,2023-07-11 03:09:49+00:00,2023-07-10 19:57:25+00:00,51889,2023-07-10 12:17:14+00:00,2023-07-11 03:37:35+00:00,2023-07-10 11:41:18+00:00,2023-07-11 04:13:32+00:00,2023-07-10 11:01:58+00:00,2023-07-11 04:52:51+00:00
CISO,2023-07-11,2023-07-11 12:45:36+00:00,2023-07-12 03:09:30+00:00,2023-07-11 19:57:33+00:00,51834,2023-07-11 12:17:53+00:00,2023-07-12 03:37:13+00:00,2023-07-11 11:42:01+00:00,2023-07-12 04:13:05+00:00,2023-07-11 11:02:49+00:00,2023-07-12 04:52:16+00:00
CISO,2023-07-12,2023-07-12 12:46:12+00:00,2023-07-13 03:09:09+00:00,2023-07-12 19:57:41+00:00,51777,2023-07-12 12:18:32+00:00,2023-07-13 03:36:49+00:00,2023-07-12 11:42:46+00:00,2023-07-13 04:12:35+00:00,2023-07-12 11:03:42+00:00,2023-07-13 04:51:39+00:00
CISO,2023-07-13,2023-07-13 12:46:49+00:00,2023-07-14 03:08:46+00:00,2023-07-13 19:57:48+00:00,51717,2023-07-13 12:19:12+00:00,2023-07-14 03:36:23+00:00,2023-07-13 11:43:31+00:00,2023-07-14 04:12:04+00:00,2023-07-13 11:04:35+00:00,2023-07-14 04:51:00+00:00
CISO,2023-07-14,2023-07-14 12:47:27+00:00,2023-07-15 03:08:22+00:00,2023-07-14 19:57:54+00:00,51655,2023-07-14 12:19:53+00:00,2023-07-15 03:35:55+00:00,2023-07-14 11:44:18+00:00,2023-07-15 04:11:31+00:00,2023-07-14 11:05:30+00:00,2023-07-15 04:50:18+00:00
CISO,2023-07-15,2023-07-15 12:48:06+00:00,2023-07-16 03:07:56+00:00,2023-07-15 19:58:01+00:00,51590,2023-07-15 12:20:35+00:00,2023-07-16 03:35:26+00:00,2023-07-15 11:45:05+00:00,2023-07-16 04:10:56+00:00,2023-07-15 11:06:26+00:00,2023-07-16 04:49:35+00:00
CISO,2023-07-16,2023-07-16 12:48:45+00:00,2023-07-17 03:07:28+00:00,2023-07-16 19:58:06+00:00,51523,2023-07-16 12:21:18+00:00,2023-07-17 03:34:55+00:00,2023-07-16 11:45:54+00:00,2023-07-17 04:10:19+00:00,2023-07-16 11:07:24+00:00,2023-07-17 04:48:49+00:00
CISO,2023-07-17,2023-07-17 12:49:25+00:00,2023-07-18 03:06:58+00:00,2023-07-17 19:58:11+00:00,51453,2023-07-17 12:22:01+00:00,2023-07-18 03:34:22+00:00,2023-07-17 11:46:43+00:00,2023-07-18 04:09:40+00:00,2023-07-17 11:08:22+00:00,2023-07-18 04:48:01+00:00
CISO,2023-07-18,2023-07-18 12:50:05+00:00,2023-07-19 03:06:27+00:00,2023-07-18 19:58:16+00:00,51382,2023-07-18 12:22:45+00:00,2023-07-19 03:33:47+00:00,2023-07-18 11:47:33+00:00,2023-07-19 04:08:59+00:00,2023-07-18 11:09:21+00:00,2023-07-19 04:47:11+00:00
CISO,2023-07-19,2023-07-19 12:50:46+00:00,2023-07-20 03:05:55+00:00,2023-07-19 19:58:20+00:00,51309,2023-07-19 12:23:30+00:00,2023-07-20 03:33:11+00:00,2023-07-19 11:48:24+00:00,2023-07-20 04:08:17+00:00,2023-07-19 11:10:21+00:00,2023-07-20 04:46:20+00:00
CISO,2023-07-20,2023-07-20 12:51:27+00:00,2023-07-21 03:05:20+00:00,2023-07-20 19:58:24+00:00,51233,2023-07-20 12:24:15+00:00,2023-07-21 03:32:32+00:00,2023-07-20 11:49:15+00:00,2023-07-21 04:07:32+00:00,2023-07-20 11:11:22+00:00,2023-07-21 04:45:26+00:00
CISO,2023-07-21,2023-07-21 12:52:09+00:00,2023-07-22 03:04:44+00:00,2023-07-21 19:58:27+00:00,51155,2023-07-21 12:25:01+00:00,2023-07-22 03:31:53+00:00,2023-07-21 11:50:07+00:00,2023-07-22 04:06:46+00:00,2023-07-21 11:12:23+00:00,2023-07-22 04:44:30+00:00
CISO,2023-07-22,2023-07-22 12:52:51+00:00,2023-07-23 03:04:07+00:00,2023-07-22 19:58:29+00:00,51076,2023-07-22 12:25:47+00:00,2023-07-23 03:31:11+00:00,2023-07-22 11:51:00+00:00,2023-07-23 04:05:59+00:00,2023-07-22 11:13:26+00:00,2023-07-23 04:43:33+00:00
CISO,2023-07-23,2023-07-23 12:53:34+00:00,2023-07-24 03:03:28+00:00,2023-07-23 19:58:31+00:00,50994,2023-07-23 12:26:34+00:00,2023-07-24 03:30:28+00:00,2023-07-23 11:51:53+00:00,2023-07-24 04:05:09+00:00,2023-07-23 11:14:28+00:00,2023-07-24 04:42:34+00:00
CISO,2023-07-24,2023-07-24 12:54:17+00:00,2023-07-25 03:02:47+00:00,2023-07-24 19:58:32+00:00,50910,2023-07-24 12:27:21+00:00,2023-07-25 03:29:44+00:00,2023-07-24 11:52:47+00:00,2023-07-25 04:04:18+00:00,2023-07-24 11:15:32+00:00,2023-07-25 04:41:33+00:00
CISO,2023-07-25,2023-07-25 12:55:01+00:00,2023-07-26 03:02:05+00:00,2023-07-25 19:58:33+00:00,50824,2023-07-25 12:28:08+00:00,2023-07-26 03:28:58+00:00,2023-07-25 11:53:41+00:00,2023-07-26 04:03:25+00:00,2023-07-25 11:16:36+00:00,2023-07-26 04:40:30+00:00
CISO,2023-07-26,2023-07-26 12:55:44+00:00,2023-07-27 03:01:21+00:00,2023-07-26 19:58:33+00:00,50737,2023-07-26 12:28:56+00:00,2023-07-27 03:28:10+00:00,2023-07-26 11:54:35+00:00,2023-07-27 04:02:31+00:00,2023-07-26 11:17:40+00:00,2023-07-27 04:39:26+00:00
CISO,2023-07-27,2023-07-27 12:56:29+00:00,2023-07-28 03:00:36+00:00,2023-07-27 19:58:32+00:00,50647,2023-07-27 12:29:44+00:00,2023-07-28 03:27:21+00:00,2023-07-27 11:55:30+00:00,2023-07-28 04:01:35+00:00,2023-07-27 11:18:45+00:00,2023-07-28 04:38:20+00:00
CISO,2023-07-28,2023-07-28 12:57:13+00:00,2023-07-29 02:59:50+00:00,2023-07-28 19:58:31+00:00,50557,2023-07-28 12:30:33+00:00,2023-07-29 03:26:30+00:00,2023-07-28 11:56:25+00:00,2023-07-29 04:00:37+00:00,2023-07-28 11:19:50+00:00,2023-07-29 04:37:12+00:00
CISO,2023-07-29,2023-07-29 12:57:57+00:00,2023-07-30 02:59:02+00:00,2023-07-29 19:58:30+00:00,50465,2023-07-29 12:31:21+00:00,2023-07-30 03:25:38+00:00,2023-07-29 11:57:21+00:00,2023-07-30 03:59:38+00:00,2023-07-29 11:20:56+00:00,2023-07-30 04:36:03+00:00
CISO,2023-07-30,2023-07-30 12:58:42+00:00,2023-07-31 02:58:12+00:00,2023-07-30 19:58:27+00:00,50370,2023-07-30 12:32:10+00:00,2023-07-31 03:24:44+00:00,2023-07-30 11:58:17+00:00,2023-07-31 03:58:38+00:00,2023-07-30 11:22:02+00:00,2023-07-31 04:34:53+00:00
CISO,2023-07-31,2023-07-31 12:59:27+00:00,2023-08-01 02:57:21+00:00,2023-07-31 19:58:24+00:00,50274,2023-07-31 12:32:59+00:00,2023-08-01 03:23:49+00:00,2023-07-31 11:59:13+00:00,2023-08-01 03:57:36+00:00,2023-07-31 11:23:08+00:00,2023-08-01 04:33:41+00:00
CISO,2023-08-01,2023-08-01 13:00:12+00:00,2023-08-02 02:56:29+00:00,2023-08-01 19:58:21+00:00,50177,2023-08-01 12:33:49+00:00,2023-08-02 03:22:53+00:00,2023-08-01 12:00:09+00:00,2023-08-02 03:56:33+00:00,2023-08-01 11:24:14+00:00,2023-08-02 04:32:27+00:00
CISO,2023-08-02,2023-08-02 13:00:58+00:00,2023-08-03 02:55:35+00:00,2023-08-02 19:58:17+00:00,50077,2023-08-02 12:34:38+00:00,2023-08-03 03:21:55+00:00,2023-08-02 12:01:05+00:00,2023-08-03 03:55:28+00:00,2023-08-02 11:25:20+00:00,2023-08-03 04:31:13+00:00
CISO,2023-08-03,2023-08-03 13:01:43+00:00,2023-08-04 02:54:40+00:00,2023-08-03 19:58:12+00:00,49977,2023-08-03 12:35:28+00:00,2023-08-04 03:20:56+00:00,2023-08-03 12:02:01+00:00,2023-08-04 03:54:22+00:00,2023-08-03 11:26:27+00:00,2023-08-04 04:29:57+00:00
CISO,2023-08-04,2023-08-04 13:02:29+00:00,2023-08-05 02:53:44+00:00,2023-08-04 19:58:06+00:00,49875,2023-08-04 12:36:17+00:00,2023-08-05 03:19:55+00:00,2023-08-04 12:02:58+00:00,2023-08-05 03:53:15+00:00,2023-08-04 11:27:33+00:00,2023-08-05 04:28:40+00:00
CISO,2023-08-05,2023-08-05 13:03:14+00:00,2023-08-06 02:52:47+00:00,2023-08-05 19:58:00+00:00,49773,2023-08-05 12:37:07+00:00,2023-08-06 03:18:54+00:00,2023-08-05 12:03:55+00:00,2023-08-06 03:52:06+00:00,2023-08-05 11:28:39+00:00,2023-08-06 04:27:21+00:00
CISO,2023-08-06,2023-08-06 13:04:00+00:00,2023-08-07 02:51:48+00:00,2023-08-06 19:57:54+00:00,49668,2023-08-06 12:37:57+00:00,2023-08-07 03:17:51+00:00,2023-08-06 12:04:51+00:00,2023-08-07 03:50:57+00:00,2023-08-06 11:29:46+00:00,2023-08-07 04:26:02+00:00
CISO,2023-08-07,2023-08-07 13:04:45+00:00,2023-08-08 02:50:48+00:00,2023-08-07 19:57:47+00:00,49563,2023-08-07 12:38:47+00:00,2023-08-08 03:16:46+00:00,2023-08-07 12:05:48+00:00,2023-08-08 03:49:46+00:00,2023-08-07 11:30:52+00:00,2023-08-08 04:24:41+00:00
CISO,2023-08-08,2023-08-08 13:05:31+00:00,2023-08-09 02:49:47+00:00,2023-08-08 19:57:39+00:00,49456,2023-08-08 12:39:37+00:00,2023-08-09 03:15:41+00:00,2023-08-08 12:06:44+00:00,2023-08-09 03:48:34+00:00,2023-08-08 11:31:58+00:00,2023-08-09 04:23:20+00:00
CISO,2023-08-09,2023-08-09 13:06:17+00:00,2023-08-10 02:48:44+00:00,2023-08-09 19:57:31+00:00,49347,2023-08-09 12:40:26+00:00,2023-08-10 03:14:35+00:00,2023-08-09 12:07:41+00:00,2023-08-10 03:47:20+00:00,2023-08-09 11:33:04+00:00,2023-08-10 04:21:57+00:00
CISO,2023-08-10,2023-08-10 13:07:03+00:00,2023-08-11 02:47:41+00:00,2023-08-10 19:57:22+00:00,49238,2023-08-10 12:41:16+00:00,2023-08-11 03:13:27+00:00,2023-08-10 12:08:37+00:00,2023-08-11 03:46:06+00:00,2023-08-10 11:34:10+00:00,2023-08-11 04:20:33+00:00
CISO,2023-08-11,2023-08-11 13:07:48+00:00,2023-08-12 02:46:36+00:00,2023-08-11 19:57:12+00:00,49128,2023-08-11 12:42:06+00:00,2023-08-12 03:12:18+00:00,2023-08-11 12:09:33+00:00,2023-08-12 03:44:51+00:00,2023-08-11 11:35:16+00:00,2023-08-12 04:19:09+00:00
CISO,2023-08-12,2023-08-12 13:08:34+00:00,2023-08-13 02:45:30+00:00,2023-08-12 19:57:02+00:00,49016,2023-08-12 12:42:56+00:00,2023-08-13 03:11:09+00:00,2023-08-12 12:10:29+00:00,2023-08-13 03:43:35+00:00,2023-08-12 11:36:21+00:00,2023-08-13 04:17:43+00:00
CISO,2023-08-13,2023-08-13 13:09:20+00:00,2023-08-14 02:44:23+00:00,2023-08-13 19:56:51+00:00,48903,2023-08-13 12:43:45+00:00,2023-08-14 03:09:58+00:00,2023-08-13 12:11:25+00:00,2023-08-14 03:42:18+00:00,2023-08-13 11:37:26+00:00,2023-08-14 04:16:17+00:00
CISO,2023-08-14,2023-08-14 13:10:05+00:00,2023-08-15 02:43:15+00:00,2023-08-14 19:56:40+00:00,48790,2023-08-14 12:44:35+00:00,2023-08-15 03:08:46+00:00,2023-08-14 12:12:21+00:00,2023-08-15 03:40:59+00:00,2023-08-14 11:38:31+00:00,2023-08-15 04:14:50+00:00
CISO,2023-08-15,2023-08-15 13:10:51+00:00,2023-08-16 02:42:06+00:00,2023-08-15 19:56:29+00:00,48675,2023-08-15 12:45:24+00:00,2023-08-16 03:07:33+00:00,2023-08-15 12:13:17+00:00,2023-08-16 03:39:40+00:00,2023-08-15 11:39:36+00:00,2023-08-16 04:13:22+00:00
CISO,2023-08-16,2023-08-16 13:11:36+00:00,2023-08-17 02:40:56+00:00,2023-08-16 19:56:16+00:00,48560,2023-08-16 12:46:13+00:00,2023-08-17 03:06:19+00:00,2023-08-16 12:14:12+00:00,2023-08-17 03:38:20+00:00,2023-08-16 11:40:40+00:00,2023-08-17 04:11:53+00:00
CISO,2023-08-17,2023-08-17 13:12:22+00:00,2023-08-18 02:39:45+00:00,2023-08-17 19:56:04+00:00,48443,2023-08-17 12:47:02+00:00,2023-08-18 03:05:05+00:00,2023-08-17 12:15:07+00:00,2023-08-18 03:37:00+00:00,2023-08-17 11:41:44+00:00,2023-08-18 04:10:23+00:00
CISO,2023-08-18,2023-08-18 13:13:07+00:00,2023-08-19 02:38:34+00:00,2023-08-18 19:55:50+00:00,48327,2023-08-18 12:47:51+00:00,2023-08-19 03:03:49+00:00,2023-08-18 12:16:02+00:00,2023-08-19 03:35:38+00:00,2023-08-18 11:42:47+00:00,2023-08-19 04:08:53+00:00
CISO,2023-08-19,2023-08-19 13:13:52+00:00,2023-08-20 02:37:21+00:00,2023-08-19 19:55:37+00:00,48209,2023-08-19 12:48:40+00:00,2023-08-20 03:02:33+00:00,2023-08-19 12:16:57+00:00,2023-08-20 03:34:16+00:00,2023-08-19 11:43:50+00:00,2023-08-20 04:07:23+00:00
CISO,2023-08-20,2023-08-20 13:14:37+00:00,2023-08-21 02:36:07+00:00,2023-08-20 19:55:22+00:00,48090,2023-08-20 12:49:29+00:00,2023-08-21 03:01:16+00:00,2023-08-20 12:17:52+00:00,2023-08-21 03:32:53+00:00,2023-08-20 11:44:53+00:00,2023-08-21 04:05:51+00:00
CISO,2023-08-21,2023-08-21 13:15:22+00:00,2023-08-22 02:34:53+00:00,2023-08-21 19:55:08+00:00,47971,2023-08-21 12:50:17+00:00,2023-08-22 02:59:58+00:00,2023-08-21 12:18:46+00:00,2023-08-22 03:31:29+00:00,2023-08-21 11:45:56+00:00,2023-08-22 04:04:20+00:00
CISO,2023-08-22,2023-08-22 13:16:07+00:00,2023-08-23 02:33:38+00:00,2023-08-22 19:54:52+00:00,47851,2023-08-22 12:51:06+00:00,2023-08-23 02:58:39+00:00,2023-08-22 12:19:40+00:00,2023-08-23 03:30:05+00:00,2023-08-22 11:46:58+00:00,2023-08-23 04:02:47+00:00
CISO,2023-08-23,2023-08-23 13:16:52+00:00,2023-08-24 02:32:21+00:00,2023-08-23 19:54:37+00:00,47729,2023-08-23 12:51:54+00:00,2023-08-24 02:57:20+00:00,2023-08-23 12:20:34+00:00,2023-08-24 03:28:40+00:00,2023-08-23 11:47:59+00:00,2023-08-24 04:01:14+00:00
CISO,2023-08-24,2023-08-24 13:17:37+00:00,2023-08-25 02:31:05+00:00,2023-08-24 19:54:21+00:00,47608,2023-08-24 12:52:42+00:00,2023-08-25 02:56:00+00:00,2023-08-24 12:21:27+00:00,2023-08-25 03:27:14+00:00,2023-08-24 11:49:00+00:00,2023-08-25 03:59:41+00:00
CISO,2023-08-25,2023-08-25 13:18:22+00:00,2023-08-26 02:29:47+00:00,2023-08-25 19:54:04+00:00,47485,2023-08-25 12:53:30+00:00,2023-08-26 02:54:39+00:00,2023-08-25 12:22:20+00:00,2023-08-26 03:25:48+00:00,2023-08-25 11:50:01+00:00,2023-08-26 03:58:08+00:00
CISO,2023-08-26,2023-08-26 13:19:06+00:00,2023-08-27 02:28:29+00:00,2023-08-26 19:53:47+00:00,47363,2023-08-26 12:54:17+00:00,2023-08-27 02:53:17+00:00,2023-08-26 12:23:13+00:00,2023-08-27 03:24:22+00:00,2023-08-26 11:51:01+00:00,2023-08-27 03:56:34+00:00
CISO,2023-08-27,2023-08-27 13:19:50+00:00,2023-08-28 02:27:10+00:00,2023-08-27 19:53:30+00:00,47240,2023-08-27 12:55:05+00:00,2023-08-28 02:51:55+00:00,2023-08-27 12:24:06+00:00,2023-08-28 03:22:55+00:00,2023-08-27 11:52:01+00:00,2023-08-28 03:54:59+00:00
CISO,2023-08-28,2023-08-28 13:20:35+00:00,2023-08-29 02:25:50+00:00,2023-08-28 19:53:13+00:00,47115,2023-08-28 12:55:52+00:00,2023-08-29 02:50:33+00:00,2023-08-28 12:24:58+00:00,2023-08-29 03:21:27+00:00,2023-08-28 11:53:01+00:00,2023-08-29 03:53:24+00:00
CISO,2023-08-29,2023-08-29 13:21:19+00:00,2023-08-30 02:24:30+00:00,2023-08-29 19:52:55+00:00,46991,2023-08-29 12:56:39+00:00,2023-08-30 02:49:10+00:00,2023-08-29 12:25:50+00:00,2023-08-30 03:19:59+00:00,2023-08-29 11:53:59+00:00,2023-08-30 03:51:50+00:00
CISO,2023-08-30,2023-08-30 13:22:03+00:00,2023-08-31 02:23:09+00:00,2023-08-30 19:52:36+00:00,46866,2023-08-30 12:57:26+00:00,2023-08-31 02:47:46+00:00,2023-08-30 12:26:42+00:00,2023-08-31 03:18:31+00:00,2023-08-30 11:54:58+00:00,2023-08-31 03:50:14+00:00
CISO,2023-08-31,2023-08-31 13:22:47+00:00,2023-09-01 02:21:48+00:00,2023-08-31 19:52:18+00:00,46741,2023-08-31 12:58:13+00:00,2023-09-01 02:46:22+00:00,2023-08-31 12:27:33+00:00,2023-09-01 03:17:02+00:00,2023-08-31 11:55:56+00:00,2023-09-01 03:48:39+00:00
CISO,2023-09-01,2023-09-01 13:23:31+00:00,2023-09-02 02:20:26+00:00,2023-09-01 19:51:59+00:00,46615,2023-09-01 12:59:00+00:00,2023-09-02 02:44:57+00:00,2023-09-01 12:28:24+00:00,2023-09-02 03:15:33+00:00,2023-09-01 11:56:54+00:00,2023-09-02 03:47:03+00:00
CISO,2023-09-02,2023-09-02 13:24:15+00:00,2023-09-03 02:19:03+00:00,2023-09-02 19:51:39+00:00,46488,2023-09-02 12:59:46+00:00,2023-09-03 02:43:32+00:00,2023-09-02 12:29:15+00:00,2023-09-03 03:14:03+00:00,2023-09-02 11:57:51+00:00,2023-09-03 03:45:28+00:00
CISO,2023-09-03,2023-09-03 13:24:59+00:00,2023-09-04 02:17:41+00:00,2023-09-03 19:51:20+00:00,46362,2023-09-03 13:00:32+00:00,2023-09-04 02:42:07+00:00,2023-09-03 12:30:06+00:00,2023-09-04 03:12:34+00:00,2023-09-03 11:58:47+00:00,2023-09-04 03:43:52+00:00
CISO,2023-09-04,2023-09-04 13:25:43+00:00,2023-09-05 02:16:17+00:00,2023-09-04 19:51:00+00:00,46234,2023-09-04 13:01:19+00:00,2023-09-05 02:40:41+00:00,2023-09-04 12:30:56+00:00,2023-09-05 03:11:04+00:00,2023-09-04 11:59:44+00:00,2023-09-05 03:42:16+00:00
CISO,2023-09-05,2023-09-05 13:26:26+00:00,2023-09-06 02:14:53+00:00,2023-09-05 19:50:40+00:00,46107,2023-09-05 13:02:04+00:00,2023-09-06 02:39:15+00:00,2023-09-05 12:31:46+00:00,2023-09-06 03:09:34+00:00,2023-09-05 12:00:40+00:00,2023-09-06 03:40:40+00:00
CISO,2023-09-06,2023-09-06 13:27:10+00:00,2023-09-07 02:13:29+00:00,2023-09-06 19:50:20+00:00,45979,2023-09-06 13:02:50+00:00,2023-09-07 02:37:49+00:00,2023-09-06 12:32:36+00:00,2023-09-07 03:08:04+00:00,2023-09-06 12:01:35+00:00,2023-09-07 03:39:04+00:00
CISO,2023-09-07,2023-09-07 13:27:54+00:00,2023-09-08 02:12:05+00:00,2023-09-07 19:49:59+00:00,45851,2023-09-07 13:03:36+00:00,2023-09-08 02:36:22+00:00,2023-09-07 12:33:25+00:00,2023-09-08 03:06:33+00:00,2023-09-07 12:02:30+00:00,2023-09-08 03:37:28+00:00
CISO,2023-09-08,2023-09-08 13:28:37+00:00,2023-09-09 02:10:40+00:00,2023-09-08 19:49:39+00:00,45723,2023-09-08 13:04:22+00:00,2023-09-09 02:34:55+00:00,2023-09-08 12:34:14+00:00,2023-09-09 03:05:03+00:00,2023-09-08 12:03:25+00:00,2023-09-09 03:35:53+00:00
CISO,2023-09-09,2023-09-09 13:29:21+00:00,2023-09-10 02:09:15+00:00,2023-09-09 19:49:18+00:00,45594,2023-09-09 13:05:07+00:00,2023-09-10 02:33:28+00:00,2023-09-09 12:35:03+00:00,2023-09-10 03:03:32+00:00,2023-09-09 12:04:19+00:00,2023-09-10 03:34:17+00:00
CISO,2023-09-10,2023-09-10 13:30:04+00:00,2023-09-11 02:07:49+00:00,2023-09-10 19:48:57+00:00,45465,2023-09-10 13:05:52+00:00,2023-09-11 02:32:01+00:00,2023-09-10 12:35:52+00:00,2023-09-11 03:02:01+00:00,2023-09-10 12:05:12+00:00,2023-09-11 03:32:41+00:00
CISO,2023-09-11,2023-09-11 13:30:48+00:00,2023-09-12 02:06:23+00:00,2023-09-11 19:48:36+00:00,45335,2023-09-11 13:06:38+00:00,2023-09-12 02:30:34+00:00,2023-09-11 12:36:41+00:00,2023-09-12 03:00:31+00:00,2023-09-11 12:06:06+00:00,2023-09-12 03:31:06+00:00
CISO,2023-09-12,2023-09-12 13:31:31+00:00,2023-09-13 02:04:58+00:00,2023-09-12 19:48:15+00:00,45207,2023-09-12 13:07:23+00:00,2023-09-13 02:29:06+00:00,2023-09-12 12:37:29+00:00,2023-09-13 02:59:00+00:00,2023-09-12 12:06:59+00:00,2023-09-13 03:29:30+00:00
CISO,2023-09-13,2023-09-13 13:32:15+00:00,2023-09-14 02:03:31+00:00,2023-09-13 19:47:53+00:00,45076,2023-09-13 13:08:08+00:00,2023-09-14 02:27:38+00:00,2023-09-13 12:38:17+00:00,2023-09-14 02:57:29+00:00,2023-09-13 12:07:51+00:00,2023-09-14 03:27:55+00:00
CISO,2023-09-14,2023-09-14 13:32:59+00:00,2023-09-15 02:02:05+00:00,2023-09-14 19:47:32+00:00,44946,2023-09-14 13:08:53+00:00,2023-09-15 02:26:11+00:00,2023-09-14 12:39:05+00:00,2023-09-15 02:55:59+00:00,2023-09-14 12:08:44+00:00,2023-09-15 03:26:20+00:00
CISO,2023-09-15,2023-09-15 13:33:42+00:00,2023-09-16 02:00:39+00:00,2023-09-15 19:47:10+00:00,44817,2023-09-15 13:09:38+00:00,2023-09-16 02:24:43+00:00,2023-09-15 12:39:52+00:00,2023-09-16 02:54:28+00:00,2023-09-15 12:09:36+00:00,2023-09-16 03:24:45+00:00
CISO,2023-09-16,2023-09-16 13:34:26+00:00,2023-09-17 01:59:12+00:00,2023-09-16 19:46:49+00:00,44686,2023-09-16 13:10:23+00:00,2023-09-17 02:23:15+00:00,2023-09-16 12:40:40+00:00,2023-09-17 02:52:58+00:00,2023-09-16 12:10:27+00:00,2023-09-17 03:23:11+00:00
CISO,2023-09-17,2023-09-17 13:35:10+00:00,2023-09-18 01:57:46+00:00,2023-09-17 19:46:28+00:00,44556,2023-09-17 13:11:08+00:00,2023-09-18 02:21:48+00:00,2023-09-17 12:41:27+00:00,2023-09-18 02:51:28+00:00,2023-09-17 12:11:18+00:00,2023-09-18 03:21:37+00:00
CISO,2023-09-18,2023-09-18 13:35:53+00:00,2023-09-19 01:56:19+00:00,2023-09-18 19:46:06+00:00,44426,2023-09-18 13:11:52+00:00,2023-09-19 02:20:20+00:00,2023-09-18 12:42:14+00:00,2023-09-19 02:49:58+00:00,2023-09-18 12:12:09+00:00,2023-09-19 03:20:03+00:00
CISO,2023-09-19,2023-09-19 13:36:37+00:00,2023-09-20 01:54:52+00:00,2023-09-19 19:45:45+00:00,44295,2023-09-19 13:12:37+00:00,2023-09-20 02:18:52+00:00,2023-09-19 12:43:01+00:00,2023-09-20 02:48:28+00:00,2023-09-19 12:13:00+00:00,2023-09-20 03:18:30+00:00
CISO,2023-09-20,2023-09-20 13:37:21+00:00,2023-09-21 01:53:26+00:00,2023-09-20 19:45:23+00:00,44165,2023-09-20 13:13:22+00:00,2023-09-21 02:17:25+00:00,2023-09-20 12:43:48+00:00,2023-09-21 02:46:58+00:00,2023-09-20 12:13:50+00:00,2023-09-21 03:16:57+00:00
CISO,2023-09-21,2023-09-21 13:38:05+00:00,2023-09-22 01:51:59+00:00,2023-09-21 19:45:02+00:00,44034,2023-09-21 13:14:07+00:00,2023-09-22 02:15:57+00:00,2023-09-21 12:44:35+00:00,2023-09-22 02:45:29+00:00,2023-09-21 12:14:40+00:00,2023-09-22 03:15:24+00:00
CISO,2023-09-22,2023-09-22 13:38:49+00:00,2023-09-23 01:50:32+00:00,2023-09-22 19:44:41+00:00,43903,2023-09-22 13:14:52+00:00,2023-09-23 02:14:30+00:00,2023-09-22 12:45:22+00:00,2023-09-23 02:44:00+00:00,2023-09-22 12:15:30+00:00,2023-09-23 03:13:52+00:00
CISO,2023-09-23,2023-09-23 13:39:34+00:00,2023-09-24 01:49:06+00:00,2023-09-23 19:44:20+00:00,43772,2023-09-23 13:15:36+00:00,2023-09-24 02:13:03+00:00,2023-09-23 12:46:08+00:00,2023-09-24 02:42:31+00:00,2023-09-23 12:16:19+00:00,2023-09-24 03:12:20+00:00
CISO,2023-09-24,2023-09-24 13:40:18+00:00,2023-09-25 01:47:39+00:00,2023-09-24 19:43:59+00:00,43641,2023-09-24 13:16:21+00:00,2023-09-25 02:11:36+00:00,2023-09-24 12:46:55+00:00,2023-09-25 02:41:03+00:00,2023-09-24 12:17:09+00:00,2023-09-25 03:10:49+00:00
CISO,2023-09-25,2023-09-25 13:41:03+00:00,2023-09-26 01:46:13+00:00,2023-09-25 19:43:38+00:00,43510,2023-09-25 13:17:06+00:00,2023-09-26 02:10:10+00:00,2023-09-25 12:47:41+00:00,2023-09-26 02:39:35+00:00,2023-09-25 12:17:58+00:00,2023-09-26 03:09:18+00:00
CISO,2023-09-26,2023-09-26 13:41:48+00:00,2023-09-27 01:44:47+00:00,2023-09-26 19:43:17+00:00,43379,2023-09-26 13:17:51+00:00,2023-09-27 02:08:43+00:00,2023-09-26 12:48:27+00:00,2023-09-27 02:38:08+00:00,2023-09-26 12:18:47+00:00,2023-09-27 03:07:48+00:00
CISO,2023-09-27,2023-09-27 13:42:32+00:00,2023-09-28 01:43:21+00:00,2023-09-27 19:42:57+00:00,43249,2023-09-27 13:18:36+00:00,2023-09-28 02:07:17+00:00,2023-09-27 12:49:13+00:00,2023-09-28 02:36:40+00:00,2023-09-27 12:19:35+00:00,2023-09-28 03:06:19+00:00
CISO,2023-09-28,2023-09-28 13:43:18+00:00,2023-09-29 01:41:56+00:00,2023-09-28 19:42:37+00:00,43118,2023-09-28 13:19:22+00:00,2023-09-29 02:05:52+00:00,2023-09-28 12:50:00+00:00,2023-09-29 02:35:14+00:00,2023-09-28 12:20:24+00:00,2023-09-29 03:04:50+00:00
CISO,2023-09-29,2023-09-29 13:44:03+00:00,2023-09-30 01:40:30+00:00,2023-09-29 19:42:17+00:00,42987,2023-09-29 13:20:07+00:00,2023-09-30 02:04:27+00:00,2023-09-29 12:50:46+00:00,2023-09-30 02:33:48+00:00,2023-09-29 12:21:12+00:00,2023-09-30 03:03:21+00:00
CISO,2023-09-30,2023-09-30 13:44:48+00:00,2023-10-01 01:39:05+00:00,2023-09-30 19:41:57+00:00,42857,2023-09-30 13:20:52+00:00,2023-10-01 02:03:02+00:00,2023-09-30 12:51:32+00:00,2023-10-01 02:32:22+00:00,2023-09-30 12:22:00+00:00,2023-10-01 03:01:54+00:00
CISO,2023-10-01,2023-10-01 13:45:34+00:00,2023-10-02 01:37:41+00:00,2023-10-01 19:41:38+00:00,42727,2023-10-01 13:21:38+00:00,2023-10-02 02:01:37+00:00,2023-10-01 12:52:18+00:00,2023-10-02 02:30:57+00:00,2023-10-01 12:22:48+00:00,2023-10-02 03:00:27+00:00
CISO,2023-10-02,2023-10-02 13:46:20+00:00,2023-10-03 01:36:16+00:00,2023-10-02 19:41:18+00:00,42596,2023-10-02 13:22:23+00:00,2023-10-03 02:00:13+00:00,2023-10-02 12:53:04+00:00,2023-10-03 02:29:32+00:00,2023-10-02 12:23:36+00:00,2023-10-03 02:59:01+00:00
CISO,2023-10-03,2023-10-03 13:47:06+00:00,2023-10-04 01:34:52+00:00,2023-10-03 19:40:59+00:00,42466,2023-10-03 13:23:09+00:00,2023-10-04 01:58:50+00:00,2023-10-03 12:53:50+00:00,2023-10-04 02:28:09+00:00,2023-10-03 12:24:24+00:00,2023-10-04 02:57:35+00:00
CISO,2023-10-04,2023-10-04 13:47:53+00:00,2023-10-05 01:33:29+00:00,2023-10-04 19:40:41+00:00,42336,2023-10-04 13:23:55+00:00,2023-10-05 01:57:27+00:00,2023-10-04 12:54:37+00:00,2023-10-05 02:26:45+00:00,2023-10-04 12:25:11+00:00,2023-10-05 02:56:11+00:00
CISO,2023-10-05,2023-10-05 13:48:40+00:00,2023-10-06 01:32:06+00:00,2023-10-05 19:40:23+00:00,42206,2023-10-05 13:24:41+00:00,2023-10-06 01:56:04+00:00,2023-10-05 12:55:23+00:00,2023-10-06 02:25:23+00:00,2023-10-05 12:25:59+00:00,2023-10-06 02:54:47+00:00
CISO,2023-10-06,2023-10-06 13:49:27+00:00,2023-10-07 01:30:43+00:00,2023-10-06 19:40:05+00:00,42076,2023-10-06 13:25:28+00:00,2023-10-07 01:54:42+00:00,2023-10-06 12:56:09+00:00,2023-10-07 02:24:01+00:00,2023-10-06 12:26:46+00:00,2023-10-07 02:53:24+00:00
CISO,2023-10-07,2023-10-07 13:50:14+00:00,2023-10-08 01:29:21+00:00,2023-10-07 19:39:48+00:00,41947,2023-10-07 13:26:14+00:00,2023-10-08 01:53:21+00:00,2023-10-07 12:56:56+00:00,2023-10-08 02:22:40+00:00,2023-10-07 12:27:34+00:00,2023-10-08 02:52:01+00:00
CISO,2023-10-08,2023-10-08 13:51:02+00:00,2023-10-09 01:28:00+00:00,2023-10-08 19:39:31+00:00,41818,2023-10-08 13:27:01+00:00,2023-10-09 01:52:01+00:00,2023-10-08 12:57:42+00:00,2023-10-09 02:21:19+00:00,2023-10-08 12:28:21+00:00,2023-10-09 02:50:40+00:00
CISO,2023-10-09,2023-10-09 13:51:50+00:00,2023-10-10 01:26:38+00:00,2023-10-09 19:39:14+00:00,41688,2023-10-09 13:27:48+00:00,2023-10-10 01:50:41+00:00,2023-10-09 12:58:29+00:00,2023-10-10 02:19:59+00:00,2023-10-09 12:29:08+00:00,2023-10-10 02:49:20+00:00
CISO,2023-10-10,2023-10-10 13:52:38+00:00,2023-10-11 01:25:18+00:00,2023-10-10 19:38:58+00:00,41560,2023-10-10 13:28:35+00:00,2023-10-11 01:49:21+00:00,2023-10-10 12:59:15+00:00,2023-10-11 02:18:41+00:00,2023-10-10 12:29:56+00:00,2023-10-11 02:48:00+00:00
CISO,2023-10-11,2023-10-11 13:53:27+00:00,2023-10-12 01:23:58+00:00,2023-10-11 19:38:42+00:00,41431,2023-10-11 13:29:22+00:00,2023-10-12 01:48:03+00:00,2023-10-11 13:00:02+00:00,2023-10-12 02:17:23+00:00,2023-10-11 12:30:43+00:00,2023-10-12 02:46:42+00:00
CISO,2023-10-12,2023-10-12 13:54:15+00:00,2023-10-13 01:22:39+00:00,2023-10-12 19:38:27+00:00,41304,2023-10-12 13:30:10+00:00,2023-10-13 01:46:45+00:00,2023-10-12 13:00:49+00:00,2023-10-13 02:16:05+00:00,2023-10-12 12:31:30+00:00,2023-10-13 02:45:24+00:00
CISO,2023-10-13,2023-10-13 13:55:05+00:00,2023-10-14 01:21:21+00:00,2023-10-13 19:38:13+00:00,41176,2023-10-13 13:30:58+00:00,2023-10-14 01:45:28+00:00,2023-10-13 13:01:36+00:00,2023-10-14 02:14:49+00:00,2023-10-13 12:32:18+00:00,2023-10-14 02:44:08+00:00
CISO,2023-10-14,2023-10-14 13:55:54+00:00,2023-10-15 01:20:03+00:00,2023-10-14 19:37:59+00:00,41049,2023-10-14 13:31:46+00:00,2023-10-15 01:44:11+00:00,2023-10-14 13:02:23+00:00,2023-10-15 02:13:34+00:00,2023-10-14 12:33:05+00:00,2023-10-15 02:42:52+00:00
CISO,2023-10-15,2023-10-15 13:56:44+00:00,2023-10-16 01:18:46+00:00,2023-10-15 19:37:45+00:00,40922,2023-10-15 13:32:34+00:00,2023-10-16 01:42:56+00:00,2023-10-15 13:03:11+00:00,2023-10-16 02:12:19+00:00,2023-10-15 12:33:53+00:00,2023-10-16 02:41:38+00:00
CISO,2023-10-16,2023-10-16 13:57:34+00:00,2023-10-17 01:17:30+00:00,2023-10-16 19:37:32+00:00,40796,2023-10-16 13:33:23+00:00,2023-10-17 01:41:41+00:00,2023-10-16 13:03:58+00:00,2023-10-17 02:11:06+00:00,2023-10-16 12:34:40+00:00,2023-10-17 02:40:24+00:00
CISO,2023-10-17,2023-10-17 13:58:25+00:00,2023-10-18 01:16:14+00:00,2023-10-17 19:37:20+00:00,40669,2023-10-17 13:34:12+00:00,2023-10-18 01:40:28+00:00,2023-10-17 13:04:46+00:00,2023-10-18 02:09:53+00:00,2023-10-17 12:35:27+00:00,2023-10-18 02:39:12+00:00
CISO,2023-10-18,2023-10-18 13:59:16+00:00,2023-10-19 01:15:00+00:00,2023-10-18 19:37:08+00:00,40544,2023-10-18 13:35:01+00:00,2023-10-19 01:39:15+00:00,2023-10-18 13:05:34+00:00,2023-10-19 02:08:42+00:00,2023-10-18 12:36:15+00:00,2023-10-19 02:38:01+00:00
CISO,2023-10-19,2023-10-19 14:00:07+00:00,2023-10-20 01:13:46+00:00,2023-10-19 19:36:57+00:00,40419,2023-10-19 13:35:50+00:00,2023-10-20 01:38:03+00:00,2023-10-19 13:06:22+00:00,2023-10-20 02:07:31+00:00,2023-10-19 12:37:03+00:00,2023-10-20 02:36:51+00:00
CISO,2023-10-20,2023-10-20 14:00:59+00:00,2023-10-21 01:12:33+00:00,2023-10-20 19:36:46+00:00,40294,2023-10-20 13:36:40+00:00,2023-10-21 01:36:52+00:00,2023-10-20 13:07:10+00:00,2023-10-21 02:06:22+00:00,2023-10-20 12:37:50+00:00,2023-10-21 02:35:42+00:00
CISO,2023-10-21,2023-10-21 14:01:51+00:00,2023-10-22 01:11:21+00:00,2023-10-21 19:36:36+00:00,40170,2023-10-21 13:37:30+00:00,2023-10-22 01:35:43+00:00,2023-10-21 13:07:59+00:00,2023-10-22 02:05:14+00:00,2023-10-21 12:38:38+00:00,2023-10-22 02:34:34+00:00
CISO,2023-10-22,2023-10-22 14:02:43+00:00,2023-10-23 01:10:11+00:00,2023-10-22 19:36:27+00:00,40048,2023-10-22 13:38:20+00:00,2023-10-23 01:34:34+00:00,2023-10-22 13:08:47+00:00,2023-10-23 02:04:07+00:00,2023-10-22 12:39:26+00:00,2023-10-23 02:33:28+00:00
CISO,2023-10-23,2023-10-23 14:03:36+00:00,2023-10-24 01:09:01+00:00,2023-10-23 19:36:18+00:00,39925,2023-10-23 13:39:11+00:00,2023-10-24 01:33:26+00:00,2023-10-23 13:09:36+00:00,2023-10-24 02:03:01+00:00,2023-10-23 12:40:14+00:00,2023-10-24 02:32:23+00:00
CISO,2023-10-24,2023-10-24 14:04:29+00:00,2023-10-25 01:07:52+00:00,2023-10-24 19:36:11+00:00,39803,2023-10-24 13:40:02+00:00,2023-10-25 01:32:19+00:00,2023-10-24 13:10:25+00:00,2023-10-25 02:01:56+00:00,2023-10-24 12:41:02+00:00,2023-10-25 02:31:19+00:00
CISO,2023-10-25,2023-10-25 14:05:23+00:00,2023-10-26 01:06:44+00:00,2023-10-25 19:36:03+00:00,39681,2023-10-25 13:40:53+00:00,2023-10-26 01:31:14+00:00,2023-10-25 13:11:14+00:00,2023-10-26 02:00:53+00:00,2023-10-25 12:41:50+00:00,2023-10-26 02:30:17+00:00
CISO,2023-10-26,2023-10-26 14:06:17+00:00,2023-10-27 01:05:37+00:00,2023-10-26 19:35:57+00:00,39560,2023-10-26 13:41:44+00:00,2023-10-27 01:30:10+00:00,2023-10-26 13:12:04+00:00,2023-10-27 01:59:50+00:00,2023-10-26 12:42:39+00:00,2023-10-27 02:29:15+00:00
CISO,2023-10-27,2023-10-27 14:07:11+00:00,2023-10-28 01:04:32+00:00,2023-10-27 19:35:51+00:00,39441,2023-10-27 13:42:36+00:00,2023-10-28 01:29:07+00:00,2023-10-27 13:12:53+00:00,2023-10-28 01:58:49+00:00,2023-10-27 12:43:27+00:00,2023-10-28 02:28:16+00:00
CISO,2023-10-28,2023-10-28 14:08:05+00:00,2023-10-29 01:03:27+00:00,2023-10-28 19:35:46+00:00,39322,2023-10-28 13:43:28+00:00,2023-10-29 01:28:05+00:00,2023-10-28 13:13:43+00:00,2023-10-29 01:57:50+00:00,2023-10-28 12:44:16+00:00,2023-10-29 02:27:17+00:00
CISO,2023-10-29,2023-10-29 14:09:00+00:00,2023-10-30 01:02:24+00:00,2023-10-29 19:35:42+00:00,39204,2023-10-29 13:44:20+00:00,2023-10-30 01:27:04+00:00,2023-10-29 13:14:33+00:00,2023-10-30 01:56:51+00:00,2023-10-29 12:45:04+00:00,2023-10-30 02:26:20+00:00
CISO,2023-10-30,2023-10-30 14:09:56+00:00,2023-10-31 01:01:22+00:00,2023-10-30 19:35:39+00:00,39086,2023-10-30 13:45:13+00:00,2023-10-31 01:26:05+00:00,2023-10-30 13:15:23+00:00,2023-10-31 01:55:54+00:00,2023-10-30 12:45:53+00:00,2023-10-31 02:25:24+00:00
CISO,2023-10-31,2023-10-31 14:10:51+00:00,2023-11-01 01:00:21+00:00,2023-10-31 19:35:36+00:00,38970,2023-10-31 13:46:06+00:00,2023-11-01 01:25:07+00:00,2023-10-31 13:16:14+00:00,2023-11-01 01:54:58+00:00,2023-10-31 12:46:42+00:00,2023-11-01 02:24:30+00:00
CISO,2023-11-01,2023-11-01 14:11:47+00:00,2023-11-02 00:59:22+00:00,2023-11-01 19:35:34+00:00,38855,2023-11-01 13:46:59+00:00,2023-11-02 01:24:10+00:00,2023-11-01 13:17:04+00:00,2023-11-02 01:54:04+00:00,2023-11-01 12:47:31+00:00,2023-11-02 02:23:37+00:00
CISO,2023-11-02,2023-11-02 14:12:43+00:00,2023-11-03 00:58:24+00:00,2023-11-02 19:35:33+00:00,38741,2023-11-02 13:47:52+00:00,2023-11-03 01:23:14+00:00,2023-11-02 13:17:55+00:00,2023-11-03 01:53:11+00:00,2023-11-02 12:48:20+00:00,2023-11-03 02:22:46+00:00
CISO,2023-11-03,2023-11-03 14:13:39+00:00,2023-11-04 00:57:27+00:00,2023-11-03 19:35:33+00:00,38628,2023-11-03 13:48:46+00:00,2023-11-04 01:22:20+00:00,2023-11-03 13:18:46+00:00,2023-11-04 01:52:20+00:00,2023-11-03 12:49:10+00:00,2023-11-04 02:21:56+00:00
CISO,2023-11-04,2023-11-04 14:14:36+00:00,2023-11-05 00:56:31+00:00,2023-11-04 19:35:34+00:00,38515,2023-11-04 13:49:39+00:00,2023-11-05 01:21:28+00:00,2023-11-04 13:19:37+00:00,2023-11-05 01:51:30+00:00,2023-11-04 12:49:59+00:00,2023-11-05 02:21:08+00:00
CISO,2023-11-05,2023-11-05 14:15:33+00:00,2023-11-06 00:55:37+00:00,2023-11-05 19:35:35+00:00,38404,2023-11-05 13:50:33+00:00,2023-11-06 01:20:37+00:00,2023-11-05 13:20:29+00:00,2023-11-06 01:50:41+00:00,2023-11-05 12:50:49+00:00,2023-11-06 02:20:22+00:00
CISO,2023-11-06,2023-11-06 14:16:30+00:00,2023-11-07 00:54:45+00:00,2023-11-06 19:35:37+00:00,38295,2023-11-06 13:51:28+00:00,2023-11-07 01:19:47+00:00,2023-11-06 13:21:20+00:00,2023-11-07 01:49:54+00:00,2023-11-06 12:51:38+00:00,2023-11-07 02:19:36+00:00
CISO,2023-11-07,2023-11-07 14:17:27+00:00,2023-11-08 00:53:53+00:00,2023-11-07 19:35:40+00:00,38186,2023-11-07 13:52:22+00:00,2023-11-08 01:18:59+00:00,2023-11-07 13:22:12+00:00,2023-11-08 01:49:09+00:00,2023-11-07 12:52:28+00:00,2023-11-08 02:18:53+00:00
CISO,2023-11-08,2023-11-08 14:18:25+00:00,2023-11-09 00:53:04+00:00,2023-11-08 19:35:44+00:00,38079,2023-11-08 13:53:17+00:00,2023-11-09 01:18:12+00:00,2023-11-08 13:23:04+00:00,2023-11-09 01:48:25+00:00,2023-11-08 12:53:18+00:00,2023-11-09 02:18:11+00:00
CISO,2023-11-09,2023-11-09 14:19:22+00:00,2023-11-10 00:52:16+00:00,2023-11-09 19:35:49+00:00,37974,2023-11-09 13:54:11+00:00,2023-11-10 01:17:27+00:00,2023-11-09 13:23:55+00:00,2023-11-10 01:47:43+00:00,2023-11-09 12:54:08+00:00,2023-11-10 02:17:31+00:00
CISO,2023-11-10,2023-11-10 14:20:20+00:00,2023-11-11 00:51:29+00:00,2023-11-10 19:35:55+00:00,37869,2023-11-10 13:55:06+00:00,2023-11-11 01:16:43+00:00,2023-11-10 13:24:47+00:00,2023-11-11 01:47:02+00:00,2023-11-10 12:54:57+00:00,2023-11-11 02:16:52+00:00
CISO,2023-11-11,2023-11-11 14:21:18+00:00,2023-11-12 00:50:44+00:00,2023-11-11 19:36:01+00:00,37766,2023-11-11 13:56:01+00:00,2023-11-12 01:16:01+00:00,2023-11-11 13:25:39+00:00,2023-11-12 01:46:23+00:00,2023-11-11 12:55:47+00:00,2023-11-12 02:16:15+00:00
CISO,2023-11-12,2023-11-12 14:22:16+00:00,2023-11-13 00:50:01+00:00,2023-11-12 19:36:08+00:00,37665,2023-11-12 13:56:56+00:00,2023-11-13 01:15:21+00:00,2023-11-12 13:26:31+00:00,2023-11-13 01:45:45+00:00,2023-11-12 12:56:37+00:00,2023-11-13 02:15:39+00:00
CISO,2023-11-13,2023-11-13 14:23:14+00:00,2023-11-14 00:49:19+00:00,2023-11-13 19:36:17+00:00,37565,2023-11-13 13:57:51+00:00,2023-11-14 01:14:42+00:00,2023-11-13 13:27:24+00:00,2023-11-14 01:45:10+00:00,2023-11-13 12:57:28+00:00,2023-11-14 02:15:06+00:00
CISO,2023-11-14,2023-11-14 14:24:13+00:00,2023-11-15 00:48:39+00:00,2023-11-14 19:36:26+00:00,37466,2023-11-14 13:58:46+00:00,2023-11-15 01:14:05+00:00,2023-11-14 13:28:16+00:00,2023-11-15 01:44:35+00:00,2023-11-14 12:58:18+00:00,2023-11-15 02:14:34+00:00
CISO,2023-11-15,2023-11-15 14:25:11+00:00,2023-11-16 00:48:00+00:00,2023-11-15 19:36:35+00:00,37369,2023-11-15 13:59:41+00:00,2023-11-16 01:13:30+00:00,2023-11-15 13:29:08+00:00,2023-11-16 01:44:03+00:00,2023-11-15 12:59:08+00:00,2023-11-16 02:14:03+00:00
CISO,2023-11-16,2023-11-16 14:26:09+00:00,2023-11-17 00:47:23+00:00,2023-11-16 19:36:46+00:00,37274,2023-11-16 14:00:36+00:00,2023-11-17 01:12:56+00:00,2023-11-16 13:30:00+00:00,2023-11-17 01:43:32+00:00,2023-11-16 12:59:58+00:00,2023-11-17 02:13:35+00:00
CISO,2023-11-17,2023-11-17 14:27:07+00:00,2023-11-18 00:46:48+00:00,2023-11-17 19:36:58+00:00,37181,2023-11-17 14:01:31+00:00,2023-11-18 01:12:24+00:00,2023-11-17 13:30:52+00:00,2023-11-18 01:43:03+00:00,2023-11-17 13:00:48+00:00,2023-11-18 02:13:08+00:00
CISO,2023-11-18,2023-11-18 14:28:05+00:00,2023-11-19 00:46:15+00:00,2023-11-18 19:37:10+00:00,37090,2023-11-18 14:02:26+00:00,2023-11-19 01:11:54+00:00,2023-11-18 13:31:44+00:00,2023-11-19 01:42:36+00:00,2023-11-18 13:01:38+00:00,2023-11-19 02:12:43+00:00
CISO,2023-11-19,2023-11-19 14:29:03+00:00,2023-11-20 00:45:43+00:00,2023-11-19 19:37:23+00:00,37000,2023-11-19 14:03:21+00:00,2023-11-20 01:11:25+00:00,2023-11-19 13:32:36+00:00,2023-11-20 01:42:10+00:00,2023-11-19 13:02:27+00:00,2023-11-20 02:12:19+00:00
CISO,2023-11-20,2023-11-20 14:30:01+00:00,2023-11-21 00:45:14+00:00,2023-11-20 19:37:37+00:00,36913,2023-11-20 14:04:16+00:00,2023-11-21 01:10:59+00:00,2023-11-20 13:33:28+00:00,2023-11-21 01:41:46+00:00,2023-11-20 13:03:17+00:00,2023-11-21 02:11:57+00:00
CISO,2023-11-21,2023-11-21 14:30:58+00:00,2023-11-22 00:44:46+00:00,2023-11-21 19:37:52+00:00,36828,2023-11-21 14:05:11+00:00,2023-11-22 01:10:34+00:00,2023-11-21 13:34:20+00:00,2023-11-22 01:41:24+00:00,2023-11-21 13:04:07+00:00,2023-11-22 02:11:38+00:00
CISO,2023-11-22,2023-11-22 14:31:56+00:00,2023-11-23 00:44:20+00:00,2023-11-22 19:38:08+00:00,36744,2023-11-22 14:06:05+00:00,2023-11-23 01:10:10+00:00,2023-11-22 13:35:12+00:00,2023-11-23 01:41:04+00:00,2023-11-22 13:04:56+00:00,2023-11-23 02:11:19+00:00
CISO,2023-11-23,2023-11-23 14:32:53+00:00,2023-11-24 00:43:56+00:00,2023-11-23 19:38:24+00:00,36663,2023-11-23 14:06:59+00:00,2023-11-24 01:09:49+00:00,2023-11-23 13:36:03+00:00,2023-11-24 01:40:45+00:00,2023-11-23 13:05:45+00:00,2023-11-24 02:11:03+00:00
CISO,2023-11-24,2023-11-24 14:33:49+00:00,2023-11-25 00:43:33+00:00,2023-11-24 19:38:41+00:00,36584,2023-11-24 14:07:53+00:00,2023-11-25 01:09:30+00:00,2023-11-24 13:36:54+00:00,2023-11-25 01:40:29+00:00,2023-11-24 13:06:34+00:00,2023-11-25 02:10:48+00:00
CISO,2023-11-25,2023-11-25 14:34:46+00:00,2023-11-26 00:43:13+00:00,2023-11-25 19:38:59+00:00,36507,2023-11-25 14:08:47+00:00,2023-11-26 01:09:12+00:00,2023-11-25 13:37:45+00:00,2023-11-26 01:40:14+00:00,2023-11-25 13:07:23+00:00,2023-11-26 02:10:35+00:00
CISO,2023-11-26,2023-11-26 14:35:42+00:00,2023-11-27 00:42:54+00:00,2023-11-26 19:39:18+00:00,36432,2023-11-26 14:09:40+00:00,2023-11-27 01:08:56+00:00,2023-11-26 13:38:36+00:00,2023-11-27 01:40:00+00:00,2023-11-26 13:08:12+00:00,2023-11-27 02:10:24+00:00
CISO,2023-11-27,2023-11-27 14:36:37+00:00,2023-11-28 00:42:37+00:00,2023-11-27 19:39:37+00:00,36360,2023-11-27 14:10:33+00:00,2023-11-28 01:08:42+00:00,2023-11-27 13:39:26+00:00,2023-11-28 01:39:49+00:00,2023-11-27 13:09:00+00:00,2023-11-28 02:10:15+00:00
CISO,2023-11-28,2023-11-28 14:37:32+00:00,2023-11-29 00:42:23+00:00,2023-11-28 19:39:58+00:00,36291,2023-11-28 14:11:25+00:00,2023-11-29 01:08:30+00:00,2023-11-28 13:40:16+00:00,2023-11-29 01:39:39+00:00,2023-11-28 13:09:48+00:00,2023-11-29 02:10:07+00:00
CISO,2023-11-29,2023-11-29 14:38:27+00:00,2023-11-30 00:42:10+00:00,2023-11-29 19:40:18+00:00,36223,2023-11-29 14:12:17+00:00,2023-11-30 01:08:20+00:00,2023-11-29 13:41:05+00:00,2023-11-30 01:39:32+00:00,2023-11-29 13:10:36+00:00,2023-11-30 02:10:01+00:00
CISO,2023-11-30,2023-11-30 14:39:21+00:00,2023-12-01 00:41:59+00:00,2023-11-30 19:40:40+00:00,36158,2023-11-30 14:13:09+00:00,2023-12-01 01:08:11+00:00,2023-11-30 13:41:54+00:00,2023-12-01 01:39:26+00:00,2023-11-30 13:11:23+00:00,2023-12-01 02:09:57+00:00
CISO,2023-12-01,2023-12-01 14:40:14+00:00,2023-12-02 00:41:50+00:00,2023-12-01 19:41:02+00:00,36096,2023-12-01 14:14:00+00:00,2023-12-02 01:08:05+00:00,2023-12-01 13:42:43+00:00,2023-12-02 01:39:21+00:00,2023-12-01 13:12:10+00:00,2023-12-02 02:09:55+00:00
CISO,2023-12-02,2023-12-02 14:41:07+00:00,2023-12-03 00:41:43+00:00,2023-12-02 19:41:25+00:00,36036,2023-12-02 14:14:50+00:00,2023-12-03 01:08:00+00:00,2023-12-02 13:43:31+00:00,2023-12-03 01:39:19+00:00,2023-12-02 13:12:56+00:00,2023-12-03 02:09:54+00:00
CISO,2023-12-03,2023-12-03 14:41:59+00:00,2023-12-04 00:41:38+00:00,2023-12-03 19:41:48+00:00,35979,2023-12-03 14:15:40+00:00,2023-12-04 01:07:57+00:00,2023-12-03 13:44:19+00:00,2023-12-04 01:39:18+00:00,2023-12-03 13:13:42+00:00,2023-12-04 02:09:55+00:00
CISO,2023-12-04,2023-12-04 14:42:50+00:00,2023-12-05 00:41:35+00:00,2023-12-04 19:42:13+00:00,35925,2023-12-04 14:16:29+00:00,2023-12-05 01:07:56+00:00,2023-12-04 13:45:06+00:00,2023-12-05 01:39:19+00:00,2023-12-04 13:14:27+00:00,2023-12-05 02:09:58+00:00
CISO,2023-12-05,2023-12-05 14:43:40+00:00,2023-12-06 00:41:34+00:00,2023-12-05 19:42:37+00:00,35874,2023-12-05 14:17:17+00:00,2023-12-06 01:07:57+00:00,2023-12-05 13:45:52+00:00,2023-12-06 01:39:22+00:00,2023-12-05 13:15:12+00:00,2023-12-06 02:10:02+00:00
CISO,2023-12-06,2023-12-06 14:44:30+00:00,2023-12-07 00:41:35+00:00,2023-12-06 19:43:02+00:00,35825,2023-12-06 14:18:05+00:00,2023-12-07 01:08:00+00:00,2023-12-06 13:46:38+00:00,2023-12-07 01:39:27+00:00,2023-12-06 13:15:56+00:00,2023-12-07 02:10:08+00:00
CISO,2023-12-07,2023-12-07 14:45:19+00:00,2023-12-08 00:41:37+00:00,2023-12-07 19:43:28+00:00,35778,2023-12-07 14:18:51+00:00,2023-12-08 01:08:05+00:00,2023-12-07 13:47:23+00:00,2023-12-08 01:39:33+00:00,2023-12-07 13:16:40+00:00,2023-12-08 02:10:16+00:00
CISO,2023-12-08,2023-12-08 14:46:06+00:00,2023-12-09 00:41:42+00:00,2023-12-08 19:43:54+00:00,35736,2023-12-08 14:19:37+00:00,2023-12-09 01:08:11+00:00,2023-12-08 13:48:07+00:00,2023-12-09 01:39:42+00:00,2023-12-08 13:17:23+00:00,2023-12-09 02:10:25+00:00
CISO,2023-12-09,2023-12-09 14:46:53+00:00,2023-12-10 00:41:49+00:00,2023-12-09 19:44:21+00:00,35696,2023-12-09 14:20:22+00:00,2023-12-10 01:08:19+00:00,2023-12-09 13:48:50+00:00,2023-12-10 01:39:51+00:00,2023-12-09 13:18:05+00:00,2023-12-10 02:10:37+00:00
CISO,2023-12-10,2023-12-10 14:47:38+00:00,2023-12-11 00:41:57+00:00,2023-12-10 19:44:48+00:00,35659,2023-12-10 14:21:06+00:00,2023-12-11 01:08:29+00:00,2023-12-10 13:49:33+00:00,2023-12-11 01:40:03+00:00,2023-12-10 13:18:46+00:00,2023-12-11 02:10:49+00:00
CISO,2023-12-11,2023-12-11 14:48:23+00:00,2023-12-12 00:42:08+00:00,2023-12-11 19:45:15+00:00,35625,2023-12-11 14:21:49+00:00,2023-12-12 01:08:41+00:00,2023-12-11 13:50:15+00:00,2023-12-12 01:40:16+00:00,2023-12-11 13:19:27+00:00,2023-12-12 02:11:04+00:00
CISO,2023-12-12,2023-12-12 14:49:06+00:00,2023-12-13 00:42:20+00:00,2023-12-12 19:45:43+00:00,35594,2023-12-12 14:22:32+00:00,2023-12-13 01:08:55+00:00,2023-12-12 13:50:55+00:00,2023-12-13 01:40:31+00:00,2023-12-12 13:20:07+00:00,2023-12-13 02:11:19+00:00
CISO,2023-12-13,2023-12-13 14:49:48+00:00,2023-12-14 00:42:34+00:00,2023-12-13 19:46:11+00:00,35566,2023-12-13 14:23:13+00:00,2023-12-14 01:09:10+00:00,2023-12-13 13:51:35+00:00,2023-12-14 01:40:48+00:00,2023-12-13 13:20:46+00:00,2023-12-14 02:11:37+00:00
CISO,2023-12-14,2023-12-14 14:50:29+00:00,2023-12-15 00:42:50+00:00,2023-12-14 19:46:40+00:00,35541,2023-12-14 14:23:52+00:00,2023-12-15 01:09:27+00:00,2023-12-14 13:52:14+00:00,2023-12-15 01:41:06+00:00,2023-12-14 13:21:24+00:00,2023-12-15 02:11:56+00:00
CISO,2023-12-15,2023-12-15 14:51:09+00:00,2023-12-16 00:43:08+00:00,2023-12-15 19:47:09+00:00,35519,2023-12-15 14:24:31+00:00,2023-12-16 01:09:46+00:00,2023-12-15 13:52:52+00:00,2023-12-16 01:41:25+00:00,2023-12-15 13:22:01+00:00,2023-12-16 02:12:16+00:00
CISO,2023-12-16,2023-12-16 14:51:47+00:00,2023-12-17 00:43:28+00:00,2023-12-16 19:47:38+00:00,35501,2023-12-16 14:25:09+00:00,2023-12-17 01:10:07+00:00,2023-12-16 13:53:29+00:00,2023-12-17 01:41:47+00:00,2023-12-16 13:22:37+00:00,2023-12-17 02:12:38+00:00
CISO,2023-12-17,2023-12-17 14:52:24+00:00,2023-12-18 00:43:50+00:00,2023-12-17 19:48:07+00:00,35486,2023-12-17 14:25:45+00:00,2023-12-18 01:10:29+00:00,2023-12-17 13:54:04+00:00,2023-12-18 01:42:10+00:00,2023-12-17 13:23:13+00:00,2023-12-18 02:13:01+00:00
CISO,2023-12-18,2023-12-18 14:53:00+00:00,2023-12-19 00:44:13+00:00,2023-12-18 19:48:36+00:00,35473,2023-12-18 14:26:20+00:00,2023-12-19 01:10:53+00:00,2023-12-18 13:54:39+00:00,2023-12-19 01:42:34+00:00,2023-12-18 13:23:47+00:00,2023-12-19 02:13:26+00:00
CISO,2023-12-19,2023-12-19 14:53:34+00:00,2023-12-20 00:44:38+00:00,2023-12-19 19:49:06+00:00,35464,2023-12-19 14:26:54+00:00,2023-12-20 01:11:18+00:00,2023-12-19 13:55:12+00:00,2023-12-20 01:43:00+00:00,2023-12-19 13:24:20+00:00,2023-12-20 02:13:52+00:00
CISO,2023-12-20,2023-12-20 14:54:07+00:00,2023-12-21 00:45:05+00:00,2023-12-20 19:49:36+00:00,35458,2023-12-20 14:27:26+00:00,2023-12-21 01:11:45+00:00,2023-12-20 13:55:44+00:00,2023-12-21 01:43:27+00:00,2023-12-20 13:24:52+00:00,2023-12-21 02:14:20+00:00
CISO,2023-12-21,2023-12-21 14:54:38+00:00,2023-12-22 00:45:33+00:00,2023-12-21 19:50:06+00:00,35455,2023-12-21 14:27:57+00:00,2023-12-22 01:12:14+00:00,2023-12-21 13:56:15+00:00,2023-12-22 01:43:56+00:00,2023-12-21 13:25:23+00:00,2023-12-22 02:14:48+00:00
CISO,2023-12-22,2023-12-22 14:55:07+00:00,2023-12-23 00:46:04+00:00,2023-12-22 19:50:35+00:00,35457,2023-12-22 14:28:27+00:00,2023-12-23 01:12:44+00:00,2023-12-22 13:56:45+00:00,2023-12-23 01:44:26+00:00,2023-12-22 13:25:52+00:00,2023-12-23 02:15:18+00:00
CISO,2023-12-23,2023-12-23 14:55:35+00:00,2023-12-24 00:46:35+00:00,2023-12-23 19:51:05+00:00,35460,2023-12-23 14:28:55+00:00,2023-12-24 01:13:16+00:00,2023-12-23 13:57:13+00:00,2023-12-24 01:44:57+00:00,2023-12-23 13:26:21+00:00,2023-12-24 02:15:50+00:00
CISO,2023-12-24,2023-12-24 14:56:01+00:00,2023-12-25 00:47:09+00:00,2023-12-24 19:51:35+00:00,35468,2023-12-24 14:29:21+00:00,2023-12-25 01:13:49+00:00,2023-12-24 13:57:40+00:00,2023-12-25 01:45:30+00:00,2023-12-24 13:26:48+00:00,2023-12-25 02:16:22+00:00
CISO,2023-12-25,2023-12-25 14:56:26+00:00,2023-12-26 00:47:44+00:00,2023-12-25 19:52:05+00:00,35478,2023-12-25 14:29:46+00:00,2023-12-26 01:14:23+00:00,2023-12-25 13:58:06+00:00,2023-12-26 01:46:04+00:00,2023-12-25 13:27:13+00:00,2023-12-26 02:16:56+00:00
CISO,2023-12-26,2023-12-26 14:56:49+00:00,2023-12-27 00:48:20+00:00,2023-12-26 19:52:34+00:00,35491,2023-12-26 14:30:10+00:00,2023-12-27 01:14:59+00:00,2023-12-26 13:58:30+00:00,2023-12-27 01:46:39+00:00,2023-12-26 13:27:38+00:00,2023-12-27 02:17:31+00:00
CISO,2023-12-27,2023-12-27 14:57:10+00:00,2023-12-28 00:48:58+00:00,2023-12-27 19:53:04+00:00,35508,2023-12-27 14:30:32+00:00,2023-12-28 01:15:36+00:00,2023-12-27 13:58:52+00:00,2023-12-28 01:47:16+00:00,2023-12-27 13:28:01+00:00,2023-12-28 02:18:07+00:00
CISO,2023-12-28,2023-12-28 14:57:30+00:00,2023-12-29 00:49:37+00:00,2023-12-28 19:53:33+00:00,35527,2023-12-28 14:30:52+00:00,2023-12-29 01:16:15+00:00,2023-12-28 13:59:13+00:00,2023-12-29 01:47:53+00:00,2023-12-28 13:28:23+00:00,2023-12-29 02:18:44+00:00
CISO,2023-12-29,2023-12-29 14:57:47+00:00,2023-12-30 00:50:18+00:00,2023-12-29 19:54:03+00:00,35551,2023-12-29 14:31:11+00:00,2023-12-30 01:16:54+00:00,2023-12-29 13:59:33+00:00,2023-12-30 01:48:32+00:00,2023-12-29 13:28:43+00:00,2023-12-30 02:19:22+00:00
CISO,2023-12-30,2023-12-30 14:58:03+00:00,2023-12-31 00:51:00+00:00,2023-12-30 19:54:32+00:00,35577,2023-12-30 14:31:28+00:00,2023-12-31 01:17:35+00:00,2023-12-30 13:59:51+00:00,2023-12-31 01:49:12+00:00,2023-12-30 13:29:02+00:00,2023-12-31 02:20:01+00:00
CISO,2023-12-31,2023-12-31 14:58:17+00:00,2024-01-01 00:51:43+00:00,2023-12-31 19:55:00+00:00,35606,2023-12-31 14:31:43+00:00,2024-01-01 01:18:17+00:00,2023-12-31 14:00:07+00:00,2024-01-01 01:49:53+00:00,2023-12-31 13:29:19+00:00,2024-01-01 02:20:41+00:00
CISO,2024-01-01,2024-01-01 14:58:30+00:00,2024-01-02 00:52:28+00:00,2024-01-01 19:55:29+00:00,35638,2024-01-01 14:31:57+00:00,2024-01-02 01:19:01+00:00,2024-01-01 14:00:22+00:00,2024-01-02 01:50:35+00:00,2024-01-01 13:29:35+00:00,2024-01-02 02:21:22+00:00
CISO,2024-01-02,2024-01-02 14:58:40+00:00,2024-01-03 00:53:14+00:00,2024-01-02 19:55:57+00:00,35674,2024-01-02 14:32:09+00:00,2024-01-03 01:19:45+00:00,2024-01-02 14:00:36+00:00,2024-01-03 01:51:18+00:00,2024-01-02 13:29:50+00:00,2024-01-03 02:22:04+00:00
CISO,2024-01-03,2024-01-03 14:58:49+00:00,2024-01-04 00:54:00+00:00,2024-01-03 19:56:25+00:00,35711,2024-01-03 14:32:19+00:00,2024-01-04 01:20:30+00:00,2024-01-03 14:00:47+00:00,2024-01-04 01:52:02+00:00,2024-01-03 13:30:03+00:00,2024-01-04 02:22:46+00:00
CISO,2024-01-04,2024-01-04 14:58:55+00:00,2024-01-05 00:54:49+00:00,2024-01-04 19:56:52+00:00,35754,2024-01-04 14:32:27+00:00,2024-01-05 01:21:17+00:00,2024-01-04 14:00:57+00:00,2024-01-05 01:52:47+00:00,2024-01-04 13:30:14+00:00,2024-01-05 02:23:30+00:00
CISO,2024-01-05,2024-01-05 14:59:00+00:00,2024-01-06 00:55:38+00:00,2024-01-05 19:57:19+00:00,35798,2024-01-05 14:32:34+00:00,2024-01-06 01:22:04+00:00,2024-01-05 14:01:06+00:00,2024-01-06 01:53:32+00:00,2024-01-05 13:30:24+00:00,2024-01-06 02:24:14+00:00
CISO,2024-01-06,2024-01-06 14:59:03+00:00,2024-01-07 00:56:28+00:00,2024-01-06 19:57:45+00:00,35845,2024-01-06 14:32:39+00:00,2024-01-07 01:22:52+00:00,2024-01-06 14:01:12+00:00,2024-01-07 01:54:19+00:00,2024-01-06 13:30:32+00:00,2024-01-07 02:24:59+00:00
CISO,2024-01-07,2024-01-07 14:59:04+00:00,2024-01-08 00:57:19+00:00,2024-01-07 19:58:12+00:00,35895,2024-01-07 14:32:42+00:00,2024-01-08 01:23:41+00:00,2024-01-07 14:01:17+00:00,2024-01-08 01:55:06+00:00,2024-01-07 13:30:38+00:00,2024-01-08 02:25:45+00:00
CISO,2024-01-08,2024-01-08 14:59:03+00:00,2024-01-09 00:58:11+00:00,2024-01-08 19:58:37+00:00,35948,2024-01-08 14:32:43+00:00,2024-01-09 01:24:31+00:00,2024-01-08 14:01:21+00:00,2024-01-09 01:55:54+00:00,2024-01-08 13:30:43+00:00,2024-01-09 02:26:31+00:00
CISO,2024-01-09,2024-01-09 14:59:00+00:00,2024-01-10 00:59:04+00:00,2024-01-09 19:59:02+00:00,36004,2024-01-09 14:32:42+00:00,2024-01-10 01:25:22+00:00,2024-01-09 14:01:22+00:00,2024-01-10 01:56:42+00:00,2024-01-09 13:30:46+00:00,2024-01-10 02:27:18+00:00
CISO,2024-01-10,2024-01-10 14:58:56+00:00,2024-01-11 00:59:58+00:00,2024-01-10 19:59:27+00:00,36062,2024-01-10 14:32:40+00:00,2024-01-11 01:26:14+00:00,2024-01-10 14:01:22+00:00,2024-01-11 01:57:31+00:00,2024-01-10 13:30:48+00:00,2024-01-11 02:28:06+00:00
CISO,2024-01-11,2024-01-11 14:58:49+00:00,2024-01-12 01:00:52+00:00,2024-01-11 19:59:51+00:00,36123,2024-01-11 14:32:36+00:00,2024-01-12 01:27:06+00:00,2024-01-11 14:01:20+00:00,2024-01-12 01:58:21+00:00,2024-01-11 13:30:48+00:00,2024-01-12 02:28:54+00:00
CISO,2024-01-12,2024-01-12 14:58:40+00:00,2024-01-13 01:01:47+00:00,2024-01-12 20:00:14+00:00,36187,2024-01-12 14:32:30+00:00,2024-01-13 01:27:58+00:00,2024-01-12 14:01:16+00:00,2024-01-13 01:59:12+00:00,2024-01-12 13:30:46+00:00,2024-01-13 02:29:42+00:00
CISO,2024-01-13,2024-01-13 14:58:30+00:00,2024-01-14 01:02:43+00:00,2024-01-13 20:00:37+00:00,36253,2024-01-13 14:32:22+00:00,2024-01-14 01:28:52+00:00,2024-01-13 14:01:11+00:00,2024-01-14 02:00:03+00:00,2024-01-13 13:30:42+00:00,2024-01-14 02:30:31+00:00
CISO,2024-01-14,2024-01-14 14:58:18+00:00,2024-01-15 01:03:40+00:00,2024-01-14 20:00:59+00:00,36322,2024-01-14 14:32:12+00:00,2024-01-15 01:29:46+00:00,2024-01-14 14:01:04+00:00,2024-01-15 02:00:54+00:00,2024-01-14 13:30:37+00:00,2024-01-15 02:31:21+00:00
CISO,2024-01-15,2024-01-15 14:58:03+00:00,2024-01-16 01:04:37+00:00,2024-01-15 20:01:20+00:00,36394,2024-01-15 14:32:00+00:00,2024-01-16 01:30:40+00:00,2024-01-15 14:00:55+00:00,2024-01-16 02:01:46+00:00,2024-01-15 13:30:30+00:00,2024-01-16 02:32:11+00:00
CISO,2024-01-16,2024-01-16 14:57:47+00:00,2024-01-17 01:05:35+00:00,2024-01-16 20:01:41+00:00,36468,2024-01-16 14:31:47+00:00,2024-01-17 01:31:35+00:00,2024-01-16 14:00:44+00:00,2024-01-17 02:02:38+00:00,2024-01-16 13:30:21+00:00,2024-01-17 02:33:01+00:00
CISO,2024-01-17,2024-01-17 14:57:29+00:00,2024-01-18 01:06:33+00:00,2024-01-17 20:02:01+00:00,36544,2024-01-17 14:31:32+00:00,2024-01-18 01:32:31+00:00,2024-01-17 14:00:31+00:00,2024-01-18 02:03:31+00:00,2024-01-17 13:30:11+00:00,2024-01-18 02:33:52+00:00
CISO,2024-01-18,2024-01-18 14:57:09+00:00,2024-01-19 01:07:32+00:00,2024-01-18 20:02:21+00:00,36623,2024-01-18 14:31:15+00:00,2024-01-19 01:33:26+00:00,2024-01-18 14:00:17+00:00,2024-01-19 02:04:24+00:00,2024-01-18 13:29:58+00:00,2024-01-19 02:34:43+00:00
CISO,2024-01-19,2024-01-19 14:56:48+00:00,2024-01-20 01:08:31+00:00,2024-01-19 20:02:39+00:00,36703,2024-01-19 14:30:56+00:00,2024-01-20 01:34:23+00:00,2024-01-19 14:00:01+00:00,2024-01-20 02:05:17+00:00,2024-01-19 13:29:45+00:00,2024-01-20 02:35:34+00:00
CISO,2024-01-20,2024-01-20 14:56:24+00:00,2024-01-21 01:09:30+00:00,2024-01-20 20:02:57+00:00,36786,2024-01-20 14:30:35+00:00,2024-01-21 01:35:19+00:00,2024-01-20 13:59:43+00:00,2024-01-21 02:06:11+00:00,2024-01-20 13:29:29+00:00,2024-01-21 02:36:25+00:00
CISO,2024-01-21,2024-01-21 14:55:59+00:00,2024-01-22 01:10:30+00:00,2024-01-21 20:03:14+00:00,36871,2024-01-21 14:30:13+00:00,2024-01-22 01:36:16+00:00,2024-01-21 13:59:24+00:00,2024-01-22 02:07:05+00:00,2024-01-21 13:29:11+00:00,2024-01-22 02:37:17+00:00
CISO,2024-01-22,2024-01-22 14:55:32+00:00,2024-01-23 01:11:30+00:00,2024-01-22 20:03:31+00:00,36958,2024-01-22 14:29:49+00:00,2024-01-23 01:37:13+00:00,2024-01-22 13:59:02+00:00,2024-01-23 02:07:59+00:00,2024-01-22 13:28:52+00:00,2024-01-23 02:38:09+00:00
CISO,2024-01-23,2024-01-23 14:55:03+00:00,2024-01-24 01:12:30+00:00,2024-01-23 20:03:46+00:00,37047,2024-01-23 14:29:23+00:00,2024-01-24 01:38:10+00:00,2024-01-23 13:58:39+00:00,2024-01-24 02:08:53+00:00,2024-01-23 13:28:32+00:00,2024-01-24 02:39:01+00:00
CISO,2024-01-24,2024-01-24 14:54:32+00:00,2024-01-25 01:13:31+00:00,2024-01-24 20:04:01+00:00,37139,2024-01-24 14:28:55+00:00,2024-01-25 01:39:08+00:00,2024-01-24 13:58:15+00:00,2024-01-25 02:09:48+00:00,2024-01-24 13:28:09+00:00,2024-01-25 02:39:54+00:00
CISO,2024-01-25,2024-01-25 14:53:59+00:00,2024-01-26 01:14:31+00:00,2024-01-25 20:04:15+00:00,37232,2024-01-25 14:28:26+00:00,2024-01-26 01:40:05+00:00,2024-01-25 13:57:48+00:00,2024-01-26 02:10:43+00:00,2024-01-25 13:27:45+00:00,2024-01-26 02:40:46+00:00
CISO,2024-01-26,2024-01-26 14:53:25+00:00,2024-01-27 01:15:32+00:00,2024-01-26 20:04:29+00:00,37327,2024-01-26 14:27:55+00:00,2024-01-27 01:41:03+00:00,2024-01-26 13:57:20+00:00,2024-01-27 02:11:37+00:00,2024-01-26 13:27:19+00:00,2024-01-27 02:41:39+00:00
CISO,2024-01-27,2024-01-27 14:52:49+00:00,2024-01-28 01:16:33+00:00,2024-01-27 20:04:41+00:00,37424,2024-01-27 14:27:22+00:00,2024-01-28 01:42:01+00:00,2024-01-27 13:56:50+00:00,2024-01-28 02:12:32+00:00,2024-01-27 13:26:51+00:00,2024-01-28 02:42:31+00:00
CISO,2024-01-28,2024-01-28 14:52:12+00:00,2024-01-29 01:17:34+00:00,2024-01-28 20:04:53+00:00,37522,2024-01-28 14:26:47+00:00,2024-01-29 01:42:58+00:00,2024-01-28 13:56:19+00:00,2024-01-29 02:13:27+00:00,2024-01-28 13:26:22+00:00,2024-01-29 02:43:24+00:00
CISO,2024-01-29,2024-01-29 14:51:33+00:00,2024-01-30 01:18:35+00:00,2024-01-29 20:05:04+00:00,37622,2024-01-29 14:26:11+00:00,2024-01-30 01:43:56+00:00,2024-01-29 13:55:46+00:00,2024-01-30 02:14:22+00:00,2024-01-29 13:25:51+00:00,2024-01-30 02:44:17+00:00
CISO,2024-01-30,2024-01-30 14:50:52+00:00,2024-01-31 01:19:36+00:00,2024-01-30 20:05:14+00:00,37724,2024-01-30 14:25:33+00:00,2024-01-31 01:44:54+00:00,2024-01-30 13:55:11+00:00,2024-01-31 02:15:17+00:00,2024-01-30 13:25:18+00:00,2024-01-31 02:45:10+00:00
CISO,2024-01-31,2024-01-31 14:50:09+00:00,2024-02-01 01:20:37+00:00,2024-01-31 20:05:23+00:00,37828,2024-01-31 14:24:54+00:00,2024-02-01 01:45:52+00:00,2024-01-31 13:54:34+00:00,2024-02-01 02:16:12+00:00,2024-01-31 13:24:44+00:00,2024-02-01 02:46:03+00:00
CISO,2024-02-01,2024-02-01 14:49:25+00:00,2024-02-02 01:21:38+00:00,2024-02-01 20:05:32+00:00,37933,2024-02-01 14:24:13+00:00,2024-02-02 01:46:50+00:00,2024-02-01 13:53:56+00:00,2024-02-02 02:17:07+00:00,2024-02-01 13:24:08+00:00,2024-02-02 02:46:55+00:00
CISO,2024-02-02,2024-02-02 14:48:40+00:00,2024-02-03 01:22:39+00:00,2024-02-02 20:05:39+00:00,38039,2024-02-02 14:23:31+00:00,2024-02-03 01:47:48+00:00,2024-02-02 13:53:17+00:00,2024-02-03 02:18:02+00:00,2024-02-02 13:23:30+00:00,2024-02-03 02:47:48+00:00
CISO,2024-02-03,2024-02-03 14:47:52+00:00,2024-02-04 01:23:39+00:00,2024-02-03 20:05:46+00:00,38147,2024-02-03 14:22:47+00:00,2024-02-04 01:48:45+00:00,2024-02-03 13:52:35+00:00,2024-02-04 02:18:57+00:00,2024-02-03 13:22:51+00:00,2024-02-04 02:48:41+00:00
CISO,2024-02-04,2024-02-04 14:47:04+00:00,2024-02-05 01:24:40+00:00,2024-02-04 20:05:52+00:00,38256,2024-02-04 14:22:01+00:00,2024-02-05 01:49:43+00:00,2024-02-04 13:51:52+00:00,2024-02-05 02:19:51+00:00,2024-02-04 13:22:10+00:00,2024-02-05 02:49:34+00:00
CISO,2024-02-05,2024-02-05 14:46:14+00:00,2024-02-06 01:25:40+00:00,2024-02-05 20:05:57+00:00,38366,2024-02-05 14:21:14+00:00,2024-02-06 01:50:40+00:00,2024-02-05 13:51:08+00:00,2024-02-06 02:20:46+00:00,2024-02-05 13:21:27+00:00,2024-02-06 02:50:27+00:00
CISO,2024-02-06,2024-02-06 14:45:22+00:00,2024-02-07 01:26:41+00:00,2024-02-06 20:06:01+00:00,38479,2024-02-06 14:20:25+00:00,2024-02-07 01:51:38+00:00,2024-02-06 13:50:22+00:00,2024-02-07 02:21:41+00:00,2024-02-06 13:20:43+00:00,2024-02-07 02:51:20+00:00
CISO,2024-02-07,2024-02-07 14:44:29+00:00,2024-02-08 01:27:41+00:00,2024-02-07 20:06:05+00:00,38592,2024-02-07 14:19:35+00:00,2024-02-08 01:52:35+00:00,2024-02-07 13:49:35+00:00,2024-02-08 02:22:35+00:00,2024-02-07 13:19:58+00:00,2024-02-08 02:52:12+00:00
CISO,2024-02-08,2024-02-08 14:43:35+00:00,2024-02-09 01:28:41+00:00,2024-02-08 20:06:08+00:00,38706,2024-02-08 14:18:44+00:00,2024-02-09 01:53:32+00:00,2024-02-08 13:48:46+00:00,2024-02-09 02:23:30+00:00,2024-02-08 13:19:11+00:00,2024-02-09 02:53:05+00:00
CISO,2024-02-09,2024-02-09 14:42:39+00:00,2024-02-10 01:29:40+00:00,2024-02-09 20:06:10+00:00,38821,2024-02-09 14:17:51+00:00,2024-02-10 01:54:29+00:00,2024-02-09 13:47:56+00:00,2024-02-10 02:24:24+00:00,2024-02-09 13:18:22+00:00,2024-02-10 02:53:58+00:00
CISO,2024-02-10,2024-02-10 14:41:42+00:00,2024-02-11 01:30:40+00:00,2024-02-10 20:06:11+00:00,38938,2024-02-10 14:16:57+00:00,2024-02-11 01:55:25+00:00,2024-02-10 13:47:04+00:00,2024-02-11 02:25:18+00:00,2024-02-10 13:17:32+00:00,2024-02-11 02:54:50+00:00
CISO,2024-02-11,2024-02-11 14:40:44+00:00,2024-02-12 01:31:39+00:00,2024-02-11 20:06:11+00:00,39055,2024-02-11 14:16:01+00:00,2024-02-12 01:56:22+00:00,2024-02-11 13:46:11+00:00,2024-02-12 02:26:12+00:00,2024-02-11 13:16:40+00:00,2024-02-12 02:55:42+00:00
CISO,2024-02-12,2024-02-12 14:39:45+00:00,2024-02-13 01:32:38+00:00,2024-02-12 20:06:11+00:00,39173,2024-02-12 14:15:04+00:00,2024-02-13 01:57:18+00:00,2024-02-12 13:45:17+00:00,2024-02-13 02:27:06+00:00,2024-02-12 13:15:47+00:00,2024-02-13 02:56:35+00:00
CISO,2024-02-13,2024-02-13 14:38:44+00:00,2024-02-14 01:33:36+00:00,2024-02-13 20:06:10+00:00,39292,2024-02-13 14:14:06+00:00,2024-02-14 01:58:14+00:00,2024-02-13 13:44:21+00:00,2024-02-14 02:27:59+00:00,2024-02-13 13:14:53+00:00,2024-02-14 02:57:27+00:00
CISO,2024-02-14,2024-02-14 14:37:42+00:00,2024-02-15 01:34:35+00:00,2024-02-14 20:06:08+00:00,39413,2024-02-14 14:13:07+00:00,2024-02-15 01:59:10+00:00,2024-02-14 13:43:24+00:00,2024-02-15 02:28:53+00:00,2024-02-14 13:13:57+00:00,2024-02-15 02:58:19+00:00
CISO,2024-02-15,2024-02-15 14:36:39+00:00,2024-02-16 01:35:33+00:00,2024-02-15 20:06:06+00:00,39534,2024-02-15 14:12:06+00:00,2024-02-16 02:00:05+00:00,2024-02-15 13:42:25+00:00,2024-02-16 02:29:46+00:00,2024-02-15 13:13:00+00:00,2024-02-16 02:59:11+00:00
CISO,2024-02-16,2024-02-16 14:35:34+00:00,2024-02-17 01:36:30+00:00,2024-02-16 20:06:02+00:00,39656,2024-02-16 14:11:04+00:00,2024-02-17 02:01:00+00:00,2024-02-16 13:41:25+00:00,2024-02-17 02:30:39+00:00,2024-02-16 13:12:01+00:00,2024-02-17 03:00:03+00:00
CISO,2024-02-17,2024-02-17 14:34:29+00:00,2024-02-18 01:37:28+00:00,2024-02-17 20:05:58+00:00,39779,2024-02-17 14:10:01+00:00,2024-02-18 02:01:55+00:00,2024-02-17 13:40:24+00:00,2024-02-18 02:31:32+00:00,2024-02-17 13:11:01+00:00,2024-02-18 03:00:55+00:00
CISO,2024-02-18,2024-02-18 14:33:23+00:00,2024-02-19 01:38:25+00:00,2024-02-18 20:05:54+00:00,39902,2024-02-18 14:08:57+00:00,2024-02-19 02:02:50+00:00,2024-02-18 13:39:22+00:00,2024-02-19 02:32:25+00:00,2024-02-18 13:10:00+00:00,2024-02-19 03:01:47+00:00
CISO,2024-02-19,2024-02-19 14:32:15+00:00,2024-02-20 01:39:21+00:00,2024-02-19 20:05:48+00:00,40026,2024-02-19 14:07:52+00:00,2024-02-20 02:03:44+00:00,2024-02-19 13:38:19+00:00,2024-02-20 02:33:18+00:00,2024-02-19 13:08:57+00:00,2024-02-20 03:02:39+00:00
CISO,2024-02-20,2024-02-20 14:31:07+00:00,2024-02-21 01:40:18+00:00,2024-02-20 20:05:42+00:00,40151,2024-02-20 14:06:46+00:00,2024-02-21 02:04:39+00:00,2024-02-20 13:37:14+00:00,2024-02-21 02:34:10+00:00,2024-02-20 13:07:54+00:00,2024-02-21 03:03:31+00:00
CISO,2024-02-21,2024-02-21 14:29:57+00:00,2024-02-22 01:41:14+00:00,2024-02-21 20:05:36+00:00,40277,2024-02-21 14:05:38+00:00,2024-02-22 02:05:33+00:00,2024-02-21 13:36:08+00:00,2024-02-22 02:35:03+00:00,2024-02-21 13:06:48+00:00,2024-02-22 03:04:23+00:00
CISO,2024-02-22,2024-02-22 14:28:47+00:00,2024-02-23 01:42:10+00:00,2024-02-22 20:05:28+00:00,40403,2024-02-22 14:04:30+00:00,2024-02-23 02:06:26+00:00,2024-02-22 13:35:02+00:00,2024-02-23 02:35:55+00:00,2024-02-22 13:05:42+00:00,2024-02-23 03:05:14+00:00
CISO,2024-02-23,2024-02-23 14:27:35+00:00,2024-02-24 01:43:05+00:00,2024-02-23 20:05:20+00:00,40530,2024-02-23 14:03:21+00:00,2024-02-24 02:07:20+00:00,2024-02-23 13:33:54+00:00,2024-02-24 02:36:47+00:00,2024-02-23 13:04:35+00:00,2024-02-24 03:06:06+00:00
CISO,2024-02-24,2024-02-24 14:26:23+00:00,2024-02-25 01:44:00+00:00,2024-02-24 20:05:12+00:00,40657,2024-02-24 14:02:10+00:00,2024-02-25 02:08:13+00:00,2024-02-24 13:32:45+00:00,2024-02-25 02:37:39+00:00,2024-02-24 13:03:26+00:00,2024-02-25 03:06:57+00:00
CISO,2024-02-25,2024-02-25 14:25:10+00:00,2024-02-26 01:44:55+00:00,2024-02-25 20:05:02+00:00,40785,2024-02-25 14:00:59+00:00,2024-02-26 02:09:06+00:00,2024-02-25 13:31:35+00:00,2024-02-26 02:38:30+00:00,2024-02-25 13:02:16+00:00,2024-02-26 03:07:49+00:00
CISO,2024-02-26,2024-02-26 14:23:56+00:00,2024-02-27 01:45:49+00:00,2024-02-26 20:04:53+00:00,40913,2024-02-26 13:59:47+00:00,2024-02-27 02:09:59+00:00,2024-02-26 13:30:23+00:00,2024-02-27 02:39:22+00:00,2024-02-26 13:01:05+00:00,2024-02-27 03:08:40+00:00
CISO,2024-02-27,2024-02-27 14:22:42+00:00,2024-02-28 01:46:43+00:00,2024-02-27 20:04:42+00:00,41041,2024-02-27 13:58:34+00:00,2024-02-28 02:10:51+00:00,2024-02-27 13:29:11+00:00,2024-02-28 02:40:13+00:00,2024-02-27 12:59:53+00:00,2024-02-28 03:09:32+00:00
CISO,2024-02-28,2024-02-28 14:21:26+00:00,2024-02-29 01:47:37+00:00,2024-02-28 20:04:32+00:00,41171,2024-02-28 13:57:20+00:00,2024-02-29 02:11:43+00:00,2024-02-28 13:27:58+00:00,2024-02-29 02:41:05+00:00,2024-02-28 12:58:40+00:00,2024-02-29 03:10:23+00:00
CISO,2024-02-29,2024-02-29 14:20:10+00:00,2024-03-01 01:48:30+00:00,2024-02-29 20:04:20+00:00,41300,2024-02-29 13:56:05+00:00,2024-03-01 02:12:35+00:00,2024-02-29 13:26:44+00:00,2024-03-01 02:41:56+00:00,2024-02-29 12:57:26+00:00,2024-03-01 03:11:15+00:00
CISO,2024-03-01,2024-03-01 14:18:53+00:00,2024-03-02 01:49:23+00:00,2024-03-01 20:04:08+00:00,41430,2024-03-01 13:54:50+00:00,2024-03-02 02:13:27+00:00,2024-03-01 13:25:30+00:00,2024-03-02 02:42:47+00:00,2024-03-01 12:56:11+00:00,2024-03-02 03:12:06+00:00
CISO,2024-03-02,2024-03-02 14:17:36+00:00,2024-03-03 01:50:16+00:00,2024-03-02 20:03:56+00:00,41560,2024-03-02 13:53:33+00:00,2024-03-03 02:14:19+00:00,2024-03-02 13:24:14+00:00,2024-03-03 02:43:38+00:00,2024-03-02 12:54:54+00:00,2024-03-03 03:12:58+00:00
CISO,2024-03-03,2024-03-03 14:16:18+00:00,2024-03-04 01:51:09+00:00,2024-03-03 20:03:43+00:00,41691,2024-03-03 13:52:16+00:00,2024-03-04 02:15:10+00:00,2024-03-03 13:22:57+00:00,2024-03-04 02:44:29+00:00,2024-03-03 12:53:37+00:00,2024-03-04 03:13:49+00:00
CISO,2024-03-04,2024-03-04 14:14:59+00:00,2024-03-05 01:52:01+00:00,2024-03-04 20:03:30+00:00,41822,2024-03-04 13:50:59+00:00,2024-03-05 02:16:01+00:00,2024-03-04 13:21:40+00:00,2024-03-05 02:45:20+00:00,2024-03-04 12:52:19+00:00,2024-03-05 03:14:41+00:00
CISO,2024-03-05,2024-03-05 14:13:40+00:00,2024-03-06 01:52:53+00:00,2024-03-05 20:03:16+00:00,41953,2024-03-05 13:49:40+00:00,2024-03-06 02:16:52+00:00,2024-03-05 13:20:22+00:00,2024-03-06 02:46:10+00:00,2024-03-05 12:51:00+00:00,2024-03-06 03:15:32+00:00
CISO,2024-03-06,2024-03-06 14:12:20+00:00,2024-03-07 01:53:44+00:00,2024-03-06 20:03:02+00:00,42084,2024-03-06 13:48:21+00:00,2024-03-07 02:17:43+00:00,2024-03-06 13:19:03+00:00,2024-03-07 02:47:01+00:00,2024-03-06 12:49:40+00:00,2024-03-07 03:16:24+00:00
CISO,2024-03-07,2024-03-07 14:11:00+00:00,2024-03-08 01:54:36+00:00,2024-03-07 20:02:48+00:00,42216,2024-03-07 13:47:02+00:00,2024-03-08 02:18:33+00:00,2024-03-07 13:17:43+00:00,2024-03-08 02:47:52+00:00,2024-03-07 12:48:19+00:00,2024-03-08 03:17:16+00:00
CISO,2024-03-08,2024-03-08 14:09:39+00:00,2024-03-09 01:55:27+00:00,2024-03-08 20:02:33+00:00,42348,2024-03-08 13:45:42+00:00,2024-03-09 02:19:24+00:00,2024-03-08 13:16:23+00:00,2024-03-09 02:48:42+00:00,2024-03-08 12:46:58+00:00,2024-03-09 03:18:08+00:00
CISO,2024-03-09,2024-03-09 14:08:18+00:00,2024-03-10 01:56:17+00:00,2024-03-09 20:02:17+00:00,42479,2024-03-09 13:44:21+00:00,2024-03-10 02:20:14+00:00,2024-03-09 13:15:02+00:00,2024-03-10 02:49:33+00:00,2024-03-09 12:45:35+00:00,2024-03-10 03:19:00+00:00
CISO,2024-03-10,2024-03-10 14:06:56+00:00,2024-03-11 01:57:08+00:00,2024-03-10 20:02:02+00:00,42612,2024-03-10 13:43:00+00:00,2024-03-11 02:21:04+00:00,2024-03-10 13:13:40+00:00,2024-03-11 02:50:23+00:00,2024-03-10 12:44:12+00:00,2024-03-11 03:19:52+00:00
CISO,2024-03-11,2024-03-11 14:05:34+00:00,2024-03-12 01:57:58+00:00,2024-03-11 20:01:46+00:00,42744,2024-03-11 13:41:38+00:00,2024-03-12 02:21:54+00:00,2024-03-11 13:12:18+00:00,2024-03-12 02:51:14+00:00,2024-03-11 12:42:48+00:00,2024-03-12 03:20:44+00:00
CISO,2024-03-12,2024-03-12 14:04:11+00:00,2024-03-13 01:58:48+00:00,2024-03-12 20:01:30+00:00,42877,2024-03-12 13:40:16+00:00,2024-03-13 02:22:44+00:00,2024-03-12 13:10:55+00:00,2024-03-13 02:52:04+00:00,2024-03-12 12:41:23+00:00,2024-03-13 03:21:36+00:00
CISO,2024-03-13,2024-03-13 14:02:49+00:00,2024-03-14 01:59:38+00:00,2024-03-13 20:01:13+00:00,43009,2024-03-13 13:38:53+00:00,2024-03-14 02:23:34+00:00,2024-03-13 13:09:32+00:00,2024-03-14 02:52:55+00:00,2024-03-13 12:39:58+00:00,2024-03-14 03:22:29+00:00
CISO,2024-03-14,2024-03-14 14:01:26+00:00,2024-03-15 02:00:28+00:00,2024-03-14 20:00:57+00:00,43142,2024-03-14 13:37:30+00:00,2024-03-15 02:24:23+00:00,2024-03-14 13:08:08+00:00,2024-03-15 02:53:45+00:00,2024-03-14 12:38:32+00:00,2024-03-15 03:23:22+00:00
CISO,2024-03-15,2024-03-15 14:00:02+00:00,2024-03-16 02:01:17+00:00,2024-03-15 20:00:40+00:00,43275,2024-03-15 13:36:07+00:00,2024-03-16 02:25:13+00:00,2024-03-15 13:06:44+00:00,2024-03-16 02:54:36+00:00,2024-03-15 12:37:05+00:00,2024-03-16 03:24:15+00:00
CISO,2024-03-16,2024-03-16 13:58:39+00:00,2024-03-17 02:02:07+00:00,2024-03-16 20:00:23+00:00,43408,2024-03-16 13:34:43+00:00,2024-03-17 02:26:02+00:00,2024-03-16 13:05:19+00:00,2024-03-17 02:55:27+00:00,2024-03-16 12:35:38+00:00,2024-03-17 03:25:08+00:00
CISO,2024-03-17,2024-03-17 13:57:15+00:00,2024-03-18 02:02:56+00:00,2024-03-17 20:00:05+00:00,43541,2024-03-17 13:33:19+00:00,2024-03-18 02:26:52+00:00,2024-03-17 13:03:53+00:00,2024-03-18 02:56:17+00:00,2024-03-17 12:34:10+00:00,2024-03-18 03:26:01+00:00
CISO,2024-03-18,2024-03-18 13:55:51+00:00,2024-03-19 02:03:45+00:00,2024-03-18 19:59:48+00:00,43674,2024-03-18 13:31:55+00:00,2024-03-19 02:27:41+00:00,2024-03-18 13:02:28+00:00,2024-03-19 02:57:08+00:00,2024-03-18 12:32:41+00:00,2024-03-19 03:26:55+00:00
CISO,2024-03-19,2024-03-19 13:54:27+00:00,2024-03-20 02:04:33+00:00,2024-03-19 19:59:30+00:00,43806,2024-03-19 13:30:30+00:00,2024-03-20 02:28:30+00:00,2024-03-19 13:01:02+00:00,2024-03-20 02:57:59+00:00,2024-03-19 12:31:12+00:00,2024-03-20 03:27:48+00:00
CISO,2024-03-20,2024-03-20 13:53:03+00:00,2024-03-21 02:05:22+00:00,2024-03-20 19:59:12+00:00,43939,2024-03-20 13:29:06+00:00,2024-03-21 02:29:19+00:00,2024-03-20 12:59:35+00:00,2024-03-21 02:58:50+00:00,2024-03-20 12:29:43+00:00,2024-03-21 03:28:42+00:00
CISO,2024-03-21,2024-03-21 13:51:39+00:00,2024-03-22 02:06:10+00:00,2024-03-21 19:58:55+00:00,44071,2024-03-21 13:27:41+00:00,2024-03-22 02:30:08+00:00,2024-03-21 12:58:08+00:00,2024-03-22 02:59:41+00:00,2024-03-21 12:28:13+00:00,2024-03-22 03:29:37+00:00
CISO,2024-03-22,2024-03-22 13:50:14+00:00,2024-03-23 02:06:59+00:00,2024-03-22 19:58:37+00:00,44205,2024-03-22 13:26:16+00:00,2024-03-23 02:30:58+00:00,2024-03-22 12:56:41+00:00,2024-03-23 03:00:32+00:00,2024-03-22 12:26:42+00:00,2024-03-23 03:30:31+00:00
CISO,2024-03-23,2024-03-23 13:48:50+00:00,2024-03-24 02:07:47+00:00,2024-03-23 19:58:19+00:00,44337,2024-03-23 13:24:50+00:00,2024-03-24 02:31:47+00:00,2024-03-23 12:55:14+00:00,2024-03-24 03:01:23+00:00,2024-03-23 12:25:11+00:00,2024-03-24 03:31:26+00:00
CISO,2024-03-24,2024-03-24 13:47:26+00:00,2024-03-25 02:08:35+00:00,2024-03-24 19:58:01+00:00,44469,2024-03-24 13:23:25+00:00,2024-03-25 02:32:36+00:00,2024-03-24 12:53:46+00:00,2024-03-25 03:02:15+00:00,2024-03-24 12:23:40+00:00,2024-03-25 03:32:21+00:00
CISO,2024-03-25,2024-03-25 13:46:01+00:00,2024-03-26 02:09:23+00:00,2024-03-25 19:57:42+00:00,44602,2024-03-25 13:22:00+00:00,2024-03-26 02:33:25+00:00,2024-03-25 12:52:18+00:00,2024-03-26 03:03:06+00:00,2024-03-25 12:22:08+00:00,2024-03-26 03:33:17+00:00
CISO,2024-03-26,2024-03-26 13:44:37+00:00,2024-03-27 02:10:11+00:00,2024-03-26 19:57:24+00:00,44734,2024-03-26 13:20:34+00:00,2024-03-27 02:34:14+00:00,2024-03-26 12:50:50+00:00,2024-03-27 03:03:58+00:00,2024-03-26 12:20:36+00:00,2024-03-27 03:34:12+00:00
CISO,2024-03-27,2024-03-27 13:43:13+00:00,2024-03-28 02:10:59+00:00,2024-03-27 19:57:06+00:00,44866,2024-03-27 13:19:09+00:00,2024-03-28 02:35:04+00:00,2024-03-27 12:49:22+00:00,2024-03-28 03:04:50+00:00,2024-03-27 12:19:04+00:00,2024-03-28 03:35:09+00:00
CISO,2024-03-28,2024-03-28 13:41:49+00:00,2024-03-29 02:11:47+00:00,2024-03-28 19:56:48+00:00,44998,2024-03-28 13:17:43+00:00,2024-03-29 02:35:53+00:00,2024-03-28 12:47:54+00:00,2024-03-29 03:05:42+00:00,2024-03-28 12:17:31+00:00,2024-03-29 03:36:05+00:00
CISO,2024-03-29,2024-03-29 13:40:25+00:00,2024-03-30 02:12:35+00:00,2024-03-29 19:56:30+00:00,45130,2024-03-29 13:16:18+00:00,2024-03-30 02:36:42+00:00,2024-03-29 12:46:26+00:00,2024-03-30 03:06:35+00:00,2024-03-29 12:15:58+00:00,2024-03-30 03:37:02+00:00
CISO,2024-03-30,2024-03-30 13:39:01+00:00,2024-03-31 02:13:23+00:00,2024-03-30 19:56:12+00:00,45262,2024-03-30 13:14:53+00:00,2024-03-31 02:37:32+00:00,2024-03-30 12:44:57+00:00,2024-03-31 03:07:27+00:00,2024-03-30 12:14:25+00:00,2024-03-31 03:37:59+00:00
CISO,2024-03-31,2024-03-31 13:37:38+00:00,2024-04-01 02:14:11+00:00,2024-03-31 19:55:54+00:00,45393,2024-03-31 13:13:27+00:00,2024-04-01 02:38:21+00:00,2024-03-31 12:43:29+00:00,2024-04-01 03:08:20+00:00,2024-03-31 12:12:52+00:00,2024-04-01 03:38:57+00:00
CISO,2024-04-01,2024-04-01 13:36:14+00:00,2024-04-02 02:14:59+00:00,2024-04-01 19:55:37+00:00,45525,2024-04-01 13:12:02+00:00,2024-04-02 02:39:11+00:00,2024-04-01 12:42:00+00:00,2024-04-02 03:09:13+00:00,2024-04-01 12:11:18+00:00,2024-04-02 03:39:55+00:00
CISO,2024-04-02,2024-04-02 13:34:51+00:00,2024-04-03 02:15:47+00:00,2024-04-02 19:55:19+00:00,45656,2024-04-02 13:10:37+00:00,2024-04-03 02:40:01+00:00,2024-04-02 12:40:32+00:00,2024-04-03 03:10:06+00:00,2024-04-02 12:09:45+00:00,2024-04-03 03:40:53+00:00
CISO,2024-04-03,2024-04-03 13:33:29+00:00,2024-04-04 02:16:34+00:00,2024-04-03 19:55:01+00:00,45785,2024-04-03 13:09:13+00:00,2024-04-04 02:40:50+00:00,2024-04-03 12:39:04+00:00,2024-04-04 03:10:59+00:00,2024-04-03 12:08:11+00:00,2024-04-04 03:41:52+00:00
CISO,2024-04-04,2024-04-04 13:32:06+00:00,2024-04-05 02:17:22+00:00,2024-04-04 19:54:44+00:00,45916,2024-04-04 13:07:48+00:00,2024-04-05 02:41:40+00:00,2024-04-04 12:37:35+00:00,2024-04-05 03:11:53+00:00,2024-04-04 12:06:37+00:00,2024-04-05 03:42:51+00:00
CISO,2024-04-05,2024-04-05 13:30:44+00:00,2024-04-06 02:18:10+00:00,2024-04-05 19:54:27+00:00,46046,2024-04-05 13:06:24+00:00,2024-04-06 02:42:30+00:00,2024-04-05 12:36:07+00:00,2024-04-06 03:12:47+00:00,2024-04-05 12:05:04+00:00,2024-04-06 03:43:50+00:00
CISO,2024-04-06,2024-04-06 13:29:22+00:00,2024-04-07 02:18:58+00:00,2024-04-06 19:54:10+00:00,46176,2024-04-06 13:05:00+00:00,2024-04-07 02:43:20+00:00,2024-04-06 12:34:39+00:00,2024-04-07 03:13:41+00:00,2024-04-06 12:03:30+00:00,2024-04-07 03:44:50+00:00
CISO,2024-04-07,2024-04-07 13:28:01+00:00,2024-04-08 02:19:46+00:00,2024-04-07 19:53:53+00:00,46305,2024-04-07 13:03:36+00:00,2024-04-08 02:44:11+00:00,2024-04-07 12:33:12+00:00,2024-04-08 03:14:35+00:00,2024-04-07 12:01:56+00:00,2024-04-08 03:45:51+00:00
CISO,2024-04-08,2024-04-08 13:26:40+00:00,2024-04-09 02:20:34+00:00,2024-04-08 19:53:37+00:00,46434,2024-04-08 13:02:13+00:00,2024-04-09 02:45:01+00:00,2024-04-08 12:31:44+00:00,2024-04-09 03:15:30+00:00,2024-04-08 12:00:22+00:00,2024-04-09 03:46:52+00:00
CISO,2024-04-09,2024-04-09 13:25:20+00:00,2024-04-10 02:21:22+00:00,2024-04-09 19:53:21+00:00,46562,2024-04-09 13:00:50+00:00,2024-04-10 02:45:52+00:00,2024-04-09 12:30:17+00:00,2024-04-10 03:16:25+00:00,2024-04-09 11:58:49+00:00,2024-04-10 03:47:53+00:00
CISO,2024-04-10,2024-04-10 13:24:00+00:00,2024-04-11 02:22:10+00:00,2024-04-10 19:53:05+00:00,46690,2024-04-10 12:59:27+00:00,2024-04-11 02:46:42+00:00,2024-04-10 12:28:50+00:00,2024-04-11 03:17:20+00:00,2024-04-10 11:57:15+00:00,2024-04-11 03:48:55+00:00
CISO,2024-04-11,2024-04-11 13:22:41+00:00,2024-04-12 02:22:58+00:00,2024-04-11 19:52:49+00:00,46817,2024-04-11 12:58:05+00:00,2024-04-12 02:47:33+00:00,2024-04-11 12:27:23+00:00,2024-04-12 03:18:16+00:00,2024-04-11 11:55:42+00:00,2024-04-12 03:49:57+00:00
CISO,2024-04-12,2024-04-12 13:21:22+00:00,2024-04-13 02:23:46+00:00,2024-04-12 19:52:34+00:00,46944,2024-04-12 12:56:44+00:00,2024-04-13 02:48:24+00:00,2024-04-12 12:25:56+00:00,2024-04-13 03:19:11+00:00,2024-04-12 11:54:08+00:00,2024-04-13 03:50:59+00:00
CISO,2024-04-13,2024-04-13 13:20:04+00:00,2024-04-14 02:24:34+00:00,2024-04-13 19:52:19+00:00,47070,2024-04-13 12:55:23+00:00,2024-04-14 02:49:15+00:00,2024-04-13 12:24:30+00:00,2024-04-14 03:20:07+00:00,2024-04-13 11:52:35+00:00,2024-04-14 03:52:02+00:00
CISO,2024-04-14,2024-04-14 13:18:46+00:00,2024-04-15 02:25:22+00:00,2024-04-14 19:52:04+00:00,47196,2024-04-14 12:54:02+00:00,2024-04-15 02:50:06+00:00,2024-04-14 12:23:05+00:00,2024-04-15 03:21:04+00:00,2024-04-14 11:51:03+00:00,2024-04-15 03:53:06+00:00
CISO,2024-04-15,2024-04-15 13:17:29+00:00,2024-04-16 02:26:11+00:00,2024-04-15 19:51:50+00:00,47322,2024-04-15 12:52:42+00:00,2024-04-16 02:50:58+00:00,2024-04-15 12:21:40+00:00,2024-04-16 03:22:00+00:00,2024-04-15 11:49:30+00:00,2024-04-16 03:54:10+00:00
CISO,2024-04-16,2024-04-16 13:16:13+00:00,2024-04-17 02:26:59+00:00,2024-04-16 19:51:36+00:00,47446,2024-04-16 12:51:23+00:00,2024-04-17 02:51:49+00:00,2024-04-16 12:20:15+00:00,2024-04-17 03:22:57+00:00,2024-04-16 11:47:58+00:00,2024-04-17 03:55:14+00:00
CISO,2024-04-17,2024-04-17 13:14:57+00:00,2024-04-18 02:27:48+00:00,2024-04-17 19:51:22+00:00,47571,2024-04-17 12:50:04+00:00,2024-04-18 02:52:41+00:00,2024-04-17 12:18:51+00:00,2024-04-18 03:23:54+00:00,2024-04-17 11:46:26+00:00,2024-04-18 03:56:19+00:00
CISO,2024-04-18,2024-04-18 13:13:42+00:00,2024-04-19 02:28:36+00:00,2024-04-18 19:51:09+00:00,47694,2024-04-18 12:48:46+00:00,2024-04-19 02:53:33+00:00,2024-04-18 12:17:27+00:00,2024-04-19 03:24:52+00:00,2024-04-18 11:44:55+00:00,2024-04-19 03:57:24+00:00
CISO,2024-04-19,2024-04-19 13:12:28+00:00,2024-04-20 02:29:25+00:00,2024-04-19 19:50:57+00:00,47817,2024-04-19 12:47:28+00:00,2024-04-20 02:54:25+00:00,2024-04-19 12:16:04+00:00,2024-04-20 03:25:49+00:00,2024-04-19 11:43:24+00:00,2024-04-20 03:58:29+00:00
CISO,2024-04-20,2024-04-20 13:11:15+00:00,2024-04-21 02:30:14+00:00,2024-04-20 19:50:44+00:00,47939,2024-04-20 12:46:11+00:00,2024-04-21 02:55:17+00:00,2024-04-20 12:14:42+00:00,2024-04-21 03:26:47+00:00,2024-04-20 11:41:53+00:00,2024-04-21 03:59:35+00:00
CISO,2024-04-21,2024-04-21 13:10:02+00:00,2024-04-22 02:31:02+00:00,2024-04-21 19:50:32+00:00,48060,2024-04-21 12:44:55+00:00,2024-04-22 02:56:09+00:00,2024-04-21 12:13:20+00:00,2024-04-22 03:27:45+00:00,2024-04-21 11:40:23+00:00,2024-04-22 04:00:41+00:00
CISO,2024-04-22,2024-04-22 13:08:51+00:00,2024-04-23 02:31:51+00:00,2024-04-22 19:50:21+00:00,48180,2024-04-22 12:43:40+00:00,2024-04-23 02:57:02+00:00,2024-04-22 12:11:59+00:00,2024-04-23 03:28:43+00:00,2024-04-22 11:38:54+00:00,2024-04-23 04:01:48+00:00
CISO,2024-04-23,2024-04-23 13:07:40+00:00,2024-04-24 02:32:40+00:00,2024-04-23 19:50:10+00:00,48300,2024-04-23 12:42:26+00:00,2024-04-24 02:57:54+00:00,2024-04-23 12:10:38+00:00,2024-04-24 03:29:42+00:00,2024-04-23 11:37:25+00:00,2024-04-24 04:02:55+00:00
CISO,2024-04-24,2024-04-24 13:06:30+00:00,2024-04-25 02:33:29+00:00,2024-04-24 19:49:59+00:00,48419,2024-04-24 12:41:12+00:00,2024-04-25 02:58:47+00:00,2024-04-24 12:09:18+00:00,2024-04-25 03:30:41+00:00,2024-04-24 11:35:57+00:00,2024-04-25 04:04:02+00:00
CISO,2024-04-25,2024-04-25 13:05:21+00:00,2024-04-26 02:34:18+00:00,2024-04-25 19:49:49+00:00,48537,2024-04-25 12:39:59+00:00,2024-04-26 02:59:40+00:00,2024-04-25 12:08:00+00:00,2024-04-26 03:31:39+00:00,2024-04-25 11:34:29+00:00,2024-04-26 04:05:10+00:00
CISO,2024-04-26,2024-04-26 13:04:13+00:00,2024-04-27 02:35:07+00:00,2024-04-26 19:49:40+00:00,48654,2024-04-26 12:38:47+00:00,2024-04-27 03:00:33+00:00,2024-04-26 12:06:41+00:00,2024-04-27 03:32:39+00:00,2024-04-26 11:33:02+00:00,2024-04-27 04:06:18+00:00
CISO,2024-04-27,2024-04-27 13:03:06+00:00,2024-04-28 02:35:56+00:00,2024-04-27 19:49:31+00:00,48770,2024-04-27 12:37:36+00:00,2024-04-28 03:01:25+00:00,2024-04-27 12:05:24+00:00,2024-04-28 03:33:38+00:00,2024-04-27 11:31:36+00:00,2024-04-28 04:07:26+00:00
CISO,2024-04-28,2024-04-28 13:02:00+00:00,2024-04-29 02:36:45+00:00,2024-04-28 19:49:22+00:00,48885,2024-04-28 12:36:26+00:00,2024-04-29 03:02:18+00:00,2024-04-28 12:04:08+00:00,2024-04-29 03:34:37+00:00,2024-04-28 11:30:10+00:00,2024-04-29 04:08:35+00:00
CISO,2024-04-29,2024-04-29 13:00:55+00:00,2024-04-30 02:37:34+00:00,2024-04-29 19:49:14+00:00,48999,2024-04-29 12:35:18+00:00,2024-04-30 03:03:11+00:00,2024-04-29 12:02:52+00:00,2024-04-30 03:35:37+00:00,2024-04-29 11:28:45+00:00,2024-04-30 04:09:44+00:00
CISO,2024-04-30,2024-04-30 12:59:51+00:00,2024-05-01 02:38:23+00:00,2024-04-30 19:49:07+00:00,49112,2024-04-30 12:34:10+00:00,2024-05-01 03:04:04+00:00,2024-04-30 12:01:38+00:00,2024-05-01 03:36:36+00:00,2024-04-30 11:27:22+00:00,2024-05-01 04:10:52+00:00
CISO,2024-05-01,2024-05-01 12:58:48+00:00,2024-05-02 02:39:12+00:00,2024-05-01 19:49:00+00:00,49224,2024-05-01 12:33:03+00:00,2024-05-02 03:04:58+00:00,2024-05-01 12:00:24+00:00,2024-05-02 03:37:36+00:00,2024-05-01 11:25:59+00:00,2024-05-02 04:12:02+00:00
CISO,2024-05-02,2024-05-02 12:57:46+00:00,2024-05-03 02:40:01+00:00,2024-05-02 19:48:54+00:00,49335,2024-05-02 12:31:57+00:00,2024-05-03 03:05:51+00:00,2024-05-02 11:59:12+00:00,2024-05-03 03:38:36+00:00,2024-05-02 11:24:37+00:00,2024-05-03 04:13:11+00:00
CISO,2024-05-03,2024-05-03 12:56:46+00:00,2024-05-04 02:40:50+00:00,2024-05-03 19:48:48+00:00,49444,2024-05-03 12:30:52+00:00,2024-05-04 03:06:44+00:00,2024-05-03 11:58:00+00:00,2024-05-04 03:39:35+00:00,2024-05-03 11:23:15+00:00,2024-05-04 04:14:20+00:00
CISO,2024-05-04,2024-05-04 12:55:46+00:00,2024-05-05 02:41:39+00:00,2024-05-04 19:48:43+00:00,49553,2024-05-04 12:29:49+00:00,2024-05-05 03:07:37+00:00,2024-05-04 11:56:50+00:00,2024-05-05 03:40:35+00:00,2024-05-04 11:21:55+00:00,2024-05-05 04:15:30+00:00
CISO,2024-05-05,2024-05-05 12:54:48+00:00,2024-05-06 02:42:28+00:00,2024-05-05 19:48:38+00:00,49660,2024-05-05 12:28:46+00:00,2024-05-06 03:08:30+00:00,2024-05-05 11:55:41+00:00,2024-05-06 03:41:35+00:00,2024-05-05 11:20:36+00:00,2024-05-06 04:16:39+00:00
CISO,2024-05-06,2024-05-06 12:53:51+00:00,2024-05-07 02:43:16+00:00,2024-05-06 19:48:34+00:00,49765,2024-05-06 12:27:45+00:00,2024-05-07 03:09:23+00:00,2024-05-06 11:54:33+00:00,2024-05-07 03:42:35+00:00,2024-05-06 11:19:19+00:00,2024-05-07 04:17:49+00:00
CISO,2024-05-07,2024-05-07 12:52:56+00:00,2024-05-08 02:44:05+00:00,2024-05-07 19:48:30+00:00,49869,2024-05-07 12:26:45+00:00,2024-05-08 03:10:15+00:00,2024-05-07 11:53:26+00:00,2024-05-08 03:43:34+00:00,2024-05-07 11:18:02+00:00,2024-05-08 04:18:59+00:00
CISO,2024-05-08,2024-05-08 12:52:01+00:00,2024-05-09 02:44:53+00:00,2024-05-08 19:48:27+00:00,49972,2024-05-08 12:25:46+00:00,2024-05-09 03:11:08+00:00,2024-05-08 11:52:21+00:00,2024-05-09 03:44:34+00:00,2024-05-08 11:16:46+00:00,2024-05-09 04:20:08+00:00
CISO,2024-05-09,2024-05-09 12:51:08+00:00,2024-05-10 02:45:42+00:00,2024-05-09 19:48:25+00:00,50074,2024-05-09 12:24:49+00:00,2024-05-10 03:12:01+00:00,2024-05-09 11:51:16+00:00,2024-05-10 03:45:33+00:00,2024-05-09 11:15:32+00:00,2024-05-10 04:21:18+00:00
CISO,2024-05-10,2024-05-10 12:50:16+00:00,2024-05-11 02:46:30+00:00,2024-05-10 19:48:23+00:00,50174,2024-05-10 12:23:53+00:00,2024-05-11 03:12:53+00:00,2024-05-10 11:50:13+00:00,2024-05-11 03:46:33+00:00,2024-05-10 11:14:19+00:00,2024-05-11 04:22:27+00:00
CISO,2024-05-11,2024-05-11 12:49:26+00:00,2024-05-12 02:47:18+00:00,2024-05-11 19:48:22+00:00,50272,2024-05-11 12:22:58+00:00,2024-05-12 03:13:45+00:00,2024-05-11 11:49:12+00:00,2024-05-12 03:47:32+00:00,2024-05-11 11:13:07+00:00,2024-05-12 04:23:36+00:00
CISO,2024-05-12,2024-05-12 12:48:36+00:00,2024-05-13 02:48:05+00:00,2024-05-12 19:48:21+00:00,50369,2024-05-12 12:22:05+00:00,2024-05-13 03:14:37+00:00,2024-05-12 11:48:11+00:00,2024-05-13 03:48:30+00:00,2024-05-12 11:11:57+00:00,2024-05-13 04:24:45+00:00
CISO,2024-05-13,2024-05-13 12:47:49+00:00,2024-05-14 02:48:53+00:00,2024-05-13 19:48:21+00:00,50464,2024-05-13 12:21:13+00:00,2024-05-14 03:15:29+00:00,2024-05-13 11:47:13+00:00,2024-05-14 03:49:29+00:00,2024-05-13 11:10:48+00:00,2024-05-14 04:25:54+00:00
CISO,2024-05-14,2024-05-14 12:47:02+00:00,2024-05-15 02:49:40+00:00,2024-05-14 19:48:21+00:00,50558,2024-05-14 12:20:23+00:00,2024-05-15 03:16:20+00:00,2024-05-14 11:46:15+00:00,2024-05-15 03:50:27+00:00,2024-05-14 11:09:40+00:00,2024-05-15 04:27:02+00:00
CISO,2024-05-15,2024-05-15 12:46:18+00:00,2024-05-16 02:50:27+00:00,2024-05-15 19:48:22+00:00,50649,2024-05-15 12:19:34+00:00,2024-05-16 03:17:11+00:00,2024-05-15 11:45:19+00:00,2024-05-16 03:51:25+00:00,2024-05-15 11:08:34+00:00,2024-05-16 04:28:10+00:00
CISO,2024-05-16,2024-05-16 12:45:34+00:00,2024-05-17 02:51:13+00:00,2024-05-16 19:48:24+00:00,50739,2024-05-16 12:18:46+00:00,2024-05-17 03:18:02+00:00,2024-05-16 11:44:25+00:00,2024-05-17 03:52:22+00:00,2024-05-16 11:07:30+00:00,2024-05-17 04:29:18+00:00
CISO,2024-05-17,2024-05-17 12:44:52+00:00,2024-05-18 02:52:00+00:00,2024-05-17 19:48:26+00:00,50828,2024-05-17 12:18:00+00:00,2024-05-18 03:18:52+00:00,2024-05-17 11:43:32+00:00,2024-05-18 03:53:20+00:00,2024-05-17 11:06:27+00:00,2024-05-18 04:30:25+00:00
CISO,2024-05-18,2024-05-18 12:44:12+00:00,2024-05-19 02:52:45+00:00,2024-05-18 19:48:29+00:00,50913,2024-05-18 12:17:15+00:00,2024-05-19 03:19:42+00:00,2024-05-18 11:42:41+00:00,2024-05-19 03:54:16+00:00,2024-05-18 11:05:26+00:00,2024-05-19 04:31:31+00:00
CISO,2024-05-19,2024-05-19 12:43:33+00:00,2024-05-20 02:53:31+00:00,2024-05-19 19:48:32+00:00,50998,2024-05-19 12:16:32+00:00,2024-05-20 03:20:31+00:00,2024-05-19 11:41:51+00:00,2024-05-20 03:55:12+00:00,2024-05-19 11:04:27+00:00,2024-05-20 04:32:37+00:00
CISO,2024-05-20,2024-05-20 12:42:55+00:00,2024-05-21 02:54:16+00:00,2024-05-20 19:48:35+00:00,51081,2024-05-20 12:15:51+00:00,2024-05-21 03:21:20+00:00,2024-05-20 11:41:04+00:00,2024-05-21 03:56:07+00:00,2024-05-20 11:03:29+00:00,2024-05-21 04:33:42+00:00
CISO,2024-05-21,2024-05-21 12:42:20+00:00,2024-05-22 02:55:00+00:00,2024-05-21 19:48:40+00:00,51160,2024-05-21 12:15:11+00:00,2024-05-22 03:22:08+00:00,2024-05-21 11:40:17+00:00,2024-05-22 03:57:02+00:00,2024-05-21 11:02:33+00:00,2024-05-22 04:34:47+00:00
CISO,2024-05-22,2024-05-22 12:41:45+00:00,2024-05-23 02:55:44+00:00,2024-05-22 19:48:45+00:00,51239,2024-05-22 12:14:33+00:00,2024-05-23 03:22:56+00:00,2024-05-22 11:39:33+00:00,2024-05-23 03:57:56+00:00,2024-05-22 11:01:39+00:00,2024-05-23 04:35:50+00:00
CISO,2024-05-23,2024-05-23 12:41:12+00:00,2024-05-24 02:56:27+00:00,2024-05-23 19:48:50+00:00,51315,2024-05-23 12:13:57+00:00,2024-05-24 03:23:43+00:00,2024-05-23 11:38:50+00:00,2024-05-24 03:58:50+00:00,2024-05-23 11:00:46+00:00,2024-05-24 04:36:53+00:00
CISO,2024-05-24,2024-05-24 12:40:41+00:00,2024-05-25 02:57:10+00:00,2024-05-24 19:48:56+00:00,51389,2024-05-24 12:13:22+00:00,2024-05-25 03:24:30+00:00,2024-05-24 11:38:09+00:00,2024-05-25 03:59:43+00:00,2024-05-24 10:59:56+00:00,2024-05-25 04:37:55+00:00
CISO,2024-05-25,2024-05-25 12:40:12+00:00,2024-05-26 02:57:52+00:00,2024-05-25 19:49:02+00:00,51460,2024-05-25 12:12:49+00:00,2024-05-26 03:25:16+00:00,2024-05-25 11:37:30+00:00,2024-05-26 04:00:34+00:00,2024-05-25 10:59:08+00:00,2024-05-26 04:38:56+00:00
CISO,2024-05-26,2024-05-26 12:39:44+00:00,2024-05-27 02:58:34+00:00,2024-05-26 19:49:09+00:00,51530,2024-05-26 12:12:17+00:00,2024-05-27 03:26:01+00:00,2024-05-26 11:36:52+00:00,2024-05-27 04:01:25+00:00,2024-05-26 10:58:21+00:00,2024-05-27 04:39:56+00:00
CISO,2024-05-27,2024-05-27 12:39:18+00:00,2024-05-28 02:59:15+00:00,2024-05-27 19:49:16+00:00,51597,2024-05-27 12:11:47+00:00,2024-05-28 03:26:45+00:00,2024-05-27 11:36:17+00:00,2024-05-28 04:02:15+00:00,2024-05-27 10:57:37+00:00,2024-05-28 04:40:55+00:00
CISO,2024-05-28,2024-05-28 12:38:53+00:00,2024-05-29 02:59:55+00:00,2024-05-28 19:49:24+00:00,51662,2024-05-28 12:11:19+00:00,2024-05-29 03:27:28+00:00,2024-05-28 11:35:43+00:00,2024-05-29 04:03:05+00:00,2024-05-28 10:56:55+00:00,2024-05-29 04:41:53+00:00
CISO,2024-05-29,2024-05-29 12:38:30+00:00,2024-05-30 03:00:34+00:00,2024-05-29 19:49:32+00:00,51724,2024-05-29 12:10:53+00:00,2024-05-30 03:28:11+00:00,2024-05-29 11:35:11+00:00,2024-05-30 04:03:53+00:00,2024-05-29 10:56:14+00:00,2024-05-30 04:42:49+00:00
CISO,2024-05-30,2024-05-30 12:38:08+00:00,2024-05-31 03:01:13+00:00,2024-05-30 19:49:41+00:00,51785,2024-05-30 12:10:28+00:00,2024-05-31 03:28:53+00:00,2024-05-30 11:34:41+00:00,2024-05-31 04:04:40+00:00,2024-05-30 10:55:36+00:00,2024-05-31 04:43:45+00:00
CISO,2024-05-31,2024-05-31 12:37:49+00:00,2024-06-01 03:01:50+00:00,2024-05-31 19:49:50+00:00,51841,2024-05-31 12:10:06+00:00,2024-06-01 03:29:34+00:00,2024-05-31 11:34:13+00:00,2024-06-01 04:05:26+00:00,2024-05-31 10:55:01+00:00,2024-06-01 04:44:38+00:00
CISO,2024-06-01,2024-06-01 12:37:31+00:00,2024-06-02 03:02:27+00:00,2024-06-01 19:49:59+00:00,51896,2024-06-01 12:09:44+00:00,2024-06-02 03:30:13+00:00,2024-06-01 11:33:47+00:00,2024-06-02 04:06:10+00:00,2024-06-01 10:54:27+00:00,2024-06-02 04:45:31+00:00
CISO,2024-06-02,2024-06-02 12:37:14+00:00,2024-06-03 03:03:03+00:00,2024-06-02 19:50:09+00:00,51949,2024-06-02 12:09:25+00:00,2024-06-03 03:30:52+00:00,2024-06-02 11:33:23+00:00,2024-06-03 04:06:54+00:00,2024-06-02 10:53:56+00:00,2024-06-03 04:46:22+00:00
CISO,2024-06-03,2024-06-03 12:36:59+00:00,2024-06-04 03:03:38+00:00,2024-06-03 19:50:19+00:00,51999,2024-06-03 12:09:08+00:00,2024-06-04 03:31:30+00:00,2024-06-03 11:33:01+00:00,2024-06-04 04:07:36+00:00,2024-06-03 10:53:26+00:00,2024-06-04 04:47:11+00:00
CISO,2024-06-04,2024-06-04 12:36:46+00:00,2024-06-05 03:04:12+00:00,2024-06-04 19:50:29+00:00,52046,2024-06-04 12:08:52+00:00,2024-06-05 03:32:06+00:00,2024-06-04 11:32:41+00:00,2024-06-05 04:08:17+00:00,2024-06-04 10:53:00+00:00,2024-06-05 04:47:59+00:00
CISO,2024-06-05,2024-06-05 12:36:35+00:00,2024-06-06 03:04:45+00:00,2024-06-05 19:50:40+00:00,52090,2024-06-05 12:08:38+00:00,2024-06-06 03:32:42+00:00,2024-06-05 11:32:23+00:00,2024-06-06 04:08:57+00:00,2024-06-05 10:52:35+00:00,2024-06-06 04:48:45+00:00
CISO,2024-06-06,2024-06-06 12:36:25+00:00,2024-06-07 03:05:17+00:00,2024-06-06 19:50:51+00:00,52132,2024-06-06 12:08:26+00:00,2024-06-07 03:33:16+00:00,2024-06-06 11:32:07+00:00,2024-06-07 04:09:35+00:00,2024-06-06 10:52:13+00:00,2024-06-07 04:49:29+00:00
CISO,2024-06-07,2024-06-07 12:36:17+00:00,2024-06-08 03:05:48+00:00,2024-06-07 19:51:03+00:00,52171,2024-06-07 12:08:16+00:00,2024-06-08 03:33:49+00:00,2024-06-07 11:31:53+00:00,2024-06-08 04:10:12+00:00,2024-06-07 10:51:54+00:00,2024-06-08 04:50:12+00:00
CISO,2024-06-08,2024-06-08 12:36:10+00:00,2024-06-09 03:06:18+00:00,2024-06-08 19:51:14+00:00,52208,2024-06-08 12:08:07+00:00,2024-06-09 03:34:21+00:00,2024-06-08 11:31:41+00:00,2024-06-09 04:10:47+00:00,2024-06-08 10:51:36+00:00,2024-06-09 04:50:52+00:00
CISO,2024-06-09,2024-06-09 12:36:06+00:00,2024-06-10 03:06:46+00:00,2024-06-09 19:51:26+00:00,52240,2024-06-09 12:08:00+00:00,2024-06-10 03:34:52+00:00,2024-06-09 11:31:32+00:00,2024-06-10 04:11:21+00:00,2024-06-09 10:51:21+00:00,2024-06-10 04:51:31+00:00
CISO,2024-06-10,2024-06-10 12:36:02+00:00,2024-06-11 03:07:14+00:00,2024-06-10 19:51:38+00:00,52272,2024-06-10 12:07:55+00:00,2024-06-11 03:35:21+00:00,2024-06-10 11:31:24+00:00,2024-06-11 04:11:53+00:00,2024-06-10 10:51:09+00:00,2024-06-11 04:52:07+00:00
CISO,2024-06-11,2024-06-11 12:36:01+00:00,2024-06-12 03:07:40+00:00,2024-06-11 19:51:50+00:00,52299,2024-06-11 12:07:52+00:00,2024-06-12 03:35:49+00:00,2024-06-11 11:31:18+00:00,2024-06-12 04:12:23+00:00,2024-06-11 10:50:59+00:00,2024-06-12 04:52:42+00:00
CISO,2024-06-12,2024-06-12 12:36:01+00:00,2024-06-13 03:08:05+00:00,2024-06-12 19:52:03+00:00,52324,2024-06-12 12:07:51+00:00,2024-06-13 03:36:15+00:00,2024-06-12 11:31:14+00:00,2024-06-13 04:12:52+00:00,2024-06-12 10:50:51+00:00,2024-06-13 04:53:15+00:00
CISO,2024-06-13,2024-06-13 12:36:02+00:00,2024-06-14 03:08:29+00:00,2024-06-13 19:52:16+00:00,52347,2024-06-13 12:07:51+00:00,2024-06-14 03:36:40+00:00,2024-06-13 11:31:12+00:00,2024-06-14 04:13:19+00:00,2024-06-13 10:50:46+00:00,2024-06-14 04:53:45+00:00
CISO,2024-06-14,2024-06-14 12:36:06+00:00,2024-06-15 03:08:51+00:00,2024-06-14 19:52:28+00:00,52365,2024-06-14 12:07:53+00:00,2024-06-15 03:37:03+00:00,2024-06-14 11:31:13+00:00,2024-06-15 04:13:44+00:00,2024-06-14 10:50:43+00:00,2024-06-15 04:54:13+00:00
CISO,2024-06-15,2024-06-15 12:36:10+00:00,2024-06-16 03:09:12+00:00,2024-06-15 19:52:41+00:00,52382,2024-06-15 12:07:57+00:00,2024-06-16 03:37:25+00:00,2024-06-15 11:31:15+00:00,2024-06-16 04:14:08+00:00,2024-06-15 10:50:43+00:00,2024-06-16 04:54:39+00:00
CISO,2024-06-16,2024-06-16 12:36:17+00:00,2024-06-17 03:09:32+00:00,2024-06-16 19:52:54+00:00,52395,2024-06-16 12:08:03+00:00,2024-06-17 03:37:46+00:00,2024-06-16 11:31:19+00:00,2024-06-17 04:14:29+00:00,2024-06-16 10:50:45+00:00,2024-06-17 04:55:03+00:00
CISO,2024-06-17,2024-06-17 12:36:24+00:00,2024-06-18 03:09:50+00:00,2024-06-17 19:53:07+00:00,52406,2024-06-17 12:08:10+00:00,2024-06-18 03:38:05+00:00,2024-06-17 11:31:25+00:00,2024-06-18 04:14:49+00:00,2024-06-17 10:50:50+00:00,2024-06-18 04:55:25+00:00
CISO,2024-06-18,2024-06-18 12:36:34+00:00,2024-06-19 03:10:07+00:00,2024-06-18 19:53:20+00:00,52413,2024-06-18 12:08:19+00:00,2024-06-19 03:38:22+00:00,2024-06-18 11:31:33+00:00,2024-06-19 04:15:07+00:00,2024-06-18 10:50:57+00:00,2024-06-19 04:55:44+00:00
CISO,2024-06-19,2024-06-19 12:36:45+00:00,2024-06-20 03:10:22+00:00,2024-06-19 19:53:33+00:00,52417,2024-06-19 12:08:29+00:00,2024-06-20 03:38:37+00:00,2024-06-19 11:31:44+00:00,2024-06-20 04:15:23+00:00,2024-06-19 10:51:06+00:00,2024-06-20 04:56:00+00:00
CISO,2024-06-20,2024-06-20 12:36:57+00:00,2024-06-21 03:10:36+00:00,2024-06-20 19:53:46+00:00,52419,2024-06-20 12:08:42+00:00,2024-06-21 03:38:51+00:00,2024-06-20 11:31:56+00:00,2024-06-21 04:15:37+00:00,2024-06-20 10:51:18+00:00,2024-06-21 04:56:15+00:00
CISO,2024-06-21,2024-06-21 12:37:11+00:00,2024-06-22 03:10:48+00:00,2024-06-21 19:54:00+00:00,52417,2024-06-21 12:08:55+00:00,2024-06-22 03:39:04+00:00,2024-06-21 11:32:10+00:00,2024-06-22 04:15:50+00:00,2024-06-21 10:51:32+00:00,2024-06-22 04:56:27+00:00
CISO,2024-06-22,2024-06-22 12:37:26+00:00,2024-06-23 03:10:59+00:00,2024-06-22 19:54:13+00:00,52413,2024-06-22 12:09:11+00:00,2024-06-23 03:39:14+00:00,2024-06-22 11:32:25+00:00,2024-06-23 04:16:00+00:00,2024-06-22 10:51:49+00:00,2024-06-23 04:56:36+00:00
CISO,2024-06-23,2024-06-23 12:37:42+00:00,2024-06-24 03:11:08+00:00,2024-06-23 19:54:25+00:00,52406,2024-06-23 12:09:28+00:00,2024-06-24 03:39:23+00:00,2024-06-23 11:32:43+00:00,2024-06-24 04:16:08+00:00,2024-06-23 10:52:08+00:00,2024-06-24 04:56:43+00:00
CISO,2024-06-24,2024-06-24 12:38:00+00:00,2024-06-25 03:11:16+00:00,2024-06-24 19:54:38+00:00,52396,2024-06-24 12:09:46+00:00,2024-06-25 03:39:30+00:00,2024-06-24 11:33:02+00:00,2024-06-25 04:16:14+00:00,2024-06-24 10:52:29+00:00,2024-06-25 04:56:48+00:00
CISO,2024-06-25,2024-06-25 12:38:20+00:00,2024-06-26 03:11:22+00:00,2024-06-25 19:54:51+00:00,52382,2024-06-25 12:10:06+00:00,2024-06-26 03:39:36+00:00,2024-06-25 11:33:24+00:00,2024-06-26 04:16:18+00:00,2024-06-25 10:52:52+00:00,2024-06-26 04:56:50+00:00
CISO,2024-06-26,2024-06-26 12:38:40+00:00,2024-06-27 03:11:27+00:00,2024-06-26 19:55:03+00:00,52367,2024-06-26 12:10:28+00:00,2024-06-27 03:39:39+00:00,2024-06-26 11:33:47+00:00,2024-06-27 04:16:20+00:00,2024-06-26 10:53:17+00:00,2024-06-27 04:56:49+00:00
CISO,2024-06-27,2024-06-27 12:39:02+00:00,2024-06-28 03:11:30+00:00,2024-06-27 19:55:16+00:00,52348,2024-06-27 12:10:51+00:00,2024-06-28 03:39:41+00:00,2024-06-27 11:34:12+00:00,2024-06-28 04:16:20+00:00,2024-06-27 10:53:45+00:00,2024-06-28 04:56:47+00:00
CISO,2024-06-28,2024-06-28 12:39:25+00:00,2024-06-29 03:11:31+00:00,2024-06-28 19:55:28+00:00,52326,2024-06-28 12:11:15+00:00,2024-06-29 03:39:41+00:00,2024-06-28 11:34:38+00:00,2024-06-29 04:16:18+00:00,2024-06-28 10:54:15+00:00,2024-06-29 04:56:41+00:00
CISO,2024-06-29,2024-06-29 12:39:49+00:00,2024-06-30 03:11:31+00:00,2024-06-29 19:55:40+00:00,52302,2024-06-29 12:11:41+00:00,2024-06-30 03:39:39+00:00,2024-06-29 11:35:06+00:00,2024-06-30 04:16:14+00:00,2024-06-29 10:54:47+00:00,2024-06-30 04:56:33+00:00
CISO,2024-06-30,2024-06-30 12:40:15+00:00,2024-07-01 03:11:28+00:00,2024-06-30 19:55:52+00:00,52273,2024-06-30 12:12:08+00:00,2024-07-01 03:39:36+00:00,2024-06-30 11:35:36+00:00,2024-07-01 04:16:08+00:00,2024-06-30 10:55:20+00:00,2024-07-01 04:56:23+00:00
CISO,2024-07-01,2024-07-01 12:40:41+00:00,2024-07-02 03:11:25+00:00,2024-07-01 19:56:03+00:00,52244,2024-07-01 12:12:36+00:00,2024-07-02 03:39:30+00:00,2024-07-01 11:36:07+00:00,2024-07-02 04:15:59+00:00,2024-07-01 10:55:56+00:00,2024-07-02 04:56:10+00:00
CISO,2024-07-02,2024-07-02 12:41:09+00:00,2024-07-03 03:11:19+00:00,2024-07-02 19:56:14+00:00,52210,2024-07-02 12:13:06+00:00,2024-07-03 03:39:23+00:00,2024-07-02 11:36:40+00:00,2024-07-03 04:15:49+00:00,2024-07-02 10:56:34+00:00,2024-07-03 04:55:55+00:00
CISO,2024-07-03,2024-07-03 12:41:38+00:00,2024-07-04 03:11:12+00:00,2024-07-03 19:56:25+00:00,52174,2024-07-03 12:13:36+00:00,2024-07-04 03:39:14+00:00,2024-07-03 11:37:14+00:00,2024-07-04 04:15:36+00:00,2024-07-03 10:57:13+00:00,2024-07-04 04:55:37+00:00
CISO,2024-07-04,2024-07-04 12:42:08+00:00,2024-07-05 03:11:03+00:00,2024-07-04 19:56:36+00:00,52135,2024-07-04 12:14:08+00:00,2024-07-05 03:39:03+00:00,2024-07-04 11:37:50+00:00,2024-07-05 04:15:22+00:00,2024-07-04 10:57:55+00:00,2024-07-05 04:55:17+00:00
CISO,2024-07-05,2024-07-05 12:42:39+00:00,2024-07-06 03:10:53+00:00,2024-07-05 19:56:46+00:00,52094,2024-07-05 12:14:42+00:00,2024-07-06 03:38:50+00:00,2024-07-05 11:38:27+00:00,2024-07-06 04:15:05+00:00,2024-07-05 10:58:38+00:00,2024-07-06 04:54:54+00:00
CISO,2024-07-06,2024-07-06 12:43:11+00:00,2024-07-07 03:10:41+00:00,2024-07-06 19:56:56+00:00,52050,2024-07-06 12:15:16+00:00,2024-07-07 03:38:35+00:00,2024-07-06 11:39:05+00:00,2024-07-07 04:14:47+00:00,2024-07-06 10:59:23+00:00,2024-07-07 04:54:29+00:00
CISO,2024-07-07,2024-07-07 12:43:43+00:00,2024-07-08 03:10:27+00:00,2024-07-07 19:57:05+00:00,52004,2024-07-07 12:15:51+00:00,2024-07-08 03:38:19+00:00,2024-07-07 11:39:45+00:00,2024-07-08 04:14:26+00:00,2024-07-07 11:00:09+00:00,2024-07-08 04:54:01+00:00
CISO,2024-07-08,2024-07-08 12:44:17+00:00,2024-07-09 03:10:11+00:00,2024-07-08 19:57:14+00:00,51954,2024-07-08 12:16:28+00:00,2024-07-09 03:38:01+00:00,2024-07-08 11:40:25+00:00,2024-07-09 04:14:03+00:00,2024-07-08 11:00:57+00:00,2024-07-09 04:53:32+00:00
CISO,2024-07-09,2024-07-09 12:44:52+00:00,2024-07-10 03:09:54+00:00,2024-07-09 19:57:23+00:00,51902,2024-07-09 12:17:05+00:00,2024-07-10 03:37:41+00:00,2024-07-09 11:41:08+00:00,2024-07-10 04:13:38+00:00,2024-07-09 11:01:46+00:00,2024-07-10 04:53:00+00:00
CISO,2024-07-10,2024-07-10 12:45:27+00:00,2024-07-11 03:09:35+00:00,2024-07-10 19:57:31+00:00,51848,2024-07-10 12:17:43+00:00,2024-07-11 03:37:19+00:00,2024-07-10 11:41:51+00:00,2024-07-11 04:13:11+00:00,2024-07-10 11:02:37+00:00,2024-07-11 04:52:25+00:00
CISO,2024-07-11,2024-07-11 12:46:03+00:00,2024-07-12 03:09:14+00:00,2024-07-11 19:57:39+00:00,51791,2024-07-11 12:18:23+00:00,2024-07-12 03:36:55+00:00,2024-07-11 11:42:35+00:00,2024-07-12 04:12:43+00:00,2024-07-11 11:03:29+00:00,2024-07-12 04:51:49+00:00
CISO,2024-07-12,2024-07-12 12:46:40+00:00,2024-07-13 03:08:52+00:00,2024-07-12 19:57:46+00:00,51732,2024-07-12 12:19:03+00:00,2024-07-13 03:36:30+00:00,2024-07-12 11:43:20+00:00,2024-07-13 04:12:12+00:00,2024-07-12 11:04:23+00:00,2024-07-13 04:51:10+00:00
CISO,2024-07-13,2024-07-13 12:47:18+00:00,2024-07-14 03:08:28+00:00,2024-07-13 19:57:53+00:00,51670,2024-07-13 12:19:44+00:00,2024-07-14 03:36:02+00:00,2024-07-13 11:44:07+00:00,2024-07-14 04:11:39+00:00,2024-07-13 11:05:17+00:00,2024-07-14 04:50:29+00:00
CISO,2024-07-14,2024-07-14 12:47:56+00:00,2024-07-15 03:08:02+00:00,2024-07-14 19:57:59+00:00,51606,2024-07-14 12:20:25+00:00,2024-07-15 03:35:33+00:00,2024-07-14 11:44:54+00:00,2024-07-15 04:11:05+00:00,2024-07-14 11:06:13+00:00,2024-07-15 04:49:46+00:00
CISO,2024-07-15,2024-07-15 12:48:35+00:00,2024-07-16 03:07:35+00:00,2024-07-15 19:58:05+00:00,51540,2024-07-15 12:21:08+00:00,2024-07-16 03:35:02+00:00,2024-07-15 11:45:42+00:00,2024-07-16 04:10:28+00:00,2024-07-15 11:07:10+00:00,2024-07-16 04:49:00+00:00
CISO,2024-07-16,2024-07-16 12:49:15+00:00,2024-07-17 03:07:06+00:00,2024-07-16 19:58:10+00:00,51471,2024-07-16 12:21:51+00:00,2024-07-17 03:34:30+00:00,2024-07-16 11:46:31+00:00,2024-07-17 04:09:50+00:00,2024-07-16 11:08:08+00:00,2024-07-17 04:48:13+00:00
CISO,2024-07-17,2024-07-17 12:49:55+00:00,2024-07-18 03:06:35+00:00,2024-07-17 19:58:15+00:00,51400,2024-07-17 12:22:35+00:00,2024-07-18 03:33:56+00:00,2024-07-17 11:47:21+00:00,2024-07-18 04:09:09+00:00,2024-07-17 11:09:07+00:00,2024-07-18 04:47:24+00:00
CISO,2024-07-18,2024-07-18 12:50:36+00:00,2024-07-19 03:06:03+00:00,2024-07-18 19:58:19+00:00,51327,2024-07-18 12:23:19+00:00,2024-07-19 03:33:20+00:00,2024-07-18 11:48:12+00:00,2024-07-19 04:08:27+00:00,2024-07-18 11:10:06+00:00,2024-07-19 04:46:32+00:00
CISO,2024-07-19,2024-07-19 12:51:17+00:00,2024-07-20 03:05:29+00:00,2024-07-19 19:58:23+00:00,51252,2024-07-19 12:24:04+00:00,2024-07-20 03:32:42+00:00,2024-07-19 11:49:03+00:00,2024-07-20 04:07:43+00:00,2024-07-19 11:11:07+00:00,2024-07-20 04:45:39+00:00
CISO,2024-07-20,2024-07-20 12:51:59+00:00,2024-07-21 03:04:53+00:00,2024-07-20 19:58:26+00:00,51174,2024-07-20 12:24:50+00:00,2024-07-21 03:32:03+00:00,2024-07-20 11:49:55+00:00,2024-07-21 04:06:58+00:00,2024-07-20 11:12:08+00:00,2024-07-21 04:44:44+00:00
CISO,2024-07-21,2024-07-21 12:52:41+00:00,2024-07-22 03:04:16+00:00,2024-07-21 19:58:29+00:00,51095,2024-07-21 12:25:36+00:00,2024-07-22 03:31:22+00:00,2024-07-21 11:50:47+00:00,2024-07-22 04:06:10+00:00,2024-07-21 11:13:11+00:00,2024-07-22 04:43:47+00:00
CISO,2024-07-22,2024-07-22 12:53:24+00:00,2024-07-23 03:03:38+00:00,2024-07-22 19:58:31+00:00,51014,2024-07-22 12:26:22+00:00,2024-07-23 03:30:39+00:00,2024-07-22 11:51:40+00:00,2024-07-23 04:05:21+00:00,2024-07-22 11:14:13+00:00,2024-07-23 04:42:48+00:00
CISO,2024-07-23,2024-07-23 12:54:07+00:00,2024-07-24 03:02:57+00:00,2024-07-23 19:58:32+00:00,50930,2024-07-23 12:27:09+00:00,2024-07-24 03:29:55+00:00,2024-07-23 11:52:34+00:00,2024-07-24 04:04:31+00:00,2024-07-23 11:15:17+00:00,2024-07-24 04:41:48+00:00
CISO,2024-07-24,2024-07-24 12:54:50+00:00,2024-07-25 03:02:16+00:00,2024-07-24 19:58:33+00:00,50846,2024-07-24 12:27:57+00:00,2024-07-25 03:29:09+00:00,2024-07-24 11:53:28+00:00,2024-07-25 04:03:38+00:00,2024-07-24 11:16:21+00:00,2024-07-25 04:40:45+00:00
CISO,2024-07-25,2024-07-25 12:55:34+00:00,2024-07-26 03:01:32+00:00,2024-07-25 19:58:33+00:00,50758,2024-07-25 12:28:45+00:00,2024-07-26 03:28:22+00:00,2024-07-25 11:54:22+00:00,2024-07-26 04:02:44+00:00,2024-07-25 11:17:25+00:00,2024-07-26 04:39:41+00:00
CISO,2024-07-26,2024-07-26 12:56:18+00:00,2024-07-27 03:00:47+00:00,2024-07-26 19:58:33+00:00,50669,2024-07-26 12:29:33+00:00,2024-07-27 03:27:33+00:00,2024-07-26 11:55:17+00:00,2024-07-27 04:01:49+00:00,2024-07-26 11:18:30+00:00,2024-07-27 04:38:36+00:00
CISO,2024-07-27,2024-07-27 12:57:02+00:00,2024-07-28 03:00:01+00:00,2024-07-27 19:58:32+00:00,50579,2024-07-27 12:30:21+00:00,2024-07-28 03:26:42+00:00,2024-07-27 11:56:12+00:00,2024-07-28 04:00:51+00:00,2024-07-27 11:19:35+00:00,2024-07-28 04:37:29+00:00
CISO,2024-07-28,2024-07-28 12:57:47+00:00,2024-07-29 02:59:14+00:00,2024-07-28 19:58:30+00:00,50487,2024-07-28 12:31:10+00:00,2024-07-29 03:25:51+00:00,2024-07-28 11:57:08+00:00,2024-07-29 03:59:53+00:00,2024-07-28 11:20:40+00:00,2024-07-29 04:36:20+00:00
CISO,2024-07-29,2024-07-29 12:58:32+00:00,2024-07-30 02:58:24+00:00,2024-07-29 19:58:28+00:00,50392,2024-07-29 12:31:59+00:00,2024-07-30 03:24:57+00:00,2024-07-29 11:58:03+00:00,2024-07-30 03:58:53+00:00,2024-07-29 11:21:46+00:00,2024-07-30 04:35:10+00:00
CISO,2024-07-30,2024-07-30 12:59:17+00:00,2024-07-31 02:57:34+00:00,2024-07-30 19:58:25+00:00,50297,2024-07-30 12:32:48+00:00,2024-07-31 03:24:03+00:00,2024-07-30 11:58:59+00:00,2024-07-31 03:57:51+00:00,2024-07-30 11:22:52+00:00,2024-07-31 04:33:58+00:00
CISO,2024-07-31,2024-07-31 13:00:02+00:00,2024-08-01 02:56:42+00:00,2024-07-31 19:58:22+00:00,50200,2024-07-31 12:33:37+00:00,2024-08-01 03:23:07+00:00,2024-07-31 11:59:55+00:00,2024-08-01 03:56:48+00:00,2024-07-31 11:23:58+00:00,2024-08-01 04:32:45+00:00
CISO,2024-08-01,2024-08-01 13:00:47+00:00,2024-08-02 02:55:49+00:00,2024-08-01 19:58:18+00:00,50102,2024-08-01 12:34:26+00:00,2024-08-02 03:22:09+00:00,2024-08-01 12:00:52+00:00,2024-08-02 03:55:44+00:00,2024-08-01 11:25:04+00:00,2024-08-02 04:31:31+00:00
CISO,2024-08-02,2024-08-02 13:01:32+00:00,2024-08-03 02:54:54+00:00,2024-08-02 19:58:13+00:00,50002,2024-08-02 12:35:16+00:00,2024-08-03 03:21:10+00:00,2024-08-02 12:01:48+00:00,2024-08-03 03:54:38+00:00,2024-08-02 11:26:11+00:00,2024-08-03 04:30:15+00:00
CISO,2024-08-03,2024-08-03 13:02:18+00:00,2024-08-04 02:53:58+00:00,2024-08-03 19:58:08+00:00,49900,2024-08-03 12:36:06+00:00,2024-08-04 03:20:10+00:00,2024-08-03 12:02:44+00:00,2024-08-04 03:53:31+00:00,2024-08-03 11:27:17+00:00,2024-08-04 04:28:59+00:00
CISO,2024-08-04,2024-08-04 13:03:03+00:00,2024-08-05 02:53:01+00:00,2024-08-04 19:58:02+00:00,49798,2024-08-04 12:36:55+00:00,2024-08-05 03:19:09+00:00,2024-08-04 12:03:41+00:00,2024-08-05 03:52:23+00:00,2024-08-04 11:28:23+00:00,2024-08-05 04:27:41+00:00
CISO,2024-08-05,2024-08-05 13:03:49+00:00,2024-08-06 02:52:02+00:00,2024-08-05 19:57:56+00:00,49693,2024-08-05 12:37:45+00:00,2024-08-06 03:18:06+00:00,2024-08-05 12:04:38+00:00,2024-08-06 03:51:14+00:00,2024-08-05 11:29:30+00:00,2024-08-06 04:26:21+00:00
CISO,2024-08-06,2024-08-06 13:04:35+00:00,2024-08-07 02:51:03+00:00,2024-08-06 19:57:49+00:00,49588,2024-08-06 12:38:35+00:00,2024-08-07 03:17:02+00:00,2024-08-06 12:05:34+00:00,2024-08-07 03:50:03+00:00,2024-08-06 11:30:36+00:00,2024-08-07 04:25:01+00:00
CISO,2024-08-07,2024-08-07 13:05:20+00:00,2024-08-08 02:50:02+00:00,2024-08-07 19:57:41+00:00,49482,2024-08-07 12:39:25+00:00,2024-08-08 03:15:57+00:00,2024-08-07 12:06:31+00:00,2024-08-08 03:48:51+00:00,2024-08-07 11:31:42+00:00,2024-08-08 04:23:40+00:00
CISO,2024-08-08,2024-08-08 13:06:06+00:00,2024-08-09 02:48:59+00:00,2024-08-08 19:57:33+00:00,49373,2024-08-08 12:40:15+00:00,2024-08-09 03:14:51+00:00,2024-08-08 12:07:27+00:00,2024-08-09 03:47:38+00:00,2024-08-08 11:32:48+00:00,2024-08-09 04:22:17+00:00
CISO,2024-08-09,2024-08-09 13:06:52+00:00,2024-08-10 02:47:56+00:00,2024-08-09 19:57:24+00:00,49264,2024-08-09 12:41:04+00:00,2024-08-10 03:13:44+00:00,2024-08-09 12:08:23+00:00,2024-08-10 03:46:24+00:00,2024-08-09 11:33:54+00:00,2024-08-10 04:20:54+00:00
CISO,2024-08-10,2024-08-10 13:07:37+00:00,2024-08-11 02:46:52+00:00,2024-08-10 19:57:15+00:00,49155,2024-08-10 12:41:54+00:00,2024-08-11 03:12:35+00:00,2024-08-10 12:09:20+00:00,2024-08-11 03:45:09+00:00,2024-08-10 11:35:00+00:00,2024-08-11 04:19:29+00:00
CISO,2024-08-11,2024-08-11 13:08:23+00:00,2024-08-12 02:45:46+00:00,2024-08-11 19:57:05+00:00,49043,2024-08-11 12:42:44+00:00,2024-08-12 03:11:26+00:00,2024-08-11 12:10:16+00:00,2024-08-12 03:43:53+00:00,2024-08-11 11:36:05+00:00,2024-08-12 04:18:04+00:00
CISO,2024-08-12,2024-08-12 13:09:09+00:00,2024-08-13 02:44:39+00:00,2024-08-12 19:56:54+00:00,48930,2024-08-12 12:43:33+00:00,2024-08-13 03:10:15+00:00,2024-08-12 12:11:12+00:00,2024-08-13 03:42:36+00:00,2024-08-12 11:37:11+00:00,2024-08-13 04:16:38+00:00
CISO,2024-08-13,2024-08-13 13:09:54+00:00,2024-08-14 02:43:32+00:00,2024-08-13 19:56:43+00:00,48818,2024-08-13 12:44:23+00:00,2024-08-14 03:09:03+00:00,2024-08-13 12:12:08+00:00,2024-08-14 03:41:18+00:00,2024-08-13 11:38:15+00:00,2024-08-14 04:15:11+00:00
CISO,2024-08-14,2024-08-14 13:10:40+00:00,2024-08-15 02:42:23+00:00,2024-08-14 19:56:32+00:00,48703,2024-08-14 12:45:12+00:00,2024-08-15 03:07:51+00:00,2024-08-14 12:13:03+00:00,2024-08-15 03:40:00+00:00,2024-08-14 11:39:20+00:00,2024-08-15 04:13:43+00:00
CISO,2024-08-15,2024-08-15 13:11:25+00:00,2024-08-16 02:41:13+00:00,2024-08-15 19:56:19+00:00,48588,2024-08-15 12:46:01+00:00,2024-08-16 03:06:37+00:00,2024-08-15 12:13:59+00:00,2024-08-16 03:38:40+00:00,2024-08-15 11:40:24+00:00,2024-08-16 04:12:14+00:00
CISO,2024-08-16,2024-08-16 13:12:11+00:00,2024-08-17 02:40:03+00:00,2024-08-16 19:56:07+00:00,48472,2024-08-16 12:46:51+00:00,2024-08-17 03:05:23+00:00,2024-08-16 12:14:54+00:00,2024-08-17 03:37:19+00:00,2024-08-16 11:41:28+00:00,2024-08-17 04:10:45+00:00
CISO,2024-08-17,2024-08-17 13:12:56+00:00,2024-08-18 02:38:51+00:00,2024-08-17 19:55:54+00:00,48355,2024-08-17 12:47:40+00:00,2024-08-18 03:04:08+00:00,2024-08-17 12:15:49+00:00,2024-08-18 03:35:58+00:00,2024-08-17 11:42:32+00:00,2024-08-18 04:09:15+00:00
CISO,2024-08-18,2024-08-18 13:13:41+00:00,2024-08-19 02:37:39+00:00,2024-08-18 19:55:40+00:00,48238,2024-08-18 12:48:28+00:00,2024-08-19 03:02:52+00:00,2024-08-18 12:16:44+00:00,2024-08-19 03:34:36+00:00,2024-08-18 11:43:35+00:00,2024-08-19 04:07:45+00:00
CISO,2024-08-19,2024-08-19 13:14:27+00:00,2024-08-20 02:36:25+00:00,2024-08-19 19:55:26+00:00,48118,2024-08-19 12:49:17+00:00,2024-08-20 03:01:35+00:00,2024-08-19 12:17:39+00:00,2024-08-20 03:33:13+00:00,2024-08-19 11:44:38+00:00,2024-08-20 04:06:14+00:00
CISO,2024-08-20,2024-08-20 13:15:12+00:00,2024-08-21 02:35:11+00:00,2024-08-20 19:55:11+00:00,47999,2024-08-20 12:50:06+00:00,2024-08-21 03:00:17+00:00,2024-08-20 12:18:33+00:00,2024-08-21 03:31:50+00:00,2024-08-20 11:45:41+00:00,2024-08-21 04:04:42+00:00
CISO,2024-08-21,2024-08-21 13:15:57+00:00,2024-08-22 02:33:56+00:00,2024-08-21 19:54:56+00:00,47879,2024-08-21 12:50:54+00:00,2024-08-22 02:58:58+00:00,2024-08-21 12:19:27+00:00,2024-08-22 03:30:25+00:00,2024-08-21 11:46:43+00:00,2024-08-22 04:03:10+00:00
CISO,2024-08-22,2024-08-22 13:16:41+00:00,2024-08-23 02:32:40+00:00,2024-08-22 19:54:41+00:00,47759,2024-08-22 12:51:42+00:00,2024-08-23 02:57:39+00:00,2024-08-22 12:20:21+00:00,2024-08-23 03:29:01+00:00,2024-08-22 11:47:44+00:00,2024-08-23 04:01:37+00:00
CISO,2024-08-23,2024-08-23 13:17:26+00:00,2024-08-24 02:31:23+00:00,2024-08-23 19:54:25+00:00,47637,2024-08-23 12:52:30+00:00,2024-08-24 02:56:19+00:00,2024-08-23 12:21:14+00:00,2024-08-24 03:27:35+00:00,2024-08-23 11:48:46+00:00,2024-08-24 04:00:04+00:00
CISO,2024-08-24,2024-08-24 13:18:11+00:00,2024-08-25 02:30:06+00:00,2024-08-24 19:54:08+00:00,47515,2024-08-24 12:53:18+00:00,2024-08-25 02:54:59+00:00,2024-08-24 12:22:08+00:00,2024-08-25 03:26:09+00:00,2024-08-24 11:49:46+00:00,2024-08-25 03:58:30+00:00
CISO,2024-08-25,2024-08-25 13:18:55+00:00,2024-08-26 02:28:48+00:00,2024-08-25 19:53:52+00:00,47393,2024-08-25 12:54:06+00:00,2024-08-26 02:53:37+00:00,2024-08-25 12:23:01+00:00,2024-08-26 03:24:43+00:00,2024-08-25 11:50:47+00:00,2024-08-26 03:56:56+00:00
CISO,2024-08-26,2024-08-26 13:19:40+00:00,2024-08-27 02:27:29+00:00,2024-08-26 19:53:34+00:00,47269,2024-08-26 12:54:53+00:00,2024-08-27 02:52:15+00:00,2024-08-26 12:23:53+00:00,2024-08-27 03:23:16+00:00,2024-08-26 11:51:47+00:00,2024-08-27 03:55:22+00:00
CISO,2024-08-27,2024-08-27 13:20:24+00:00,2024-08-28 02:26:10+00:00,2024-08-27 19:53:17+00:00,47146,2024-08-27 12:55:41+00:00,2024-08-28 02:50:53+00:00,2024-08-27 12:24:46+00:00,2024-08-28 03:21:48+00:00,2024-08-27 11:52:46+00:00,2024-08-28 03:53:47+00:00
CISO,2024-08-28,2024-08-28 13:21:08+00:00,2024-08-29 02:24:50+00:00,2024-08-28 19:52:59+00:00,47022,2024-08-28 12:56:28+00:00,2024-08-29 02:49:30+00:00,2024-08-28 12:25:38+00:00,2024-08-29 03:20:20+00:00,2024-08-28 11:53:45+00:00,2024-08-29 03:52:13+00:00
CISO,2024-08-29,2024-08-29 13:21:53+00:00,2024-08-30 02:23:29+00:00,2024-08-29 19:52:41+00:00,46896,2024-08-29 12:57:15+00:00,2024-08-30 02:48:06+00:00,2024-08-29 12:26:29+00:00,2024-08-30 03:18:52+00:00,2024-08-29 11:54:44+00:00,2024-08-30 03:50:37+00:00
CISO,2024-08-30,2024-08-30 13:22:37+00:00,2024-08-31 02:22:08+00:00,2024-08-30 19:52:22+00:00,46771,2024-08-30 12:58:02+00:00,2024-08-31 02:46:42+00:00,2024-08-30 12:27:21+00:00,2024-08-31 03:17:23+00:00,2024-08-30 11:55:42+00:00,2024-08-31 03:49:02+00:00
CISO,2024-08-31,2024-08-31 13:23:21+00:00,2024-09-01 02:20:46+00:00,2024-08-31 19:52:03+00:00,46645,2024-08-31 12:58:48+00:00,2024-09-01 02:45:18+00:00,2024-08-31 12:28:12+00:00,2024-09-01 03:15:54+00:00,2024-08-31 11:56:40+00:00,2024-09-01 03:47:27+00:00
CISO,2024-09-01,2024-09-01 13:24:05+00:00,2024-09-02 02:19:23+00:00,2024-09-01 19:51:44+00:00,46518,2024-09-01 12:59:35+00:00,2024-09-02 02:43:53+00:00,2024-09-01 12:29:03+00:00,2024-09-02 03:14:25+00:00,2024-09-01 11:57:37+00:00,2024-09-02 03:45:51+00:00
CISO,2024-09-02,2024-09-02 13:24:48+00:00,2024-09-03 02:18:01+00:00,2024-09-02 19:51:25+00:00,46393,2024-09-02 13:00:21+00:00,2024-09-03 02:42:28+00:00,2024-09-02 12:29:54+00:00,2024-09-03 03:12:56+00:00,2024-09-02 11:58:34+00:00,2024-09-03 03:44:15+00:00
CISO,2024-09-03,2024-09-03 13:25:32+00:00,2024-09-04 02:16:37+00:00,2024-09-03 19:51:05+00:00,46265,2024-09-03 13:01:07+00:00,2024-09-04 02:41:02+00:00,2024-09-03 12:30:44+00:00,2024-09-04 03:11:26+00:00,2024-09-03 11:59:30+00:00,2024-09-04 03:42:39+00:00
CISO,2024-09-04,2024-09-04 13:26:16+00:00,2024-09-05 02:15:14+00:00,2024-09-04 19:50:45+00:00,46138,2024-09-04 13:01:53+00:00,2024-09-05 02:39:36+00:00,2024-09-04 12:31:34+00:00,2024-09-05 03:09:56+00:00,2024-09-04 12:00:26+00:00,2024-09-05 03:41:04+00:00
CISO,2024-09-05,2024-09-05 13:27:00+00:00,2024-09-06 02:13:50+00:00,2024-09-05 19:50:25+00:00,46010,2024-09-05 13:02:39+00:00,2024-09-06 02:38:10+00:00,2024-09-05 12:32:24+00:00,2024-09-06 03:08:25+00:00,2024-09-05 12:01:22+00:00,2024-09-06 03:39:28+00:00
CISO,2024-09-06,2024-09-06 13:27:43+00:00,2024-09-07 02:12:25+00:00,2024-09-06 19:50:04+00:00,45882,2024-09-06 13:03:25+00:00,2024-09-07 02:36:43+00:00,2024-09-06 12:33:13+00:00,2024-09-07 03:06:55+00:00,2024-09-06 12:02:17+00:00,2024-09-07 03:37:52+00:00
CISO,2024-09-07,2024-09-07 13:28:27+00:00,2024-09-08 02:11:00+00:00,2024-09-07 19:49:44+00:00,45753,2024-09-07 13:04:11+00:00,2024-09-08 02:35:17+00:00,2024-09-07 12:34:03+00:00,2024-09-08 03:05:25+00:00,2024-09-07 12:03:11+00:00,2024-09-08 03:36:16+00:00
CISO,2024-09-08,2024-09-08 13:29:10+00:00,2024-09-09 02:09:35+00:00,2024-09-08 19:49:23+00:00,45625,2024-09-08 13:04:56+00:00,2024-09-09 02:33:50+00:00,2024-09-08 12:34:52+00:00,2024-09-09 03:03:54+00:00,2024-09-08 12:04:06+00:00,2024-09-09 03:34:40+00:00
CISO,2024-09-09,2024-09-09 13:29:54+00:00,2024-09-10 02:08:10+00:00,2024-09-09 19:49:02+00:00,45496,2024-09-09 13:05:42+00:00,2024-09-10 02:32:22+00:00,2024-09-09 12:35:40+00:00,2024-09-10 03:02:23+00:00,2024-09-09 12:05:00+00:00,2024-09-10 03:33:04+00:00
CISO,2024-09-10,2024-09-10 13:30:37+00:00,2024-09-11 02:06:44+00:00,2024-09-10 19:48:41+00:00,45367,2024-09-10 13:06:27+00:00,2024-09-11 02:30:55+00:00,2024-09-10 12:36:29+00:00,2024-09-11 03:00:53+00:00,2024-09-10 12:05:53+00:00,2024-09-11 03:31:29+00:00
CISO,2024-09-11,2024-09-11 13:31:21+00:00,2024-09-12 02:05:18+00:00,2024-09-11 19:48:20+00:00,45237,2024-09-11 13:07:12+00:00,2024-09-12 02:29:27+00:00,2024-09-11 12:37:17+00:00,2024-09-12 02:59:22+00:00,2024-09-11 12:06:46+00:00,2024-09-12 03:29:53+00:00
CISO,2024-09-12,2024-09-12 13:32:05+00:00,2024-09-13 02:03:52+00:00,2024-09-12 19:47:58+00:00,45107,2024-09-12 13:07:57+00:00,2024-09-13 02:28:00+00:00,2024-09-12 12:38:05+00:00,2024-09-13 02:57:51+00:00,2024-09-12 12:07:39+00:00,2024-09-13 03:28:18+00:00
CISO,2024-09-13,2024-09-13 13:32:48+00:00,2024-09-14 02:02:26+00:00,2024-09-13 19:47:37+00:00,44978,2024-09-13 13:08:42+00:00,2024-09-14 02:26:32+00:00,2024-09-13 12:38:53+00:00,2024-09-14 02:56:21+00:00,2024-09-13 12:08:31+00:00,2024-09-14 03:26:43+00:00
CISO,2024-09-14,2024-09-14 13:33:32+00:00,2024-09-15 02:01:00+00:00,2024-09-14 19:47:16+00:00,44848,2024-09-14 13:09:27+00:00,2024-09-15 02:25:04+00:00,2024-09-14 12:39:41+00:00,2024-09-15 02:54:50+00:00,2024-09-14 12:09:23+00:00,2024-09-15 03:25:08+00:00
CISO,2024-09-15,2024-09-15 13:34:15+00:00,2024-09-16 01:59:33+00:00,2024-09-15 19:46:54+00:00,44718,2024-09-15 13:10:12+00:00,2024-09-16 02:23:37+00:00,2024-09-15 12:40:29+00:00,2024-09-16 02:53:20+00:00,2024-09-15 12:10:15+00:00,2024-09-16 03:23:34+00:00
CISO,2024-09-16,2024-09-16 13:34:59+00:00,2024-09-17 01:58:07+00:00,2024-09-16 19:46:33+00:00,44588,2024-09-16 13:10:57+00:00,2024-09-17 02:22:09+00:00,2024-09-16 12:41:16+00:00,2024-09-17 02:51:50+00:00,2024-09-16 12:11:06+00:00,2024-09-17 03:22:00+00:00
CISO,2024-09-17,2024-09-17 13:35:43+00:00,2024-09-18 01:56:40+00:00,2024-09-17 19:46:11+00:00,44457,2024-09-17 13:11:42+00:00,2024-09-18 02:20:41+00:00,2024-09-17 12:42:03+00:00,2024-09-18 02:50:20+00:00,2024-09-17 12:11:57+00:00,2024-09-18 03:20:26+00:00
CISO,2024-09-18,2024-09-18 13:36:27+00:00,2024-09-19 01:55:13+00:00,2024-09-18 19:45:50+00:00,44326,2024-09-18 13:12:26+00:00,2024-09-19 02:19:13+00:00,2024-09-18 12:42:50+00:00,2024-09-19 02:48:50+00:00,2024-09-18 12:12:48+00:00,2024-09-19 03:18:52+00:00
CISO,2024-09-19,2024-09-19 13:37:11+00:00,2024-09-20 01:53:47+00:00,2024-09-19 19:45:29+00:00,44196,2024-09-19 13:13:11+00:00,2024-09-20 02:17:46+00:00,2024-09-19 12:43:37+00:00,2024-09-20 02:47:20+00:00,2024-09-19 12:13:38+00:00,2024-09-20 03:17:19+00:00
CISO,2024-09-20,2024-09-20 13:37:55+00:00,2024-09-21 01:52:20+00:00,2024-09-20 19:45:07+00:00,44065,2024-09-20 13:13:56+00:00,2024-09-21 02:16:18+00:00,2024-09-20 12:44:24+00:00,2024-09-21 02:45:51+00:00,2024-09-20 12:14:28+00:00,2024-09-21 03:15:46+00:00
CISO,2024-09-21,2024-09-21 13:38:39+00:00,2024-09-22 01:50:53+00:00,2024-09-21 19:44:46+00:00,43934,2024-09-21 13:14:41+00:00,2024-09-22 02:14:51+00:00,2024-09-21 12:45:10+00:00,2024-09-22 02:44:22+00:00,2024-09-21 12:15:18+00:00,2024-09-22 03:14:14+00:00
CISO,2024-09-22,2024-09-22 13:39:23+00:00,2024-09-23 01:49:27+00:00,2024-09-22 19:44:25+00:00,43804,2024-09-22 13:15:26+00:00,2024-09-23 02:13:24+00:00,2024-09-22 12:45:57+00:00,2024-09-23 02:42:53+00:00,2024-09-22 12:16:08+00:00,2024-09-23 03:12:42+00:00
CISO,2024-09-23,2024-09-23 13:40:07+00:00,2024-09-24 01:48:00+00:00,2024-09-23 19:44:04+00:00,43673,2024-09-23 13:16:11+00:00,2024-09-24 02:11:57+00:00,2024-09-23 12:46:43+00:00,2024-09-24 02:41:24+00:00,2024-09-23 12:16:57+00:00,2024-09-24 03:11:11+00:00
CISO,2024-09-24,2024-09-24 13:40:52+00:00,2024-09-25 01:46:34+00:00,2024-09-24 19:43:43+00:00,43542,2024-09-24 13:16:55+00:00,2024-09-25 02:10:31+00:00,2024-09-24 12:47:30+00:00,2024-09-25 02:39:56+00:00,2024-09-24 12:17:46+00:00,2024-09-25 03:09:40+00:00
CISO,2024-09-25,2024-09-25 13:41:37+00:00,2024-09-26 01:45:08+00:00,2024-09-25 19:43:22+00:00,43411,2024-09-25 13:17:40+00:00,2024-09-26 02:09:04+00:00,2024-09-25 12:48:16+00:00,2024-09-26 02:38:29+00:00,2024-09-25 12:18:35+00:00,2024-09-26 03:08:10+00:00
CISO,2024-09-26,2024-09-26 13:42:22+00:00,2024-09-27 01:43:42+00:00,2024-09-26 19:43:02+00:00,43280,2024-09-26 13:18:26+00:00,2024-09-27 02:07:38+00:00,2024-09-26 12:49:02+00:00,2024-09-27 02:37:02+00:00,2024-09-26 12:19:24+00:00,2024-09-27 03:06:40+00:00
CISO,2024-09-27,2024-09-27 13:43:07+00:00,2024-09-28 01:42:17+00:00,2024-09-27 19:42:42+00:00,43150,2024-09-27 13:19:11+00:00,2024-09-28 02:06:13+00:00,2024-09-27 12:49:48+00:00,2024-09-28 02:35:35+00:00,2024-09-27 12:20:12+00:00,2024-09-28 03:05:11+00:00
CISO,2024-09-28,2024-09-28 13:43:52+00:00,2024-09-29 01:40:51+00:00,2024-09-28 19:42:22+00:00,43019,2024-09-28 13:19:56+00:00,2024-09-29 02:04:47+00:00,2024-09-28 12:50:35+00:00,2024-09-29 02:34:09+00:00,2024-09-28 12:21:00+00:00,2024-09-29 03:03:43+00:00
CISO,2024-09-29,2024-09-29 13:44:37+00:00,2024-09-30 01:39:26+00:00,2024-09-29 19:42:02+00:00,42889,2024-09-29 13:20:41+00:00,2024-09-30 02:03:22+00:00,2024-09-29 12:51:21+00:00,2024-09-30 02:32:43+00:00,2024-09-29 12:21:48+00:00,2024-09-30 03:02:15+00:00
CISO,2024-09-30,2024-09-30 13:45:23+00:00,2024-10-01 01:38:01+00:00,2024-09-30 19:41:42+00:00,42758,2024-09-30 13:21:27+00:00,2024-10-01 02:01:58+00:00,2024-09-30 12:52:07+00:00,2024-10-01 02:31:18+00:00,2024-09-30 12:22:36+00:00,2024-10-01 03:00:48+00:00
CISO,2024-10-01,2024-10-01 13:46:09+00:00,2024-10-02 01:36:37+00:00,2024-10-01 19:41:23+00:00,42628,2024-10-01 13:22:12+00:00,2024-10-02 02:00:34+00:00,2024-10-01 12:52:53+00:00,2024-10-02 02:29:53+00:00,2024-10-01 12:23:24+00:00,2024-10-02 02:59:22+00:00
CISO,2024-10-02,2024-10-02 13:46:55+00:00,2024-10-03 01:35:13+00:00,2024-10-02 19:41:04+00:00,42498,2024-10-02 13:22:58+00:00,2024-10-03 01:59:10+00:00,2024-10-02 12:53:39+00:00,2024-10-03 02:28:29+00:00,2024-10-02 12:24:12+00:00,2024-10-03 02:57:56+00:00
CISO,2024-10-03,2024-10-03 13:47:42+00:00,2024-10-04 01:33:49+00:00,2024-10-03 19:40:45+00:00,42367,2024-10-03 13:23:44+00:00,2024-10-04 01:57:47+00:00,2024-10-03 12:54:25+00:00,2024-10-04 02:27:05+00:00,2024-10-03 12:25:00+00:00,2024-10-04 02:56:31+00:00
CISO,2024-10-04,2024-10-04 13:48:28+00:00,2024-10-05 01:32:26+00:00,2024-10-04 19:40:27+00:00,42238,2024-10-04 13:24:30+00:00,2024-10-05 01:56:24+00:00,2024-10-04 12:55:12+00:00,2024-10-05 02:25:43+00:00,2024-10-04 12:25:47+00:00,2024-10-05 02:55:07+00:00
CISO,2024-10-05,2024-10-05 13:49:15+00:00,2024-10-06 01:31:03+00:00,2024-10-05 19:40:09+00:00,42108,2024-10-05 13:25:16+00:00,2024-10-06 01:55:02+00:00,2024-10-05 12:55:58+00:00,2024-10-06 02:24:21+00:00,2024-10-05 12:26:35+00:00,2024-10-06 02:53:44+00:00
CISO,2024-10-06,2024-10-06 13:50:03+00:00,2024-10-07 01:29:41+00:00,2024-10-06 19:39:52+00:00,41978,2024-10-06 13:26:03+00:00,2024-10-07 01:53:41+00:00,2024-10-06 12:56:44+00:00,2024-10-07 02:22:59+00:00,2024-10-06 12:27:22+00:00,2024-10-07 02:52:21+00:00
CISO,2024-10-07,2024-10-07 13:50:50+00:00,2024-10-08 01:28:19+00:00,2024-10-07 19:39:35+00:00,41849,2024-10-07 13:26:49+00:00,2024-10-08 01:52:20+00:00,2024-10-07 12:57:31+00:00,2024-10-08 02:21:39+00:00,2024-10-07 12:28:10+00:00,2024-10-08 02:51:00+00:00
CISO,2024-10-08,2024-10-08 13:51:38+00:00,2024-10-09 01:26:58+00:00,2024-10-08 19:39:18+00:00,41720,2024-10-08 13:27:36+00:00,2024-10-09 01:51:00+00:00,2024-10-08 12:58:17+00:00,2024-10-09 02:20:19+00:00,2024-10-08 12:28:57+00:00,2024-10-09 02:49:39+00:00
CISO,2024-10-09,2024-10-09 13:52:26+00:00,2024-10-10 01:25:38+00:00,2024-10-09 19:39:02+00:00,41592,2024-10-09 13:28:23+00:00,2024-10-10 01:49:40+00:00,2024-10-09 12:59:04+00:00,2024-10-10 02:19:00+00:00,2024-10-09 12:29:44+00:00,2024-10-10 02:48:19+00:00
CISO,2024-10-10,2024-10-10 13:53:15+00:00,2024-10-11 01:24:18+00:00,2024-10-10 19:38:46+00:00,41463,2024-10-10 13:29:11+00:00,2024-10-11 01:48:22+00:00,2024-10-10 12:59:51+00:00,2024-10-11 02:17:41+00:00,2024-10-10 12:30:32+00:00,2024-10-11 02:47:01+00:00
CISO,2024-10-11,2024-10-11 13:54:04+00:00,2024-10-12 01:22:58+00:00,2024-10-11 19:38:31+00:00,41334,2024-10-11 13:29:58+00:00,2024-10-12 01:47:04+00:00,2024-10-11 13:00:38+00:00,2024-10-12 02:16:24+00:00,2024-10-11 12:31:19+00:00,2024-10-12 02:45:43+00:00
CISO,2024-10-12,2024-10-12 13:54:53+00:00,2024-10-13 01:21:40+00:00,2024-10-12 19:38:16+00:00,41207,2024-10-12 13:30:46+00:00,2024-10-13 01:45:46+00:00,2024-10-12 13:01:25+00:00,2024-10-13 02:15:07+00:00,2024-10-12 12:32:06+00:00,2024-10-13 02:44:26+00:00
CISO,2024-10-13,2024-10-13 13:55:42+00:00,2024-10-14 01:20:22+00:00,2024-10-13 19:38:02+00:00,41080,2024-10-13 13:31:34+00:00,2024-10-14 01:44:30+00:00,2024-10-13 13:02:12+00:00,2024-10-14 02:13:52+00:00,2024-10-13 12:32:54+00:00,2024-10-14 02:43:10+00:00
CISO,2024-10-14,2024-10-14 13:56:32+00:00,2024-10-15 01:19:05+00:00,2024-10-14 19:37:48+00:00,40953,2024-10-14 13:32:22+00:00,2024-10-15 01:43:14+00:00,2024-10-14 13:02:59+00:00,2024-10-15 02:12:37+00:00,2024-10-14 12:33:41+00:00,2024-10-15 02:41:55+00:00
CISO,2024-10-15,2024-10-15 13:57:22+00:00,2024-10-16 01:17:48+00:00,2024-10-15 19:37:35+00:00,40826,2024-10-15 13:33:11+00:00,2024-10-16 01:41:59+00:00,2024-10-15 13:03:47+00:00,2024-10-16 02:11:23+00:00,2024-10-15 12:34:28+00:00,2024-10-16 02:40:42+00:00
CISO,2024-10-16,2024-10-16 13:58:13+00:00,2024-10-17 01:16:33+00:00,2024-10-16 19:37:23+00:00,40700,2024-10-16 13:34:00+00:00,2024-10-17 01:40:45+00:00,2024-10-16 13:04:34+00:00,2024-10-17 02:10:11+00:00,2024-10-16 12:35:16+00:00,2024-10-17 02:39:29+00:00
CISO,2024-10-17,2024-10-17 13:59:04+00:00,2024-10-18 01:15:18+00:00,2024-10-17 19:37:11+00:00,40574,2024-10-17 13:34:49+00:00,2024-10-18 01:39:32+00:00,2024-10-17 13:05:22+00:00,2024-10-18 02:08:59+00:00,2024-10-17 12:36:03+00:00,2024-10-18 02:38:18+00:00
CISO,2024-10-18,2024-10-18 13:59:55+00:00,2024-10-19 01:14:04+00:00,2024-10-18 19:36:59+00:00,40449,2024-10-18 13:35:38+00:00,2024-10-19 01:38:20+00:00,2024-10-18 13:06:10+00:00,2024-10-19 02:07:48+00:00,2024-10-18 12:36:51+00:00,2024-10-19 02:37:08+00:00
CISO,2024-10-19,2024-10-19 14:00:46+00:00,2024-10-20 01:12:51+00:00,2024-10-19 19:36:49+00:00,40325,2024-10-19 13:36:28+00:00,2024-10-20 01:37:09+00:00,2024-10-19 13:06:58+00:00,2024-10-20 02:06:39+00:00,2024-10-19 12:37:39+00:00,2024-10-20 02:35:58+00:00
CISO,2024-10-20,2024-10-20 14:01:38+00:00,2024-10-21 01:11:39+00:00,2024-10-20 19:36:39+00:00,40201,2024-10-20 13:37:18+00:00,2024-10-21 01:35:59+00:00,2024-10-20 13:07:47+00:00,2024-10-21 02:05:30+00:00,2024-10-20 12:38:27+00:00,2024-10-21 02:34:51+00:00
CISO,2024-10-21,2024-10-21 14:02:31+00:00,2024-10-22 01:10:28+00:00,2024-10-21 19:36:29+00:00,40077,2024-10-21 13:38:08+00:00,2024-10-22 01:34:50+00:00,2024-10-21 13:08:35+00:00,2024-10-22 02:04:23+00:00,2024-10-21 12:39:14+00:00,2024-10-22 02:33:44+00:00
CISO,2024-10-22,2024-10-22 14:03:23+00:00,2024-10-23 01:09:18+00:00,2024-10-22 19:36:20+00:00,39955,2024-10-22 13:38:59+00:00,2024-10-23 01:33:42+00:00,2024-10-22 13:09:24+00:00,2024-10-23 02:03:17+00:00,2024-10-22 12:40:02+00:00,2024-10-23 02:32:39+00:00
CISO,2024-10-23,2024-10-23 14:04:16+00:00,2024-10-24 01:08:08+00:00,2024-10-23 19:36:12+00:00,39832,2024-10-23 13:39:49+00:00,2024-10-24 01:32:35+00:00,2024-10-23 13:10:13+00:00,2024-10-24 02:02:12+00:00,2024-10-23 12:40:50+00:00,2024-10-24 02:31:34+00:00
CISO,2024-10-24,2024-10-24 14:05:10+00:00,2024-10-25 01:07:00+00:00,2024-10-24 19:36:05+00:00,39710,2024-10-24 13:40:40+00:00,2024-10-25 01:31:30+00:00,2024-10-24 13:11:02+00:00,2024-10-25 02:01:08+00:00,2024-10-24 12:41:39+00:00,2024-10-25 02:30:32+00:00
CISO,2024-10-25,2024-10-25 14:06:04+00:00,2024-10-26 01:05:53+00:00,2024-10-25 19:35:58+00:00,39589,2024-10-25 13:41:32+00:00,2024-10-26 01:30:25+00:00,2024-10-25 13:11:52+00:00,2024-10-26 02:00:05+00:00,2024-10-25 12:42:27+00:00,2024-10-26 02:29:30+00:00
CISO,2024-10-26,2024-10-26 14:06:58+00:00,2024-10-27 01:04:48+00:00,2024-10-26 19:35:53+00:00,39470,2024-10-26 13:42:23+00:00,2024-10-27 01:29:22+00:00,2024-10-26 13:12:41+00:00,2024-10-27 01:59:04+00:00,2024-10-26 12:43:15+00:00,2024-10-27 02:28:30+00:00
CISO,2024-10-27,2024-10-27 14:07:52+00:00,2024-10-28 01:03:43+00:00,2024-10-27 19:35:47+00:00,39351,2024-10-27 13:43:15+00:00,2024-10-28 01:28:20+00:00,2024-10-27 13:13:31+00:00,2024-10-28 01:58:04+00:00,2024-10-27 12:44:04+00:00,2024-10-28 02:27:31+00:00
CISO,2024-10-28,2024-10-28 14:08:47+00:00,2024-10-29 01:02:39+00:00,2024-10-28 19:35:43+00:00,39232,2024-10-28 13:44:08+00:00,2024-10-29 01:27:19+00:00,2024-10-28 13:14:21+00:00,2024-10-29 01:57:05+00:00,2024-10-28 12:44:53+00:00,2024-10-29 02:26:34+00:00
CISO,2024-10-29,2024-10-29 14:09:42+00:00,2024-10-30 01:01:37+00:00,2024-10-29 19:35:40+00:00,39115,2024-10-29 13:45:00+00:00,2024-10-30 01:26:19+00:00,2024-10-29 13:15:11+00:00,2024-10-30 01:56:08+00:00,2024-10-29 12:45:41+00:00,2024-10-30 02:25:38+00:00
CISO,2024-10-30,2024-10-30 14:10:37+00:00,2024-10-31 01:00:36+00:00,2024-10-30 19:35:37+00:00,38999,2024-10-30 13:45:53+00:00,2024-10-31 01:25:20+00:00,2024-10-30 13:16:02+00:00,2024-10-31 01:55:12+00:00,2024-10-30 12:46:30+00:00,2024-10-31 02:24:43+00:00
CISO,2024-10-31,2024-10-31 14:11:33+00:00,2024-11-01 00:59:36+00:00,2024-10-31 19:35:35+00:00,38883,2024-10-31 13:46:46+00:00,2024-11-01 01:24:23+00:00,2024-10-31 13:16:52+00:00,2024-11-01 01:54:17+00:00,2024-10-31 12:47:19+00:00,2024-11-01 02:23:50+00:00
CISO,2024-11-01,2024-11-01 14:12:29+00:00,2024-11-02 00:58:38+00:00,2024-11-01 19:35:33+00:00,38769,2024-11-01 13:47:39+00:00,2024-11-02 01:23:28+00:00,2024-11-01 13:17:43+00:00,2024-11-02 01:53:24+00:00,2024-11-01 12:48:08+00:00,2024-11-02 02:22:58+00:00
CISO,2024-11-02,2024-11-02 14:13:26+00:00,2024-11-03 00:57:40+00:00,2024-11-02 19:35:33+00:00,38654,2024-11-02 13:48:33+00:00,2024-11-03 01:22:33+00:00,2024-11-02 13:18:34+00:00,2024-11-03 01:52:32+00:00,2024-11-02 12:48:58+00:00,2024-11-03 02:22:08+00:00
CISO,2024-11-03,2024-11-03 14:14:22+00:00,2024-11-04 00:56:45+00:00,2024-11-03 19:35:33+00:00,38543,2024-11-03 13:49:26+00:00,2024-11-04 01:21:40+00:00,2024-11-03 13:19:25+00:00,2024-11-04 01:51:42+00:00,2024-11-03 12:49:47+00:00,2024-11-04 02:21:20+00:00
CISO,2024-11-04,2024-11-04 14:15:19+00:00,2024-11-05 00:55:50+00:00,2024-11-04 19:35:35+00:00,38431,2024-11-04 13:50:20+00:00,2024-11-05 01:20:49+00:00,2024-11-04 13:20:16+00:00,2024-11-05 01:50:53+00:00,2024-11-04 12:50:37+00:00,2024-11-05 02:20:33+00:00
CISO,2024-11-05,2024-11-05 14:16:16+00:00,2024-11-06 00:54:57+00:00,2024-11-05 19:35:37+00:00,38321,2024-11-05 13:51:14+00:00,2024-11-06 01:19:59+00:00,2024-11-05 13:21:08+00:00,2024-11-06 01:50:06+00:00,2024-11-05 12:51:26+00:00,2024-11-06 02:19:47+00:00
CISO,2024-11-06,2024-11-06 14:17:13+00:00,2024-11-07 00:54:06+00:00,2024-11-06 19:35:39+00:00,38213,2024-11-06 13:52:09+00:00,2024-11-07 01:19:10+00:00,2024-11-06 13:21:59+00:00,2024-11-07 01:49:20+00:00,2024-11-06 12:52:16+00:00,2024-11-07 02:19:03+00:00
CISO,2024-11-07,2024-11-07 14:18:11+00:00,2024-11-08 00:53:16+00:00,2024-11-07 19:35:43+00:00,38105,2024-11-07 13:53:03+00:00,2024-11-08 01:18:23+00:00,2024-11-07 13:22:51+00:00,2024-11-08 01:48:36+00:00,2024-11-07 12:53:06+00:00,2024-11-08 02:18:21+00:00
CISO,2024-11-08,2024-11-08 14:19:08+00:00,2024-11-09 00:52:27+00:00,2024-11-08 19:35:48+00:00,37999,2024-11-08 13:53:58+00:00,2024-11-09 01:17:38+00:00,2024-11-08 13:23:43+00:00,2024-11-09 01:47:53+00:00,2024-11-08 12:53:55+00:00,2024-11-09 02:17:40+00:00
CISO,2024-11-09,2024-11-09 14:20:06+00:00,2024-11-10 00:51:40+00:00,2024-11-09 19:35:53+00:00,37894,2024-11-09 13:54:53+00:00,2024-11-10 01:16:54+00:00,2024-11-09 13:24:35+00:00,2024-11-10 01:47:12+00:00,2024-11-09 12:54:45+00:00,2024-11-10 02:17:01+00:00
CISO,2024-11-10,2024-11-10 14:21:04+00:00,2024-11-11 00:50:55+00:00,2024-11-10 19:35:59+00:00,37791,2024-11-10 13:55:48+00:00,2024-11-11 01:16:11+00:00,2024-11-10 13:25:27+00:00,2024-11-11 01:46:32+00:00,2024-11-10 12:55:35+00:00,2024-11-11 02:16:24+00:00
CISO,2024-11-11,2024-11-11 14:22:02+00:00,2024-11-12 00:50:11+00:00,2024-11-11 19:36:07+00:00,37689,2024-11-11 13:56:42+00:00,2024-11-12 01:15:31+00:00,2024-11-11 13:26:19+00:00,2024-11-12 01:45:54+00:00,2024-11-11 12:56:25+00:00,2024-11-12 02:15:48+00:00
CISO,2024-11-12,2024-11-12 14:23:00+00:00,2024-11-13 00:49:29+00:00,2024-11-12 19:36:14+00:00,37589,2024-11-12 13:57:38+00:00,2024-11-13 01:14:51+00:00,2024-11-12 13:27:11+00:00,2024-11-13 01:45:18+00:00,2024-11-12 12:57:15+00:00,2024-11-13 02:15:14+00:00
CISO,2024-11-13,2024-11-13 14:23:58+00:00,2024-11-14 00:48:48+00:00,2024-11-13 19:36:23+00:00,37490,2024-11-13 13:58:33+00:00,2024-11-14 01:14:14+00:00,2024-11-13 13:28:03+00:00,2024-11-14 01:44:44+00:00,2024-11-13 12:58:05+00:00,2024-11-14 02:14:41+00:00
CISO,2024-11-14,2024-11-14 14:24:57+00:00,2024-11-15 00:48:09+00:00,2024-11-14 19:36:33+00:00,37392,2024-11-14 13:59:28+00:00,2024-11-15 01:13:38+00:00,2024-11-14 13:28:55+00:00,2024-11-15 01:44:11+00:00,2024-11-14 12:58:55+00:00,2024-11-15 02:14:10+00:00
CISO,2024-11-15,2024-11-15 14:25:55+00:00,2024-11-16 00:47:32+00:00,2024-11-15 19:36:43+00:00,37297,2024-11-15 14:00:23+00:00,2024-11-16 01:13:04+00:00,2024-11-15 13:29:47+00:00,2024-11-16 01:43:39+00:00,2024-11-15 12:59:45+00:00,2024-11-16 02:13:41+00:00
CISO,2024-11-16,2024-11-16 14:26:53+00:00,2024-11-17 00:46:57+00:00,2024-11-16 19:36:55+00:00,37204,2024-11-16 14:01:18+00:00,2024-11-17 01:12:32+00:00,2024-11-16 13:30:40+00:00,2024-11-17 01:43:10+00:00,2024-11-16 13:00:35+00:00,2024-11-17 02:13:14+00:00
CISO,2024-11-17,2024-11-17 14:27:51+00:00,2024-11-18 00:46:23+00:00,2024-11-17 19:37:07+00:00,37112,2024-11-17 14:02:13+00:00,2024-11-18 01:12:01+00:00,2024-11-17 13:31:32+00:00,2024-11-18 01:42:42+00:00,2024-11-17 13:01:25+00:00,2024-11-18 02:12:48+00:00
CISO,2024-11-18,2024-11-18 14:28:49+00:00,2024-11-19 00:45:51+00:00,2024-11-18 19:37:20+00:00,37022,2024-11-18 14:03:08+00:00,2024-11-19 01:11:32+00:00,2024-11-18 13:32:24+00:00,2024-11-19 01:42:16+00:00,2024-11-18 13:02:15+00:00,2024-11-19 02:12:25+00:00
CISO,2024-11-19,2024-11-19 14:29:47+00:00,2024-11-20 00:45:21+00:00,2024-11-19 19:37:34+00:00,36934,2024-11-19 14:04:03+00:00,2024-11-20 01:11:05+00:00,2024-11-19 13:33:16+00:00,2024-11-20 01:41:52+00:00,2024-11-19 13:03:05+00:00,2024-11-20 02:12:02+00:00
CISO,2024-11-20,2024-11-20 14:30:44+00:00,2024-11-21 00:44:52+00:00,2024-11-20 19:37:48+00:00,36848,2024-11-20 14:04:57+00:00,2024-11-21 01:10:39+00:00,2024-11-20 13:34:07+00:00,2024-11-21 01:41:29+00:00,2024-11-20 13:03:55+00:00,2024-11-21 02:11:42+00:00
CISO,2024-11-21,2024-11-21 14:31:42+00:00,2024-11-22 00:44:26+00:00,2024-11-21 19:38:04+00:00,36764,2024-11-21 14:05:52+00:00,2024-11-22 01:10:16+00:00,2024-11-21 13:34:59+00:00,2024-11-22 01:41:09+00:00,2024-11-21 13:04:44+00:00,2024-11-22 02:11:23+00:00
CISO,2024-11-22,2024-11-22 14:32:39+00:00,2024-11-23 00:44:01+00:00,2024-11-22 19:38:20+00:00,36682,2024-11-22 14:06:46+00:00,2024-11-23 01:09:54+00:00,2024-11-22 13:35:50+00:00,2024-11-23 01:40:50+00:00,2024-11-22 13:05:33+00:00,2024-11-23 02:11:07+00:00
CISO,2024-11-23,2024-11-23 14:33:36+00:00,2024-11-24 00:43:38+00:00,2024-11-23 19:38:37+00:00,36602,2024-11-23 14:07:40+00:00,2024-11-24 01:09:34+00:00,2024-11-23 13:36:42+00:00,2024-11-24 01:40:32+00:00,2024-11-23 13:06:22+00:00,2024-11-24 02:10:52+00:00
CISO,2024-11-24,2024-11-24 14:34:32+00:00,2024-11-25 00:43:17+00:00,2024-11-24 19:38:55+00:00,36525,2024-11-24 14:08:34+00:00,2024-11-25 01:09:16+00:00,2024-11-24 13:37:33+00:00,2024-11-25 01:40:17+00:00,2024-11-24 13:07:11+00:00,2024-11-25 02:10:38+00:00
CISO,2024-11-25,2024-11-25 14:35:28+00:00,2024-11-26 00:42:58+00:00,2024-11-25 19:39:13+00:00,36450,2024-11-25 14:09:27+00:00,2024-11-26 01:09:00+00:00,2024-11-25 13:38:23+00:00,2024-11-26 01:40:03+00:00,2024-11-25 13:08:00+00:00,2024-11-26 02:10:27+00:00
CISO,2024-11-26,2024-11-26 14:36:24+00:00,2024-11-27 00:42:41+00:00,2024-11-26 19:39:33+00:00,36377,2024-11-26 14:10:20+00:00,2024-11-27 01:08:45+00:00,2024-11-26 13:39:14+00:00,2024-11-27 01:39:52+00:00,2024-11-26 13:08:48+00:00,2024-11-27 02:10:17+00:00
CISO,2024-11-27,2024-11-27 14:37:19+00:00,2024-11-28 00:42:26+00:00,2024-11-27 19:39:53+00:00,36307,2024-11-27 14:11:12+00:00,2024-11-28 01:08:33+00:00,2024-11-27 13:40:04+00:00,2024-11-28 01:39:41+00:00,2024-11-27 13:09:36+00:00,2024-11-28 02:10:09+00:00
CISO,2024-11-28,2024-11-28 14:38:14+00:00,2024-11-29 00:42:13+00:00,2024-11-28 19:40:13+00:00,36239,2024-11-28 14:12:04+00:00,2024-11-29 01:08:22+00:00,2024-11-28 13:40:53+00:00,2024-11-29 01:39:33+00:00,2024-11-28 13:10:24+00:00,2024-11-29 02:10:02+00:00
CISO,2024-11-29,2024-11-29 14:39:08+00:00,2024-11-30 00:42:01+00:00,2024-11-29 19:40:35+00:00,36173,2024-11-29 14:12:56+00:00,2024-11-30 01:08:13+00:00,2024-11-29 13:41:42+00:00,2024-11-30 01:39:27+00:00,2024-11-29 13:11:11+00:00,2024-11-30 02:09:58+00:00
CISO,2024-11-30,2024-11-30 14:40:01+00:00,2024-12-01 00:41:52+00:00,2024-11-30 19:40:57+00:00,36111,2024-11-30 14:13:47+00:00,2024-12-01 01:08:06+00:00,2024-11-30 13:42:31+00:00,2024-12-01 01:39:22+00:00,2024-11-30 13:11:58+00:00,2024-12-01 02:09:55+00:00
CISO,2024-12-01,2024-12-01 14:40:54+00:00,2024-12-02 00:41:44+00:00,2024-12-01 19:41:19+00:00,36050,2024-12-01 14:14:38+00:00,2024-12-02 01:08:01+00:00,2024-12-01 13:43:19+00:00,2024-12-02 01:39:19+00:00,2024-12-01 13:12:45+00:00,2024-12-02 02:09:54+00:00
CISO,2024-12-02,2024-12-02 14:41:46+00:00,2024-12-03 00:41:39+00:00,2024-12-02 19:41:43+00:00,35993,2024-12-02 14:15:28+00:00,2024-12-03 01:07:58+00:00,2024-12-02 13:44:07+00:00,2024-12-03 01:39:18+00:00,2024-12-02 13:13:31+00:00,2024-12-03 02:09:54+00:00
CISO,2024-12-03,2024-12-03 14:42:38+00:00,2024-12-04 00:41:35+00:00,2024-12-03 19:42:07+00:00,35937,2024-12-03 14:16:17+00:00,2024-12-04 01:07:56+00:00,2024-12-03 13:44:54+00:00,2024-12-04 01:39:19+00:00,2024-12-03 13:14:16+00:00,2024-12-04 02:09:57+00:00
CISO,2024-12-04,2024-12-04 14:43:28+00:00,2024-12-05 00:41:34+00:00,2024-12-04 19:42:31+00:00,35886,2024-12-04 14:17:05+00:00,2024-12-05 01:07:57+00:00,2024-12-04 13:45:41+00:00,2024-12-05 01:39:21+00:00,2024-12-04 13:15:01+00:00,2024-12-05 02:10:01+00:00
CISO,2024-12-05,2024-12-05 14:44:18+00:00,2024-12-06 00:41:34+00:00,2024-12-05 19:42:56+00:00,35836,2024-12-05 14:17:53+00:00,2024-12-06 01:07:59+00:00,2024-12-05 13:46:26+00:00,2024-12-06 01:39:26+00:00,2024-12-05 13:15:46+00:00,2024-12-06 02:10:07+00:00
CISO,2024-12-06,2024-12-06 14:45:07+00:00,2024-12-07 00:41:36+00:00,2024-12-06 19:43:22+00:00,35789,2024-12-06 14:18:40+00:00,2024-12-07 01:08:03+00:00,2024-12-06 13:47:12+00:00,2024-12-07 01:39:32+00:00,2024-12-06 13:16:29+00:00,2024-12-07 02:10:14+00:00
CISO,2024-12-07,2024-12-07 14:45:55+00:00,2024-12-08 00:41:41+00:00,2024-12-07 19:43:48+00:00,35746,2024-12-07 14:19:26+00:00,2024-12-08 01:08:09+00:00,2024-12-07 13:47:56+00:00,2024-12-08 01:39:39+00:00,2024-12-07 13:17:12+00:00,2024-12-08 02:10:23+00:00
CISO,2024-12-08,2024-12-08 14:46:42+00:00,2024-12-09 00:41:47+00:00,2024-12-08 19:44:14+00:00,35705,2024-12-08 14:20:11+00:00,2024-12-09 01:08:17+00:00,2024-12-08 13:48:40+00:00,2024-12-09 01:39:49+00:00,2024-12-08 13:17:55+00:00,2024-12-09 02:10:34+00:00
CISO,2024-12-09,2024-12-09 14:47:27+00:00,2024-12-10 00:41:55+00:00,2024-12-09 19:44:41+00:00,35668,2024-12-09 14:20:56+00:00,2024-12-10 01:08:27+00:00,2024-12-09 13:49:22+00:00,2024-12-10 01:40:00+00:00,2024-12-09 13:18:36+00:00,2024-12-10 02:10:46+00:00
CISO,2024-12-10,2024-12-10 14:48:12+00:00,2024-12-11 00:42:05+00:00,2024-12-10 19:45:09+00:00,35633,2024-12-10 14:21:39+00:00,2024-12-11 01:08:38+00:00,2024-12-10 13:50:04+00:00,2024-12-11 01:40:13+00:00,2024-12-10 13:19:17+00:00,2024-12-11 02:11:00+00:00
CISO,2024-12-11,2024-12-11 14:48:56+00:00,2024-12-12 00:42:17+00:00,2024-12-11 19:45:36+00:00,35601,2024-12-11 14:22:21+00:00,2024-12-12 01:08:51+00:00,2024-12-11 13:50:45+00:00,2024-12-12 01:40:27+00:00,2024-12-11 13:19:57+00:00,2024-12-12 02:11:15+00:00
CISO,2024-12-12,2024-12-12 14:49:38+00:00,2024-12-13 00:42:31+00:00,2024-12-12 19:46:04+00:00,35573,2024-12-12 14:23:03+00:00,2024-12-13 01:09:06+00:00,2024-12-12 13:51:26+00:00,2024-12-13 01:40:43+00:00,2024-12-12 13:20:36+00:00,2024-12-13 02:11:32+00:00
CISO,2024-12-13,2024-12-13 14:50:19+00:00,2024-12-14 00:42:46+00:00,2024-12-13 19:46:33+00:00,35547,2024-12-13 14:23:43+00:00,2024-12-14 01:09:23+00:00,2024-12-13 13:52:05+00:00,2024-12-14 01:41:01+00:00,2024-12-13 13:21:15+00:00,2024-12-14 02:11:51+00:00
CISO,2024-12-14,2024-12-14 14:50:59+00:00,2024-12-15 00:43:04+00:00,2024-12-14 19:47:02+00:00,35525,2024-12-14 14:24:22+00:00,2024-12-15 01:09:41+00:00,2024-12-14 13:52:43+00:00,2024-12-15 01:41:20+00:00,2024-12-14 13:21:52+00:00,2024-12-15 02:12:11+00:00
CISO,2024-12-15,2024-12-15 14:51:38+00:00,2024-12-16 00:43:23+00:00,2024-12-15 19:47:31+00:00,35505,2024-12-15 14:25:00+00:00,2024-12-16 01:10:01+00:00,2024-12-15 13:53:20+00:00,2024-12-16 01:41:41+00:00,2024-12-15 13:22:29+00:00,2024-12-16 02:12:32+00:00
CISO,2024-12-16,2024-12-16 14:52:15+00:00,2024-12-17 00:43:44+00:00,2024-12-16 19:48:00+00:00,35489,2024-12-16 14:25:36+00:00,2024-12-17 01:10:23+00:00,2024-12-16 13:53:56+00:00,2024-12-17 01:42:04+00:00,2024-12-16 13:23:04+00:00,2024-12-17 02:12:55+00:00
CISO,2024-12-17,2024-12-17 14:52:51+00:00,2024-12-18 00:44:07+00:00,2024-12-17 19:48:29+00:00,35476,2024-12-17 14:26:12+00:00,2024-12-18 01:10:47+00:00,2024-12-17 13:54:31+00:00,2024-12-18 01:42:28+00:00,2024-12-17 13:23:38+00:00,2024-12-18 02:13:20+00:00
CISO,2024-12-18,2024-12-18 14:53:26+00:00,2024-12-19 00:44:32+00:00,2024-12-18 19:48:59+00:00,35466,2024-12-18 14:26:46+00:00,2024-12-19 01:11:12+00:00,2024-12-18 13:55:04+00:00,2024-12-19 01:42:53+00:00,2024-12-18 13:24:12+00:00,2024-12-19 02:13:46+00:00
CISO,2024-12-19,2024-12-19 14:53:59+00:00,2024-12-20 00:44:58+00:00,2024-12-19 19:49:28+00:00,35459,2024-12-19 14:27:18+00:00,2024-12-20 01:11:38+00:00,2024-12-19 13:55:37+00:00,2024-12-20 01:43:20+00:00,2024-12-19 13:24:44+00:00,2024-12-20 02:14:13+00:00
CISO,2024-12-20,2024-12-20 14:54:30+00:00,2024-12-21 00:45:26+00:00,2024-12-20 19:49:58+00:00,35456,2024-12-20 14:27:50+00:00,2024-12-21 01:12:07+00:00,2024-12-20 13:56:08+00:00,2024-12-21 01:43:48+00:00,2024-12-20 13:25:15+00:00,2024-12-21 02:14:41+00:00
CISO,2024-12-21,2024-12-21 14:55:00+00:00,2024-12-22 00:45:56+00:00,2024-12-21 19:50:28+00:00,35456,2024-12-21 14:28:19+00:00,2024-12-22 01:12:36+00:00,2024-12-21 13:56:38+00:00,2024-12-22 01:44:18+00:00,2024-12-21 13:25:45+00:00,2024-12-22 02:15:11+00:00
CISO,2024-12-22,2024-12-22 14:55:28+00:00,2024-12-23 00:46:27+00:00,2024-12-22 19:50:58+00:00,35459,2024-12-22 14:28:48+00:00,2024-12-23 01:13:08+00:00,2024-12-22 13:57:06+00:00,2024-12-23 01:44:49+00:00,2024-12-22 13:26:14+00:00,2024-12-23 02:15:42+00:00
CISO,2024-12-23,2024-12-23 14:55:55+00:00,2024-12-24 00:47:00+00:00,2024-12-23 19:51:28+00:00,35465,2024-12-23 14:29:15+00:00,2024-12-24 01:13:40+00:00,2024-12-23 13:57:33+00:00,2024-12-24 01:45:22+00:00,2024-12-23 13:26:41+00:00,2024-12-24 02:16:14+00:00
CISO,2024-12-24,2024-12-24 14:56:20+00:00,2024-12-25 00:47:35+00:00,2024-12-24 19:51:57+00:00,35475,2024-12-24 14:29:40+00:00,2024-12-25 01:14:14+00:00,2024-12-24 13:57:59+00:00,2024-12-25 01:45:55+00:00,2024-12-24 13:27:07+00:00,2024-12-25 02:16:48+00:00
CISO,2024-12-25,2024-12-25 14:56:43+00:00,2024-12-26 00:48:11+00:00,2024-12-25 19:52:27+00:00,35488,2024-12-25 14:30:04+00:00,2024-12-26 01:14:50+00:00,2024-12-25 13:58:24+00:00,2024-12-26 01:46:30+00:00,2024-12-25 13:27:32+00:00,2024-12-26 02:17:22+00:00
CISO,2024-12-26,2024-12-26 14:57:05+00:00,2024-12-27 00:48:48+00:00,2024-12-26 19:52:57+00:00,35503,2024-12-26 14:30:27+00:00,2024-12-27 01:15:27+00:00,2024-12-26 13:58:47+00:00,2024-12-27 01:47:07+00:00,2024-12-26 13:27:55+00:00,2024-12-27 02:17:58+00:00
CISO,2024-12-27,2024-12-27 14:57:25+00:00,2024-12-28 00:49:27+00:00,2024-12-27 19:53:26+00:00,35522,2024-12-27 14:30:47+00:00,2024-12-28 01:16:05+00:00,2024-12-27 13:59:08+00:00,2024-12-28 01:47:44+00:00,2024-12-27 13:28:18+00:00,2024-12-28 02:18:35+00:00
CISO,2024-12-28,2024-12-28 14:57:43+00:00,2024-12-29 00:50:08+00:00,2024-12-28 19:53:55+00:00,35545,2024-12-28 14:31:06+00:00,2024-12-29 01:16:44+00:00,2024-12-28 13:59:28+00:00,2024-12-29 01:48:23+00:00,2024-12-28 13:28:38+00:00,2024-12-29 02:19:13+00:00
CISO,2024-12-29,2024-12-29 14:57:59+00:00,2024-12-30 00:50:49+00:00,2024-12-29 19:54:24+00:00,35570,2024-12-29 14:31:24+00:00,2024-12-30 01:17:25+00:00,2024-12-29 13:59:47+00:00,2024-12-30 01:49:02+00:00,2024-12-29 13:28:57+00:00,2024-12-30 02:19:51+00:00
CISO,2024-12-30,2024-12-30 14:58:14+00:00,2024-12-31 00:51:32+00:00,2024-12-30 19:54:53+00:00,35598,2024-12-30 14:31:39+00:00,2024-12-31 01:18:07+00:00,2024-12-30 14:00:03+00:00,2024-12-31 01:49:43+00:00,2024-12-30 13:29:15+00:00,2024-12-31 02:20:31+00:00
CISO,2024-12-31,2024-12-31 14:58:27+00:00,2025-01-01 00:52:17+00:00,2024-12-31 19:55:22+00:00,35630,2024-12-31 14:31:54+00:00,2025-01-01 01:18:50+00:00,2024-12-31 14:00:19+00:00,2025-01-01 01:50:25+00:00,2024-12-31 13:29:32+00:00,2025-01-01 02:21:12+00:00
CISO,2025-01-01,2025-01-01 14:58:38+00:00,2025-01-02 00:53:02+00:00,2025-01-01 19:55:50+00:00,35664,2025-01-01 14:32:06+00:00,2025-01-02 01:19:34+00:00,2025-01-01 14:00:32+00:00,2025-01-02 01:51:07+00:00,2025-01-01 13:29:46+00:00,2025-01-02 02:21:53+00:00
CISO,2025-01-02,2025-01-02 14:58:47+00:00,2025-01-03 00:53:49+00:00,2025-01-02 19:56:18+00:00,35702,2025-01-02 14:32:16+00:00,2025-01-03 01:20:19+00:00,2025-01-02 14:00:45+00:00,2025-01-03 01:51:51+00:00,2025-01-02 13:30:00+00:00,2025-01-03 02:22:36+00:00
CISO,2025-01-03,2025-01-03 14:58:54+00:00,2025-01-04 00:54:37+00:00,2025-01-03 19:56:45+00:00,35743,2025-01-03 14:32:25+00:00,2025-01-04 01:21:05+00:00,2025-01-03 14:00:55+00:00,2025-01-04 01:52:35+00:00,2025-01-03 13:30:11+00:00,2025-01-04 02:23:19+00:00
CISO,2025-01-04,2025-01-04 14:58:59+00:00,2025-01-05 00:55:26+00:00,2025-01-04 19:57:12+00:00,35787,2025-01-04 14:32:32+00:00,2025-01-05 01:21:52+00:00,2025-01-04 14:01:04+00:00,2025-01-05 01:53:21+00:00,2025-01-04 13:30:21+00:00,2025-01-05 02:24:03+00:00
CISO,2025-01-05,2025-01-05 14:59:02+00:00,2025-01-06 00:56:15+00:00,2025-01-05 19:57:39+00:00,35833,2025-01-05 14:32:37+00:00,2025-01-06 01:22:40+00:00,2025-01-05 14:01:11+00:00,2025-01-06 01:54:07+00:00,2025-01-05 13:30:30+00:00,2025-01-06 02:24:48+00:00
CISO,2025-01-06,2025-01-06 14:59:04+00:00,2025-01-07 00:57:06+00:00,2025-01-06 19:58:05+00:00,35882,2025-01-06 14:32:41+00:00,2025-01-07 01:23:29+00:00,2025-01-06 14:01:16+00:00,2025-01-07 01:54:54+00:00,2025-01-06 13:30:37+00:00,2025-01-07 02:25:34+00:00
CISO,2025-01-07,2025-01-07 14:59:03+00:00,2025-01-08 00:57:58+00:00,2025-01-07 19:58:31+00:00,35935,2025-01-07 14:32:43+00:00,2025-01-08 01:24:19+00:00,2025-01-07 14:01:20+00:00,2025-01-08 01:55:42+00:00,2025-01-07 13:30:42+00:00,2025-01-08 02:26:20+00:00
CISO,2025-01-08,2025-01-08 14:59:01+00:00,2025-01-09 00:58:51+00:00,2025-01-08 19:58:56+00:00,35990,2025-01-08 14:32:42+00:00,2025-01-09 01:25:10+00:00,2025-01-08 14:01:22+00:00,2025-01-09 01:56:30+00:00,2025-01-08 13:30:45+00:00,2025-01-09 02:27:07+00:00
CISO,2025-01-09,2025-01-09 14:58:57+00:00,2025-01-10 00:59:44+00:00,2025-01-09 19:59:21+00:00,36047,2025-01-09 14:32:40+00:00,2025-01-10 01:26:01+00:00,2025-01-09 14:01:22+00:00,2025-01-10 01:57:19+00:00,2025-01-09 13:30:47+00:00,2025-01-10 02:27:54+00:00
CISO,2025-01-10,2025-01-10 14:58:51+00:00,2025-01-11 01:00:39+00:00,2025-01-10 19:59:45+00:00,36108,2025-01-10 14:32:37+00:00,2025-01-11 01:26:53+00:00,2025-01-10 14:01:20+00:00,2025-01-11 01:58:09+00:00,2025-01-10 13:30:48+00:00,2025-01-11 02:28:42+00:00
CISO,2025-01-11,2025-01-11 14:58:43+00:00,2025-01-12 01:01:34+00:00,2025-01-11 20:00:08+00:00,36171,2025-01-11 14:32:31+00:00,2025-01-12 01:27:45+00:00,2025-01-11 14:01:17+00:00,2025-01-12 01:58:59+00:00,2025-01-11 13:30:46+00:00,2025-01-12 02:29:30+00:00
CISO,2025-01-12,2025-01-12 14:58:33+00:00,2025-01-13 01:02:30+00:00,2025-01-12 20:00:31+00:00,36237,2025-01-12 14:32:24+00:00,2025-01-13 01:28:39+00:00,2025-01-12 14:01:12+00:00,2025-01-13 01:59:50+00:00,2025-01-12 13:30:43+00:00,2025-01-13 02:30:19+00:00
CISO,2025-01-13,2025-01-13 14:58:21+00:00,2025-01-14 01:03:26+00:00,2025-01-13 20:00:53+00:00,36305,2025-01-13 14:32:14+00:00,2025-01-14 01:29:33+00:00,2025-01-13 14:01:05+00:00,2025-01-14 02:00:41+00:00,2025-01-13 13:30:38+00:00,2025-01-14 02:31:09+00:00
CISO,2025-01-14,2025-01-14 14:58:07+00:00,2025-01-15 01:04:23+00:00,2025-01-14 20:01:15+00:00,36376,2025-01-14 14:32:03+00:00,2025-01-15 01:30:27+00:00,2025-01-14 14:00:57+00:00,2025-01-15 02:01:33+00:00,2025-01-14 13:30:32+00:00,2025-01-15 02:31:58+00:00
CISO,2025-01-15,2025-01-15 14:57:51+00:00,2025-01-16 01:05:21+00:00,2025-01-15 20:01:36+00:00,36450,2025-01-15 14:31:50+00:00,2025-01-16 01:31:22+00:00,2025-01-15 14:00:46+00:00,2025-01-16 02:02:25+00:00,2025-01-15 13:30:23+00:00,2025-01-16 02:32:49+00:00
CISO,2025-01-16,2025-01-16 14:57:34+00:00,2025-01-17 01:06:19+00:00,2025-01-16 20:01:56+00:00,36525,2025-01-16 14:31:35+00:00,2025-01-17 01:32:17+00:00,2025-01-16 14:00:34+00:00,2025-01-17 02:03:18+00:00,2025-01-16 13:30:13+00:00,2025-01-17 02:33:39+00:00
CISO,2025-01-17,2025-01-17 14:57:14+00:00,2025-01-18 01:07:17+00:00,2025-01-17 20:02:16+00:00,36603,2025-01-17 14:31:19+00:00,2025-01-18 01:33:13+00:00,2025-01-17 14:00:21+00:00,2025-01-18 02:04:11+00:00,2025-01-17 13:30:01+00:00,2025-01-18 02:34:30+00:00
CISO,2025-01-18,2025-01-18 14:56:53+00:00,2025-01-19 01:08:16+00:00,2025-01-18 20:02:35+00:00,36683,2025-01-18 14:31:00+00:00,2025-01-19 01:34:09+00:00,2025-01-18 14:00:05+00:00,2025-01-19 02:05:04+00:00,2025-01-18 13:29:48+00:00,2025-01-19 02:35:21+00:00
CISO,2025-01-19,2025-01-19 14:56:30+00:00,2025-01-20 01:09:16+00:00,2025-01-19 20:02:53+00:00,36766,2025-01-19 14:30:40+00:00,2025-01-20 01:35:05+00:00,2025-01-19 13:59:48+00:00,2025-01-20 02:05:58+00:00,2025-01-19 13:29:33+00:00,2025-01-20 02:36:13+00:00
CISO,2025-01-20,2025-01-20 14:56:05+00:00,2025-01-21 01:10:15+00:00,2025-01-20 20:03:10+00:00,36850,2025-01-20 14:30:18+00:00,2025-01-21 01:36:02+00:00,2025-01-20 13:59:28+00:00,2025-01-21 02:06:52+00:00,2025-01-20 13:29:16+00:00,2025-01-21 02:37:05+00:00
CISO,2025-01-21,2025-01-21 14:55:38+00:00,2025-01-22 01:11:15+00:00,2025-01-21 20:03:27+00:00,36937,2025-01-21 14:29:55+00:00,2025-01-22 01:36:59+00:00,2025-01-21 13:59:08+00:00,2025-01-22 02:07:46+00:00,2025-01-21 13:28:57+00:00,2025-01-22 02:37:56+00:00
CISO,2025-01-22,2025-01-22 14:55:10+00:00,2025-01-23 01:12:15+00:00,2025-01-22 20:03:43+00:00,37025,2025-01-22 14:29:29+00:00,2025-01-23 01:37:56+00:00,2025-01-22 13:58:45+00:00,2025-01-23 02:08:40+00:00,2025-01-22 13:28:37+00:00,2025-01-23 02:38:49+00:00
CISO,2025-01-23,2025-01-23 14:54:39+00:00,2025-01-24 01:13:16+00:00,2025-01-23 20:03:58+00:00,37117,2025-01-23 14:29:02+00:00,2025-01-24 01:38:53+00:00,2025-01-23 13:58:21+00:00,2025-01-24 02:09:35+00:00,2025-01-23 13:28:14+00:00,2025-01-24 02:39:41+00:00
CISO,2025-01-24,2025-01-24 14:54:07+00:00,2025-01-25 01:14:17+00:00,2025-01-24 20:04:12+00:00,37210,2025-01-24 14:28:33+00:00,2025-01-25 01:39:51+00:00,2025-01-24 13:57:55+00:00,2025-01-25 02:10:29+00:00,2025-01-24 13:27:51+00:00,2025-01-25 02:40:33+00:00
CISO,2025-01-25,2025-01-25 14:53:34+00:00,2025-01-26 01:15:17+00:00,2025-01-25 20:04:25+00:00,37303,2025-01-25 14:28:02+00:00,2025-01-26 01:40:49+00:00,2025-01-25 13:57:27+00:00,2025-01-26 02:11:24+00:00,2025-01-25 13:27:25+00:00,2025-01-26 02:41:26+00:00
CISO,2025-01-26,2025-01-26 14:52:58+00:00,2025-01-27 01:16:18+00:00,2025-01-26 20:04:38+00:00,37400,2025-01-26 14:27:30+00:00,2025-01-27 01:41:46+00:00,2025-01-26 13:56:57+00:00,2025-01-27 02:12:19+00:00,2025-01-26 13:26:58+00:00,2025-01-27 02:42:18+00:00
CISO,2025-01-27,2025-01-27 14:52:21+00:00,2025-01-28 01:17:19+00:00,2025-01-27 20:04:50+00:00,37498,2025-01-27 14:26:56+00:00,2025-01-28 01:42:44+00:00,2025-01-27 13:56:26+00:00,2025-01-28 02:13:14+00:00,2025-01-27 13:26:29+00:00,2025-01-28 02:43:11+00:00
CISO,2025-01-28,2025-01-28 14:51:42+00:00,2025-01-29 01:18:20+00:00,2025-01-28 20:05:01+00:00,37598,2025-01-28 14:26:20+00:00,2025-01-29 01:43:42+00:00,2025-01-28 13:55:54+00:00,2025-01-29 02:14:09+00:00,2025-01-28 13:25:58+00:00,2025-01-29 02:44:04+00:00
CISO,2025-01-29,2025-01-29 14:51:02+00:00,2025-01-30 01:19:21+00:00,2025-01-29 20:05:11+00:00,37699,2025-01-29 14:25:43+00:00,2025-01-30 01:44:40+00:00,2025-01-29 13:55:19+00:00,2025-01-30 02:15:04+00:00,2025-01-29 13:25:26+00:00,2025-01-30 02:44:57+00:00
CISO,2025-01-30,2025-01-30 14:50:20+00:00,2025-01-31 01:20:22+00:00,2025-01-30 20:05:21+00:00,37802,2025-01-30 14:25:04+00:00,2025-01-31 01:45:38+00:00,2025-01-30 13:54:43+00:00,2025-01-31 02:15:58+00:00,2025-01-30 13:24:52+00:00,2025-01-31 02:45:50+00:00
CISO,2025-01-31,2025-01-31 14:49:36+00:00,2025-02-01 01:21:23+00:00,2025-01-31 20:05:29+00:00,37907,2025-01-31 14:24:23+00:00,2025-02-01 01:46:36+00:00,2025-01-31 13:54:05+00:00,2025-02-01 02:16:53+00:00,2025-01-31 13:24:16+00:00,2025-02-01 02:46:43+00:00
CISO,2025-02-01,2025-02-01 14:48:51+00:00,2025-02-02 01:22:24+00:00,2025-02-01 20:05:37+00:00,38013,2025-02-01 14:23:41+00:00,2025-02-02 01:47:34+00:00,2025-02-01 13:53:26+00:00,2025-02-02 02:17:48+00:00,2025-02-01 13:23:39+00:00,2025-02-02 02:47:35+00:00
CISO,2025-02-02,2025-02-02 14:48:04+00:00,2025-02-03 01:23:25+00:00,2025-02-02 20:05:44+00:00,38121,2025-02-02 14:22:57+00:00,2025-02-03 01:48:31+00:00,2025-02-02 13:52:45+00:00,2025-02-03 02:18:43+00:00,2025-02-02 13:23:00+00:00,2025-02-03 02:48:28+00:00
CISO,2025-02-03,2025-02-03 14:47:16+00:00,2025-02-04 01:24:25+00:00,2025-02-03 20:05:50+00:00,38229,2025-02-03 14:22:12+00:00,2025-02-04 01:49:29+00:00,2025-02-03 13:52:03+00:00,2025-02-04 02:19:38+00:00,2025-02-03 13:22:20+00:00,2025-02-04 02:49:21+00:00
CISO,2025-02-04,2025-02-04 14:46:26+00:00,2025-02-05 01:25:26+00:00,2025-02-04 20:05:56+00:00,38340,2025-02-04 14:21:25+00:00,2025-02-05 01:50:26+00:00,2025-02-04 13:51:19+00:00,2025-02-05 02:20:33+00:00,2025-02-04 13:21:38+00:00,2025-02-05 02:50:14+00:00
CISO,2025-02-05,2025-02-05 14:45:35+00:00,2025-02-06 01:26:26+00:00,2025-02-05 20:06:00+00:00,38451,2025-02-05 14:20:37+00:00,2025-02-06 01:51:24+00:00,2025-02-05 13:50:33+00:00,2025-02-06 02:21:27+00:00,2025-02-05 13:20:54+00:00,2025-02-06 02:51:07+00:00
CISO,2025-02-06,2025-02-06 14:44:42+00:00,2025-02-07 01:27:26+00:00,2025-02-06 20:06:04+00:00,38564,2025-02-06 14:19:47+00:00,2025-02-07 01:52:21+00:00,2025-02-06 13:49:46+00:00,2025-02-07 02:22:22+00:00,2025-02-06 13:20:09+00:00,2025-02-07 02:51:59+00:00
CISO,2025-02-07,2025-02-07 14:43:48+00:00,2025-02-08 01:28:26+00:00,2025-02-07 20:06:07+00:00,38678,2025-02-07 14:18:56+00:00,2025-02-08 01:53:18+00:00,2025-02-07 13:48:58+00:00,2025-02-08 02:23:16+00:00,2025-02-07 13:19:22+00:00,2025-02-08 02:52:52+00:00
CISO,2025-02-08,2025-02-08 14:42:53+00:00,2025-02-09 01:29:26+00:00,2025-02-08 20:06:09+00:00,38793,2025-02-08 14:18:04+00:00,2025-02-09 01:54:15+00:00,2025-02-08 13:48:08+00:00,2025-02-09 02:24:11+00:00,2025-02-08 13:18:34+00:00,2025-02-09 02:53:45+00:00
CISO,2025-02-09,2025-02-09 14:41:56+00:00,2025-02-10 01:30:25+00:00,2025-02-09 20:06:11+00:00,38909,2025-02-09 14:17:10+00:00,2025-02-10 01:55:11+00:00,2025-02-09 13:47:17+00:00,2025-02-10 02:25:05+00:00,2025-02-09 13:17:44+00:00,2025-02-10 02:54:37+00:00
CISO,2025-02-10,2025-02-10 14:40:58+00:00,2025-02-11 01:31:24+00:00,2025-02-10 20:06:11+00:00,39026,2025-02-10 14:16:15+00:00,2025-02-11 01:56:08+00:00,2025-02-10 13:46:24+00:00,2025-02-11 02:25:59+00:00,2025-02-10 13:16:53+00:00,2025-02-11 02:55:30+00:00
CISO,2025-02-11,2025-02-11 14:39:59+00:00,2025-02-12 01:32:23+00:00,2025-02-11 20:06:11+00:00,39144,2025-02-11 14:15:18+00:00,2025-02-12 01:57:04+00:00,2025-02-11 13:45:30+00:00,2025-02-12 02:26:53+00:00,2025-02-11 13:16:00+00:00,2025-02-12 02:56:22+00:00
CISO,2025-02-12,2025-02-12 14:38:58+00:00,2025-02-13 01:33:22+00:00,2025-02-12 20:06:10+00:00,39264,2025-02-12 14:14:20+00:00,2025-02-13 01:58:00+00:00,2025-02-12 13:44:34+00:00,2025-02-13 02:27:46+00:00,2025-02-12 13:15:06+00:00,2025-02-13 02:57:14+00:00
CISO,2025-02-13,2025-02-13 14:37:57+00:00,2025-02-14 01:34:20+00:00,2025-02-13 20:06:09+00:00,39383,2025-02-13 14:13:21+00:00,2025-02-14 01:58:56+00:00,2025-02-13 13:43:37+00:00,2025-02-14 02:28:40+00:00,2025-02-13 13:14:11+00:00,2025-02-14 02:58:07+00:00
CISO,2025-02-14,2025-02-14 14:36:54+00:00,2025-02-15 01:35:18+00:00,2025-02-14 20:06:06+00:00,39504,2025-02-14 14:12:21+00:00,2025-02-15 01:59:51+00:00,2025-02-14 13:42:39+00:00,2025-02-15 02:29:33+00:00,2025-02-14 13:13:14+00:00,2025-02-15 02:58:59+00:00
CISO,2025-02-15,2025-02-15 14:35:50+00:00,2025-02-16 01:36:16+00:00,2025-02-15 20:06:03+00:00,39626,2025-02-15 14:11:19+00:00,2025-02-16 02:00:47+00:00,2025-02-15 13:41:40+00:00,2025-02-16 02:30:26+00:00,2025-02-15 13:12:15+00:00,2025-02-16 02:59:51+00:00
CISO,2025-02-16,2025-02-16 14:34:45+00:00,2025-02-17 01:37:14+00:00,2025-02-16 20:05:59+00:00,39749,2025-02-16 14:10:17+00:00,2025-02-17 02:01:42+00:00,2025-02-16 13:40:39+00:00,2025-02-17 02:31:19+00:00,2025-02-16 13:11:16+00:00,2025-02-17 03:00:43+00:00
CISO,2025-02-17,2025-02-17 14:33:39+00:00,2025-02-18 01:38:11+00:00,2025-02-17 20:05:55+00:00,39872,2025-02-17 14:09:13+00:00,2025-02-18 02:02:37+00:00,2025-02-17 13:39:37+00:00,2025-02-18 02:32:12+00:00,2025-02-17 13:10:15+00:00,2025-02-18 03:01:35+00:00
CISO,2025-02-18,2025-02-18 14:32:31+00:00,2025-02-19 01:39:08+00:00,2025-02-18 20:05:50+00:00,39997,2025-02-18 14:08:08+00:00,2025-02-19 02:03:31+00:00,2025-02-18 13:38:34+00:00,2025-02-19 02:33:05+00:00,2025-02-18 13:09:13+00:00,2025-02-19 03:02:26+00:00
CISO,2025-02-19,2025-02-19 14:31:23+00:00,2025-02-20 01:40:04+00:00,2025-02-19 20:05:44+00:00,40121,2025-02-19 14:07:02+00:00,2025-02-20 02:04:25+00:00,2025-02-19 13:37:30+00:00,2025-02-20 02:33:57+00:00,2025-02-19 13:08:09+00:00,2025-02-20 03:03:18+00:00
CISO,2025-02-20,2025-02-20 14:30:14+00:00,2025-02-21 01:41:00+00:00,2025-02-20 20:05:37+00:00,40246,2025-02-20 14:05:55+00:00,2025-02-21 02:05:19+00:00,2025-02-20 13:36:24+00:00,2025-02-21 02:34:50+00:00,2025-02-20 13:07:04+00:00,2025-02-21 03:04:10+00:00
CISO,2025-02-21,2025-02-21 14:29:04+00:00,2025-02-22 01:41:56+00:00,2025-02-21 20:05:30+00:00,40372,2025-02-21 14:04:47+00:00,2025-02-22 02:06:13+00:00,2025-02-21 13:35:18+00:00,2025-02-22 02:35:42+00:00,2025-02-21 13:05:58+00:00,2025-02-22 03:05:02+00:00
CISO,2025-02-22,2025-02-22 14:27:53+00:00,2025-02-23 01:42:51+00:00,2025-02-22 20:05:22+00:00,40498,2025-02-22 14:03:37+00:00,2025-02-23 02:07:07+00:00,2025-02-22 13:34:10+00:00,2025-02-23 02:36:34+00:00,2025-02-22 13:04:51+00:00,2025-02-23 03:05:53+00:00
CISO,2025-02-23,2025-02-23 14:26:41+00:00,2025-02-24 01:43:47+00:00,2025-02-23 20:05:14+00:00,40626,2025-02-23 14:02:27+00:00,2025-02-24 02:08:00+00:00,2025-02-23 13:33:01+00:00,2025-02-24 02:37:26+00:00,2025-02-23 13:03:43+00:00,2025-02-24 03:06:45+00:00
CISO,2025-02-24,2025-02-24 14:25:28+00:00,2025-02-25 01:44:41+00:00,2025-02-24 20:05:05+00:00,40753,2025-02-24 14:01:16+00:00,2025-02-25 02:08:53+00:00,2025-02-24 13:31:52+00:00,2025-02-25 02:38:18+00:00,2025-02-24 13:02:33+00:00,2025-02-25 03:07:36+00:00
CISO,2025-02-25,2025-02-25 14:24:14+00:00,2025-02-26 01:45:36+00:00,2025-02-25 20:04:55+00:00,40882,2025-02-25 14:00:04+00:00,2025-02-26 02:09:46+00:00,2025-02-25 13:30:41+00:00,2025-02-26 02:39:09+00:00,2025-02-25 13:01:22+00:00,2025-02-26 03:08:28+00:00
CISO,2025-02-26,2025-02-26 14:23:00+00:00,2025-02-27 01:46:30+00:00,2025-02-26 20:04:45+00:00,41010,2025-02-26 13:58:51+00:00,2025-02-27 02:10:38+00:00,2025-02-26 13:29:29+00:00,2025-02-27 02:40:01+00:00,2025-02-26 13:00:11+00:00,2025-02-27 03:09:19+00:00
CISO,2025-02-27,2025-02-27 14:21:45+00:00,2025-02-28 01:47:24+00:00,2025-02-27 20:04:34+00:00,41139,2025-02-27 13:57:38+00:00,2025-02-28 02:11:31+00:00,2025-02-27 13:28:16+00:00,2025-02-28 02:40:52+00:00,2025-02-27 12:58:58+00:00,2025-02-28 03:10:11+00:00
CISO,2025-02-28,2025-02-28 14:20:29+00:00,2025-03-01 01:48:17+00:00,2025-02-28 20:04:23+00:00,41268,2025-02-28 13:56:23+00:00,2025-03-01 02:12:23+00:00,2025-02-28 13:27:02+00:00,2025-03-01 02:41:43+00:00,2025-02-28 12:57:44+00:00,2025-03-01 03:11:02+00:00
CISO,2025-03-01,2025-03-01 14:19:12+00:00,2025-03-02 01:49:10+00:00,2025-03-01 20:04:11+00:00,41398,2025-03-01 13:55:08+00:00,2025-03-02 02:13:14+00:00,2025-03-01 13:25:48+00:00,2025-03-02 02:42:35+00:00,2025-03-01 12:56:29+00:00,2025-03-02 03:11:54+00:00
CISO,2025-03-02,2025-03-02 14:17:55+00:00,2025-03-03 01:50:03+00:00,2025-03-02 20:03:59+00:00,41528,2025-03-02 13:53:52+00:00,2025-03-03 02:14:06+00:00,2025-03-02 13:24:32+00:00,2025-03-03 02:43:26+00:00,2025-03-02 12:55:13+00:00,2025-03-03 03:12:45+00:00
CISO,2025-03-03,2025-03-03 14:16:37+00:00,2025-03-04 01:50:56+00:00,2025-03-03 20:03:46+00:00,41659,2025-03-03 13:52:35+00:00,2025-03-04 02:14:57+00:00,2025-03-03 13:23:16+00:00,2025-03-04 02:44:17+00:00,2025-03-03 12:53:56+00:00,2025-03-04 03:13:37+00:00
CISO,2025-03-04,2025-03-04 14:15:18+00:00,2025-03-05 01:51:48+00:00,2025-03-04 20:03:33+00:00,41790,2025-03-04 13:51:18+00:00,2025-03-05 02:15:49+00:00,2025-03-04 13:21:59+00:00,2025-03-05 02:45:07+00:00,2025-03-04 12:52:38+00:00,2025-03-05 03:14:28+00:00
CISO,2025-03-05,2025-03-05 14:13:59+00:00,2025-03-06 01:52:40+00:00,2025-03-05 20:03:19+00:00,41921,2025-03-05 13:49:59+00:00,2025-03-06 02:16:40+00:00,2025-03-05 13:20:41+00:00,2025-03-06 02:45:58+00:00,2025-03-05 12:51:19+00:00,2025-03-06 03:15:20+00:00
CISO,2025-03-06,2025-03-06 14:12:39+00:00,2025-03-07 01:53:32+00:00,2025-03-06 20:03:05+00:00,42053,2025-03-06 13:48:41+00:00,2025-03-07 02:17:30+00:00,2025-03-06 13:19:22+00:00,2025-03-07 02:46:49+00:00,2025-03-06 12:49:59+00:00,2025-03-07 03:16:11+00:00
CISO,2025-03-07,2025-03-07 14:11:19+00:00,2025-03-08 01:54:23+00:00,2025-03-07 20:02:51+00:00,42184,2025-03-07 13:47:21+00:00,2025-03-08 02:18:21+00:00,2025-03-07 13:18:03+00:00,2025-03-08 02:47:39+00:00,2025-03-07 12:48:39+00:00,2025-03-08 03:17:03+00:00
CISO,2025-03-08,2025-03-08 14:09:58+00:00,2025-03-09 01:55:14+00:00,2025-03-08 20:02:36+00:00,42316,2025-03-08 13:46:01+00:00,2025-03-09 02:19:12+00:00,2025-03-08 13:16:43+00:00,2025-03-09 02:48:30+00:00,2025-03-08 12:47:17+00:00,2025-03-09 03:17:55+00:00
CISO,2025-03-09,2025-03-09 14:08:37+00:00,2025-03-10 01:56:05+00:00,2025-03-09 20:02:21+00:00,42448,2025-03-09 13:44:40+00:00,2025-03-10 02:20:02+00:00,2025-03-09 13:15:22+00:00,2025-03-10 02:49:21+00:00,2025-03-09 12:45:55+00:00,2025-03-10 03:18:47+00:00
CISO,2025-03-10,2025-03-10 14:07:16+00:00,2025-03-11 01:56:56+00:00,2025-03-10 20:02:06+00:00,42580,2025-03-10 13:43:19+00:00,2025-03-11 02:20:52+00:00,2025-03-10 13:14:00+00:00,2025-03-11 02:50:11+00:00,2025-03-10 12:44:32+00:00,2025-03-11 03:19:39+00:00
CISO,2025-03-11,2025-03-11 14:05:54+00:00,2025-03-12 01:57:46+00:00,2025-03-11 20:01:50+00:00,42712,2025-03-11 13:41:58+00:00,2025-03-12 02:21:42+00:00,2025-03-11 13:12:38+00:00,2025-03-12 02:51:02+00:00,2025-03-11 12:43:08+00:00,2025-03-12 03:20:31+00:00
CISO,2025-03-12,2025-03-12 14:04:31+00:00,2025-03-13 01:58:36+00:00,2025-03-12 20:01:34+00:00,42845,2025-03-12 13:40:36+00:00,2025-03-13 02:22:32+00:00,2025-03-12 13:11:15+00:00,2025-03-13 02:51:52+00:00,2025-03-12 12:41:44+00:00,2025-03-13 03:21:24+00:00
CISO,2025-03-13,2025-03-13 14:03:09+00:00,2025-03-14 01:59:26+00:00,2025-03-13 20:01:17+00:00,42977,2025-03-13 13:39:13+00:00,2025-03-14 02:23:22+00:00,2025-03-13 13:09:52+00:00,2025-03-14 02:52:43+00:00,2025-03-13 12:40:19+00:00,2025-03-14 03:22:16+00:00
CISO,2025-03-14,2025-03-14 14:01:46+00:00,2025-03-15 02:00:16+00:00,2025-03-14 20:01:01+00:00,43110,2025-03-14 13:37:50+00:00,2025-03-15 02:24:11+00:00,2025-03-14 13:08:28+00:00,2025-03-15 02:53:33+00:00,2025-03-14 12:38:53+00:00,2025-03-15 03:23:09+00:00
CISO,2025-03-15,2025-03-15 14:00:23+00:00,2025-03-16 02:01:05+00:00,2025-03-15 20:00:44+00:00,43242,2025-03-15 13:36:27+00:00,2025-03-16 02:25:01+00:00,2025-03-15 13:07:04+00:00,2025-03-16 02:54:24+00:00,2025-03-15 12:37:26+00:00,2025-03-16 03:24:02+00:00
CISO,2025-03-16,2025-03-16 13:58:59+00:00,2025-03-17 02:01:55+00:00,2025-03-16 20:00:27+00:00,43376,2025-03-16 13:35:03+00:00,2025-03-17 02:25:50+00:00,2025-03-16 13:05:39+00:00,2025-03-17 02:55:14+00:00,2025-03-16 12:35:59+00:00,2025-03-17 03:24:55+00:00
CISO,2025-03-17,2025-03-17 13:57:35+00:00,2025-03-18 02:02:44+00:00,2025-03-17 20:00:10+00:00,43509,2025-03-17 13:33:40+00:00,2025-03-18 02:26:40+00:00,2025-03-17 13:04:14+00:00,2025-03-18 02:56:05+00:00,2025-03-17 12:34:31+00:00,2025-03-18 03:25:48+00:00
CISO,2025-03-18,2025-03-18 13:56:12+00:00,2025-03-19 02:03:33+00:00,2025-03-18 19:59:52+00:00,43641,2025-03-18 13:32:15+00:00,2025-03-19 02:27:29+00:00,2025-03-18 13:02:49+00:00,2025-03-19 02:56:56+00:00,2025-03-18 12:33:03+00:00,2025-03-19 03:26:41+00:00
CISO,2025-03-19,2025-03-19 13:54:47+00:00,2025-03-20 02:04:21+00:00,2025-03-19 19:59:34+00:00,43774,2025-03-19 13:30:51+00:00,2025-03-20 02:28:18+00:00,2025-03-19 13:01:22+00:00,2025-03-20 02:57:47+00:00,2025-03-19 12:31:34+00:00,2025-03-20 03:27:35+00:00
CISO,2025-03-20,2025-03-20 13:53:23+00:00,2025-03-21 02:05:10+00:00,2025-03-20 19:59:17+00:00,43907,2025-03-20 13:29:26+00:00,2025-03-21 02:29:07+00:00,2025-03-20 12:59:56+00:00,2025-03-21 02:58:37+00:00,2025-03-20 12:30:04+00:00,2025-03-21 03:28:29+00:00
CISO,2025-03-21,2025-03-21 13:51:59+00:00,2025-03-22 02:05:59+00:00,2025-03-21 19:58:59+00:00,44040,2025-03-21 13:28:01+00:00,2025-03-22 02:29:57+00:00,2025-03-21 12:58:29+00:00,2025-03-22 02:59:28+00:00,2025-03-21 12:28:34+00:00,2025-03-22 03:29:23+00:00
CISO,2025-03-22,2025-03-22 13:50:35+00:00,2025-03-23 02:06:47+00:00,2025-03-22 19:58:41+00:00,44172,2025-03-22 13:26:36+00:00,2025-03-23 02:30:46+00:00,2025-03-22 12:57:02+00:00,2025-03-23 03:00:20+00:00,2025-03-22 12:27:04+00:00,2025-03-23 03:30:18+00:00
CISO,2025-03-23,2025-03-23 13:49:10+00:00,2025-03-24 02:07:35+00:00,2025-03-23 19:58:23+00:00,44305,2025-03-23 13:25:11+00:00,2025-03-24 02:31:35+00:00,2025-03-23 12:55:35+00:00,2025-03-24 03:01:11+00:00,2025-03-23 12:25:33+00:00,2025-03-24 03:31:13+00:00
CISO,2025-03-24,2025-03-24 13:47:46+00:00,2025-03-25 02:08:24+00:00,2025-03-24 19:58:05+00:00,44438,2025-03-24 13:23:46+00:00,2025-03-25 02:32:24+00:00,2025-03-24 12:54:07+00:00,2025-03-25 03:02:02+00:00,2025-03-24 12:24:02+00:00,2025-03-25 03:32:08+00:00
CISO,2025-03-25,2025-03-25 13:46:22+00:00,2025-03-26 02:09:12+00:00,2025-03-25 19:57:47+00:00,44570,2025-03-25 13:22:20+00:00,2025-03-26 02:33:13+00:00,2025-03-25 12:52:40+00:00,2025-03-26 03:02:54+00:00,2025-03-25 12:22:30+00:00,2025-03-26 03:33:03+00:00
CISO,2025-03-26,2025-03-26 13:44:57+00:00,2025-03-27 02:10:00+00:00,2025-03-26 19:57:29+00:00,44703,2025-03-26 13:20:55+00:00,2025-03-27 02:34:02+00:00,2025-03-26 12:51:12+00:00,2025-03-27 03:03:46+00:00,2025-03-26 12:20:58+00:00,2025-03-27 03:33:59+00:00
CISO,2025-03-27,2025-03-27 13:43:33+00:00,2025-03-28 02:10:48+00:00,2025-03-27 19:57:11+00:00,44835,2025-03-27 13:19:29+00:00,2025-03-28 02:34:52+00:00,2025-03-27 12:49:44+00:00,2025-03-28 03:04:37+00:00,2025-03-27 12:19:26+00:00,2025-03-28 03:34:55+00:00
CISO,2025-03-28,2025-03-28 13:42:09+00:00,2025-03-29 02:11:36+00:00,2025-03-28 19:56:52+00:00,44967,2025-03-28 13:18:04+00:00,2025-03-29 02:35:41+00:00,2025-03-28 12:48:15+00:00,2025-03-29 03:05:30+00:00,2025-03-28 12:17:54+00:00,2025-03-29 03:35:51+00:00
CISO,2025-03-29,2025-03-29 13:40:45+00:00,2025-03-30 02:12:24+00:00,2025-03-29 19:56:34+00:00,45099,2025-03-29 13:16:39+00:00,2025-03-30 02:36:30+00:00,2025-03-29 12:46:47+00:00,2025-03-30 03:06:22+00:00,2025-03-29 12:16:21+00:00,2025-03-30 03:36:48+00:00
CISO,2025-03-30,2025-03-30 13:39:21+00:00,2025-03-31 02:13:11+00:00,2025-03-30 19:56:16+00:00,45230,2025-03-30 13:15:13+00:00,2025-03-31 02:37:20+00:00,2025-03-30 12:45:19+00:00,2025-03-31 03:07:14+00:00,2025-03-30 12:14:48+00:00,2025-03-31 03:37:45+00:00
CISO,2025-03-31,2025-03-31 13:37:58+00:00,2025-04-01 02:13:59+00:00,2025-03-31 19:55:59+00:00,45361,2025-03-31 13:13:48+00:00,2025-04-01 02:38:09+00:00,2025-03-31 12:43:50+00:00,2025-04-01 03:08:07+00:00,2025-03-31 12:13:15+00:00,2025-04-01 03:38:43+00:00
CISO,2025-04-01,2025-04-01 13:36:35+00:00,2025-04-02 02:14:47+00:00,2025-04-01 19:55:41+00:00,45492,2025-04-01 13:12:23+00:00,2025-04-02 02:38:59+00:00,2025-04-01 12:42:22+00:00,2025-04-02 03:09:00+00:00,2025-04-01 12:11:41+00:00,2025-04-02 03:39:41+00:00
CISO,2025-04-02,2025-04-02 13:35:11+00:00,2025-04-03 02:15:35+00:00,2025-04-02 19:55:23+00:00,45624,2025-04-02 13:10:58+00:00,2025-04-03 02:39:49+00:00,2025-04-02 12:40:53+00:00,2025-04-03 03:09:53+00:00,2025-04-02 12:10:08+00:00,2025-04-03 03:40:39+00:00
CISO,2025-04-03,2025-04-03 13:33:49+00:00,2025-04-04 02:16:23+00:00,2025-04-03 19:55:06+00:00,45754,2025-04-03 13:09:33+00:00,2025-04-04 02:40:38+00:00,2025-04-03 12:39:25+00:00,2025-04-04 03:10:46+00:00,2025-04-03 12:08:34+00:00,2025-04-04 03:41:37+00:00
CISO,2025-04-04,2025-04-04 13:32:26+00:00,2025-04-05 02:17:11+00:00,2025-04-04 19:54:48+00:00,45885,2025-04-04 13:08:09+00:00,2025-04-05 02:41:28+00:00,2025-04-04 12:37:57+00:00,2025-04-05 03:11:40+00:00,2025-04-04 12:07:00+00:00,2025-04-05 03:42:37+00:00
CISO,2025-04-05,2025-04-05 13:31:04+00:00,2025-04-06 02:17:58+00:00,2025-04-05 19:54:31+00:00,46014,2025-04-05 13:06:44+00:00,2025-04-06 02:42:18+00:00,2025-04-05 12:36:29+00:00,2025-04-06 03:12:34+00:00,2025-04-05 12:05:26+00:00,2025-04-06 03:43:36+00:00
CISO,2025-04-06,2025-04-06 13:29:42+00:00,2025-04-07 02:18:46+00:00,2025-04-06 19:54:14+00:00,46144,2025-04-06 13:05:20+00:00,2025-04-07 02:43:08+00:00,2025-04-06 12:35:01+00:00,2025-04-07 03:13:28+00:00,2025-04-06 12:03:53+00:00,2025-04-07 03:44:36+00:00
CISO,2025-04-07,2025-04-07 13:28:21+00:00,2025-04-08 02:19:34+00:00,2025-04-07 19:53:57+00:00,46273,2025-04-07 13:03:56+00:00,2025-04-08 02:43:58+00:00,2025-04-07 12:33:33+00:00,2025-04-08 03:14:22+00:00,2025-04-07 12:02:19+00:00,2025-04-08 03:45:36+00:00
CISO,2025-04-08,2025-04-08 13:27:00+00:00,2025-04-09 02:20:22+00:00,2025-04-08 19:53:41+00:00,46402,2025-04-08 13:02:33+00:00,2025-04-09 02:44:49+00:00,2025-04-08 12:32:05+00:00,2025-04-09 03:15:17+00:00,2025-04-08 12:00:45+00:00,2025-04-09 03:46:37+00:00
CISO,2025-04-09,2025-04-09 13:25:39+00:00,2025-04-10 02:21:10+00:00,2025-04-09 19:53:25+00:00,46531,2025-04-09 13:01:10+00:00,2025-04-10 02:45:39+00:00,2025-04-09 12:30:38+00:00,2025-04-10 03:16:12+00:00,2025-04-09 11:59:11+00:00,2025-04-10 03:47:38+00:00
CISO,2025-04-10,2025-04-10 13:24:19+00:00,2025-04-11 02:21:58+00:00,2025-04-10 19:53:09+00:00,46659,2025-04-10 12:59:47+00:00,2025-04-11 02:46:30+00:00,2025-04-10 12:29:11+00:00,2025-04-11 03:17:07+00:00,2025-04-10 11:57:38+00:00,2025-04-11 03:48:40+00:00
CISO,2025-04-11,2025-04-11 13:23:00+00:00,2025-04-12 02:22:46+00:00,2025-04-11 19:52:53+00:00,46786,2025-04-11 12:58:25+00:00,2025-04-12 02:47:21+00:00,2025-04-11 12:27:44+00:00,2025-04-12 03:18:02+00:00,2025-04-11 11:56:04+00:00,2025-04-12 03:49:42+00:00
CISO,2025-04-12,2025-04-12 13:21:41+00:00,2025-04-13 02:23:34+00:00,2025-04-12 19:52:38+00:00,46913,2025-04-12 12:57:04+00:00,2025-04-13 02:48:12+00:00,2025-04-12 12:26:17+00:00,2025-04-13 03:18:58+00:00,2025-04-12 11:54:31+00:00,2025-04-13 03:50:44+00:00
CISO,2025-04-13,2025-04-13 13:20:23+00:00,2025-04-14 02:24:23+00:00,2025-04-13 19:52:23+00:00,47040,2025-04-13 12:55:42+00:00,2025-04-14 02:49:03+00:00,2025-04-13 12:24:51+00:00,2025-04-14 03:19:54+00:00,2025-04-13 11:52:58+00:00,2025-04-14 03:51:47+00:00
CISO,2025-04-14,2025-04-14 13:19:05+00:00,2025-04-15 02:25:11+00:00,2025-04-14 19:52:08+00:00,47166,2025-04-14 12:54:22+00:00,2025-04-15 02:49:54+00:00,2025-04-14 12:23:26+00:00,2025-04-15 03:20:50+00:00,2025-04-14 11:51:25+00:00,2025-04-15 03:52:50+00:00
CISO,2025-04-15,2025-04-15 13:17:48+00:00,2025-04-16 02:25:59+00:00,2025-04-15 19:51:53+00:00,47291,2025-04-15 12:53:01+00:00,2025-04-16 02:50:45+00:00,2025-04-15 12:22:00+00:00,2025-04-16 03:21:47+00:00,2025-04-15 11:49:53+00:00,2025-04-16 03:53:54+00:00
CISO,2025-04-16,2025-04-16 13:16:31+00:00,2025-04-17 02:26:48+00:00,2025-04-16 19:51:39+00:00,47417,2025-04-16 12:51:42+00:00,2025-04-17 02:51:37+00:00,2025-04-16 12:20:35+00:00,2025-04-17 03:22:43+00:00,2025-04-16 11:48:20+00:00,2025-04-17 03:54:58+00:00
CISO,2025-04-17,2025-04-17 13:15:16+00:00,2025-04-18 02:27:36+00:00,2025-04-17 19:51:26+00:00,47540,2025-04-17 12:50:23+00:00,2025-04-18 02:52:29+00:00,2025-04-17 12:19:11+00:00,2025-04-18 03:23:40+00:00,2025-04-17 11:46:49+00:00,2025-04-18 03:56:03+00:00
CISO,2025-04-18,2025-04-18 13:14:00+00:00,2025-04-19 02:28:25+00:00,2025-04-18 19:51:13+00:00,47665,2025-04-18 12:49:05+00:00,2025-04-19 02:53:21+00:00,2025-04-18 12:17:47+00:00,2025-04-19 03:24:38+00:00,2025-04-18 11:45:17+00:00,2025-04-19 03:57:08+00:00
CISO,2025-04-19,2025-04-19 13:12:46+00:00,2025-04-20 02:29:13+00:00,2025-04-19 19:51:00+00:00,47787,2025-04-19 12:47:47+00:00,2025-04-20 02:54:12+00:00,2025-04-19 12:16:24+00:00,2025-04-20 03:25:35+00:00,2025-04-19 11:43:46+00:00,2025-04-20 03:58:13+00:00
CISO,2025-04-20,2025-04-20 13:11:33+00:00,2025-04-21 02:30:02+00:00,2025-04-20 19:50:47+00:00,47909,2025-04-20 12:46:30+00:00,2025-04-21 02:55:05+00:00,2025-04-20 12:15:01+00:00,2025-04-21 03:26:33+00:00,2025-04-20 11:42:15+00:00,2025-04-21 03:59:19+00:00
CISO,2025-04-21,2025-04-21 13:10:20+00:00,2025-04-22 02:30:51+00:00,2025-04-21 19:50:35+00:00,48031,2025-04-21 12:45:14+00:00,2025-04-22 02:55:57+00:00,2025-04-21 12:13:40+00:00,2025-04-22 03:27:31+00:00,2025-04-21 11:40:45+00:00,2025-04-22 04:00:25+00:00
CISO,2025-04-22,2025-04-22 13:09:08+00:00,2025-04-23 02:31:39+00:00,2025-04-22 19:50:24+00:00,48151,2025-04-22 12:43:58+00:00,2025-04-23 02:56:49+00:00,2025-04-22 12:12:18+00:00,2025-04-23 03:28:29+00:00,2025-04-22 11:39:16+00:00,2025-04-23 04:01:32+00:00
CISO,2025-04-23,2025-04-23 13:07:57+00:00,2025-04-24 02:32:28+00:00,2025-04-23 19:50:13+00:00,48271,2025-04-23 12:42:44+00:00,2025-04-24 02:57:42+00:00,2025-04-23 12:10:58+00:00,2025-04-24 03:29:28+00:00,2025-04-23 11:37:46+00:00,2025-04-24 04:02:39+00:00
CISO,2025-04-24,2025-04-24 13:06:47+00:00,2025-04-25 02:33:17+00:00,2025-04-24 19:50:02+00:00,48390,2025-04-24 12:41:30+00:00,2025-04-25 02:58:34+00:00,2025-04-24 12:09:38+00:00,2025-04-25 03:30:26+00:00,2025-04-24 11:36:18+00:00,2025-04-25 04:03:46+00:00
CISO,2025-04-25,2025-04-25 13:05:38+00:00,2025-04-26 02:34:06+00:00,2025-04-25 19:49:52+00:00,48508,2025-04-25 12:40:17+00:00,2025-04-26 02:59:27+00:00,2025-04-25 12:08:19+00:00,2025-04-26 03:31:25+00:00,2025-04-25 11:34:50+00:00,2025-04-26 04:04:54+00:00
CISO,2025-04-26,2025-04-26 13:04:29+00:00,2025-04-27 02:34:55+00:00,2025-04-26 19:49:42+00:00,48626,2025-04-26 12:39:05+00:00,2025-04-27 03:00:20+00:00,2025-04-26 12:07:00+00:00,2025-04-27 03:32:24+00:00,2025-04-26 11:33:23+00:00,2025-04-27 04:06:02+00:00
CISO,2025-04-27,2025-04-27 13:03:22+00:00,2025-04-28 02:35:44+00:00,2025-04-27 19:49:33+00:00,48742,2025-04-27 12:37:54+00:00,2025-04-28 03:01:13+00:00,2025-04-27 12:05:43+00:00,2025-04-28 03:33:23+00:00,2025-04-27 11:31:57+00:00,2025-04-28 04:07:10+00:00
CISO,2025-04-28,2025-04-28 13:02:16+00:00,2025-04-29 02:36:33+00:00,2025-04-28 19:49:25+00:00,48857,2025-04-28 12:36:43+00:00,2025-04-29 03:02:06+00:00,2025-04-28 12:04:26+00:00,2025-04-29 03:34:23+00:00,2025-04-28 11:30:31+00:00,2025-04-29 04:08:18+00:00
CISO,2025-04-29,2025-04-29 13:01:11+00:00,2025-04-30 02:37:22+00:00,2025-04-29 19:49:16+00:00,48971,2025-04-29 12:35:34+00:00,2025-04-30 03:02:59+00:00,2025-04-29 12:03:11+00:00,2025-04-30 03:35:22+00:00,2025-04-29 11:29:06+00:00,2025-04-30 04:09:27+00:00
CISO,2025-04-30,2025-04-30 13:00:06+00:00,2025-05-01 02:38:11+00:00,2025-04-30 19:49:09+00:00,49085,2025-04-30 12:34:26+00:00,2025-05-01 03:03:52+00:00,2025-04-30 12:01:56+00:00,2025-05-01 03:36:22+00:00,2025-04-30 11:27:42+00:00,2025-05-01 04:10:36+00:00
CISO,2025-05-01,2025-05-01 12:59:03+00:00,2025-05-02 02:39:00+00:00,2025-05-01 19:49:02+00:00,49197,2025-05-01 12:33:19+00:00,2025-05-02 03:04:45+00:00,2025-05-01 12:00:42+00:00,2025-05-02 03:37:21+00:00,2025-05-01 11:26:19+00:00,2025-05-02 04:11:45+00:00
CISO,2025-05-02,2025-05-02 12:58:01+00:00,2025-05-03 02:39:49+00:00,2025-05-02 19:48:55+00:00,49308,2025-05-02 12:32:13+00:00,2025-05-03 03:05:38+00:00,2025-05-02 11:59:29+00:00,2025-05-03 03:38:21+00:00,2025-05-02 11:24:56+00:00,2025-05-03 04:12:54+00:00
CISO,2025-05-03,2025-05-03 12:57:00+00:00,2025-05-04 02:40:38+00:00,2025-05-03 19:48:49+00:00,49418,2025-05-03 12:31:08+00:00,2025-05-04 03:06:31+00:00,2025-05-03 11:58:18+00:00,2025-05-04 03:39:21+00:00,2025-05-03 11:23:35+00:00,2025-05-04 04:14:04+00:00
CISO,2025-05-04,2025-05-04 12:56:01+00:00,2025-05-05 02:41:27+00:00,2025-05-04 19:48:44+00:00,49526,2025-05-04 12:30:04+00:00,2025-05-05 03:07:24+00:00,2025-05-04 11:57:07+00:00,2025-05-05 03:40:21+00:00,2025-05-04 11:22:15+00:00,2025-05-05 04:15:13+00:00
CISO,2025-05-05,2025-05-05 12:55:02+00:00,2025-05-06 02:42:16+00:00,2025-05-05 19:48:39+00:00,49634,2025-05-05 12:29:01+00:00,2025-05-06 03:08:17+00:00,2025-05-05 11:55:58+00:00,2025-05-06 03:41:21+00:00,2025-05-05 11:20:56+00:00,2025-05-06 04:16:23+00:00
CISO,2025-05-06,2025-05-06 12:54:05+00:00,2025-05-07 02:43:05+00:00,2025-05-06 19:48:35+00:00,49740,2025-05-06 12:28:00+00:00,2025-05-07 03:09:10+00:00,2025-05-06 11:54:49+00:00,2025-05-07 03:42:20+00:00,2025-05-06 11:19:37+00:00,2025-05-07 04:17:32+00:00
CISO,2025-05-07,2025-05-07 12:53:09+00:00,2025-05-08 02:43:53+00:00,2025-05-07 19:48:31+00:00,49844,2025-05-07 12:27:00+00:00,2025-05-08 03:10:03+00:00,2025-05-07 11:53:42+00:00,2025-05-08 03:43:20+00:00,2025-05-07 11:18:20+00:00,2025-05-08 04:18:42+00:00
CISO,2025-05-08,2025-05-08 12:52:14+00:00,2025-05-09 02:44:42+00:00,2025-05-08 19:48:28+00:00,49948,2025-05-08 12:26:01+00:00,2025-05-09 03:10:55+00:00,2025-05-08 11:52:36+00:00,2025-05-09 03:44:20+00:00,2025-05-08 11:17:05+00:00,2025-05-09 04:19:51+00:00
CISO,2025-05-09,2025-05-09 12:51:21+00:00,2025-05-10 02:45:30+00:00,2025-05-09 19:48:25+00:00,50049,2025-05-09 12:25:03+00:00,2025-05-10 03:11:48+00:00,2025-05-09 11:51:32+00:00,2025-05-10 03:45:19+00:00,2025-05-09 11:15:50+00:00,2025-05-10 04:21:01+00:00
CISO,2025-05-10,2025-05-10 12:50:29+00:00,2025-05-11 02:46:18+00:00,2025-05-10 19:48:23+00:00,50149,2025-05-10 12:24:07+00:00,2025-05-11 03:12:40+00:00,2025-05-10 11:50:29+00:00,2025-05-11 03:46:18+00:00,2025-05-10 11:14:37+00:00,2025-05-11 04:22:10+00:00
CISO,2025-05-11,2025-05-11 12:49:38+00:00,2025-05-12 02:47:06+00:00,2025-05-11 19:48:22+00:00,50248,2025-05-11 12:23:12+00:00,2025-05-12 03:13:32+00:00,2025-05-11 11:49:27+00:00,2025-05-12 03:47:17+00:00,2025-05-11 11:13:24+00:00,2025-05-12 04:23:20+00:00
CISO,2025-05-12,2025-05-12 12:48:48+00:00,2025-05-13 02:47:54+00:00,2025-05-12 19:48:21+00:00,50346,2025-05-12 12:22:18+00:00,2025-05-13 03:14:24+00:00,2025-05-12 11:48:26+00:00,2025-05-13 03:48:16+00:00,2025-05-12 11:12:14+00:00,2025-05-13 04:24:28+00:00
CISO,2025-05-13,2025-05-13 12:48:00+00:00,2025-05-14 02:48:41+00:00,2025-05-13 19:48:21+00:00,50441,2025-05-13 12:21:26+00:00,2025-05-14 03:15:16+00:00,2025-05-13 11:47:27+00:00,2025-05-14 03:49:15+00:00,2025-05-13 11:11:05+00:00,2025-05-14 04:25:37+00:00
CISO,2025-05-14,2025-05-14 12:47:14+00:00,2025-05-15 02:49:29+00:00,2025-05-14 19:48:21+00:00,50535,2025-05-14 12:20:35+00:00,2025-05-15 03:16:08+00:00,2025-05-14 11:46:29+00:00,2025-05-15 03:50:13+00:00,2025-05-14 11:09:57+00:00,2025-05-15 04:26:46+00:00
CISO,2025-05-15,2025-05-15 12:46:28+00:00,2025-05-16 02:50:16+00:00,2025-05-15 19:48:22+00:00,50628,2025-05-15 12:19:45+00:00,2025-05-16 03:16:59+00:00,2025-05-15 11:45:33+00:00,2025-05-16 03:51:11+00:00,2025-05-15 11:08:50+00:00,2025-05-16 04:27:54+00:00
CISO,2025-05-16,2025-05-16 12:45:45+00:00,2025-05-17 02:51:02+00:00,2025-05-16 19:48:23+00:00,50717,2025-05-16 12:18:57+00:00,2025-05-17 03:17:49+00:00,2025-05-16 11:44:38+00:00,2025-05-17 03:52:09+00:00,2025-05-16 11:07:46+00:00,2025-05-17 04:29:01+00:00
CISO,2025-05-17,2025-05-17 12:45:02+00:00,2025-05-18 02:51:49+00:00,2025-05-17 19:48:25+00:00,50807,2025-05-17 12:18:11+00:00,2025-05-18 03:18:40+00:00,2025-05-17 11:43:45+00:00,2025-05-18 03:53:06+00:00,2025-05-17 11:06:42+00:00,2025-05-18 04:30:08+00:00
CISO,2025-05-18,2025-05-18 12:44:21+00:00,2025-05-19 02:52:34+00:00,2025-05-18 19:48:28+00:00,50893,2025-05-18 12:17:26+00:00,2025-05-19 03:19:30+00:00,2025-05-18 11:42:53+00:00,2025-05-19 03:54:02+00:00,2025-05-18 11:05:41+00:00,2025-05-19 04:31:15+00:00
CISO,2025-05-19,2025-05-19 12:43:42+00:00,2025-05-20 02:53:20+00:00,2025-05-19 19:48:31+00:00,50978,2025-05-19 12:16:43+00:00,2025-05-20 03:20:19+00:00,2025-05-19 11:42:03+00:00,2025-05-20 03:54:59+00:00,2025-05-19 11:04:41+00:00,2025-05-20 04:32:21+00:00
CISO,2025-05-20,2025-05-20 12:43:04+00:00,2025-05-21 02:54:05+00:00,2025-05-20 19:48:35+00:00,51061,2025-05-20 12:16:01+00:00,2025-05-21 03:21:08+00:00,2025-05-20 11:41:15+00:00,2025-05-21 03:55:54+00:00,2025-05-20 11:03:43+00:00,2025-05-21 04:33:27+00:00
CISO,2025-05-21,2025-05-21 12:42:28+00:00,2025-05-22 02:54:49+00:00,2025-05-21 19:48:39+00:00,51141,2025-05-21 12:15:21+00:00,2025-05-22 03:21:57+00:00,2025-05-21 11:40:28+00:00,2025-05-22 03:56:49+00:00,2025-05-21 11:02:46+00:00,2025-05-22 04:34:31+00:00
CISO,2025-05-22,2025-05-22 12:41:53+00:00,2025-05-23 02:55:33+00:00,2025-05-22 19:48:43+00:00,51220,2025-05-22 12:14:42+00:00,2025-05-23 03:22:45+00:00,2025-05-22 11:39:43+00:00,2025-05-23 03:57:43+00:00,2025-05-22 11:01:52+00:00,2025-05-23 04:35:35+00:00
CISO,2025-05-23,2025-05-23 12:41:20+00:00,2025-05-24 02:56:17+00:00,2025-05-23 19:48:49+00:00,51297,2025-05-23 12:14:05+00:00,2025-05-24 03:23:32+00:00,2025-05-23 11:39:00+00:00,2025-05-24 03:58:37+00:00,2025-05-23 11:00:59+00:00,2025-05-24 04:36:38+00:00
CISO,2025-05-24,2025-05-24 12:40:49+00:00,2025-05-25 02:57:00+00:00,2025-05-24 19:48:54+00:00,51371,2025-05-24 12:13:30+00:00,2025-05-25 03:24:19+00:00,2025-05-24 11:38:19+00:00,2025-05-25 03:59:30+00:00,2025-05-24 11:00:08+00:00,2025-05-25 04:37:41+00:00
CISO,2025-05-25,2025-05-25 12:40:19+00:00,2025-05-26 02:57:42+00:00,2025-05-25 19:49:01+00:00,51443,2025-05-25 12:12:57+00:00,2025-05-26 03:25:05+00:00,2025-05-25 11:37:39+00:00,2025-05-26 04:00:22+00:00,2025-05-25 10:59:19+00:00,2025-05-26 04:38:42+00:00
CISO,2025-05-26,2025-05-26 12:39:51+00:00,2025-05-27 02:58:24+00:00,2025-05-26 19:49:07+00:00,51513,2025-05-26 12:12:25+00:00,2025-05-27 03:25:50+00:00,2025-05-26 11:37:01+00:00,2025-05-27 04:01:13+00:00,2025-05-26 10:58:32+00:00,2025-05-27 04:39:42+00:00
CISO,2025-05-27,2025-05-27 12:39:24+00:00,2025-05-28 02:59:05+00:00,2025-05-27 19:49:14+00:00,51581,2025-05-27 12:11:54+00:00,2025-05-28 03:26:34+00:00,2025-05-27 11:36:25+00:00,2025-05-28 04:02:03+00:00,2025-05-27 10:57:48+00:00,2025-05-28 04:40:41+00:00
CISO,2025-05-28,2025-05-28 12:38:59+00:00,2025-05-29 02:59:45+00:00,2025-05-28 19:49:22+00:00,51646,2025-05-28 12:11:26+00:00,2025-05-29 03:27:18+00:00,2025-05-28 11:35:51+00:00,2025-05-29 04:02:53+00:00,2025-05-28 10:57:05+00:00,2025-05-29 04:41:39+00:00
CISO,2025-05-29,2025-05-29 12:38:35+00:00,2025-05-30 03:00:25+00:00,2025-05-29 19:49:30+00:00,51710,2025-05-29 12:10:59+00:00,2025-05-30 03:28:01+00:00,2025-05-29 11:35:19+00:00,2025-05-30 04:03:41+00:00,2025-05-29 10:56:24+00:00,2025-05-30 04:42:36+00:00
CISO,2025-05-30,2025-05-30 12:38:14+00:00,2025-05-31 03:01:03+00:00,2025-05-30 19:49:39+00:00,51769,2025-05-30 12:10:34+00:00,2025-05-31 03:28:43+00:00,2025-05-30 11:34:49+00:00,2025-05-31 04:04:28+00:00,2025-05-30 10:55:46+00:00,2025-05-31 04:43:32+00:00
CISO,2025-05-31,2025-05-31 12:37:53+00:00,2025-06-01 03:01:41+00:00,2025-05-31 19:49:47+00:00,51828,2025-05-31 12:10:11+00:00,2025-06-01 03:29:24+00:00,2025-05-31 11:34:20+00:00,2025-06-01 04:05:15+00:00,2025-05-31 10:55:09+00:00,2025-06-01 04:44:26+00:00
CISO,2025-06-01,2025-06-01 12:37:35+00:00,2025-06-02 03:02:18+00:00,2025-06-01 19:49:57+00:00,51883,2025-06-01 12:09:50+00:00,2025-06-02 03:30:04+00:00,2025-06-01 11:33:54+00:00,2025-06-02 04:06:00+00:00,2025-06-01 10:54:35+00:00,2025-06-02 04:45:18+00:00
CISO,2025-06-02,2025-06-02 12:37:18+00:00,2025-06-03 03:02:55+00:00,2025-06-02 19:50:06+00:00,51937,2025-06-02 12:09:30+00:00,2025-06-03 03:30:43+00:00,2025-06-02 11:33:29+00:00,2025-06-03 04:06:44+00:00,2025-06-02 10:54:03+00:00,2025-06-03 04:46:10+00:00
CISO,2025-06-03,2025-06-03 12:37:03+00:00,2025-06-04 03:03:30+00:00,2025-06-03 19:50:16+00:00,51987,2025-06-03 12:09:12+00:00,2025-06-04 03:31:21+00:00,2025-06-03 11:33:07+00:00,2025-06-04 04:07:26+00:00,2025-06-03 10:53:33+00:00,2025-06-04 04:46:59+00:00
CISO,2025-06-04,2025-06-04 12:36:49+00:00,2025-06-05 03:04:04+00:00,2025-06-04 19:50:27+00:00,52035,2025-06-04 12:08:56+00:00,2025-06-05 03:31:58+00:00,2025-06-04 11:32:46+00:00,2025-06-05 04:08:07+00:00,2025-06-04 10:53:06+00:00,2025-06-05 04:47:47+00:00
CISO,2025-06-05,2025-06-05 12:36:38+00:00,2025-06-06 03:04:37+00:00,2025-06-05 19:50:38+00:00,52079,2025-06-05 12:08:41+00:00,2025-06-06 03:32:34+00:00,2025-06-05 11:32:28+00:00,2025-06-06 04:08:47+00:00,2025-06-05 10:52:41+00:00,2025-06-06 04:48:34+00:00
CISO,2025-06-06,2025-06-06 12:36:27+00:00,2025-06-07 03:05:10+00:00,2025-06-06 19:50:49+00:00,52123,2025-06-06 12:08:29+00:00,2025-06-07 03:33:08+00:00,2025-06-06 11:32:11+00:00,2025-06-07 04:09:26+00:00,2025-06-06 10:52:18+00:00,2025-06-07 04:49:19+00:00
CISO,2025-06-07,2025-06-07 12:36:19+00:00,2025-06-08 03:05:41+00:00,2025-06-07 19:51:00+00:00,52162,2025-06-07 12:08:18+00:00,2025-06-08 03:33:42+00:00,2025-06-07 11:31:57+00:00,2025-06-08 04:10:03+00:00,2025-06-07 10:51:58+00:00,2025-06-08 04:50:02+00:00
CISO,2025-06-08,2025-06-08 12:36:12+00:00,2025-06-09 03:06:11+00:00,2025-06-08 19:51:11+00:00,52199,2025-06-08 12:08:09+00:00,2025-06-09 03:34:14+00:00,2025-06-08 11:31:44+00:00,2025-06-09 04:10:39+00:00,2025-06-08 10:51:40+00:00,2025-06-09 04:50:43+00:00
CISO,2025-06-09,2025-06-09 12:36:07+00:00,2025-06-10 03:06:40+00:00,2025-06-09 19:51:23+00:00,52233,2025-06-09 12:08:02+00:00,2025-06-10 03:34:44+00:00,2025-06-09 11:31:34+00:00,2025-06-10 04:11:13+00:00,2025-06-09 10:51:25+00:00,2025-06-10 04:51:22+00:00
CISO,2025-06-10,2025-06-10 12:36:03+00:00,2025-06-11 03:07:08+00:00,2025-06-10 19:51:35+00:00,52265,2025-06-10 12:07:57+00:00,2025-06-11 03:35:14+00:00,2025-06-10 11:31:26+00:00,2025-06-11 04:11:45+00:00,2025-06-10 10:51:12+00:00,2025-06-11 04:51:59+00:00
CISO,2025-06-11,2025-06-11 12:36:01+00:00,2025-06-12 03:07:34+00:00,2025-06-11 19:51:48+00:00,52293,2025-06-11 12:07:53+00:00,2025-06-12 03:35:42+00:00,2025-06-11 11:31:19+00:00,2025-06-12 04:12:16+00:00,2025-06-11 10:51:01+00:00,2025-06-12 04:52:34+00:00
CISO,2025-06-12,2025-06-12 12:36:01+00:00,2025-06-13 03:07:59+00:00,2025-06-12 19:52:00+00:00,52318,2025-06-12 12:07:51+00:00,2025-06-13 03:36:09+00:00,2025-06-12 11:31:15+00:00,2025-06-13 04:12:45+00:00,2025-06-12 10:50:53+00:00,2025-06-13 04:53:07+00:00
CISO,2025-06-13,2025-06-13 12:36:02+00:00,2025-06-14 03:08:23+00:00,2025-06-13 19:52:13+00:00,52341,2025-06-13 12:07:51+00:00,2025-06-14 03:36:34+00:00,2025-06-13 11:31:13+00:00,2025-06-14 04:13:13+00:00,2025-06-13 10:50:47+00:00,2025-06-14 04:53:38+00:00
CISO,2025-06-14,2025-06-14 12:36:05+00:00,2025-06-15 03:08:46+00:00,2025-06-14 19:52:25+00:00,52361,2025-06-14 12:07:53+00:00,2025-06-15 03:36:58+00:00,2025-06-14 11:31:12+00:00,2025-06-15 04:13:38+00:00,2025-06-14 10:50:44+00:00,2025-06-15 04:54:07+00:00
CISO,2025-06-15,2025-06-15 12:36:09+00:00,2025-06-16 03:09:07+00:00,2025-06-15 19:52:38+00:00,52378,2025-06-15 12:07:56+00:00,2025-06-16 03:37:20+00:00,2025-06-15 11:31:14+00:00,2025-06-16 04:14:02+00:00,2025-06-15 10:50:43+00:00,2025-06-16 04:54:33+00:00
CISO,2025-06-16,2025-06-16 12:36:15+00:00,2025-06-17 03:09:27+00:00,2025-06-16 19:52:51+00:00,52392,2025-06-16 12:08:01+00:00,2025-06-17 03:37:41+00:00,2025-06-16 11:31:18+00:00,2025-06-17 04:14:24+00:00,2025-06-16 10:50:45+00:00,2025-06-17 04:54:58+00:00
CISO,2025-06-17,2025-06-17 12:36:23+00:00,2025-06-18 03:09:46+00:00,2025-06-17 19:53:04+00:00,52403,2025-06-17 12:08:08+00:00,2025-06-18 03:38:00+00:00,2025-06-17 11:31:24+00:00,2025-06-18 04:14:45+00:00,2025-06-17 10:50:49+00:00,2025-06-18 04:55:20+00:00
CISO,2025-06-18,2025-06-18 12:36:32+00:00,2025-06-19 03:10:03+00:00,2025-06-18 19:53:17+00:00,52411,2025-06-18 12:08:17+00:00,2025-06-19 03:38:18+00:00,2025-06-18 11:31:31+00:00,2025-06-19 04:15:03+00:00,2025-06-18 10:50:55+00:00,2025-06-19 04:55:39+00:00
CISO,2025-06-19,2025-06-19 12:36:42+00:00,2025-06-20 03:10:19+00:00,2025-06-19 19:53:30+00:00,52417,2025-06-19 12:08:27+00:00,2025-06-20 03:38:34+00:00,2025-06-19 11:31:41+00:00,2025-06-20 04:15:20+00:00,2025-06-19 10:51:04+00:00,2025-06-20 04:55:57+00:00
CISO,2025-06-20,2025-06-20 12:36:54+00:00,2025-06-21 03:10:33+00:00,2025-06-20 19:53:43+00:00,52419,2025-06-20 12:08:39+00:00,2025-06-21 03:38:48+00:00,2025-06-20 11:31:53+00:00,2025-06-21 04:15:34+00:00,2025-06-20 10:51:15+00:00,2025-06-21 04:56:12+00:00
CISO,2025-06-21,2025-06-21 12:37:07+00:00,2025-06-22 03:10:46+00:00,2025-06-21 19:53:57+00:00,52419,2025-06-21 12:08:52+00:00,2025-06-22 03:39:01+00:00,2025-06-21 11:32:06+00:00,2025-06-22 04:15:47+00:00,2025-06-21 10:51:29+00:00,2025-06-22 04:56:24+00:00
CISO,2025-06-22,2025-06-22 12:37:22+00:00,2025-06-23 03:10:57+00:00,2025-06-22 19:54:10+00:00,52415,2025-06-22 12:09:07+00:00,2025-06-23 03:39:12+00:00,2025-06-22 11:32:22+00:00,2025-06-23 04:15:58+00:00,2025-06-22 10:51:45+00:00,2025-06-23 04:56:34+00:00
CISO,2025-06-23,2025-06-23 12:37:38+00:00,2025-06-24 03:11:06+00:00,2025-06-23 19:54:22+00:00,52408,2025-06-23 12:09:24+00:00,2025-06-24 03:39:21+00:00,2025-06-23 11:32:39+00:00,2025-06-24 04:16:06+00:00,2025-06-23 10:52:03+00:00,2025-06-24 04:56:42+00:00
CISO,2025-06-24,2025-06-24 12:37:56+00:00,2025-06-25 03:11:15+00:00,2025-06-24 19:54:35+00:00,52399,2025-06-24 12:09:42+00:00,2025-06-25 03:39:29+00:00,2025-06-24 11:32:58+00:00,2025-06-25 04:16:13+00:00,2025-06-24 10:52:24+00:00,2025-06-25 04:56:47+00:00
CISO,2025-06-25,2025-06-25 12:38:15+00:00,2025-06-26 03:11:21+00:00,2025-06-25 19:54:48+00:00,52386,2025-06-25 12:10:01+00:00,2025-06-26 03:39:35+00:00,2025-06-25 11:33:19+00:00,2025-06-26 04:16:17+00:00,2025-06-25 10:52:46+00:00,2025-06-26 04:56:50+00:00
CISO,2025-06-26,2025-06-26 12:38:35+00:00,2025-06-27 03:11:26+00:00,2025-06-26 19:55:01+00:00,52371,2025-06-26 12:10:23+00:00,2025-06-27 03:39:39+00:00,2025-06-26 11:33:41+00:00,2025-06-27 04:16:20+00:00,2025-06-26 10:53:11+00:00,2025-06-27 04:56:50+00:00
CISO,2025-06-27,2025-06-27 12:38:57+00:00,2025-06-28 03:11:29+00:00,2025-06-27 19:55:13+00:00,52352,2025-06-27 12:10:45+00:00,2025-06-28 03:39:41+00:00,2025-06-27 11:34:06+00:00,2025-06-28 04:16:20+00:00,2025-06-27 10:53:38+00:00,2025-06-28 04:56:48+00:00
CISO,2025-06-28,2025-06-28 12:39:20+00:00,2025-06-29 03:11:31+00:00,2025-06-28 19:55:25+00:00,52331,2025-06-28 12:11:09+00:00,2025-06-29 03:39:41+00:00,2025-06-28 11:34:32+00:00,2025-06-29 04:16:19+00:00,2025-06-28 10:54:08+00:00,2025-06-29 04:56:43+00:00
CISO,2025-06-29,2025-06-29 12:39:44+00:00,2025-06-30 03:11:31+00:00,2025-06-29 19:55:37+00:00,52307,2025-06-29 12:11:34+00:00,2025-06-30 03:39:40+00:00,2025-06-29 11:34:59+00:00,2025-06-30 04:16:15+00:00,2025-06-29 10:54:39+00:00,2025-06-30 04:56:35+00:00
CISO,2025-06-30,2025-06-30 12:40:09+00:00,2025-07-01 03:11:29+00:00,2025-06-30 19:55:49+00:00,52280,2025-06-30 12:12:01+00:00,2025-07-01 03:39:37+00:00,2025-06-30 11:35:29+00:00,2025-07-01 04:16:09+00:00,2025-06-30 10:55:12+00:00,2025-07-01 04:56:26+00:00
CISO,2025-07-01,2025-07-01 12:40:35+00:00,2025-07-02 03:11:26+00:00,2025-07-01 19:56:00+00:00,52251,2025-07-01 12:12:29+00:00,2025-07-02 03:39:32+00:00,2025-07-01 11:35:59+00:00,2025-07-02 04:16:02+00:00,2025-07-01 10:55:48+00:00,2025-07-02 04:56:13+00:00
CISO,2025-07-02,2025-07-02 12:41:03+00:00,2025-07-03 03:11:21+00:00,2025-07-02 19:56:12+00:00,52218,2025-07-02 12:12:59+00:00,2025-07-03 03:39:25+00:00,2025-07-02 11:36:32+00:00,2025-07-03 04:15:52+00:00,2025-07-02 10:56:25+00:00,2025-07-03 04:55:59+00:00
CISO,2025-07-03,2025-07-03 12:41:31+00:00,2025-07-04 03:11:14+00:00,2025-07-03 19:56:23+00:00,52183,2025-07-03 12:13:29+00:00,2025-07-04 03:39:16+00:00,2025-07-03 11:37:06+00:00,2025-07-04 04:15:40+00:00,2025-07-03 10:57:04+00:00,2025-07-04 04:55:41+00:00
CISO,2025-07-04,2025-07-04 12:42:01+00:00,2025-07-05 03:11:06+00:00,2025-07-04 19:56:33+00:00,52145,2025-07-04 12:14:01+00:00,2025-07-05 03:39:06+00:00,2025-07-04 11:37:41+00:00,2025-07-05 04:15:26+00:00,2025-07-04 10:57:45+00:00,2025-07-05 04:55:22+00:00
CISO,2025-07-05,2025-07-05 12:42:31+00:00,2025-07-06 03:10:56+00:00,2025-07-05 19:56:44+00:00,52105,2025-07-05 12:14:34+00:00,2025-07-06 03:38:53+00:00,2025-07-05 11:38:18+00:00,2025-07-06 04:15:10+00:00,2025-07-05 10:58:27+00:00,2025-07-06 04:55:00+00:00
CISO,2025-07-06,2025-07-06 12:43:03+00:00,2025-07-07 03:10:44+00:00,2025-07-06 19:56:54+00:00,52061,2025-07-06 12:15:08+00:00,2025-07-07 03:38:39+00:00,2025-07-06 11:38:56+00:00,2025-07-07 04:14:51+00:00,2025-07-06 10:59:12+00:00,2025-07-07 04:54:35+00:00
CISO,2025-07-07,2025-07-07 12:43:36+00:00,2025-07-08 03:10:30+00:00,2025-07-07 19:57:03+00:00,52014,2025-07-07 12:15:43+00:00,2025-07-08 03:38:23+00:00,2025-07-07 11:39:35+00:00,2025-07-08 04:14:31+00:00,2025-07-07 10:59:58+00:00,2025-07-08 04:54:08+00:00
CISO,2025-07-08,2025-07-08 12:44:09+00:00,2025-07-09 03:10:15+00:00,2025-07-08 19:57:12+00:00,51966,2025-07-08 12:16:19+00:00,2025-07-09 03:38:05+00:00,2025-07-08 11:40:16+00:00,2025-07-09 04:14:09+00:00,2025-07-08 11:00:45+00:00,2025-07-09 04:53:39+00:00
CISO,2025-07-09,2025-07-09 12:44:44+00:00,2025-07-10 03:09:58+00:00,2025-07-09 19:57:21+00:00,51914,2025-07-09 12:16:56+00:00,2025-07-10 03:37:46+00:00,2025-07-09 11:40:57+00:00,2025-07-10 04:13:44+00:00,2025-07-09 11:01:34+00:00,2025-07-10 04:53:08+00:00
CISO,2025-07-10,2025-07-10 12:45:19+00:00,2025-07-11 03:09:40+00:00,2025-07-10 19:57:29+00:00,51861,2025-07-10 12:17:34+00:00,2025-07-11 03:37:24+00:00,2025-07-10 11:41:40+00:00,2025-07-11 04:13:18+00:00,2025-07-10 11:02:25+00:00,2025-07-11 04:52:34+00:00
CISO,2025-07-11,2025-07-11 12:45:55+00:00,2025-07-12 03:09:20+00:00,2025-07-11 19:57:37+00:00,51805,2025-07-11 12:18:13+00:00,2025-07-12 03:37:01+00:00,2025-07-11 11:42:24+00:00,2025-07-12 04:12:50+00:00,2025-07-11 11:03:17+00:00,2025-07-12 04:51:58+00:00
CISO,2025-07-12,2025-07-12 12:46:31+00:00,2025-07-13 03:08:58+00:00,2025-07-12 19:57:45+00:00,51747,2025-07-12 12:18:53+00:00,2025-07-13 03:36:36+00:00,2025-07-12 11:43:10+00:00,2025-07-13 04:12:20+00:00,2025-07-12 11:04:10+00:00,2025-07-13 04:51:19+00:00
CISO,2025-07-13,2025-07-13 12:47:09+00:00,2025-07-14 03:08:34+00:00,2025-07-13 19:57:51+00:00,51685,2025-07-13 12:19:34+00:00,2025-07-14 03:36:09+00:00,2025-07-13 11:43:56+00:00,2025-07-14 04:11:47+00:00,2025-07-13 11:05:04+00:00,2025-07-14 04:50:39+00:00
CISO,2025-07-14,2025-07-14 12:47:47+00:00,2025-07-15 03:08:09+00:00,2025-07-14 19:57:58+00:00,51622,2025-07-14 12:20:15+00:00,2025-07-15 03:35:40+00:00,2025-07-14 11:44:43+00:00,2025-07-15 04:11:13+00:00,2025-07-14 11:06:00+00:00,2025-07-15 04:49:56+00:00
CISO,2025-07-15,2025-07-15 12:48:26+00:00,2025-07-16 03:07:42+00:00,2025-07-15 19:58:04+00:00,51556,2025-07-15 12:20:58+00:00,2025-07-16 03:35:10+00:00,2025-07-15 11:45:31+00:00,2025-07-16 04:10:37+00:00,2025-07-15 11:06:56+00:00,2025-07-16 04:49:12+00:00
CISO,2025-07-16,2025-07-16 12:49:06+00:00,2025-07-17 03:07:13+00:00,2025-07-16 19:58:09+00:00,51487,2025-07-16 12:21:41+00:00,2025-07-17 03:34:38+00:00,2025-07-16 11:46:19+00:00,2025-07-17 04:09:59+00:00,2025-07-16 11:07:54+00:00,2025-07-17 04:48:25+00:00
CISO,2025-07-17,2025-07-17 12:49:46+00:00,2025-07-18 03:06:43+00:00,2025-07-17 19:58:14+00:00,51417,2025-07-17 12:22:24+00:00,2025-07-18 03:34:04+00:00,2025-07-17 11:47:09+00:00,2025-07-18 04:09:19+00:00,2025-07-17 11:08:53+00:00,2025-07-18 04:47:36+00:00
CISO,2025-07-18,2025-07-18 12:50:26+00:00,2025-07-19 03:06:11+00:00,2025-07-18 19:58:19+00:00,51345,2025-07-18 12:23:09+00:00,2025-07-19 03:33:29+00:00,2025-07-18 11:47:59+00:00,2025-07-19 04:08:38+00:00,2025-07-18 11:09:52+00:00,2025-07-19 04:46:45+00:00
CISO,2025-07-19,2025-07-19 12:51:07+00:00,2025-07-20 03:05:37+00:00,2025-07-19 19:58:22+00:00,51270,2025-07-19 12:23:53+00:00,2025-07-20 03:32:51+00:00,2025-07-19 11:48:50+00:00,2025-07-20 04:07:54+00:00,2025-07-19 11:10:53+00:00,2025-07-20 04:45:52+00:00
CISO,2025-07-20,2025-07-20 12:51:49+00:00,2025-07-21 03:05:02+00:00,2025-07-20 19:58:26+00:00,51193,2025-07-20 12:24:39+00:00,2025-07-21 03:32:12+00:00,2025-07-20 11:49:42+00:00,2025-07-21 04:07:09+00:00,2025-07-20 11:11:54+00:00,2025-07-21 04:44:58+00:00
CISO,2025-07-21,2025-07-21 12:52:31+00:00,2025-07-22 03:04:25+00:00,2025-07-21 19:58:28+00:00,51114,2025-07-21 12:25:25+00:00,2025-07-22 03:31:32+00:00,2025-07-21 11:50:35+00:00,2025-07-22 04:06:22+00:00,2025-07-21 11:12:56+00:00,2025-07-22 04:44:01+00:00
CISO,2025-07-22,2025-07-22 12:53:14+00:00,2025-07-23 03:03:47+00:00,2025-07-22 19:58:30+00:00,51033,2025-07-22 12:26:11+00:00,2025-07-23 03:30:50+00:00,2025-07-22 11:51:27+00:00,2025-07-23 04:05:33+00:00,2025-07-22 11:13:58+00:00,2025-07-23 04:43:03+00:00
CISO,2025-07-23,2025-07-23 12:53:57+00:00,2025-07-24 03:03:07+00:00,2025-07-23 19:58:32+00:00,50950,2025-07-23 12:26:58+00:00,2025-07-24 03:30:06+00:00,2025-07-23 11:52:21+00:00,2025-07-24 04:04:43+00:00,2025-07-23 11:15:01+00:00,2025-07-24 04:42:02+00:00
CISO,2025-07-24,2025-07-24 12:54:40+00:00,2025-07-25 03:02:26+00:00,2025-07-24 19:58:33+00:00,50866,2025-07-24 12:27:46+00:00,2025-07-25 03:29:20+00:00,2025-07-24 11:53:15+00:00,2025-07-25 04:03:51+00:00,2025-07-24 11:16:05+00:00,2025-07-25 04:41:01+00:00
CISO,2025-07-25,2025-07-25 12:55:24+00:00,2025-07-26 03:01:43+00:00,2025-07-25 19:58:33+00:00,50779,2025-07-25 12:28:33+00:00,2025-07-26 03:28:33+00:00,2025-07-25 11:54:09+00:00,2025-07-26 04:02:57+00:00,2025-07-25 11:17:09+00:00,2025-07-26 04:39:57+00:00
CISO,2025-07-26,2025-07-26 12:56:08+00:00,2025-07-27 03:00:59+00:00,2025-07-26 19:58:33+00:00,50691,2025-07-26 12:29:21+00:00,2025-07-27 03:27:45+00:00,2025-07-26 11:55:04+00:00,2025-07-27 04:02:02+00:00,2025-07-26 11:18:14+00:00,2025-07-27 04:38:52+00:00
CISO,2025-07-27,2025-07-27 12:56:52+00:00,2025-07-28 03:00:13+00:00,2025-07-27 19:58:32+00:00,50601,2025-07-27 12:30:09+00:00,2025-07-28 03:26:55+00:00,2025-07-27 11:55:59+00:00,2025-07-28 04:01:05+00:00,2025-07-27 11:19:19+00:00,2025-07-28 04:37:45+00:00
CISO,2025-07-28,2025-07-28 12:57:36+00:00,2025-07-29 02:59:25+00:00,2025-07-28 19:58:31+00:00,50509,2025-07-28 12:30:58+00:00,2025-07-29 03:26:03+00:00,2025-07-28 11:56:54+00:00,2025-07-29 04:00:07+00:00,2025-07-28 11:20:25+00:00,2025-07-29 04:36:37+00:00
CISO,2025-07-29,2025-07-29 12:58:21+00:00,2025-07-30 02:58:36+00:00,2025-07-29 19:58:29+00:00,50415,2025-07-29 12:31:47+00:00,2025-07-30 03:25:10+00:00,2025-07-29 11:57:50+00:00,2025-07-30 03:59:07+00:00,2025-07-29 11:21:30+00:00,2025-07-30 04:35:27+00:00
CISO,2025-07-30,2025-07-30 12:59:06+00:00,2025-07-31 02:57:46+00:00,2025-07-30 19:58:26+00:00,50320,2025-07-30 12:32:36+00:00,2025-07-31 03:24:16+00:00,2025-07-30 11:58:46+00:00,2025-07-31 03:58:06+00:00,2025-07-30 11:22:36+00:00,2025-07-31 04:34:16+00:00
CISO,2025-07-31,2025-07-31 12:59:51+00:00,2025-08-01 02:56:55+00:00,2025-07-31 19:58:23+00:00,50224,2025-07-31 12:33:25+00:00,2025-08-01 03:23:20+00:00,2025-07-31 11:59:42+00:00,2025-08-01 03:57:04+00:00,2025-07-31 11:23:42+00:00,2025-08-01 04:33:03+00:00
CISO,2025-08-01,2025-08-01 13:00:36+00:00,2025-08-02 02:56:02+00:00,2025-08-01 19:58:19+00:00,50126,2025-08-01 12:34:15+00:00,2025-08-02 03:22:23+00:00,2025-08-01 12:00:38+00:00,2025-08-02 03:56:00+00:00,2025-08-01 11:24:49+00:00,2025-08-02 04:31:49+00:00
CISO,2025-08-02,2025-08-02 13:01:21+00:00,2025-08-03 02:55:07+00:00,2025-08-02 19:58:14+00:00,50026,2025-08-02 12:35:04+00:00,2025-08-03 03:21:25+00:00,2025-08-02 12:01:35+00:00,2025-08-03 03:54:54+00:00,2025-08-02 11:25:55+00:00,2025-08-03 04:30:34+00:00
CISO,2025-08-03,2025-08-03 13:02:07+00:00,2025-08-04 02:54:12+00:00,2025-08-03 19:58:09+00:00,49925,2025-08-03 12:35:54+00:00,2025-08-04 03:20:25+00:00,2025-08-03 12:02:31+00:00,2025-08-04 03:53:48+00:00,2025-08-03 11:27:01+00:00,2025-08-04 04:29:17+00:00
CISO,2025-08-04,2025-08-04 13:02:52+00:00,2025-08-05 02:53:15+00:00,2025-08-04 19:58:04+00:00,49823,2025-08-04 12:36:43+00:00,2025-08-05 03:19:24+00:00,2025-08-04 12:03:27+00:00,2025-08-05 03:52:40+00:00,2025-08-04 11:28:08+00:00,2025-08-05 04:28:00+00:00
CISO,2025-08-05,2025-08-05 13:03:38+00:00,2025-08-06 02:52:17+00:00,2025-08-05 19:57:57+00:00,49719,2025-08-05 12:37:33+00:00,2025-08-06 03:18:21+00:00,2025-08-05 12:04:24+00:00,2025-08-06 03:51:31+00:00,2025-08-05 11:29:14+00:00,2025-08-06 04:26:41+00:00
CISO,2025-08-06,2025-08-06 13:04:24+00:00,2025-08-07 02:51:17+00:00,2025-08-06 19:57:50+00:00,49613,2025-08-06 12:38:23+00:00,2025-08-07 03:17:18+00:00,2025-08-06 12:05:21+00:00,2025-08-07 03:50:20+00:00,2025-08-06 11:30:20+00:00,2025-08-07 04:25:21+00:00
CISO,2025-08-07,2025-08-07 13:05:09+00:00,2025-08-08 02:50:17+00:00,2025-08-07 19:57:43+00:00,49508,2025-08-07 12:39:13+00:00,2025-08-08 03:16:13+00:00,2025-08-07 12:06:17+00:00,2025-08-08 03:49:09+00:00,2025-08-07 11:31:26+00:00,2025-08-08 04:23:59+00:00
CISO,2025-08-08,2025-08-08 13:05:55+00:00,2025-08-09 02:49:15+00:00,2025-08-08 19:57:35+00:00,49400,2025-08-08 12:40:03+00:00,2025-08-09 03:15:07+00:00,2025-08-08 12:07:14+00:00,2025-08-09 03:47:56+00:00,2025-08-08 11:32:33+00:00,2025-08-09 04:22:37+00:00
CISO,2025-08-09,2025-08-09 13:06:41+00:00,2025-08-10 02:48:12+00:00,2025-08-09 19:57:26+00:00,49291,2025-08-09 12:40:52+00:00,2025-08-10 03:14:00+00:00,2025-08-09 12:08:10+00:00,2025-08-10 03:46:42+00:00,2025-08-09 11:33:38+00:00,2025-08-10 04:21:14+00:00
CISO,2025-08-10,2025-08-10 13:07:27+00:00,2025-08-11 02:47:07+00:00,2025-08-10 19:57:17+00:00,49180,2025-08-10 12:41:42+00:00,2025-08-11 03:12:52+00:00,2025-08-10 12:09:06+00:00,2025-08-11 03:45:28+00:00,2025-08-10 11:34:44+00:00,2025-08-11 04:19:50+00:00
CISO,2025-08-11,2025-08-11 13:08:12+00:00,2025-08-12 02:46:02+00:00,2025-08-11 19:57:07+00:00,49070,2025-08-11 12:42:32+00:00,2025-08-12 03:11:43+00:00,2025-08-11 12:10:02+00:00,2025-08-12 03:44:12+00:00,2025-08-11 11:35:50+00:00,2025-08-12 04:18:25+00:00
CISO,2025-08-12,2025-08-12 13:08:58+00:00,2025-08-13 02:44:56+00:00,2025-08-12 19:56:57+00:00,48958,2025-08-12 12:43:21+00:00,2025-08-13 03:10:32+00:00,2025-08-12 12:10:59+00:00,2025-08-13 03:42:55+00:00,2025-08-12 11:36:55+00:00,2025-08-13 04:16:59+00:00
CISO,2025-08-13,2025-08-13 13:09:43+00:00,2025-08-14 02:43:48+00:00,2025-08-13 19:56:46+00:00,48845,2025-08-13 12:44:11+00:00,2025-08-14 03:09:21+00:00,2025-08-13 12:11:54+00:00,2025-08-14 03:41:37+00:00,2025-08-13 11:38:00+00:00,2025-08-14 04:15:32+00:00
CISO,2025-08-14,2025-08-14 13:10:29+00:00,2025-08-15 02:42:40+00:00,2025-08-14 19:56:34+00:00,48731,2025-08-14 12:45:00+00:00,2025-08-15 03:08:09+00:00,2025-08-14 12:12:50+00:00,2025-08-15 03:40:19+00:00,2025-08-14 11:39:05+00:00,2025-08-15 04:14:04+00:00
CISO,2025-08-15,2025-08-15 13:11:15+00:00,2025-08-16 02:41:30+00:00,2025-08-15 19:56:23+00:00,48615,2025-08-15 12:45:50+00:00,2025-08-16 03:06:55+00:00,2025-08-15 12:13:46+00:00,2025-08-16 03:38:59+00:00,2025-08-15 11:40:09+00:00,2025-08-16 04:12:36+00:00
CISO,2025-08-16,2025-08-16 13:12:00+00:00,2025-08-17 02:40:20+00:00,2025-08-16 19:56:10+00:00,48500,2025-08-16 12:46:39+00:00,2025-08-17 03:05:41+00:00,2025-08-16 12:14:41+00:00,2025-08-17 03:37:39+00:00,2025-08-16 11:41:13+00:00,2025-08-17 04:11:07+00:00
CISO,2025-08-17,2025-08-17 13:12:45+00:00,2025-08-18 02:39:09+00:00,2025-08-17 19:55:57+00:00,48384,2025-08-17 12:47:28+00:00,2025-08-18 03:04:26+00:00,2025-08-17 12:15:36+00:00,2025-08-18 03:36:18+00:00,2025-08-17 11:42:17+00:00,2025-08-18 04:09:37+00:00
CISO,2025-08-18,2025-08-18 13:13:31+00:00,2025-08-19 02:37:56+00:00,2025-08-18 19:55:43+00:00,48265,2025-08-18 12:48:17+00:00,2025-08-19 03:03:10+00:00,2025-08-18 12:16:31+00:00,2025-08-19 03:34:56+00:00,2025-08-18 11:43:20+00:00,2025-08-19 04:08:07+00:00
CISO,2025-08-19,2025-08-19 13:14:16+00:00,2025-08-20 02:36:43+00:00,2025-08-19 19:55:29+00:00,48147,2025-08-19 12:49:05+00:00,2025-08-20 03:01:53+00:00,2025-08-19 12:17:26+00:00,2025-08-20 03:33:33+00:00,2025-08-19 11:44:23+00:00,2025-08-20 04:06:36+00:00
CISO,2025-08-20,2025-08-20 13:15:01+00:00,2025-08-21 02:35:29+00:00,2025-08-20 19:55:15+00:00,48028,2025-08-20 12:49:54+00:00,2025-08-21 03:00:36+00:00,2025-08-20 12:18:20+00:00,2025-08-21 03:32:10+00:00,2025-08-20 11:45:26+00:00,2025-08-21 04:05:04+00:00
CISO,2025-08-21,2025-08-21 13:15:46+00:00,2025-08-22 02:34:14+00:00,2025-08-21 19:55:00+00:00,47908,2025-08-21 12:50:43+00:00,2025-08-22 02:59:17+00:00,2025-08-21 12:19:14+00:00,2025-08-22 03:30:46+00:00,2025-08-21 11:46:28+00:00,2025-08-22 04:03:32+00:00
CISO,2025-08-22,2025-08-22 13:16:31+00:00,2025-08-23 02:32:59+00:00,2025-08-22 19:54:45+00:00,47788,2025-08-22 12:51:31+00:00,2025-08-23 02:57:58+00:00,2025-08-22 12:20:08+00:00,2025-08-23 03:29:21+00:00,2025-08-22 11:47:30+00:00,2025-08-23 04:02:00+00:00
CISO,2025-08-23,2025-08-23 13:17:15+00:00,2025-08-24 02:31:42+00:00,2025-08-23 19:54:29+00:00,47667,2025-08-23 12:52:19+00:00,2025-08-24 02:56:39+00:00,2025-08-23 12:21:02+00:00,2025-08-24 03:27:56+00:00,2025-08-23 11:48:31+00:00,2025-08-24 04:00:26+00:00
CISO,2025-08-24,2025-08-24 13:18:00+00:00,2025-08-25 02:30:25+00:00,2025-08-24 19:54:12+00:00,47545,2025-08-24 12:53:07+00:00,2025-08-25 02:55:18+00:00,2025-08-24 12:21:55+00:00,2025-08-25 03:26:30+00:00,2025-08-24 11:49:32+00:00,2025-08-25 03:58:53+00:00
CISO,2025-08-25,2025-08-25 13:18:45+00:00,2025-08-26 02:29:07+00:00,2025-08-25 19:53:56+00:00,47422,2025-08-25 12:53:55+00:00,2025-08-26 02:53:57+00:00,2025-08-25 12:22:48+00:00,2025-08-26 03:25:04+00:00,2025-08-25 11:50:32+00:00,2025-08-26 03:57:19+00:00
CISO,2025-08-26,2025-08-26 13:19:29+00:00,2025-08-27 02:27:48+00:00,2025-08-26 19:53:39+00:00,47299,2025-08-26 12:54:42+00:00,2025-08-27 02:52:35+00:00,2025-08-26 12:23:41+00:00,2025-08-27 03:23:37+00:00,2025-08-26 11:51:32+00:00,2025-08-27 03:55:45+00:00
CISO,2025-08-27,2025-08-27 13:20:14+00:00,2025-08-28 02:26:29+00:00,2025-08-27 19:53:21+00:00,47175,2025-08-27 12:55:29+00:00,2025-08-28 02:51:13+00:00,2025-08-27 12:24:33+00:00,2025-08-28 03:22:10+00:00,2025-08-27 11:52:32+00:00,2025-08-28 03:54:10+00:00
CISO,2025-08-28,2025-08-28 13:20:58+00:00,2025-08-29 02:25:09+00:00,2025-08-28 19:53:03+00:00,47051,2025-08-28 12:56:17+00:00,2025-08-29 02:49:50+00:00,2025-08-28 12:25:25+00:00,2025-08-29 03:20:42+00:00,2025-08-28 11:53:31+00:00,2025-08-29 03:52:36+00:00
CISO,2025-08-29,2025-08-29 13:21:42+00:00,2025-08-30 02:23:48+00:00,2025-08-29 19:52:45+00:00,46926,2025-08-29 12:57:04+00:00,2025-08-30 02:48:27+00:00,2025-08-29 12:26:17+00:00,2025-08-30 03:19:14+00:00,2025-08-29 11:54:30+00:00,2025-08-30 03:51:01+00:00
CISO,2025-08-30,2025-08-30 13:22:26+00:00,2025-08-31 02:22:27+00:00,2025-08-30 19:52:27+00:00,46801,2025-08-30 12:57:51+00:00,2025-08-31 02:47:03+00:00,2025-08-30 12:27:09+00:00,2025-08-31 03:17:45+00:00,2025-08-30 11:55:28+00:00,2025-08-31 03:49:25+00:00
CISO,2025-08-31,2025-08-31 13:23:10+00:00,2025-09-01 02:21:06+00:00,2025-08-31 19:52:08+00:00,46676,2025-08-31 12:58:37+00:00,2025-09-01 02:45:39+00:00,2025-08-31 12:28:00+00:00,2025-09-01 03:16:16+00:00,2025-08-31 11:56:26+00:00,2025-09-01 03:47:50+00:00
CISO,2025-09-01,2025-09-01 13:23:54+00:00,2025-09-02 02:19:43+00:00,2025-09-01 19:51:49+00:00,46549,2025-09-01 12:59:24+00:00,2025-09-02 02:44:14+00:00,2025-09-01 12:28:51+00:00,2025-09-02 03:14:47+00:00,2025-09-01 11:57:23+00:00,2025-09-02 03:46:14+00:00
CISO,2025-09-02,2025-09-02 13:24:38+00:00,2025-09-03 02:18:21+00:00,2025-09-02 19:51:29+00:00,46423,2025-09-02 13:00:10+00:00,2025-09-03 02:42:49+00:00,2025-09-02 12:29:41+00:00,2025-09-03 03:13:17+00:00,2025-09-02 11:58:20+00:00,2025-09-03 03:44:38+00:00
CISO,2025-09-03,2025-09-03 13:25:22+00:00,2025-09-04 02:16:58+00:00,2025-09-03 19:51:10+00:00,46296,2025-09-03 13:00:56+00:00,2025-09-04 02:41:23+00:00,2025-09-03 12:30:32+00:00,2025-09-04 03:11:48+00:00,2025-09-03 11:59:17+00:00,2025-09-04 03:43:03+00:00
CISO,2025-09-04,2025-09-04 13:26:05+00:00,2025-09-05 02:15:34+00:00,2025-09-04 19:50:50+00:00,46169,2025-09-04 13:01:42+00:00,2025-09-05 02:39:57+00:00,2025-09-04 12:31:22+00:00,2025-09-05 03:10:18+00:00,2025-09-04 12:00:13+00:00,2025-09-05 03:41:27+00:00
CISO,2025-09-05,2025-09-05 13:26:49+00:00,2025-09-06 02:14:10+00:00,2025-09-05 19:50:30+00:00,46041,2025-09-05 13:02:28+00:00,2025-09-06 02:38:31+00:00,2025-09-05 12:32:12+00:00,2025-09-06 03:08:47+00:00,2025-09-05 12:01:08+00:00,2025-09-06 03:39:51+00:00
CISO,2025-09-06,2025-09-06 13:27:33+00:00,2025-09-07 02:12:46+00:00,2025-09-06 19:50:09+00:00,45913,2025-09-06 13:03:14+00:00,2025-09-07 02:37:04+00:00,2025-09-06 12:33:01+00:00,2025-09-07 03:07:17+00:00,2025-09-06 12:02:04+00:00,2025-09-07 03:38:15+00:00
CISO,2025-09-07,2025-09-07 13:28:16+00:00,2025-09-08 02:11:21+00:00,2025-09-07 19:49:49+00:00,45785,2025-09-07 13:04:00+00:00,2025-09-08 02:35:38+00:00,2025-09-07 12:33:51+00:00,2025-09-08 03:05:47+00:00,2025-09-07 12:02:58+00:00,2025-09-08 03:36:39+00:00
CISO,2025-09-08,2025-09-08 13:29:00+00:00,2025-09-09 02:09:56+00:00,2025-09-08 19:49:28+00:00,45656,2025-09-08 13:04:45+00:00,2025-09-09 02:34:11+00:00,2025-09-08 12:34:40+00:00,2025-09-09 03:04:16+00:00,2025-09-08 12:03:53+00:00,2025-09-09 03:35:03+00:00
CISO,2025-09-09,2025-09-09 13:29:43+00:00,2025-09-10 02:08:31+00:00,2025-09-09 19:49:07+00:00,45528,2025-09-09 13:05:31+00:00,2025-09-10 02:32:43+00:00,2025-09-09 12:35:29+00:00,2025-09-10 03:02:45+00:00,2025-09-09 12:04:47+00:00,2025-09-10 03:33:27+00:00
CISO,2025-09-10,2025-09-10 13:30:27+00:00,2025-09-11 02:07:05+00:00,2025-09-10 19:48:46+00:00,45398,2025-09-10 13:06:16+00:00,2025-09-11 02:31:16+00:00,2025-09-10 12:36:17+00:00,2025-09-11 03:01:15+00:00,2025-09-10 12:05:40+00:00,2025-09-11 03:31:52+00:00
CISO,2025-09-11,2025-09-11 13:31:11+00:00,2025-09-12 02:05:39+00:00,2025-09-11 19:48:25+00:00,45268,2025-09-11 13:07:01+00:00,2025-09-12 02:29:49+00:00,2025-09-11 12:37:06+00:00,2025-09-12 02:59:44+00:00,2025-09-11 12:06:33+00:00,2025-09-12 03:30:16+00:00
CISO,2025-09-12,2025-09-12 13:31:54+00:00,2025-09-13 02:04:13+00:00,2025-09-12 19:48:04+00:00,45139,2025-09-12 13:07:46+00:00,2025-09-13 02:28:21+00:00,2025-09-12 12:37:54+00:00,2025-09-13 02:58:13+00:00,2025-09-12 12:07:26+00:00,2025-09-13 03:28:41+00:00
CISO,2025-09-13,2025-09-13 13:32:38+00:00,2025-09-14 02:02:47+00:00,2025-09-13 19:47:42+00:00,45009,2025-09-13 13:08:31+00:00,2025-09-14 02:26:53+00:00,2025-09-13 12:38:42+00:00,2025-09-14 02:56:43+00:00,2025-09-13 12:08:19+00:00,2025-09-14 03:27:06+00:00
CISO,2025-09-14,2025-09-14 13:33:21+00:00,2025-09-15 02:01:21+00:00,2025-09-14 19:47:21+00:00,44880,2025-09-14 13:09:16+00:00,2025-09-15 02:25:26+00:00,2025-09-14 12:39:30+00:00,2025-09-15 02:55:12+00:00,2025-09-14 12:09:11+00:00,2025-09-15 03:25:31+00:00
CISO,2025-09-15,2025-09-15 13:34:05+00:00,2025-09-16 01:59:54+00:00,2025-09-15 19:47:00+00:00,44749,2025-09-15 13:10:01+00:00,2025-09-16 02:23:58+00:00,2025-09-15 12:40:17+00:00,2025-09-16 02:53:42+00:00,2025-09-15 12:10:02+00:00,2025-09-16 03:23:57+00:00
CISO,2025-09-16,2025-09-16 13:34:49+00:00,2025-09-17 01:58:28+00:00,2025-09-16 19:46:38+00:00,44619,2025-09-16 13:10:46+00:00,2025-09-17 02:22:30+00:00,2025-09-16 12:41:05+00:00,2025-09-17 02:52:12+00:00,2025-09-16 12:10:54+00:00,2025-09-17 03:22:22+00:00
CISO,2025-09-17,2025-09-17 13:35:32+00:00,2025-09-18 01:57:01+00:00,2025-09-17 19:46:17+00:00,44489,2025-09-17 13:11:31+00:00,2025-09-18 02:21:02+00:00,2025-09-17 12:41:52+00:00,2025-09-18 02:50:41+00:00,2025-09-17 12:11:45+00:00,2025-09-18 03:20:48+00:00
CISO,2025-09-18,2025-09-18 13:36:16+00:00,2025-09-19 01:55:34+00:00,2025-09-18 19:45:55+00:00,44358,2025-09-18 13:12:16+00:00,2025-09-19 02:19:35+00:00,2025-09-18 12:42:39+00:00,2025-09-19 02:49:12+00:00,2025-09-18 12:12:35+00:00,2025-09-19 03:19:15+00:00
CISO,2025-09-19,2025-09-19 13:37:00+00:00,2025-09-20 01:54:08+00:00,2025-09-19 19:45:34+00:00,44228,2025-09-19 13:13:00+00:00,2025-09-20 02:18:07+00:00,2025-09-19 12:43:26+00:00,2025-09-20 02:47:42+00:00,2025-09-19 12:13:26+00:00,2025-09-20 03:17:42+00:00
CISO,2025-09-20,2025-09-20 13:37:44+00:00,2025-09-21 01:52:41+00:00,2025-09-20 19:45:12+00:00,44097,2025-09-20 13:13:45+00:00,2025-09-21 02:16:40+00:00,2025-09-20 12:44:12+00:00,2025-09-21 02:46:12+00:00,2025-09-20 12:14:16+00:00,2025-09-21 03:16:09+00:00
CISO,2025-09-21,2025-09-21 13:38:28+00:00,2025-09-22 01:51:14+00:00,2025-09-21 19:44:51+00:00,43966,2025-09-21 13:14:30+00:00,2025-09-22 02:15:12+00:00,2025-09-21 12:44:59+00:00,2025-09-22 02:44:43+00:00,2025-09-21 12:15:06+00:00,2025-09-22 03:14:36+00:00
CISO,2025-09-22,2025-09-22 13:39:12+00:00,2025-09-23 01:49:48+00:00,2025-09-22 19:44:30+00:00,43836,2025-09-22 13:15:15+00:00,2025-09-23 02:13:45+00:00,2025-09-22 12:45:46+00:00,2025-09-23 02:43:14+00:00,2025-09-22 12:15:56+00:00,2025-09-23 03:13:05+00:00
CISO,2025-09-23,2025-09-23 13:39:57+00:00,2025-09-24 01:48:21+00:00,2025-09-23 19:44:09+00:00,43704,2025-09-23 13:16:00+00:00,2025-09-24 02:12:18+00:00,2025-09-23 12:46:32+00:00,2025-09-24 02:41:46+00:00,2025-09-23 12:16:45+00:00,2025-09-24 03:11:33+00:00
CISO,2025-09-24,2025-09-24 13:40:41+00:00,2025-09-25 01:46:55+00:00,2025-09-24 19:43:48+00:00,43574,2025-09-24 13:16:45+00:00,2025-09-25 02:10:52+00:00,2025-09-24 12:47:19+00:00,2025-09-25 02:40:18+00:00,2025-09-24 12:17:34+00:00,2025-09-25 03:10:02+00:00
CISO,2025-09-25,2025-09-25 13:41:26+00:00,2025-09-26 01:45:29+00:00,2025-09-25 19:43:27+00:00,43443,2025-09-25 13:17:30+00:00,2025-09-26 02:09:25+00:00,2025-09-25 12:48:05+00:00,2025-09-26 02:38:50+00:00,2025-09-25 12:18:23+00:00,2025-09-26 03:08:32+00:00
CISO,2025-09-26,2025-09-26 13:42:11+00:00,2025-09-27 01:44:03+00:00,2025-09-26 19:43:07+00:00,43312,2025-09-26 13:18:15+00:00,2025-09-27 02:07:59+00:00,2025-09-26 12:48:51+00:00,2025-09-27 02:37:23+00:00,2025-09-26 12:19:12+00:00,2025-09-27 03:07:02+00:00
CISO,2025-09-27,2025-09-27 13:42:56+00:00,2025-09-28 01:42:37+00:00,2025-09-27 19:42:47+00:00,43181,2025-09-27 13:19:00+00:00,2025-09-28 02:06:33+00:00,2025-09-27 12:49:37+00:00,2025-09-28 02:35:56+00:00,2025-09-27 12:20:00+00:00,2025-09-28 03:05:33+00:00
CISO,2025-09-28,2025-09-28 13:43:41+00:00,2025-09-29 01:41:12+00:00,2025-09-28 19:42:26+00:00,43051,2025-09-28 13:19:45+00:00,2025-09-29 02:05:08+00:00,2025-09-28 12:50:23+00:00,2025-09-29 02:34:29+00:00,2025-09-28 12:20:49+00:00,2025-09-29 03:04:04+00:00
CISO,2025-09-29,2025-09-29 13:44:26+00:00,2025-09-30 01:39:47+00:00,2025-09-29 19:42:07+00:00,42921,2025-09-29 13:20:30+00:00,2025-09-30 02:03:43+00:00,2025-09-29 12:51:10+00:00,2025-09-30 02:33:03+00:00,2025-09-29 12:21:37+00:00,2025-09-30 03:02:36+00:00
CISO,2025-09-30,2025-09-30 13:45:12+00:00,2025-10-01 01:38:22+00:00,2025-09-30 19:41:47+00:00,42790,2025-09-30 13:21:16+00:00,2025-10-01 02:02:18+00:00,2025-09-30 12:51:56+00:00,2025-10-01 02:31:38+00:00,2025-09-30 12:22:25+00:00,2025-10-01 03:01:09+00:00
CISO,2025-10-01,2025-10-01 13:45:58+00:00,2025-10-02 01:36:57+00:00,2025-10-01 19:41:28+00:00,42659,2025-10-01 13:22:01+00:00,2025-10-02 02:00:54+00:00,2025-10-01 12:52:42+00:00,2025-10-02 02:30:13+00:00,2025-10-01 12:23:13+00:00,2025-10-02 02:59:42+00:00
CISO,2025-10-02,2025-10-02 13:46:44+00:00,2025-10-03 01:35:33+00:00,2025-10-02 19:41:09+00:00,42529,2025-10-02 13:22:47+00:00,2025-10-03 01:59:30+00:00,2025-10-02 12:53:28+00:00,2025-10-03 02:28:49+00:00,2025-10-02 12:24:01+00:00,2025-10-03 02:58:17+00:00
CISO,2025-10-03,2025-10-03 13:47:30+00:00,2025-10-04 01:34:09+00:00,2025-10-03 19:40:50+00:00,42399,2025-10-03 13:23:33+00:00,2025-10-04 01:58:07+00:00,2025-10-03 12:54:14+00:00,2025-10-04 02:27:26+00:00,2025-10-03 12:24:48+00:00,2025-10-04 02:56:52+00:00
CISO,2025-10-04,2025-10-04 13:48:17+00:00,2025-10-05 01:32:46+00:00,2025-10-04 19:40:32+00:00,42269,2025-10-04 13:24:19+00:00,2025-10-05 01:56:44+00:00,2025-10-04 12:55:01+00:00,2025-10-05 02:26:03+00:00,2025-10-04 12:25:36+00:00,2025-10-05 02:55:27+00:00
CISO,2025-10-05,2025-10-05 13:49:04+00:00,2025-10-06 01:31:23+00:00,2025-10-05 19:40:14+00:00,42139,2025-10-05 13:25:05+00:00,2025-10-06 01:55:22+00:00,2025-10-05 12:55:47+00:00,2025-10-06 02:24:40+00:00,2025-10-05 12:26:23+00:00,2025-10-06 02:54:04+00:00
CISO,2025-10-06,2025-10-06 13:49:51+00:00,2025-10-07 01:30:01+00:00,2025-10-06 19:39:56+00:00,42010,2025-10-06 13:25:52+00:00,2025-10-07 01:54:00+00:00,2025-10-06 12:56:33+00:00,2025-10-07 02:23:19+00:00,2025-10-06 12:27:11+00:00,2025-10-07 02:52:41+00:00
CISO,2025-10-07,2025-10-07 13:50:39+00:00,2025-10-08 01:28:39+00:00,2025-10-07 19:39:39+00:00,41880,2025-10-07 13:26:38+00:00,2025-10-08 01:52:40+00:00,2025-10-07 12:57:20+00:00,2025-10-08 02:21:58+00:00,2025-10-07 12:27:58+00:00,2025-10-08 02:51:19+00:00
CISO,2025-10-08,2025-10-08 13:51:26+00:00,2025-10-09 01:27:18+00:00,2025-10-08 19:39:22+00:00,41752,2025-10-08 13:27:25+00:00,2025-10-09 01:51:19+00:00,2025-10-08 12:58:06+00:00,2025-10-09 02:20:38+00:00,2025-10-08 12:28:46+00:00,2025-10-09 02:49:59+00:00
CISO,2025-10-09,2025-10-09 13:52:15+00:00,2025-10-10 01:25:57+00:00,2025-10-09 19:39:06+00:00,41622,2025-10-09 13:28:12+00:00,2025-10-10 01:50:00+00:00,2025-10-09 12:58:53+00:00,2025-10-10 02:19:19+00:00,2025-10-09 12:29:33+00:00,2025-10-10 02:48:39+00:00
CISO,2025-10-10,2025-10-10 13:53:03+00:00,2025-10-11 01:24:37+00:00,2025-10-10 19:38:50+00:00,41494,2025-10-10 13:28:59+00:00,2025-10-11 01:48:41+00:00,2025-10-10 12:59:40+00:00,2025-10-11 02:18:00+00:00,2025-10-10 12:30:20+00:00,2025-10-11 02:47:20+00:00
CISO,2025-10-11,2025-10-11 13:53:52+00:00,2025-10-12 01:23:17+00:00,2025-10-11 19:38:35+00:00,41365,2025-10-11 13:29:47+00:00,2025-10-12 01:47:22+00:00,2025-10-11 13:00:26+00:00,2025-10-12 02:16:43+00:00,2025-10-11 12:31:08+00:00,2025-10-12 02:46:02+00:00
CISO,2025-10-12,2025-10-12 13:54:41+00:00,2025-10-13 01:21:59+00:00,2025-10-12 19:38:20+00:00,41238,2025-10-12 13:30:34+00:00,2025-10-13 01:46:05+00:00,2025-10-12 13:01:13+00:00,2025-10-13 02:15:26+00:00,2025-10-12 12:31:55+00:00,2025-10-13 02:44:45+00:00
CISO,2025-10-13,2025-10-13 13:55:30+00:00,2025-10-14 01:20:41+00:00,2025-10-13 19:38:05+00:00,41111,2025-10-13 13:31:22+00:00,2025-10-14 01:44:48+00:00,2025-10-13 13:02:01+00:00,2025-10-14 02:14:10+00:00,2025-10-13 12:32:42+00:00,2025-10-14 02:43:28+00:00
CISO,2025-10-14,2025-10-14 13:56:20+00:00,2025-10-15 01:19:23+00:00,2025-10-14 19:37:52+00:00,40983,2025-10-14 13:32:11+00:00,2025-10-15 01:43:32+00:00,2025-10-14 13:02:48+00:00,2025-10-15 02:12:55+00:00,2025-10-14 12:33:30+00:00,2025-10-15 02:42:13+00:00
CISO,2025-10-15,2025-10-15 13:57:10+00:00,2025-10-16 01:18:07+00:00,2025-10-15 19:37:38+00:00,40857,2025-10-15 13:32:59+00:00,2025-10-16 01:42:17+00:00,2025-10-15 13:03:35+00:00,2025-10-16 02:11:41+00:00,2025-10-15 12:34:17+00:00,2025-10-16 02:41:00+00:00
CISO,2025-10-16,2025-10-16 13:58:00+00:00,2025-10-17 01:16:51+00:00,2025-10-16 19:37:26+00:00,40731,2025-10-16 13:33:48+00:00,2025-10-17 01:41:03+00:00,2025-10-16 13:04:23+00:00,2025-10-17 02:10:28+00:00,2025-10-16 12:35:04+00:00,2025-10-17 02:39:47+00:00
CISO,2025-10-17,2025-10-17 13:58:51+00:00,2025-10-18 01:15:36+00:00,2025-10-17 19:37:13+00:00,40605,2025-10-17 13:34:37+00:00,2025-10-18 01:39:50+00:00,2025-10-17 13:05:11+00:00,2025-10-18 02:09:16+00:00,2025-10-17 12:35:52+00:00,2025-10-18 02:38:35+00:00
CISO,2025-10-18,2025-10-18 13:59:42+00:00,2025-10-19 01:14:22+00:00,2025-10-18 19:37:02+00:00,40480,2025-10-18 13:35:26+00:00,2025-10-19 01:38:38+00:00,2025-10-18 13:05:59+00:00,2025-10-19 02:08:05+00:00,2025-10-18 12:36:40+00:00,2025-10-19 02:37:24+00:00
CISO,2025-10-19,2025-10-19 14:00:34+00:00,2025-10-20 01:13:08+00:00,2025-10-19 19:36:51+00:00,40354,2025-10-19 13:36:16+00:00,2025-10-20 01:37:27+00:00,2025-10-19 13:06:47+00:00,2025-10-20 02:06:56+00:00,2025-10-19 12:37:27+00:00,2025-10-20 02:36:15+00:00
CISO,2025-10-20,2025-10-20 14:01:26+00:00,2025-10-21 01:11:56+00:00,2025-10-20 19:36:41+00:00,40230,2025-10-20 13:37:06+00:00,2025-10-21 01:36:16+00:00,2025-10-20 13:07:35+00:00,2025-10-21 02:05:47+00:00,2025-10-20 12:38:15+00:00,2025-10-21 02:35:07+00:00
CISO,2025-10-21,2025-10-21 14:02:18+00:00,2025-10-22 01:10:45+00:00,2025-10-21 19:36:31+00:00,40107,2025-10-21 13:37:56+00:00,2025-10-22 01:35:07+00:00,2025-10-21 13:08:24+00:00,2025-10-22 02:04:39+00:00,2025-10-21 12:39:03+00:00,2025-10-22 02:34:00+00:00
CISO,2025-10-22,2025-10-22 14:03:11+00:00,2025-10-23 01:09:34+00:00,2025-10-22 19:36:22+00:00,39983,2025-10-22 13:38:46+00:00,2025-10-23 01:33:59+00:00,2025-10-22 13:09:12+00:00,2025-10-23 02:03:33+00:00,2025-10-22 12:39:51+00:00,2025-10-23 02:32:54+00:00
CISO,2025-10-23,2025-10-23 14:04:04+00:00,2025-10-24 01:08:25+00:00,2025-10-23 19:36:14+00:00,39861,2025-10-23 13:39:37+00:00,2025-10-24 01:32:52+00:00,2025-10-23 13:10:01+00:00,2025-10-24 02:02:27+00:00,2025-10-23 12:40:39+00:00,2025-10-24 02:31:50+00:00
CISO,2025-10-24,2025-10-24 14:04:57+00:00,2025-10-25 01:07:17+00:00,2025-10-24 19:36:07+00:00,39740,2025-10-24 13:40:28+00:00,2025-10-25 01:31:46+00:00,2025-10-24 13:10:50+00:00,2025-10-25 02:01:23+00:00,2025-10-24 12:41:27+00:00,2025-10-25 02:30:47+00:00
CISO,2025-10-25,2025-10-25 14:05:51+00:00,2025-10-26 01:06:09+00:00,2025-10-25 19:36:00+00:00,39618,2025-10-25 13:41:19+00:00,2025-10-26 01:30:41+00:00,2025-10-25 13:11:40+00:00,2025-10-26 02:00:20+00:00,2025-10-25 12:42:15+00:00,2025-10-26 02:29:45+00:00
CISO,2025-10-26,2025-10-26 14:06:45+00:00,2025-10-27 01:05:03+00:00,2025-10-26 19:35:54+00:00,39498,2025-10-26 13:42:11+00:00,2025-10-27 01:29:37+00:00,2025-10-26 13:12:29+00:00,2025-10-27 01:59:19+00:00,2025-10-26 12:43:04+00:00,2025-10-27 02:28:44+00:00
CISO,2025-10-27,2025-10-27 14:07:39+00:00,2025-10-28 01:03:58+00:00,2025-10-27 19:35:49+00:00,39379,2025-10-27 13:43:03+00:00,2025-10-28 01:28:34+00:00,2025-10-27 13:13:19+00:00,2025-10-28 01:58:18+00:00,2025-10-27 12:43:52+00:00,2025-10-28 02:27:45+00:00
CISO,2025-10-28,2025-10-28 14:08:34+00:00,2025-10-29 01:02:55+00:00,2025-10-28 19:35:44+00:00,39261,2025-10-28 13:43:55+00:00,2025-10-29 01:27:33+00:00,2025-10-28 13:14:09+00:00,2025-10-29 01:57:19+00:00,2025-10-28 12:44:41+00:00,2025-10-29 02:26:47+00:00
CISO,2025-10-29,2025-10-29 14:09:29+00:00,2025-10-30 01:01:52+00:00,2025-10-29 19:35:40+00:00,39143,2025-10-29 13:44:47+00:00,2025-10-30 01:26:33+00:00,2025-10-29 13:14:59+00:00,2025-10-30 01:56:22+00:00,2025-10-29 12:45:29+00:00,2025-10-30 02:25:51+00:00
CISO,2025-10-30,2025-10-30 14:10:24+00:00,2025-10-31 01:00:51+00:00,2025-10-30 19:35:37+00:00,39027,2025-10-30 13:45:40+00:00,2025-10-31 01:25:34+00:00,2025-10-30 13:15:49+00:00,2025-10-31 01:55:25+00:00,2025-10-30 12:46:18+00:00,2025-10-31 02:24:56+00:00
CISO,2025-10-31,2025-10-31 14:11:20+00:00,2025-11-01 00:59:50+00:00,2025-10-31 19:35:35+00:00,38910,2025-10-31 13:46:33+00:00,2025-11-01 01:24:37+00:00,2025-10-31 13:16:40+00:00,2025-11-01 01:54:30+00:00,2025-10-31 12:47:07+00:00,2025-11-01 02:24:03+00:00
CISO,2025-11-01,2025-11-01 14:12:16+00:00,2025-11-02 00:58:52+00:00,2025-11-01 19:35:34+00:00,38796,2025-11-01 13:47:26+00:00,2025-11-02 01:23:41+00:00,2025-11-01 13:17:31+00:00,2025-11-02 01:53:37+00:00,2025-11-01 12:47:56+00:00,2025-11-02 02:23:11+00:00
CISO,2025-11-02,2025-11-02 14:13:12+00:00,2025-11-03 00:57:54+00:00,2025-11-02 19:35:33+00:00,38682,2025-11-02 13:48:20+00:00,2025-11-03 01:22:46+00:00,2025-11-02 13:18:21+00:00,2025-11-03 01:52:45+00:00,2025-11-02 12:48:46+00:00,2025-11-03 02:22:20+00:00
CISO,2025-11-03,2025-11-03 14:14:08+00:00,2025-11-04 00:56:58+00:00,2025-11-03 19:35:33+00:00,38570,2025-11-03 13:49:13+00:00,2025-11-04 01:21:53+00:00,2025-11-03 13:19:12+00:00,2025-11-04 01:51:54+00:00,2025-11-03 12:49:35+00:00,2025-11-04 02:21:31+00:00
CISO,2025-11-04,2025-11-04 14:15:05+00:00,2025-11-05 00:56:03+00:00,2025-11-04 19:35:34+00:00,38458,2025-11-04 13:50:07+00:00,2025-11-05 01:21:01+00:00,2025-11-04 13:20:04+00:00,2025-11-05 01:51:05+00:00,2025-11-04 12:50:24+00:00,2025-11-05 02:20:44+00:00
CISO,2025-11-05,2025-11-05 14:16:02+00:00,2025-11-06 00:55:10+00:00,2025-11-05 19:35:36+00:00,38348,2025-11-05 13:51:01+00:00,2025-11-06 01:20:11+00:00,2025-11-05 13:20:55+00:00,2025-11-06 01:50:17+00:00,2025-11-05 12:51:14+00:00,2025-11-06 02:19:58+00:00
CISO,2025-11-06,2025-11-06 14:16:59+00:00,2025-11-07 00:54:18+00:00,2025-11-06 19:35:39+00:00,38239,2025-11-06 13:51:55+00:00,2025-11-07 01:19:22+00:00,2025-11-06 13:21:47+00:00,2025-11-07 01:49:31+00:00,2025-11-06 12:52:04+00:00,2025-11-07 02:19:14+00:00
CISO,2025-11-07,2025-11-07 14:17:57+00:00,2025-11-08 00:53:28+00:00,2025-11-07 19:35:42+00:00,38131,2025-11-07 13:52:50+00:00,2025-11-08 01:18:34+00:00,2025-11-07 13:22:38+00:00,2025-11-08 01:48:46+00:00,2025-11-07 12:52:53+00:00,2025-11-08 02:18:31+00:00
CISO,2025-11-08,2025-11-08 14:18:54+00:00,2025-11-09 00:52:39+00:00,2025-11-08 19:35:47+00:00,38025,2025-11-08 13:53:45+00:00,2025-11-09 01:17:49+00:00,2025-11-08 13:23:30+00:00,2025-11-09 01:48:03+00:00,2025-11-08 12:53:43+00:00,2025-11-09 02:17:50+00:00
CISO,2025-11-09,2025-11-09 14:19:52+00:00,2025-11-10 00:51:51+00:00,2025-11-09 19:35:52+00:00,37919,2025-11-09 13:54:39+00:00,2025-11-10 01:17:04+00:00,2025-11-09 13:24:22+00:00,2025-11-10 01:47:21+00:00,2025-11-09 12:54:33+00:00,2025-11-10 02:17:10+00:00
CISO,2025-11-10,2025-11-10 14:20:50+00:00,2025-11-11 00:51:06+00:00,2025-11-10 19:35:58+00:00,37816,2025-11-10 13:55:34+00:00,2025-11-11 01:16:21+00:00,2025-11-10 13:25:14+00:00,2025-11-11 01:46:42+00:00,2025-11-10 12:55:23+00:00,2025-11-11 02:16:32+00:00
CISO,2025-11-11,2025-11-11 14:21:48+00:00,2025-11-12 00:50:21+00:00,2025-11-11 19:36:05+00:00,37713,2025-11-11 13:56:29+00:00,2025-11-12 01:15:40+00:00,2025-11-11 13:26:06+00:00,2025-11-12 01:46:03+00:00,2025-11-11 12:56:13+00:00,2025-11-12 02:15:56+00:00
CISO,2025-11-12,2025-11-12 14:22:46+00:00,2025-11-13 00:49:39+00:00,2025-11-12 19:36:12+00:00,37613,2025-11-12 13:57:24+00:00,2025-11-13 01:15:01+00:00,2025-11-12 13:26:58+00:00,2025-11-13 01:45:27+00:00,2025-11-12 12:57:03+00:00,2025-11-13 02:15:22+00:00
CISO,2025-11-13,2025-11-13 14:23:44+00:00,2025-11-14 00:48:58+00:00,2025-11-13 19:36:21+00:00,37514,2025-11-13 13:58:19+00:00,2025-11-14 01:14:23+00:00,2025-11-13 13:27:50+00:00,2025-11-14 01:44:52+00:00,2025-11-13 12:57:53+00:00,2025-11-14 02:14:49+00:00
CISO,2025-11-14,2025-11-14 14:24:42+00:00,2025-11-15 00:48:18+00:00,2025-11-14 19:36:30+00:00,37416,2025-11-14 13:59:14+00:00,2025-11-15 01:13:47+00:00,2025-11-14 13:28:42+00:00,2025-11-15 01:44:18+00:00,2025-11-14 12:58:43+00:00,2025-11-15 02:14:18+00:00
CISO,2025-11-15,2025-11-15 14:25:41+00:00,2025-11-16 00:47:41+00:00,2025-11-15 19:36:41+00:00,37320,2025-11-15 14:00:09+00:00,2025-11-16 01:13:12+00:00,2025-11-15 13:29:35+00:00,2025-11-16 01:43:47+00:00,2025-11-15 12:59:33+00:00,2025-11-16 02:13:48+00:00
CISO,2025-11-16,2025-11-16 14:26:39+00:00,2025-11-17 00:47:05+00:00,2025-11-16 19:36:52+00:00,37226,2025-11-16 14:01:04+00:00,2025-11-17 01:12:39+00:00,2025-11-16 13:30:27+00:00,2025-11-17 01:43:17+00:00,2025-11-16 13:00:23+00:00,2025-11-17 02:13:21+00:00
CISO,2025-11-17,2025-11-17 14:27:37+00:00,2025-11-18 00:46:31+00:00,2025-11-17 19:37:04+00:00,37134,2025-11-17 14:01:59+00:00,2025-11-18 01:12:08+00:00,2025-11-17 13:31:19+00:00,2025-11-18 01:42:49+00:00,2025-11-17 13:01:13+00:00,2025-11-18 02:12:54+00:00
CISO,2025-11-18,2025-11-18 14:28:35+00:00,2025-11-19 00:45:58+00:00,2025-11-18 19:37:17+00:00,37043,2025-11-18 14:02:54+00:00,2025-11-19 01:11:39+00:00,2025-11-18 13:32:11+00:00,2025-11-19 01:42:22+00:00,2025-11-18 13:02:03+00:00,2025-11-19 02:12:30+00:00
CISO,2025-11-19,2025-11-19 14:29:33+00:00,2025-11-20 00:45:28+00:00,2025-11-19 19:37:30+00:00,36955,2025-11-19 14:03:49+00:00,2025-11-20 01:11:11+00:00,2025-11-19 13:33:03+00:00,2025-11-20 01:41:58+00:00,2025-11-19 13:02:53+00:00,2025-11-20 02:12:08+00:00
CISO,2025-11-20,2025-11-20 14:30:30+00:00,2025-11-21 00:44:59+00:00,2025-11-20 19:37:45+00:00,36869,2025-11-20 14:04:44+00:00,2025-11-21 01:10:45+00:00,2025-11-20 13:33:55+00:00,2025-11-21 01:41:35+00:00,2025-11-20 13:03:42+00:00,2025-11-21 02:11:47+00:00
CISO,2025-11-21,2025-11-21 14:31:28+00:00,2025-11-22 00:44:32+00:00,2025-11-21 19:38:00+00:00,36784,2025-11-21 14:05:38+00:00,2025-11-22 01:10:21+00:00,2025-11-21 13:34:46+00:00,2025-11-22 01:41:13+00:00,2025-11-21 13:04:32+00:00,2025-11-22 02:11:28+00:00
CISO,2025-11-22,2025-11-22 14:32:25+00:00,2025-11-23 00:44:07+00:00,2025-11-22 19:38:16+00:00,36702,2025-11-22 14:06:33+00:00,2025-11-23 01:09:59+00:00,2025-11-22 13:35:38+00:00,2025-11-23 01:40:54+00:00,2025-11-22 13:05:21+00:00,2025-11-23 02:11:10+00:00
CISO,2025-11-23,2025-11-23 14:33:22+00:00,2025-11-24 00:43:44+00:00,2025-11-23 19:38:33+00:00,36622,2025-11-23 14:07:27+00:00,2025-11-24 01:09:39+00:00,2025-11-23 13:36:29+00:00,2025-11-24 01:40:36+00:00,2025-11-23 13:06:10+00:00,2025-11-24 02:10:55+00:00
CISO,2025-11-24,2025-11-24 14:34:18+00:00,2025-11-25 00:43:22+00:00,2025-11-24 19:38:50+00:00,36544,2025-11-24 14:08:20+00:00,2025-11-25 01:09:20+00:00,2025-11-24 13:37:20+00:00,2025-11-25 01:40:20+00:00,2025-11-24 13:06:59+00:00,2025-11-25 02:10:41+00:00
CISO,2025-11-25,2025-11-25 14:35:15+00:00,2025-11-26 00:43:03+00:00,2025-11-25 19:39:09+00:00,36468,2025-11-25 14:09:14+00:00,2025-11-26 01:09:03+00:00,2025-11-25 13:38:11+00:00,2025-11-26 01:40:06+00:00,2025-11-25 13:07:48+00:00,2025-11-26 02:10:29+00:00
CISO,2025-11-26,2025-11-26 14:36:10+00:00,2025-11-27 00:42:45+00:00,2025-11-26 19:39:28+00:00,36395,2025-11-26 14:10:07+00:00,2025-11-27 01:08:49+00:00,2025-11-26 13:39:01+00:00,2025-11-27 01:39:54+00:00,2025-11-26 13:08:37+00:00,2025-11-27 02:10:19+00:00
CISO,2025-11-27,2025-11-27 14:37:06+00:00,2025-11-28 00:42:29+00:00,2025-11-27 19:39:48+00:00,36323,2025-11-27 14:11:00+00:00,2025-11-28 01:08:35+00:00,2025-11-27 13:39:51+00:00,2025-11-28 01:39:44+00:00,2025-11-27 13:09:25+00:00,2025-11-28 02:10:10+00:00
CISO,2025-11-28,2025-11-28 14:38:00+00:00,2025-11-29 00:42:16+00:00,2025-11-28 19:40:08+00:00,36256,2025-11-28 14:11:52+00:00,2025-11-29 01:08:24+00:00,2025-11-28 13:40:41+00:00,2025-11-29 01:39:35+00:00,2025-11-28 13:10:12+00:00,2025-11-29 02:10:04+00:00
CISO,2025-11-29,2025-11-29 14:38:55+00:00,2025-11-30 00:42:04+00:00,2025-11-29 19:40:29+00:00,36189,2025-11-29 14:12:43+00:00,2025-11-30 01:08:15+00:00,2025-11-29 13:41:30+00:00,2025-11-30 01:39:28+00:00,2025-11-29 13:11:00+00:00,2025-11-30 02:09:59+00:00
CISO,2025-11-30,2025-11-30 14:39:48+00:00,2025-12-01 00:41:54+00:00,2025-11-30 19:40:51+00:00,36126,2025-11-30 14:13:35+00:00,2025-12-01 01:08:08+00:00,2025-11-30 13:42:19+00:00,2025-12-01 01:39:23+00:00,2025-11-30 13:11:47+00:00,2025-12-01 02:09:55+00:00
CISO,2025-12-01,2025-12-01 14:40:41+00:00,2025-12-02 00:41:46+00:00,2025-12-01 19:41:14+00:00,36065,2025-12-01 14:14:25+00:00,2025-12-02 01:08:02+00:00,2025-12-01 13:43:08+00:00,2025-12-02 01:39:20+00:00,2025-12-01 13:12:33+00:00,2025-12-02 02:09:54+00:00
CISO,2025-12-02,2025-12-02 14:41:34+00:00,2025-12-03 00:41:40+00:00,2025-12-02 19:41:37+00:00,36006,2025-12-02 14:15:15+00:00,2025-12-03 01:07:58+00:00,2025-12-02 13:43:55+00:00,2025-12-03 01:39:18+00:00,2025-12-02 13:13:20+00:00,2025-12-03 02:09:54+00:00
CISO,2025-12-03,2025-12-03 14:42:25+00:00,2025-12-04 00:41:36+00:00,2025-12-03 19:42:01+00:00,35951,2025-12-03 14:16:05+00:00,2025-12-04 01:07:56+00:00,2025-12-03 13:44:43+00:00,2025-12-04 01:39:19+00:00,2025-12-03 13:14:05+00:00,2025-12-04 02:09:56+00:00
CISO,2025-12-04,2025-12-04 14:43:16+00:00,2025-12-05 00:41:34+00:00,2025-12-04 19:42:25+00:00,35898,2025-12-04 14:16:53+00:00,2025-12-05 01:07:56+00:00,2025-12-04 13:45:29+00:00,2025-12-05 01:39:21+00:00,2025-12-04 13:14:50+00:00,2025-12-05 02:10:00+00:00
CISO,2025-12-05,2025-12-05 14:44:06+00:00,2025-12-06 00:41:34+00:00,2025-12-05 19:42:50+00:00,35848,2025-12-05 14:17:41+00:00,2025-12-06 01:07:58+00:00,2025-12-05 13:46:15+00:00,2025-12-06 01:39:24+00:00,2025-12-05 13:15:35+00:00,2025-12-06 02:10:05+00:00
CISO,2025-12-06,2025-12-06 14:44:55+00:00,2025-12-07 00:41:36+00:00,2025-12-06 19:43:15+00:00,35801,2025-12-06 14:18:28+00:00,2025-12-07 01:08:02+00:00,2025-12-06 13:47:01+00:00,2025-12-07 01:39:30+00:00,2025-12-06 13:16:19+00:00,2025-12-07 02:10:12+00:00
CISO,2025-12-07,2025-12-07 14:45:43+00:00,2025-12-08 00:41:39+00:00,2025-12-07 19:43:41+00:00,35756,2025-12-07 14:19:15+00:00,2025-12-08 01:08:07+00:00,2025-12-07 13:47:45+00:00,2025-12-08 01:39:37+00:00,2025-12-07 13:17:02+00:00,2025-12-08 02:10:21+00:00
CISO,2025-12-08,2025-12-08 14:46:30+00:00,2025-12-09 00:41:45+00:00,2025-12-08 19:44:08+00:00,35715,2025-12-08 14:20:00+00:00,2025-12-09 01:08:15+00:00,2025-12-08 13:48:29+00:00,2025-12-09 01:39:46+00:00,2025-12-08 13:17:44+00:00,2025-12-09 02:10:31+00:00
CISO,2025-12-09,2025-12-09 14:47:16+00:00,2025-12-10 00:41:53+00:00,2025-12-09 19:44:34+00:00,35677,2025-12-09 14:20:45+00:00,2025-12-10 01:08:24+00:00,2025-12-09 13:49:12+00:00,2025-12-10 01:39:57+00:00,2025-12-09 13:18:26+00:00,2025-12-10 02:10:43+00:00
CISO,2025-12-10,2025-12-10 14:48:01+00:00,2025-12-11 00:42:02+00:00,2025-12-10 19:45:02+00:00,35641,2025-12-10 14:21:28+00:00,2025-12-11 01:08:35+00:00,2025-12-10 13:49:54+00:00,2025-12-11 01:40:09+00:00,2025-12-10 13:19:07+00:00,2025-12-11 02:10:56+00:00
CISO,2025-12-11,2025-12-11 14:48:45+00:00,2025-12-12 00:42:14+00:00,2025-12-11 19:45:29+00:00,35609,2025-12-11 14:22:11+00:00,2025-12-12 01:08:48+00:00,2025-12-11 13:50:35+00:00,2025-12-12 01:40:23+00:00,2025-12-11 13:19:47+00:00,2025-12-12 02:11:11+00:00
CISO,2025-12-12,2025-12-12 14:49:28+00:00,2025-12-13 00:42:27+00:00,2025-12-12 19:45:57+00:00,35579,2025-12-12 14:22:52+00:00,2025-12-13 01:09:02+00:00,2025-12-12 13:51:16+00:00,2025-12-13 01:40:39+00:00,2025-12-12 13:20:27+00:00,2025-12-13 02:11:28+00:00
CISO,2025-12-13,2025-12-13 14:50:09+00:00,2025-12-14 00:42:42+00:00,2025-12-13 19:46:26+00:00,35553,2025-12-13 14:23:33+00:00,2025-12-14 01:09:19+00:00,2025-12-13 13:51:55+00:00,2025-12-14 01:40:56+00:00,2025-12-13 13:21:05+00:00,2025-12-14 02:11:46+00:00
CISO,2025-12-14,2025-12-14 14:50:50+00:00,2025-12-15 00:42:59+00:00,2025-12-14 19:46:54+00:00,35529,2025-12-14 14:24:12+00:00,2025-12-15 01:09:37+00:00,2025-12-14 13:52:33+00:00,2025-12-15 01:41:15+00:00,2025-12-14 13:21:43+00:00,2025-12-15 02:12:06+00:00
CISO,2025-12-15,2025-12-15 14:51:29+00:00,2025-12-16 00:43:18+00:00,2025-12-15 19:47:23+00:00,35509,2025-12-15 14:24:50+00:00,2025-12-16 01:09:56+00:00,2025-12-15 13:53:11+00:00,2025-12-16 01:41:36+00:00,2025-12-15 13:22:20+00:00,2025-12-16 02:12:27+00:00
CISO,2025-12-16,2025-12-16 14:52:06+00:00,2025-12-17 00:43:39+00:00,2025-12-16 19:47:53+00:00,35493,2025-12-16 14:25:27+00:00,2025-12-17 01:10:18+00:00,2025-12-16 13:53:47+00:00,2025-12-17 01:41:58+00:00,2025-12-16 13:22:55+00:00,2025-12-17 02:12:50+00:00
CISO,2025-12-17,2025-12-17 14:52:42+00:00,2025-12-18 00:44:01+00:00,2025-12-17 19:48:22+00:00,35479,2025-12-17 14:26:03+00:00,2025-12-18 01:10:41+00:00,2025-12-17 13:54:22+00:00,2025-12-18 01:42:22+00:00,2025-12-17 13:23:30+00:00,2025-12-18 02:13:14+00:00
CISO,2025-12-18,2025-12-18 14:53:17+00:00,2025-12-19 00:44:25+00:00,2025-12-18 19:48:51+00:00,35468,2025-12-18 14:26:37+00:00,2025-12-19 01:11:05+00:00,2025-12-18 13:54:56+00:00,2025-12-19 01:42:47+00:00,2025-12-18 13:24:04+00:00,2025-12-19 02:13:39+00:00
CISO,2025-12-19,2025-12-19 14:53:51+00:00,2025-12-20 00:44:51+00:00,2025-12-19 19:49:21+00:00,35460,2025-12-19 14:27:10+00:00,2025-12-20 01:11:32+00:00,2025-12-19 13:55:29+00:00,2025-12-20 01:43:13+00:00,2025-12-19 13:24:36+00:00,2025-12-20 02:14:06+00:00
CISO,2025-12-20,2025-12-20 14:54:22+00:00,2025-12-21 00:45:19+00:00,2025-12-20 19:49:51+00:00,35457,2025-12-20 14:27:42+00:00,2025-12-21 01:12:00+00:00,2025-12-20 13:56:00+00:00,2025-12-21 01:43:41+00:00,2025-12-20 13:25:07+00:00,2025-12-21 02:14:34+00:00
CISO,2025-12-21,2025-12-21 14:54:53+00:00,2025-12-22 00:45:48+00:00,2025-12-21 19:50:21+00:00,35455,2025-12-21 14:28:12+00:00,2025-12-22 01:12:29+00:00,2025-12-21 13:56:30+00:00,2025-12-22 01:44:11+00:00,2025-12-21 13:25:38+00:00,2025-12-22 02:15:04+00:00
CISO,2025-12-22,2025-12-22 14:55:21+00:00,2025-12-23 00:46:19+00:00,2025-12-22 19:50:50+00:00,35458,2025-12-22 14:28:41+00:00,2025-12-23 01:13:00+00:00,2025-12-22 13:56:59+00:00,2025-12-23 01:44:42+00:00,2025-12-22 13:26:07+00:00,2025-12-23 02:15:34+00:00
CISO,2025-12-23,2025-12-23 14:55:48+00:00,2025-12-24 00:46:52+00:00,2025-12-23 19:51:20+00:00,35464,2025-12-23 14:29:08+00:00,2025-12-24 01:13:32+00:00,2025-12-23 13:57:27+00:00,2025-12-24 01:45:14+00:00,2025-12-23 13:26:34+00:00,2025-12-24 02:16:06+00:00
CISO,2025-12-24,2025-12-24 14:56:14+00:00,2025-12-25 00:47:26+00:00,2025-12-24 19:51:50+00:00,35472,2025-12-24 14:29:34+00:00,2025-12-25 01:14:06+00:00,2025-12-24 13:57:53+00:00,2025-12-25 01:45:47+00:00,2025-12-24 13:27:01+00:00,2025-12-25 02:16:39+00:00
CISO,2025-12-25,2025-12-25 14:56:38+00:00,2025-12-26 00:48:02+00:00,2025-12-25 19:52:20+00:00,35484,2025-12-25 14:29:58+00:00,2025-12-26 01:14:41+00:00,2025-12-25 13:58:18+00:00,2025-12-26 01:46:22+00:00,2025-12-25 13:27:26+00:00,2025-12-26 02:17:14+00:00
CISO,2025-12-26,2025-12-26 14:57:00+00:00,2025-12-27 00:48:39+00:00,2025-12-26 19:52:49+00:00,35499,2025-12-26 14:30:21+00:00,2025-12-27 01:15:18+00:00,2025-12-26 13:58:41+00:00,2025-12-27 01:46:58+00:00,2025-12-26 13:27:50+00:00,2025-12-27 02:17:49+00:00
CISO,2025-12-27,2025-12-27 14:57:20+00:00,2025-12-28 00:49:18+00:00,2025-12-27 19:53:19+00:00,35518,2025-12-27 14:30:42+00:00,2025-12-28 01:15:55+00:00,2025-12-27 13:59:03+00:00,2025-12-28 01:47:35+00:00,2025-12-27 13:28:12+00:00,2025-12-28 02:18:26+00:00
CISO,2025-12-28,2025-12-28 14:57:39+00:00,2025-12-29 00:49:58+00:00,2025-12-28 19:53:48+00:00,35539,2025-12-28 14:31:02+00:00,2025-12-29 01:16:35+00:00,2025-12-28 13:59:23+00:00,2025-12-29 01:48:13+00:00,2025-12-28 13:28:33+00:00,2025-12-29 02:19:03+00:00
CISO,2025-12-29,2025-12-29 14:57:55+00:00,2025-12-30 00:50:39+00:00,2025-12-29 19:54:17+00:00,35564,2025-12-29 14:31:20+00:00,2025-12-30 01:17:15+00:00,2025-12-29 13:59:42+00:00,2025-12-30 01:48:52+00:00,2025-12-29 13:28:53+00:00,2025-12-30 02:19:42+00:00
CISO,2025-12-30,2025-12-30 14:58:10+00:00,2025-12-31 00:51:22+00:00,2025-12-30 19:54:46+00:00,35592,2025-12-30 14:31:36+00:00,2025-12-31 01:17:57+00:00,2025-12-30 13:59:59+00:00,2025-12-31 01:49:33+00:00,2025-12-30 13:29:11+00:00,2025-12-31 02:20:21+00:00
CISO,2025-12-31,2025-12-31 14:58:24+00:00,2026-01-01 00:52:06+00:00,2025-12-31 19:55:15+00:00,35622,2025-12-31 14:31:50+00:00,2026-01-01 01:18:39+00:00,2025-12-31 14:00:15+00:00,2026-01-01 01:50:14+00:00,2025-12-31 13:29:28+00:00,2026-01-01 02:21:02+00:00
CISO,2026-01-01,2026-01-01 14:58:35+00:00,2026-01-02 00:52:51+00:00,2026-01-01 19:55:43+00:00,35656,2026-01-01 14:32:03+00:00,2026-01-02 01:19:23+00:00,2026-01-01 14:00:29+00:00,2026-01-02 01:50:57+00:00,2026-01-01 13:29:43+00:00,2026-01-02 02:21:43+00:00
CISO,2026-01-02,2026-01-02 14:58:44+00:00,2026-01-03 00:53:37+00:00,2026-01-02 19:56:11+00:00,35693,2026-01-02 14:32:14+00:00,2026-01-03 01:20:08+00:00,2026-01-02 14:00:42+00:00,2026-01-03 01:51:40+00:00,2026-01-02 13:29:56+00:00,2026-01-03 02:22:25+00:00
CISO,2026-01-03,2026-01-03 14:58:52+00:00,2026-01-04 00:54:25+00:00,2026-01-03 19:56:38+00:00,35733,2026-01-03 14:32:23+00:00,2026-01-04 01:20:54+00:00,2026-01-03 14:00:52+00:00,2026-01-04 01:52:24+00:00,2026-01-03 13:30:08+00:00,2026-01-04 02:23:09+00:00
CISO,2026-01-04,2026-01-04 14:58:58+00:00,2026-01-05 00:55:13+00:00,2026-01-04 19:57:06+00:00,35775,2026-01-04 14:32:31+00:00,2026-01-05 01:21:41+00:00,2026-01-04 14:01:02+00:00,2026-01-05 01:53:10+00:00,2026-01-04 13:30:19+00:00,2026-01-05 02:23:52+00:00
CISO,2026-01-05,2026-01-05 14:59:02+00:00,2026-01-06 00:56:03+00:00,2026-01-05 19:57:32+00:00,35821,2026-01-05 14:32:36+00:00,2026-01-06 01:22:29+00:00,2026-01-05 14:01:09+00:00,2026-01-06 01:53:56+00:00,2026-01-05 13:30:28+00:00,2026-01-06 02:24:37+00:00
CISO,2026-01-06,2026-01-06 14:59:03+00:00,2026-01-07 00:56:54+00:00,2026-01-06 19:57:59+00:00,35871,2026-01-06 14:32:40+00:00,2026-01-07 01:23:17+00:00,2026-01-06 14:01:15+00:00,2026-01-07 01:54:42+00:00,2026-01-06 13:30:35+00:00,2026-01-07 02:25:22+00:00
CISO,2026-01-07,2026-01-07 14:59:04+00:00,2026-01-08 00:57:45+00:00,2026-01-07 19:58:24+00:00,35921,2026-01-07 14:32:42+00:00,2026-01-08 01:24:07+00:00,2026-01-07 14:01:19+00:00,2026-01-08 01:55:30+00:00,2026-01-07 13:30:41+00:00,2026-01-08 02:26:08+00:00
CISO,2026-01-08,2026-01-08 14:59:02+00:00,2026-01-09 00:58:38+00:00,2026-01-08 19:58:50+00:00,35976,2026-01-08 14:32:42+00:00,2026-01-09 01:24:57+00:00,2026-01-08 14:01:21+00:00,2026-01-09 01:56:18+00:00,2026-01-08 13:30:45+00:00,2026-01-09 02:26:55+00:00
CISO,2026-01-09,2026-01-09 14:58:58+00:00,2026-01-10 00:59:31+00:00,2026-01-09 19:59:15+00:00,36033,2026-01-09 14:32:41+00:00,2026-01-10 01:25:48+00:00,2026-01-09 14:01:22+00:00,2026-01-10 01:57:07+00:00,2026-01-09 13:30:47+00:00,2026-01-10 02:27:42+00:00
CISO,2026-01-10,2026-01-10 14:58:52+00:00,2026-01-11 01:00:25+00:00,2026-01-10 19:59:39+00:00,36093,2026-01-10 14:32:38+00:00,2026-01-11 01:26:40+00:00,2026-01-10 14:01:21+00:00,2026-01-11 01:57:57+00:00,2026-01-10 13:30:48+00:00,2026-01-11 02:28:30+00:00
CISO,2026-01-11,2026-01-11 14:58:45+00:00,2026-01-12 01:01:20+00:00,2026-01-11 20:00:02+00:00,36155,2026-01-11 14:32:32+00:00,2026-01-12 01:27:32+00:00,2026-01-11 14:01:18+00:00,2026-01-12 01:58:47+00:00,2026-01-11 13:30:46+00:00,2026-01-12 02:29:18+00:00
CISO,2026-01-12,2026-01-12 14:58:35+00:00,2026-01-13 01:02:16+00:00,2026-01-12 20:00:25+00:00,36221,2026-01-12 14:32:25+00:00,2026-01-13 01:28:26+00:00,2026-01-12 14:01:13+00:00,2026-01-13 01:59:38+00:00,2026-01-12 13:30:44+00:00,2026-01-13 02:30:07+00:00
CISO,2026-01-13,2026-01-13 14:58:24+00:00,2026-01-14 01:03:12+00:00,2026-01-13 20:00:48+00:00,36288,2026-01-13 14:32:16+00:00,2026-01-14 01:29:19+00:00,2026-01-13 14:01:07+00:00,2026-01-14 02:00:29+00:00,2026-01-13 13:30:39+00:00,2026-01-14 02:30:57+00:00
CISO,2026-01-14,2026-01-14 14:58:10+00:00,2026-01-15 01:04:09+00:00,2026-01-14 20:01:10+00:00,36359,2026-01-14 14:32:06+00:00,2026-01-15 01:30:14+00:00,2026-01-14 14:00:59+00:00,2026-01-15 02:01:20+00:00,2026-01-14 13:30:33+00:00,2026-01-15 02:31:46+00:00
CISO,2026-01-15,2026-01-15 14:57:55+00:00,2026-01-16 01:05:07+00:00,2026-01-15 20:01:31+00:00,36432,2026-01-15 14:31:53+00:00,2026-01-16 01:31:08+00:00,2026-01-15 14:00:49+00:00,2026-01-16 02:02:13+00:00,2026-01-15 13:30:25+00:00,2026-01-16 02:32:36+00:00
CISO,2026-01-16,2026-01-16 14:57:38+00:00,2026-01-17 01:06:04+00:00,2026-01-16 20:01:51+00:00,36506,2026-01-16 14:31:39+00:00,2026-01-17 01:32:03+00:00,2026-01-16 14:00:37+00:00,2026-01-17 02:03:05+00:00,2026-01-16 13:30:16+00:00,2026-01-17 02:33:27+00:00
CISO,2026-01-17,2026-01-17 14:57:19+00:00,2026-01-18 01:07:03+00:00,2026-01-17 20:02:11+00:00,36584,2026-01-17 14:31:23+00:00,2026-01-18 01:32:59+00:00,2026-01-17 14:00:24+00:00,2026-01-18 02:03:58+00:00,2026-01-17 13:30:04+00:00,2026-01-18 02:34:18+00:00
CISO,2026-01-18,2026-01-18 14:56:58+00:00,2026-01-19 01:08:02+00:00,2026-01-18 20:02:30+00:00,36664,2026-01-18 14:31:05+00:00,2026-01-19 01:33:55+00:00,2026-01-18 14:00:09+00:00,2026-01-19 02:04:51+00:00,2026-01-18 13:29:51+00:00,2026-01-19 02:35:09+00:00
CISO,2026-01-19,2026-01-19 14:56:36+00:00,2026-01-20 01:09:01+00:00,2026-01-19 20:02:48+00:00,36745,2026-01-19 14:30:45+00:00,2026-01-20 01:34:51+00:00,2026-01-19 13:59:52+00:00,2026-01-20 02:05:45+00:00,2026-01-19 13:29:36+00:00,2026-01-20 02:36:00+00:00
CISO,2026-01-20,2026-01-20 14:56:11+00:00,2026-01-21 01:10:01+00:00,2026-01-20 20:03:06+00:00,36830,2026-01-20 14:30:24+00:00,2026-01-21 01:35:48+00:00,2026-01-20 13:59:33+00:00,2026-01-21 02:06:39+00:00,2026-01-20 13:29:20+00:00,2026-01-21 02:36:52+00:00
CISO,2026-01-21,2026-01-21 14:55:45+00:00,2026-01-22 01:11:01+00:00,2026-01-21 20:03:23+00:00,36916,2026-01-21 14:30:00+00:00,2026-01-22 01:36:45+00:00,2026-01-21 13:59:13+00:00,2026-01-22 02:07:33+00:00,2026-01-21 13:29:02+00:00,2026-01-22 02:37:44+00:00
CISO,2026-01-22,2026-01-22 14:55:17+00:00,2026-01-23 01:12:01+00:00,2026-01-22 20:03:39+00:00,37004,2026-01-22 14:29:35+00:00,2026-01-23 01:37:42+00:00,2026-01-22 13:58:51+00:00,2026-01-23 02:08:27+00:00,2026-01-22 13:28:42+00:00,2026-01-23 02:38:36+00:00
CISO,2026-01-23,2026-01-23 14:54:47+00:00,2026-01-24 01:13:01+00:00,2026-01-23 20:03:54+00:00,37094,2026-01-23 14:29:08+00:00,2026-01-24 01:38:39+00:00,2026-01-23 13:58:27+00:00,2026-01-24 02:09:21+00:00,2026-01-23 13:28:20+00:00,2026-01-24 02:39:28+00:00
CISO,2026-01-24,2026-01-24 14:54:15+00:00,2026-01-25 01:14:02+00:00,2026-01-24 20:04:08+00:00,37187,2026-01-24 14:28:40+00:00,2026-01-25 01:39:37+00:00,2026-01-24 13:58:01+00:00,2026-01-25 02:10:16+00:00,2026-01-24 13:27:56+00:00,2026-01-25 02:40:20+00:00
CISO,2026-01-25,2026-01-25 14:53:42+00:00,2026-01-26 01:15:02+00:00,2026-01-25 20:04:22+00:00,37280,2026-01-25 14:28:10+00:00,2026-01-26 01:40:35+00:00,2026-01-25 13:57:34+00:00,2026-01-26 02:11:11+00:00,2026-01-25 13:27:31+00:00,2026-01-26 02:41:13+00:00
CISO,2026-01-26,2026-01-26 14:53:07+00:00,2026-01-27 01:16:03+00:00,2026-01-26 20:04:35+00:00,37376,2026-01-26 14:27:38+00:00,2026-01-27 01:41:32+00:00,2026-01-26 13:57:05+00:00,2026-01-27 02:12:05+00:00,2026-01-26 13:27:04+00:00,2026-01-27 02:42:06+00:00
CISO,2026-01-27,2026-01-27 14:52:30+00:00,2026-01-28 01:17:04+00:00,2026-01-27 20:04:47+00:00,37474,2026-01-27 14:27:04+00:00,2026-01-28 01:42:30+00:00,2026-01-27 13:56:34+00:00,2026-01-28 02:13:00+00:00,2026-01-27 13:26:36+00:00,2026-01-28 02:42:58+00:00
CISO,2026-01-28,2026-01-28 14:51:52+00:00,2026-01-29 01:18:05+00:00,2026-01-28 20:04:58+00:00,37573,2026-01-28 14:26:29+00:00,2026-01-29 01:43:28+00:00,2026-01-28 13:56:02+00:00,2026-01-29 02:13:55+00:00,2026-01-28 13:26:06+00:00,2026-01-29 02:43:51+00:00
CISO,2026-01-29,2026-01-29 14:51:11+00:00,2026-01-30 01:19:06+00:00,2026-01-29 20:05:09+00:00,37675,2026-01-29 14:25:52+00:00,2026-01-30 01:44:26+00:00,2026-01-29 13:55:28+00:00,2026-01-30 02:14:50+00:00,2026-01-29 13:25:34+00:00,2026-01-30 02:44:44+00:00
CISO,2026-01-30,2026-01-30 14:50:30+00:00,2026-01-31 01:20:07+00:00,2026-01-30 20:05:18+00:00,37777,2026-01-30 14:25:13+00:00,2026-01-31 01:45:24+00:00,2026-01-30 13:54:52+00:00,2026-01-31 02:15:45+00:00,2026-01-30 13:25:00+00:00,2026-01-31 02:45:37+00:00
CISO,2026-01-31,2026-01-31 14:49:46+00:00,2026-02-01 01:21:08+00:00,2026-01-31 20:05:27+00:00,37882,2026-01-31 14:24:33+00:00,2026-02-01 01:46:22+00:00,2026-01-31 13:54:15+00:00,2026-02-01 02:16:40+00:00,2026-01-31 13:24:25+00:00,2026-02-01 02:46:30+00:00
CISO,2026-02-01,2026-02-01 14:49:02+00:00,2026-02-02 01:22:09+00:00,2026-02-01 20:05:35+00:00,37987,2026-02-01 14:23:51+00:00,2026-02-02 01:47:19+00:00,2026-02-01 13:53:36+00:00,2026-02-02 02:17:35+00:00,2026-02-01 13:23:48+00:00,2026-02-02 02:47:22+00:00
CISO,2026-02-02,2026-02-02 14:48:15+00:00,2026-02-03 01:23:10+00:00,2026-02-02 20:05:42+00:00,38095,2026-02-02 14:23:08+00:00,2026-02-03 01:48:17+00:00,2026-02-02 13:52:55+00:00,2026-02-03 02:18:30+00:00,2026-02-02 13:23:10+00:00,2026-02-03 02:48:15+00:00
CISO,2026-02-03,2026-02-03 14:47:27+00:00,2026-02-04 01:24:10+00:00,2026-02-03 20:05:49+00:00,38203,2026-02-03 14:22:23+00:00,2026-02-04 01:49:15+00:00,2026-02-03 13:52:13+00:00,2026-02-04 02:19:25+00:00,2026-02-03 13:22:30+00:00,2026-02-04 02:49:08+00:00
CISO,2026-02-04,2026-02-04 14:46:38+00:00,2026-02-05 01:25:11+00:00,2026-02-04 20:05:54+00:00,38313,2026-02-04 14:21:37+00:00,2026-02-05 01:50:12+00:00,2026-02-04 13:51:30+00:00,2026-02-05 02:20:19+00:00,2026-02-04 13:21:48+00:00,2026-02-05 02:50:01+00:00
CISO,2026-02-05,2026-02-05 14:45:47+00:00,2026-02-06 01:26:11+00:00,2026-02-05 20:05:59+00:00,38424,2026-02-05 14:20:49+00:00,2026-02-06 01:51:10+00:00,2026-02-05 13:50:44+00:00,2026-02-06 02:21:14+00:00,2026-02-05 13:21:05+00:00,2026-02-06 02:50:54+00:00
CISO,2026-02-06,2026-02-06 14:44:55+00:00,2026-02-07 01:27:11+00:00,2026-02-06 20:06:03+00:00,38536,2026-02-06 14:19:59+00:00,2026-02-07 01:52:07+00:00,2026-02-06 13:49:58+00:00,2026-02-07 02:22:09+00:00,2026-02-06 13:20:20+00:00,2026-02-07 02:51:47+00:00
CISO,2026-02-07,2026-02-07 14:44:01+00:00,2026-02-08 01:28:11+00:00,2026-02-07 20:06:06+00:00,38650,2026-02-07 14:19:09+00:00,2026-02-08 01:53:04+00:00,2026-02-07 13:49:10+00:00,2026-02-08 02:23:03+00:00,2026-02-07 13:19:33+00:00,2026-02-08 02:52:39+00:00
CISO,2026-02-08,2026-02-08 14:43:06+00:00,2026-02-09 01:29:11+00:00,2026-02-08 20:06:09+00:00,38765,2026-02-08 14:18:17+00:00,2026-02-09 01:54:01+00:00,2026-02-08 13:48:20+00:00,2026-02-09 02:23:57+00:00,2026-02-08 13:18:46+00:00,2026-02-09 02:53:32+00:00
CISO,2026-02-09,2026-02-09 14:42:10+00:00,2026-02-10 01:30:11+00:00,2026-02-09 20:06:10+00:00,38881,2026-02-09 14:17:23+00:00,2026-02-10 01:54:58+00:00,2026-02-09 13:47:29+00:00,2026-02-10 02:24:51+00:00,2026-02-09 13:17:56+00:00,2026-02-10 02:54:24+00:00
CISO,2026-02-10,2026-02-10 14:41:12+00:00,2026-02-11 01:31:10+00:00,2026-02-10 20:06:11+00:00,38998,2026-02-10 14:16:28+00:00,2026-02-11 01:55:54+00:00,2026-02-10 13:46:37+00:00,2026-02-11 02:25:45+00:00,2026-02-10 13:17:05+00:00,2026-02-11 02:55:17+00:00
CISO,2026-02-11,2026-02-11 14:40:13+00:00,2026-02-12 01:32:09+00:00,2026-02-11 20:06:11+00:00,39116,2026-02-11 14:15:32+00:00,2026-02-12 01:56:50+00:00,2026-02-11 13:45:43+00:00,2026-02-12 02:26:39+00:00,2026-02-11 13:16:13+00:00,2026-02-12 02:56:09+00:00
CISO,2026-02-12,2026-02-12 14:39:13+00:00,2026-02-13 01:33:08+00:00,2026-02-12 20:06:10+00:00,39235,2026-02-12 14:14:34+00:00,2026-02-13 01:57:46+00:00,2026-02-12 13:44:48+00:00,2026-02-13 02:27:33+00:00,2026-02-12 13:15:19+00:00,2026-02-13 02:57:02+00:00
CISO,2026-02-13,2026-02-13 14:38:12+00:00,2026-02-14 01:34:06+00:00,2026-02-13 20:06:09+00:00,39354,2026-02-13 14:13:36+00:00,2026-02-14 01:58:42+00:00,2026-02-13 13:43:51+00:00,2026-02-14 02:28:27+00:00,2026-02-13 13:14:24+00:00,2026-02-14 02:57:54+00:00
CISO,2026-02-14,2026-02-14 14:37:09+00:00,2026-02-15 01:35:04+00:00,2026-02-14 20:06:07+00:00,39475,2026-02-14 14:12:36+00:00,2026-02-15 01:59:38+00:00,2026-02-14 13:42:53+00:00,2026-02-15 02:29:20+00:00,2026-02-14 13:13:28+00:00,2026-02-15 02:58:46+00:00
CISO,2026-02-15,2026-02-15 14:36:05+00:00,2026-02-16 01:36:02+00:00,2026-02-15 20:06:04+00:00,39597,2026-02-15 14:11:34+00:00,2026-02-16 02:00:33+00:00,2026-02-15 13:41:54+00:00,2026-02-16 02:30:13+00:00,2026-02-15 13:12:30+00:00,2026-02-16 02:59:38+00:00
CISO,2026-02-16,2026-02-16 14:35:01+00:00,2026-02-17 01:37:00+00:00,2026-02-16 20:06:00+00:00,39719,2026-02-16 14:10:32+00:00,2026-02-17 02:01:28+00:00,2026-02-16 13:40:54+00:00,2026-02-17 02:31:06+00:00,2026-02-16 13:11:30+00:00,2026-02-17 03:00:30+00:00
CISO,2026-02-17,2026-02-17 14:33:55+00:00,2026-02-18 01:37:57+00:00,2026-02-17 20:05:56+00:00,39842,2026-02-17 14:09:28+00:00,2026-02-18 02:02:23+00:00,2026-02-17 13:39:52+00:00,2026-02-18 02:31:59+00:00,2026-02-17 13:10:30+00:00,2026-02-18 03:01:22+00:00
CISO,2026-02-18,2026-02-18 14:32:48+00:00,2026-02-19 01:38:54+00:00,2026-02-18 20:05:51+00:00,39966,2026-02-18 14:08:24+00:00,2026-02-19 02:03:18+00:00,2026-02-18 13:38:49+00:00,2026-02-19 02:32:52+00:00,2026-02-18 13:09:28+00:00,2026-02-19 03:02:14+00:00
CISO,2026-02-19,2026-02-19 14:31:40+00:00,2026-02-20 01:39:50+00:00,2026-02-19 20:05:45+00:00,40090,2026-02-19 14:07:18+00:00,2026-02-20 02:04:12+00:00,2026-02-19 13:37:45+00:00,2026-02-20 02:33:45+00:00,2026-02-19 13:08:24+00:00,2026-02-20 03:03:06+00:00
CISO,2026-02-20,2026-02-20 14:30:31+00:00,2026-02-21 01:40:46+00:00,2026-02-20 20:05:39+00:00,40215,2026-02-20 14:06:11+00:00,2026-02-21 02:05:06+00:00,2026-02-20 13:36:40+00:00,2026-02-21 02:34:37+00:00,2026-02-20 13:07:20+00:00,2026-02-21 03:03:57+00:00
CISO,2026-02-21,2026-02-21 14:29:21+00:00,2026-02-22 01:41:42+00:00,2026-02-21 20:05:32+00:00,40341,2026-02-21 14:05:03+00:00,2026-02-22 02:06:00+00:00,2026-02-21 13:35:34+00:00,2026-02-22 02:35:29+00:00,2026-02-21 13:06:14+00:00,2026-02-22 03:04:49+00:00
CISO,2026-02-22,2026-02-22 14:28:10+00:00,2026-02-23 01:42:38+00:00,2026-02-22 20:05:24+00:00,40468,2026-02-22 14:03:54+00:00,2026-02-23 02:06:54+00:00,2026-02-22 13:34:26+00:00,2026-02-23 02:36:21+00:00,2026-02-22 13:05:07+00:00,2026-02-23 03:05:41+00:00
CISO,2026-02-23,2026-02-23 14:26:58+00:00,2026-02-24 01:43:33+00:00,2026-02-23 20:05:16+00:00,40595,2026-02-23 14:02:44+00:00,2026-02-24 02:07:47+00:00,2026-02-23 13:33:18+00:00,2026-02-24 02:37:13+00:00,2026-02-23 13:03:59+00:00,2026-02-24 03:06:32+00:00
CISO,2026-02-24,2026-02-24 14:25:46+00:00,2026-02-25 01:44:28+00:00,2026-02-24 20:05:07+00:00,40722,2026-02-24 14:01:33+00:00,2026-02-25 02:08:40+00:00,2026-02-24 13:32:08+00:00,2026-02-25 02:38:05+00:00,2026-02-24 13:02:50+00:00,2026-02-25 03:07:24+00:00
CISO,2026-02-25,2026-02-25 14:24:32+00:00,2026-02-26 01:45:23+00:00,2026-02-25 20:04:57+00:00,40851,2026-02-25 14:00:22+00:00,2026-02-26 02:09:33+00:00,2026-02-25 13:30:58+00:00,2026-02-26 02:38:57+00:00,2026-02-25 13:01:40+00:00,2026-02-26 03:08:15+00:00
ERCO,2021-02-25,2021-02-25 13:07:17+00:00,2021-02-26 00:33:47+00:00,2021-02-25 18:50:32+00:00,41190,2021-02-25 12:44:00+00:00,2021-02-26 00:57:04+00:00,2021-02-25 12:15:40+00:00,2021-02-26 01:25:25+00:00,2021-02-25 11:47:25+00:00,2021-02-26 01:53:40+00:00
ERCO,2021-02-26,2021-02-26 13:06:10+00:00,2021-02-27 00:34:34+00:00,2021-02-26 18:50:22+00:00,41304,2021-02-26 12:42:55+00:00,2021-02-27 00:57:50+00:00,2021-02-26 12:14:35+00:00,2021-02-27 01:26:09+00:00,2021-02-26 11:46:20+00:00,2021-02-27 01:54:24+00:00
ERCO,2021-02-27,2021-02-27 13:05:03+00:00,2021-02-28 00:35:20+00:00,2021-02-27 18:50:11+00:00,41417,2021-02-27 12:41:48+00:00,2021-02-28 00:58:35+00:00,2021-02-27 12:13:30+00:00,2021-02-28 01:26:53+00:00,2021-02-27 11:45:15+00:00,2021-02-28 01:55:08+00:00
ERCO,2021-02-28,2021-02-28 13:03:54+00:00,2021-03-01 00:36:06+00:00,2021-02-28 18:50:00+00:00,41532,2021-02-28 12:40:41+00:00,2021-03-01 00:59:19+00:00,2021-02-28 12:12:24+00:00,2021-03-01 01:27:37+00:00,2021-02-28 11:44:09+00:00,2021-03-01 01:55:52+00:00
ERCO,2021-03-01,2021-03-01 13:02:45+00:00,2021-03-02 00:36:52+00:00,2021-03-01 18:49:49+00:00,41647,2021-03-01 12:39:33+00:00,2021-03-02 01:00:04+00:00,2021-03-01 12:11:16+00:00,2021-03-02 01:28:21+00:00,2021-03-01 11:43:02+00:00,2021-03-02 01:56:35+00:00
ERCO,2021-03-02,2021-03-02 13:01:35+00:00,2021-03-03 00:37:37+00:00,2021-03-02 18:49:36+00:00,41762,2021-03-02 12:38:25+00:00,2021-03-03 01:00:48+00:00,2021-03-02 12:10:08+00:00,2021-03-03 01:29:04+00:00,2021-03-02 11:41:53+00:00,2021-03-03 01:57:19+00:00
ERCO,2021-03-03,2021-03-03 13:00:25+00:00,2021-03-04 00:38:22+00:00,2021-03-03 18:49:24+00:00,41877,2021-03-03 12:37:15+00:00,2021-03-04 01:01:32+00:00,2021-03-03 12:09:00+00:00,2021-03-04 01:29:48+00:00,2021-03-03 11:40:44+00:00,2021-03-04 01:58:03+00:00
ERCO,2021-03-04,2021-03-04 12:59:14+00:00,2021-03-05 00:39:07+00:00,2021-03-04 18:49:11+00:00,41993,2021-03-04 12:36:05+00:00,2021-03-05 01:02:16+00:00,2021-03-04 12:07:50+00:00,2021-03-05 01:30:31+00:00,2021-03-04 11:39:34+00:00,2021-03-05 01:58:47+00:00
ERCO,2021-03-05,2021-03-05 12:58:02+00:00,2021-03-06 00:39:51+00:00,2021-03-05 18:48:57+00:00,42109,2021-03-05 12:34:55+00:00,2021-03-06 01:02:59+00:00,2021-03-05 12:06:40+00:00,2021-03-06 01:31:14+00:00,2021-03-05 11:38:23+00:00,2021-03-06 01:59:30+00:00
ERCO,2021-03-06,2021-03-06 12:56:50+00:00,2021-03-07 00:40:36+00:00,2021-03-06 18:48:43+00:00,42226,2021-03-06 12:33:44+00:00,2021-03-07 01:03:42+00:00,2021-03-06 12:05:29+00:00,2021-03-07 01:31:57+00:00,2021-03-06 11:37:12+00:00,2021-03-07 02:00:14+00:00
ERCO,2021-03-07,2021-03-07 12:55:38+00:00,2021-03-08 00:41:19+00:00,2021-03-07 18:48:29+00:00,42341,2021-03-07 12:32:32+00:00,2021-03-08 01:04:25+00:00,2021-03-07 12:04:17+00:00,2021-03-08 01:32:40+00:00,2021-03-07 11:35:59+00:00,2021-03-08 02:00:58+00:00
ERCO,2021-03-08,2021-03-08 12:54:25+00:00,2021-03-09 00:42:03+00:00,2021-03-08 18:48:14+00:00,42458,2021-03-08 12:31:19+00:00,2021-03-09 01:05:08+00:00,2021-03-08 12:03:05+00:00,2021-03-09 01:33:23+00:00,2021-03-08 11:34:46+00:00,2021-03-09 02:01:42+00:00
ERCO,2021-03-09,2021-03-09 12:53:11+00:00,2021-03-10 00:42:46+00:00,2021-03-09 18:47:59+00:00,42575,2021-03-09 12:30:06+00:00,2021-03-10 01:05:51+00:00,2021-03-09 12:01:51+00:00,2021-03-10 01:34:06+00:00,2021-03-09 11:33:32+00:00,2021-03-10 02:02:26+00:00
ERCO,2021-03-10,2021-03-10 12:51:57+00:00,2021-03-11 00:43:29+00:00,2021-03-10 18:47:43+00:00,42692,2021-03-10 12:28:53+00:00,2021-03-11 01:06:34+00:00,2021-03-10 12:00:38+00:00,2021-03-11 01:34:49+00:00,2021-03-10 11:32:17+00:00,2021-03-11 02:03:10+00:00
ERCO,2021-03-11,2021-03-11 12:50:43+00:00,2021-03-12 00:44:12+00:00,2021-03-11 18:47:27+00:00,42809,2021-03-11 12:27:39+00:00,2021-03-12 01:07:16+00:00,2021-03-11 11:59:23+00:00,2021-03-12 01:35:31+00:00,2021-03-11 11:31:01+00:00,2021-03-12 02:03:54+00:00
ERCO,2021-03-12,2021-03-12 12:49:28+00:00,2021-03-13 00:44:55+00:00,2021-03-12 18:47:11+00:00,42927,2021-03-12 12:26:24+00:00,2021-03-13 01:07:58+00:00,2021-03-12 11:58:09+00:00,2021-03-13 01:36:14+00:00,2021-03-12 11:29:45+00:00,2021-03-13 02:04:38+00:00
ERCO,2021-03-13,2021-03-13 12:48:13+00:00,2021-03-14 00:45:37+00:00,2021-03-13 18:46:55+00:00,43044,2021-03-13 12:25:10+00:00,2021-03-14 01:08:40+00:00,2021-03-13 11:56:53+00:00,2021-03-14 01:36:57+00:00,2021-03-13 11:28:28+00:00,2021-03-14 02:05:22+00:00
ERCO,2021-03-14,2021-03-14 12:46:58+00:00,2021-03-15 00:46:19+00:00,2021-03-14 18:46:38+00:00,43161,2021-03-14 12:23:54+00:00,2021-03-15 01:09:22+00:00,2021-03-14 11:55:37+00:00,2021-03-15 01:37:39+00:00,2021-03-14 11:27:10+00:00,2021-03-15 02:06:06+00:00
ERCO,2021-03-15,2021-03-15 12:45:42+00:00,2021-03-16 00:47:01+00:00,2021-03-15 18:46:22+00:00,43279,2021-03-15 12:22:39+00:00,2021-03-16 01:10:04+00:00,2021-03-15 11:54:21+00:00,2021-03-16 01:38:22+00:00,2021-03-15 11:25:52+00:00,2021-03-16 02:06:51+00:00
ERCO,2021-03-16,2021-03-16 12:44:26+00:00,2021-03-17 00:47:43+00:00,2021-03-16 18:46:04+00:00,43397,2021-03-16 12:21:23+00:00,2021-03-17 01:10:46+00:00,2021-03-16 11:53:04+00:00,2021-03-17 01:39:05+00:00,2021-03-16 11:24:34+00:00,2021-03-17 02:07:35+00:00
ERCO,2021-03-17,2021-03-17 12:43:10+00:00,2021-03-18 00:48:24+00:00,2021-03-17 18:45:47+00:00,43514,2021-03-17 12:20:06+00:00,2021-03-18 01:11:28+00:00,2021-03-17 11:51:47+00:00,2021-03-18 01:39:48+00:00,2021-03-17 11:23:14+00:00,2021-03-18 02:08:20+00:00
ERCO,2021-03-18,2021-03-18 12:41:54+00:00,2021-03-19 00:49:05+00:00,2021-03-18 18:45:30+00:00,43631,2021-03-18 12:18:50+00:00,2021-03-19 01:12:09+00:00,2021-03-18 11:50:29+00:00,2021-03-19 01:40:30+00:00,2021-03-18 11:21:54+00:00,2021-03-19 02:09:05+00:00
ERCO,2021-03-19,2021-03-19 12:40:38+00:00,2021-03-20 00:49:47+00:00,2021-03-19 18:45:12+00:00,43749,2021-03-19 12:17:33+00:00,2021-03-20 01:12:51+00:00,2021-03-19 11:49:11+00:00,2021-03-20 01:41:13+00:00,2021-03-19 11:20:34+00:00,2021-03-20 02:09:50+00:00
ERCO,2021-03-20,2021-03-20 12:39:21+00:00,2021-03-21 00:50:28+00:00,2021-03-20 18:44:54+00:00,43867,2021-03-20 12:16:16+00:00,2021-03-21 01:13:33+00:00,2021-03-20 11:47:53+00:00,2021-03-21 01:41:56+00:00,2021-03-20 11:19:13+00:00,2021-03-21 02:10:36+00:00
ERCO,2021-03-21,2021-03-21 12:38:04+00:00,2021-03-22 00:51:09+00:00,2021-03-21 18:44:37+00:00,43985,2021-03-21 12:14:59+00:00,2021-03-22 01:14:14+00:00,2021-03-21 11:46:34+00:00,2021-03-22 01:42:39+00:00,2021-03-21 11:17:52+00:00,2021-03-22 02:11:21+00:00
ERCO,2021-03-22,2021-03-22 12:36:48+00:00,2021-03-23 00:51:50+00:00,2021-03-22 18:44:19+00:00,44102,2021-03-22 12:13:42+00:00,2021-03-23 01:14:55+00:00,2021-03-22 11:45:15+00:00,2021-03-23 01:43:22+00:00,2021-03-22 11:16:30+00:00,2021-03-23 02:12:07+00:00
ERCO,2021-03-23,2021-03-23 12:35:31+00:00,2021-03-24 00:52:30+00:00,2021-03-23 18:44:01+00:00,44219,2021-03-23 12:12:24+00:00,2021-03-24 01:15:37+00:00,2021-03-23 11:43:56+00:00,2021-03-24 01:44:05+00:00,2021-03-23 11:15:08+00:00,2021-03-24 02:12:53+00:00
ERCO,2021-03-24,2021-03-24 12:34:14+00:00,2021-03-25 00:53:11+00:00,2021-03-24 18:43:42+00:00,44337,2021-03-24 12:11:07+00:00,2021-03-25 01:16:18+00:00,2021-03-24 11:42:37+00:00,2021-03-25 01:44:48+00:00,2021-03-24 11:13:46+00:00,2021-03-25 02:13:39+00:00
ERCO,2021-03-25,2021-03-25 12:32:57+00:00,2021-03-26 00:53:51+00:00,2021-03-25 18:43:24+00:00,44454,2021-03-25 12:09:49+00:00,2021-03-26 01:17:00+00:00,2021-03-25 11:41:17+00:00,2021-03-26 01:45:32+00:00,2021-03-25 11:12:23+00:00,2021-03-26 02:14:26+00:00
ERCO,2021-03-26,2021-03-26 12:31:41+00:00,2021-03-27 00:54:32+00:00,2021-03-26 18:43:06+00:00,44571,2021-03-26 12:08:31+00:00,2021-03-27 01:17:41+00:00,2021-03-26 11:39:57+00:00,2021-03-27 01:46:15+00:00,2021-03-26 11:11:00+00:00,2021-03-27 02:15:13+00:00
ERCO,2021-03-27,2021-03-27 12:30:24+00:00,2021-03-28 00:55:12+00:00,2021-03-27 18:42:48+00:00,44688,2021-03-27 12:07:14+00:00,2021-03-28 01:18:23+00:00,2021-03-27 11:38:37+00:00,2021-03-28 01:46:59+00:00,2021-03-27 11:09:36+00:00,2021-03-28 02:16:00+00:00
ERCO,2021-03-28,2021-03-28 12:29:08+00:00,2021-03-29 00:55:53+00:00,2021-03-28 18:42:30+00:00,44805,2021-03-28 12:05:56+00:00,2021-03-29 01:19:04+00:00,2021-03-28 11:37:17+00:00,2021-03-29 01:47:43+00:00,2021-03-28 11:08:13+00:00,2021-03-29 02:16:47+00:00
ERCO,2021-03-29,2021-03-29 12:27:51+00:00,2021-03-30 00:56:33+00:00,2021-03-29 18:42:12+00:00,44922,2021-03-29 12:04:38+00:00,2021-03-30 01:19:46+00:00,2021-03-29 11:35:57+00:00,2021-03-30 01:48:27+00:00,2021-03-29 11:06:49+00:00,2021-03-30 02:17:35+00:00
ERCO,2021-03-30,2021-03-30 12:26:35+00:00,2021-03-31 00:57:13+00:00,2021-03-30 18:41:54+00:00,45038,2021-03-30 12:03:21+00:00,2021-03-31 01:20:27+00:00,2021-03-30 11:34:37+00:00,2021-03-31 01:49:11+00:00,2021-03-30 11:05:25+00:00,2021-03-31 02:18:23+00:00
ERCO,2021-03-31,2021-03-31 12:25:19+00:00,2021-04-01 00:57:53+00:00,2021-03-31 18:41:36+00:00,45154,2021-03-31 12:02:03+00:00,2021-04-01 01:21:09+00:00,2021-03-31 11:33:17+00:00,2021-04-01 01:49:56+00:00,2021-03-31 11:04:01+00:00,2021-04-01 02:19:11+00:00
ERCO,2021-04-01,2021-04-01 12:24:03+00:00,2021-04-02 00:58:34+00:00,2021-04-01 18:41:18+00:00,45271,2021-04-01 12:00:46+00:00,2021-04-02 01:21:51+00:00,2021-04-01 11:31:56+00:00,2021-04-02 01:50:40+00:00,2021-04-01 11:02:37+00:00,2021-04-02 02:20:00+00:00
ERCO,2021-04-02,2021-04-02 12:22:47+00:00,2021-04-03 00:59:14+00:00,2021-04-02 18:41:01+00:00,45387,2021-04-02 11:59:28+00:00,2021-04-03 01:22:33+00:00,2021-04-02 11:30:36+00:00,2021-04-03 01:51:25+00:00,2021-04-02 11:01:12+00:00,2021-04-03 02:20:49+00:00
ERCO,2021-04-03,2021-04-03 12:21:32+00:00,2021-04-04 00:59:54+00:00,2021-04-03 18:40:43+00:00,45502,2021-04-03 11:58:11+00:00,2021-04-04 01:23:15+00:00,2021-04-03 11:29:16+00:00,2021-04-04 01:52:10+00:00,2021-04-03 10:59:48+00:00,2021-04-04 02:21:39+00:00
ERCO,2021-04-04,2021-04-04 12:20:17+00:00,2021-04-05 01:00:35+00:00,2021-04-04 18:40:26+00:00,45618,2021-04-04 11:56:55+00:00,2021-04-05 01:23:57+00:00,2021-04-04 11:27:56+00:00,2021-04-05 01:52:55+00:00,2021-04-04 10:58:23+00:00,2021-04-05 02:22:28+00:00
ERCO,2021-04-05,2021-04-05 12:19:02+00:00,2021-04-06 01:01:15+00:00,2021-04-05 18:40:09+00:00,45733,2021-04-05 11:55:38+00:00,2021-04-06 01:24:39+00:00,2021-04-05 11:26:36+00:00,2021-04-06 01:53:41+00:00,2021-04-05 10:56:59+00:00,2021-04-06 02:23:19+00:00
ERCO,2021-04-06,2021-04-06 12:17:48+00:00,2021-04-07 01:01:55+00:00,2021-04-06 18:39:52+00:00,45847,2021-04-06 11:54:22+00:00,2021-04-07 01:25:22+00:00,2021-04-06 11:25:17+00:00,2021-04-07 01:54:27+00:00,2021-04-06 10:55:34+00:00,2021-04-07 02:24:09+00:00
ERCO,2021-04-07,2021-04-07 12:16:34+00:00,2021-04-08 01:02:36+00:00,2021-04-07 18:39:35+00:00,45962,2021-04-07 11:53:06+00:00,2021-04-08 01:26:04+00:00,2021-04-07 11:23:57+00:00,2021-04-08 01:55:13+00:00,2021-04-07 10:54:10+00:00,2021-04-08 02:25:00+00:00
ERCO,2021-04-08,2021-04-08 12:15:20+00:00,2021-04-09 01:03:16+00:00,2021-04-08 18:39:18+00:00,46076,2021-04-08 11:51:50+00:00,2021-04-09 01:26:47+00:00,2021-04-08 11:22:38+00:00,2021-04-09 01:55:59+00:00,2021-04-08 10:52:45+00:00,2021-04-09 02:25:51+00:00
ERCO,2021-04-09,2021-04-09 12:14:07+00:00,2021-04-10 01:03:57+00:00,2021-04-09 18:39:02+00:00,46190,2021-04-09 11:50:35+00:00,2021-04-10 01:27:29+00:00,2021-04-09 11:21:19+00:00,2021-04-10 01:56:45+00:00,2021-04-09 10:51:21+00:00,2021-04-10 02:26:43+00:00
ERCO,2021-04-10,2021-04-10 12:12:55+00:00,2021-04-11 01:04:37+00:00,2021-04-10 18:38:46+00:00,46302,2021-04-10 11:49:20+00:00,2021-04-11 01:28:12+00:00,2021-04-10 11:20:00+00:00,2021-04-11 01:57:32+00:00,2021-04-10 10:49:57+00:00,2021-04-11 02:27:35+00:00
ERCO,2021-04-11,2021-04-11 12:11:42+00:00,2021-04-12 01:05:18+00:00,2021-04-11 18:38:30+00:00,46416,2021-04-11 11:48:05+00:00,2021-04-12 01:28:55+00:00,2021-04-11 11:18:42+00:00,2021-04-12 01:58:19+00:00,2021-04-11 10:48:33+00:00,2021-04-12 02:28:27+00:00
ERCO,2021-04-12,2021-04-12 12:10:31+00:00,2021-04-13 01:05:59+00:00,2021-04-12 18:38:15+00:00,46528,2021-04-12 11:46:51+00:00,2021-04-13 01:29:39+00:00,2021-04-12 11:17:23+00:00,2021-04-13 01:59:06+00:00,2021-04-12 10:47:09+00:00,2021-04-13 02:29:20+00:00
ERCO,2021-04-13,2021-04-13 12:09:20+00:00,2021-04-14 01:06:40+00:00,2021-04-13 18:38:00+00:00,46640,2021-04-13 11:45:38+00:00,2021-04-14 01:30:22+00:00,2021-04-13 11:16:06+00:00,2021-04-14 01:59:54+00:00,2021-04-13 10:45:46+00:00,2021-04-14 02:30:14+00:00
ERCO,2021-04-14,2021-04-14 12:08:09+00:00,2021-04-15 01:07:21+00:00,2021-04-14 18:37:45+00:00,46752,2021-04-14 11:44:24+00:00,2021-04-15 01:31:05+00:00,2021-04-14 11:14:48+00:00,2021-04-15 02:00:42+00:00,2021-04-14 10:44:23+00:00,2021-04-15 02:31:07+00:00
ERCO,2021-04-15,2021-04-15 12:06:59+00:00,2021-04-16 01:08:02+00:00,2021-04-15 18:37:31+00:00,46863,2021-04-15 11:43:12+00:00,2021-04-16 01:31:49+00:00,2021-04-15 11:13:31+00:00,2021-04-16 02:01:30+00:00,2021-04-15 10:43:00+00:00,2021-04-16 02:32:01+00:00
ERCO,2021-04-16,2021-04-16 12:05:50+00:00,2021-04-17 01:08:43+00:00,2021-04-16 18:37:16+00:00,46973,2021-04-16 11:42:00+00:00,2021-04-17 01:32:33+00:00,2021-04-16 11:12:15+00:00,2021-04-17 02:02:18+00:00,2021-04-16 10:41:37+00:00,2021-04-17 02:32:56+00:00
ERCO,2021-04-17,2021-04-17 12:04:41+00:00,2021-04-18 01:09:24+00:00,2021-04-17 18:37:03+00:00,47083,2021-04-17 11:40:48+00:00,2021-04-18 01:33:17+00:00,2021-04-17 11:10:59+00:00,2021-04-18 02:03:06+00:00,2021-04-17 10:40:15+00:00,2021-04-18 02:33:50+00:00
ERCO,2021-04-18,2021-04-18 12:03:33+00:00,2021-04-19 01:10:06+00:00,2021-04-18 18:36:49+00:00,47193,2021-04-18 11:39:38+00:00,2021-04-19 01:34:01+00:00,2021-04-18 11:09:44+00:00,2021-04-19 02:03:55+00:00,2021-04-18 10:38:53+00:00,2021-04-19 02:34:46+00:00
ERCO,2021-04-19,2021-04-19 12:02:26+00:00,2021-04-20 01:10:47+00:00,2021-04-19 18:36:37+00:00,47301,2021-04-19 11:38:27+00:00,2021-04-20 01:34:46+00:00,2021-04-19 11:08:29+00:00,2021-04-20 02:04:44+00:00,2021-04-19 10:37:32+00:00,2021-04-20 02:35:41+00:00
ERCO,2021-04-20,2021-04-20 12:01:20+00:00,2021-04-21 01:11:28+00:00,2021-04-20 18:36:24+00:00,47408,2021-04-20 11:37:18+00:00,2021-04-21 01:35:30+00:00,2021-04-20 11:07:15+00:00,2021-04-21 02:05:34+00:00,2021-04-20 10:36:11+00:00,2021-04-21 02:36:37+00:00
ERCO,2021-04-21,2021-04-21 12:00:14+00:00,2021-04-22 01:12:10+00:00,2021-04-21 18:36:12+00:00,47516,2021-04-21 11:36:09+00:00,2021-04-22 01:36:15+00:00,2021-04-21 11:06:01+00:00,2021-04-22 02:06:23+00:00,2021-04-21 10:34:51+00:00,2021-04-22 02:37:33+00:00
ERCO,2021-04-22,2021-04-22 11:59:09+00:00,2021-04-23 01:12:52+00:00,2021-04-22 18:36:01+00:00,47623,2021-04-22 11:35:01+00:00,2021-04-23 01:37:00+00:00,2021-04-22 11:04:48+00:00,2021-04-23 02:07:13+00:00,2021-04-22 10:33:31+00:00,2021-04-23 02:38:30+00:00
ERCO,2021-04-23,2021-04-23 11:58:05+00:00,2021-04-24 01:13:34+00:00,2021-04-23 18:35:49+00:00,47729,2021-04-23 11:33:54+00:00,2021-04-24 01:37:45+00:00,2021-04-23 11:03:36+00:00,2021-04-24 02:08:03+00:00,2021-04-23 10:32:12+00:00,2021-04-24 02:39:27+00:00
ERCO,2021-04-24,2021-04-24 11:57:02+00:00,2021-04-25 01:14:16+00:00,2021-04-24 18:35:39+00:00,47834,2021-04-24 11:32:48+00:00,2021-04-25 01:38:30+00:00,2021-04-24 11:02:24+00:00,2021-04-25 02:08:53+00:00,2021-04-24 10:30:53+00:00,2021-04-25 02:40:24+00:00
ERCO,2021-04-25,2021-04-25 11:55:59+00:00,2021-04-26 01:14:58+00:00,2021-04-25 18:35:29+00:00,47939,2021-04-25 11:31:42+00:00,2021-04-26 01:39:15+00:00,2021-04-25 11:01:13+00:00,2021-04-26 02:09:44+00:00,2021-04-25 10:29:35+00:00,2021-04-26 02:41:22+00:00
ERCO,2021-04-26,2021-04-26 11:54:58+00:00,2021-04-27 01:15:40+00:00,2021-04-26 18:35:19+00:00,48042,2021-04-26 11:30:37+00:00,2021-04-27 01:40:01+00:00,2021-04-26 11:00:03+00:00,2021-04-27 02:10:35+00:00,2021-04-26 10:28:18+00:00,2021-04-27 02:42:20+00:00
ERCO,2021-04-27,2021-04-27 11:53:57+00:00,2021-04-28 01:16:22+00:00,2021-04-27 18:35:10+00:00,48145,2021-04-27 11:29:33+00:00,2021-04-28 01:40:46+00:00,2021-04-27 10:58:54+00:00,2021-04-28 02:11:25+00:00,2021-04-27 10:27:01+00:00,2021-04-28 02:43:18+00:00
ERCO,2021-04-28,2021-04-28 11:52:58+00:00,2021-04-29 01:17:04+00:00,2021-04-28 18:35:01+00:00,48246,2021-04-28 11:28:30+00:00,2021-04-29 01:41:32+00:00,2021-04-28 10:57:45+00:00,2021-04-29 02:12:16+00:00,2021-04-28 10:25:46+00:00,2021-04-29 02:44:16+00:00
ERCO,2021-04-29,2021-04-29 11:51:59+00:00,2021-04-30 01:17:46+00:00,2021-04-29 18:34:53+00:00,48347,2021-04-29 11:27:28+00:00,2021-04-30 01:42:17+00:00,2021-04-29 10:56:38+00:00,2021-04-30 02:13:08+00:00,2021-04-29 10:24:31+00:00,2021-04-30 02:45:15+00:00
ERCO,2021-04-30,2021-04-30 11:51:02+00:00,2021-05-01 01:18:29+00:00,2021-04-30 18:34:45+00:00,48447,2021-04-30 11:26:27+00:00,2021-05-01 01:43:03+00:00,2021-04-30 10:55:31+00:00,2021-05-01 02:13:59+00:00,2021-04-30 10:23:16+00:00,2021-05-01 02:46:14+00:00
ERCO,2021-05-01,2021-05-01 11:50:05+00:00,2021-05-02 01:19:11+00:00,2021-05-01 18:34:38+00:00,48546,2021-05-01 11:25:27+00:00,2021-05-02 01:43:49+00:00,2021-05-01 10:54:26+00:00,2021-05-02 02:14:50+00:00,2021-05-01 10:22:03+00:00,2021-05-02 02:47:13+00:00
ERCO,2021-05-02,2021-05-02 11:49:10+00:00,2021-05-03 01:19:54+00:00,2021-05-02 18:34:32+00:00,48644,2021-05-02 11:24:28+00:00,2021-05-03 01:44:35+00:00,2021-05-02 10:53:21+00:00,2021-05-03 02:15:42+00:00,2021-05-02 10:20:51+00:00,2021-05-03 02:48:12+00:00
ERCO,2021-05-03,2021-05-03 11:48:15+00:00,2021-05-04 01:20:36+00:00,2021-05-03 18:34:26+00:00,48741,2021-05-03 11:23:30+00:00,2021-05-04 01:45:21+00:00,2021-05-03 10:52:17+00:00,2021-05-04 02:16:34+00:00,2021-05-03 10:19:39+00:00,2021-05-04 02:49:12+00:00
ERCO,2021-05-04,2021-05-04 11:47:22+00:00,2021-05-05 01:21:18+00:00,2021-05-04 18:34:20+00:00,48836,2021-05-04 11:22:33+00:00,2021-05-05 01:46:07+00:00,2021-05-04 10:51:15+00:00,2021-05-05 02:17:25+00:00,2021-05-04 10:18:29+00:00,2021-05-05 02:50:11+00:00
ERCO,2021-05-05,2021-05-05 11:46:29+00:00,2021-05-06 01:22:01+00:00,2021-05-05 18:34:15+00:00,48932,2021-05-05 11:21:37+00:00,2021-05-06 01:46:53+00:00,2021-05-05 10:50:13+00:00,2021-05-06 02:18:17+00:00,2021-05-05 10:17:19+00:00,2021-05-06 02:51:11+00:00
ERCO,2021-05-06,2021-05-06 11:45:38+00:00,2021-05-07 01:22:43+00:00,2021-05-06 18:34:11+00:00,49025,2021-05-06 11:20:42+00:00,2021-05-07 01:47:39+00:00,2021-05-06 10:49:13+00:00,2021-05-07 02:19:09+00:00,2021-05-06 10:16:11+00:00,2021-05-07 02:52:11+00:00
ERCO,2021-05-07,2021-05-07 11:44:49+00:00,2021-05-08 01:23:26+00:00,2021-05-07 18:34:07+00:00,49117,2021-05-07 11:19:49+00:00,2021-05-08 01:48:25+00:00,2021-05-07 10:48:13+00:00,2021-05-08 02:20:01+00:00,2021-05-07 10:15:04+00:00,2021-05-08 02:53:11+00:00
ERCO,2021-05-08,2021-05-08 11:44:00+00:00,2021-05-09 01:24:08+00:00,2021-05-08 18:34:04+00:00,49208,2021-05-08 11:18:57+00:00,2021-05-09 01:49:11+00:00,2021-05-08 10:47:15+00:00,2021-05-09 02:20:52+00:00,2021-05-08 10:13:58+00:00,2021-05-09 02:54:10+00:00
ERCO,2021-05-09,2021-05-09 11:43:12+00:00,2021-05-10 01:24:50+00:00,2021-05-09 18:34:01+00:00,49298,2021-05-09 11:18:05+00:00,2021-05-10 01:49:57+00:00,2021-05-09 10:46:18+00:00,2021-05-10 02:21:44+00:00,2021-05-09 10:12:53+00:00,2021-05-10 02:55:10+00:00
ERCO,2021-05-10,2021-05-10 11:42:26+00:00,2021-05-11 01:25:32+00:00,2021-05-10 18:33:59+00:00,49386,2021-05-10 11:17:15+00:00,2021-05-11 01:50:43+00:00,2021-05-10 10:45:23+00:00,2021-05-11 02:22:36+00:00,2021-05-10 10:11:49+00:00,2021-05-11 02:56:10+00:00
ERCO,2021-05-11,2021-05-11 11:41:41+00:00,2021-05-12 01:26:15+00:00,2021-05-11 18:33:58+00:00,49474,2021-05-11 11:16:27+00:00,2021-05-12 01:51:29+00:00,2021-05-11 10:44:28+00:00,2021-05-12 02:23:27+00:00,2021-05-11 10:10:46+00:00,2021-05-12 02:57:09+00:00
ERCO,2021-05-12,2021-05-12 11:40:57+00:00,2021-05-13 01:26:56+00:00,2021-05-12 18:33:57+00:00,49559,2021-05-12 11:15:39+00:00,2021-05-13 01:52:14+00:00,2021-05-12 10:43:35+00:00,2021-05-13 02:24:19+00:00,2021-05-12 10:09:45+00:00,2021-05-13 02:58:09+00:00
ERCO,2021-05-13,2021-05-13 11:40:15+00:00,2021-05-14 01:27:38+00:00,2021-05-13 18:33:57+00:00,49643,2021-05-13 11:14:53+00:00,2021-05-14 01:53:00+00:00,2021-05-13 10:42:43+00:00,2021-05-14 02:25:10+00:00,2021-05-13 10:08:45+00:00,2021-05-14 02:59:08+00:00
ERCO,2021-05-14,2021-05-14 11:39:34+00:00,2021-05-15 01:28:20+00:00,2021-05-14 18:33:57+00:00,49726,2021-05-14 11:14:09+00:00,2021-05-15 01:53:45+00:00,2021-05-14 10:41:53+00:00,2021-05-15 02:26:01+00:00,2021-05-14 10:07:47+00:00,2021-05-15 03:00:07+00:00
ERCO,2021-05-15,2021-05-15 11:38:54+00:00,2021-05-16 01:29:01+00:00,2021-05-15 18:33:58+00:00,49807,2021-05-15 11:13:25+00:00,2021-05-16 01:54:30+00:00,2021-05-15 10:41:04+00:00,2021-05-16 02:26:51+00:00,2021-05-15 10:06:50+00:00,2021-05-16 03:01:05+00:00
ERCO,2021-05-16,2021-05-16 11:38:15+00:00,2021-05-17 01:29:42+00:00,2021-05-16 18:33:59+00:00,49887,2021-05-16 11:12:43+00:00,2021-05-17 01:55:15+00:00,2021-05-16 10:40:16+00:00,2021-05-17 02:27:42+00:00,2021-05-16 10:05:54+00:00,2021-05-17 03:02:04+00:00
ERCO,2021-05-17,2021-05-17 11:37:38+00:00,2021-05-18 01:30:23+00:00,2021-05-17 18:34:01+00:00,49965,2021-05-17 11:12:03+00:00,2021-05-18 01:55:59+00:00,2021-05-17 10:39:30+00:00,2021-05-18 02:28:32+00:00,2021-05-17 10:05:00+00:00,2021-05-18 03:03:02+00:00
ERCO,2021-05-18,2021-05-18 11:37:03+00:00,2021-05-19 01:31:04+00:00,2021-05-18 18:34:03+00:00,50041,2021-05-18 11:11:23+00:00,2021-05-19 01:56:43+00:00,2021-05-18 10:38:45+00:00,2021-05-19 02:29:22+00:00,2021-05-18 10:04:07+00:00,2021-05-19 03:03:59+00:00
ERCO,2021-05-19,2021-05-19 11:36:28+00:00,2021-05-20 01:31:44+00:00,2021-05-19 18:34:06+00:00,50116,2021-05-19 11:10:46+00:00,2021-05-20 01:57:27+00:00,2021-05-19 10:38:02+00:00,2021-05-20 02:30:11+00:00,2021-05-19 10:03:16+00:00,2021-05-20 03:04:56+00:00
ERCO,2021-05-20,2021-05-20 11:35:55+00:00,2021-05-21 01:32:24+00:00,2021-05-20 18:34:10+00:00,50189,2021-05-20 11:10:09+00:00,2021-05-21 01:58:11+00:00,2021-05-20 10:37:20+00:00,2021-05-21 02:31:00+00:00,2021-05-20 10:02:27+00:00,2021-05-21 03:05:53+00:00
ERCO,2021-05-21,2021-05-21 11:35:24+00:00,2021-05-22 01:33:04+00:00,2021-05-21 18:34:14+00:00,50260,2021-05-21 11:09:34+00:00,2021-05-22 01:58:54+00:00,2021-05-21 10:36:40+00:00,2021-05-22 02:31:48+00:00,2021-05-21 10:01:39+00:00,2021-05-22 03:06:49+00:00
ERCO,2021-05-22,2021-05-22 11:34:54+00:00,2021-05-23 01:33:43+00:00,2021-05-22 18:34:19+00:00,50329,2021-05-22 11:09:01+00:00,2021-05-23 01:59:36+00:00,2021-05-22 10:36:01+00:00,2021-05-23 02:32:36+00:00,2021-05-22 10:00:53+00:00,2021-05-23 03:07:44+00:00
ERCO,2021-05-23,2021-05-23 11:34:25+00:00,2021-05-24 01:34:22+00:00,2021-05-23 18:34:24+00:00,50397,2021-05-23 11:08:29+00:00,2021-05-24 02:00:18+00:00,2021-05-23 10:35:24+00:00,2021-05-24 02:33:23+00:00,2021-05-23 10:00:08+00:00,2021-05-24 03:08:39+00:00
ERCO,2021-05-24,2021-05-24 11:33:58+00:00,2021-05-25 01:35:01+00:00,2021-05-24 18:34:29+00:00,50463,2021-05-24 11:07:59+00:00,2021-05-25 02:01:00+00:00,2021-05-24 10:34:49+00:00,2021-05-25 02:34:10+00:00,2021-05-24 09:59:26+00:00,2021-05-25 03:09:33+00:00
ERCO,2021-05-25,2021-05-25 11:33:33+00:00,2021-05-26 01:35:39+00:00,2021-05-25 18:34:36+00:00,50526,2021-05-25 11:07:30+00:00,2021-05-26 02:01:41+00:00,2021-05-25 10:34:15+00:00,2021-05-26 02:34:56+00:00,2021-05-25 09:58:45+00:00,2021-05-26 03:10:26+00:00
ERCO,2021-05-26,2021-05-26 11:33:08+00:00,2021-05-27 01:36:16+00:00,2021-05-26 18:34:42+00:00,50588,2021-05-26 11:07:03+00:00,2021-05-27 02:02:21+00:00,2021-05-26 10:33:43+00:00,2021-05-27 02:35:42+00:00,2021-05-26 09:58:06+00:00,2021-05-27 03:11:19+00:00
ERCO,2021-05-27,2021-05-27 11:32:46+00:00,2021-05-28 01:36:53+00:00,2021-05-27 18:34:49+00:00,50647,2021-05-27 11:06:37+00:00,2021-05-28 02:03:01+00:00,2021-05-27 10:33:12+00:00,2021-05-28 02:36:26+00:00,2021-05-27 09:57:28+00:00,2021-05-28 03:12:10+00:00
ERCO,2021-05-28,2021-05-28 11:32:25+00:00,2021-05-29 01:37:29+00:00,2021-05-28 18:34:57+00:00,50704,2021-05-28 11:06:13+00:00,2021-05-29 02:03:41+00:00,2021-05-28 10:32:44+00:00,2021-05-29 02:37:10+00:00,2021-05-28 09:56:53+00:00,2021-05-29 03:13:01+00:00
ERCO,2021-05-29,2021-05-29 11:32:05+00:00,2021-05-30 01:38:05+00:00,2021-05-29 18:35:05+00:00,50760,2021-05-29 11:05:51+00:00,2021-05-30 02:04:19+00:00,2021-05-29 10:32:17+00:00,2021-05-30 02:37:53+00:00,2021-05-29 09:56:19+00:00,2021-05-30 03:13:50+00:00
ERCO,2021-05-30,2021-05-30 11:31:47+00:00,2021-05-31 01:38:40+00:00,2021-05-30 18:35:13+00:00,50813,2021-05-30 11:05:30+00:00,2021-05-31 02:04:57+00:00,2021-05-30 10:31:51+00:00,2021-05-31 02:38:35+00:00,2021-05-30 09:55:48+00:00,2021-05-31 03:14:39+00:00
ERCO,2021-05-31,2021-05-31 11:31:30+00:00,2021-06-01 01:39:14+00:00,2021-05-31 18:35:22+00:00,50864,2021-05-31 11:05:10+00:00,2021-06-01 02:05:34+00:00,2021-05-31 10:31:28+00:00,2021-06-01 02:39:17+00:00,2021-05-31 09:55:18+00:00,2021-06-01 03:15:26+00:00
ERCO,2021-06-01,2021-06-01 11:31:15+00:00,2021-06-02 01:39:48+00:00,2021-06-01 18:35:31+00:00,50913,2021-06-01 11:04:53+00:00,2021-06-02 02:06:10+00:00,2021-06-01 10:31:06+00:00,2021-06-02 02:39:57+00:00,2021-06-01 09:54:50+00:00,2021-06-02 03:16:13+00:00
ERCO,2021-06-02,2021-06-02 11:31:01+00:00,2021-06-03 01:40:21+00:00,2021-06-02 18:35:41+00:00,50960,2021-06-02 11:04:36+00:00,2021-06-03 02:06:46+00:00,2021-06-02 10:30:46+00:00,2021-06-03 02:40:36+00:00,2021-06-02 09:54:24+00:00,2021-06-03 03:16:58+00:00
ERCO,2021-06-03,2021-06-03 11:30:49+00:00,2021-06-04 01:40:53+00:00,2021-06-03 18:35:51+00:00,51004,2021-06-03 11:04:22+00:00,2021-06-04 02:07:20+00:00,2021-06-03 10:30:27+00:00,2021-06-04 02:41:15+00:00,2021-06-03 09:54:01+00:00,2021-06-04 03:17:42+00:00
ERCO,2021-06-04,2021-06-04 11:30:38+00:00,2021-06-05 01:41:25+00:00,2021-06-04 18:36:01+00:00,51047,2021-06-04 11:04:09+00:00,2021-06-05 02:07:54+00:00,2021-06-04 10:30:11+00:00,2021-06-05 02:41:52+00:00,2021-06-04 09:53:39+00:00,2021-06-05 03:18:24+00:00
ERCO,2021-06-05,2021-06-05 11:30:29+00:00,2021-06-06 01:41:55+00:00,2021-06-05 18:36:12+00:00,51086,2021-06-05 11:03:58+00:00,2021-06-06 02:08:27+00:00,2021-06-05 10:29:56+00:00,2021-06-06 02:42:28+00:00,2021-06-05 09:53:19+00:00,2021-06-06 03:19:05+00:00
ERCO,2021-06-06,2021-06-06 11:30:21+00:00,2021-06-07 01:42:25+00:00,2021-06-06 18:36:23+00:00,51124,2021-06-06 11:03:48+00:00,2021-06-07 02:08:58+00:00,2021-06-06 10:29:43+00:00,2021-06-07 02:43:03+00:00,2021-06-06 09:53:02+00:00,2021-06-07 03:19:45+00:00
ERCO,2021-06-07,2021-06-07 11:30:15+00:00,2021-06-08 01:42:54+00:00,2021-06-07 18:36:34+00:00,51159,2021-06-07 11:03:40+00:00,2021-06-08 02:09:29+00:00,2021-06-07 10:29:32+00:00,2021-06-08 02:43:37+00:00,2021-06-07 09:52:46+00:00,2021-06-08 03:20:23+00:00
ERCO,2021-06-08,2021-06-08 11:30:10+00:00,2021-06-09 01:43:22+00:00,2021-06-08 18:36:46+00:00,51192,2021-06-08 11:03:33+00:00,2021-06-09 02:09:59+00:00,2021-06-08 10:29:23+00:00,2021-06-09 02:44:09+00:00,2021-06-08 09:52:32+00:00,2021-06-09 03:20:59+00:00
ERCO,2021-06-09,2021-06-09 11:30:07+00:00,2021-06-10 01:43:48+00:00,2021-06-09 18:36:58+00:00,51221,2021-06-09 11:03:28+00:00,2021-06-10 02:10:27+00:00,2021-06-09 10:29:15+00:00,2021-06-10 02:44:40+00:00,2021-06-09 09:52:21+00:00,2021-06-10 03:21:35+00:00
ERCO,2021-06-10,2021-06-10 11:30:05+00:00,2021-06-11 01:44:14+00:00,2021-06-10 18:37:10+00:00,51249,2021-06-10 11:03:25+00:00,2021-06-11 02:10:54+00:00,2021-06-10 10:29:09+00:00,2021-06-11 02:45:10+00:00,2021-06-10 09:52:12+00:00,2021-06-11 03:22:08+00:00
ERCO,2021-06-11,2021-06-11 11:30:05+00:00,2021-06-12 01:44:39+00:00,2021-06-11 18:37:22+00:00,51274,2021-06-11 11:03:23+00:00,2021-06-12 02:11:21+00:00,2021-06-11 10:29:05+00:00,2021-06-12 02:45:39+00:00,2021-06-11 09:52:04+00:00,2021-06-12 03:22:40+00:00
ERCO,2021-06-12,2021-06-12 11:30:06+00:00,2021-06-13 01:45:03+00:00,2021-06-12 18:37:34+00:00,51297,2021-06-12 11:03:23+00:00,2021-06-13 02:11:46+00:00,2021-06-12 10:29:03+00:00,2021-06-13 02:46:06+00:00,2021-06-12 09:51:59+00:00,2021-06-13 03:23:10+00:00
ERCO,2021-06-13,2021-06-13 11:30:09+00:00,2021-06-14 01:45:26+00:00,2021-06-13 18:37:47+00:00,51317,2021-06-13 11:03:25+00:00,2021-06-14 02:12:10+00:00,2021-06-13 10:29:03+00:00,2021-06-14 02:46:31+00:00,2021-06-13 09:51:56+00:00,2021-06-14 03:23:38+00:00
ERCO,2021-06-14,2021-06-14 11:30:12+00:00,2021-06-15 01:45:47+00:00,2021-06-14 18:38:00+00:00,51335,2021-06-14 11:03:28+00:00,2021-06-15 02:12:32+00:00,2021-06-14 10:29:04+00:00,2021-06-15 02:46:55+00:00,2021-06-14 09:51:55+00:00,2021-06-15 03:24:04+00:00
ERCO,2021-06-15,2021-06-15 11:30:18+00:00,2021-06-16 01:46:07+00:00,2021-06-15 18:38:13+00:00,51349,2021-06-15 11:03:32+00:00,2021-06-16 02:12:53+00:00,2021-06-15 10:29:07+00:00,2021-06-16 02:47:18+00:00,2021-06-15 09:51:56+00:00,2021-06-16 03:24:29+00:00
ERCO,2021-06-16,2021-06-16 11:30:24+00:00,2021-06-17 01:46:27+00:00,2021-06-16 18:38:26+00:00,51363,2021-06-16 11:03:38+00:00,2021-06-17 02:13:13+00:00,2021-06-16 10:29:12+00:00,2021-06-17 02:47:39+00:00,2021-06-16 09:52:00+00:00,2021-06-17 03:24:51+00:00
ERCO,2021-06-17,2021-06-17 11:30:33+00:00,2021-06-18 01:46:45+00:00,2021-06-17 18:38:39+00:00,51372,2021-06-17 11:03:45+00:00,2021-06-18 02:13:32+00:00,2021-06-17 10:29:19+00:00,2021-06-18 02:47:58+00:00,2021-06-17 09:52:05+00:00,2021-06-18 03:25:12+00:00
ERCO,2021-06-18,2021-06-18 11:30:42+00:00,2021-06-19 01:47:01+00:00,2021-06-18 18:38:52+00:00,51379,2021-06-18 11:03:54+00:00,2021-06-19 02:13:49+00:00,2021-06-18 10:29:27+00:00,2021-06-19 02:48:16+00:00,2021-06-18 09:52:12+00:00,2021-06-19 03:25:31+00:00
ERCO,2021-06-19,2021-06-19 11:30:53+00:00,2021-06-20 01:47:17+00:00,2021-06-19 18:39:05+00:00,51384,2021-06-19 11:04:05+00:00,2021-06-20 02:14:05+00:00,2021-06-19 10:29:37+00:00,2021-06-20 02:48:32+00:00,2021-06-19 09:52:22+00:00,2021-06-20 03:25:48+00:00
ERCO,2021-06-20,2021-06-20 11:31:05+00:00,2021-06-21 01:47:31+00:00,2021-06-20 18:39:18+00:00,51386,2021-06-20 11:04:17+00:00,2021-06-21 02:14:19+00:00,2021-06-20 10:29:49+00:00,2021-06-21 02:48:47+00:00,2021-06-20 09:52:33+00:00,2021-06-21 03:26:03+00:00
ERCO,2021-06-21,2021-06-21 11:31:18+00:00,2021-06-22 01:47:44+00:00,2021-06-21 18:39:31+00:00,51386,2021-06-21 11:04:30+00:00,2021-06-22 02:14:32+00:00,2021-06-21 10:30:02+00:00,2021-06-22 02:49:00+00:00,2021-06-21 09:52:46+00:00,2021-06-22 03:26:15+00:00
ERCO,2021-06-22,2021-06-22 11:31:32+00:00,2021-06-23 01:47:55+00:00,2021-06-22 18:39:44+00:00,51383,2021-06-22 11:04:45+00:00,2021-06-23 02:14:43+00:00,2021-06-22 10:30:17+00:00,2021-06-23 02:49:11+00:00,2021-06-22 09:53:02+00:00,2021-06-23 03:26:26+00:00
ERCO,2021-06-23,2021-06-23 11:31:48+00:00,2021-06-24 01:48:06+00:00,2021-06-23 18:39:57+00:00,51378,2021-06-23 11:05:01+00:00,2021-06-24 02:14:53+00:00,2021-06-23 10:30:33+00:00,2021-06-24 02:49:20+00:00,2021-06-23 09:53:19+00:00,2021-06-24 03:26:35+00:00
ERCO,2021-06-24,2021-06-24 11:32:05+00:00,2021-06-25 01:48:14+00:00,2021-06-24 18:40:10+00:00,51369,2021-06-24 11:05:18+00:00,2021-06-25 02:15:01+00:00,2021-06-24 10:30:52+00:00,2021-06-25 02:49:28+00:00,2021-06-24 09:53:38+00:00,2021-06-25 03:26:41+00:00
ERCO,2021-06-25,2021-06-25 11:32:23+00:00,2021-06-26 01:48:22+00:00,2021-06-25 18:40:22+00:00,51359,2021-06-25 11:05:37+00:00,2021-06-26 02:15:08+00:00,2021-06-25 10:31:11+00:00,2021-06-26 02:49:34+00:00,2021-06-25 09:53:59+00:00,2021-06-26 03:26:46+00:00
ERCO,2021-06-26,2021-06-26 11:32:42+00:00,2021-06-27 01:48:28+00:00,2021-06-26 18:40:35+00:00,51346,2021-06-26 11:05:57+00:00,2021-06-27 02:15:13+00:00,2021-06-26 10:31:32+00:00,2021-06-27 02:49:38+00:00,2021-06-26 09:54:22+00:00,2021-06-27 03:26:48+00:00
ERCO,2021-06-27,2021-06-27 11:33:02+00:00,2021-06-28 01:48:32+00:00,2021-06-27 18:40:47+00:00,51330,2021-06-27 11:06:18+00:00,2021-06-28 02:15:17+00:00,2021-06-27 10:31:55+00:00,2021-06-28 02:49:40+00:00,2021-06-27 09:54:46+00:00,2021-06-28 03:26:48+00:00
ERCO,2021-06-28,2021-06-28 11:33:24+00:00,2021-06-29 01:48:35+00:00,2021-06-28 18:41:00+00:00,51311,2021-06-28 11:06:40+00:00,2021-06-29 02:15:19+00:00,2021-06-28 10:32:19+00:00,2021-06-29 02:49:40+00:00,2021-06-28 09:55:13+00:00,2021-06-29 03:26:46+00:00
ERCO,2021-06-29,2021-06-29 11:33:46+00:00,2021-06-30 01:48:37+00:00,2021-06-29 18:41:12+00:00,51291,2021-06-29 11:07:04+00:00,2021-06-30 02:15:20+00:00,2021-06-29 10:32:44+00:00,2021-06-30 02:49:39+00:00,2021-06-29 09:55:41+00:00,2021-06-30 03:26:42+00:00
ERCO,2021-06-30,2021-06-30 11:34:10+00:00,2021-07-01 01:48:37+00:00,2021-06-30 18:41:23+00:00,51267,2021-06-30 11:07:28+00:00,2021-07-01 02:15:19+00:00,2021-06-30 10:33:11+00:00,2021-07-01 02:49:36+00:00,2021-06-30 09:56:11+00:00,2021-07-01 03:26:36+00:00
ERCO,2021-07-01,2021-07-01 11:34:34+00:00,2021-07-02 01:48:36+00:00,2021-07-01 18:41:35+00:00,51242,2021-07-01 11:07:54+00:00,2021-07-02 02:15:16+00:00,2021-07-01 10:33:39+00:00,2021-07-02 02:49:31+00:00,2021-07-01 09:56:42+00:00,2021-07-02 03:26:28+00:00
ERCO,2021-07-02,2021-07-02 11:35:00+00:00,2021-07-03 01:48:33+00:00,2021-07-02 18:41:46+00:00,51213,2021-07-02 11:08:21+00:00,2021-07-03 02:15:11+00:00,2021-07-02 10:34:09+00:00,2021-07-03 02:49:24+00:00,2021-07-02 09:57:15+00:00,2021-07-03 03:26:17+00:00
ERCO,2021-07-03,2021-07-03 11:35:26+00:00,2021-07-04 01:48:29+00:00,2021-07-03 18:41:57+00:00,51183,2021-07-03 11:08:49+00:00,2021-07-04 02:15:05+00:00,2021-07-03 10:34:39+00:00,2021-07-04 02:49:15+00:00,2021-07-03 09:57:50+00:00,2021-07-04 03:26:04+00:00
ERCO,2021-07-04,2021-07-04 11:35:53+00:00,2021-07-05 01:48:23+00:00,2021-07-04 18:42:08+00:00,51150,2021-07-04 11:09:18+00:00,2021-07-05 02:14:58+00:00,2021-07-04 10:35:11+00:00,2021-07-05 02:49:05+00:00,2021-07-04 09:58:26+00:00,2021-07-05 03:25:50+00:00
ERCO,2021-07-05,2021-07-05 11:36:21+00:00,2021-07-06 01:48:15+00:00,2021-07-05 18:42:18+00:00,51114,2021-07-05 11:09:48+00:00,2021-07-06 02:14:48+00:00,2021-07-05 10:35:44+00:00,2021-07-06 02:48:52+00:00,2021-07-05 09:59:04+00:00,2021-07-06 03:25:33+00:00
ERCO,2021-07-06,2021-07-06 11:36:50+00:00,2021-07-07 01:48:06+00:00,2021-07-06 18:42:28+00:00,51076,2021-07-06 11:10:19+00:00,2021-07-07 02:14:37+00:00,2021-07-06 10:36:18+00:00,2021-07-07 02:48:38+00:00,2021-07-06 09:59:43+00:00,2021-07-07 03:25:14+00:00
ERCO,2021-07-07,2021-07-07 11:37:20+00:00,2021-07-08 01:47:56+00:00,2021-07-07 18:42:38+00:00,51036,2021-07-07 11:10:51+00:00,2021-07-08 02:14:25+00:00,2021-07-07 10:36:54+00:00,2021-07-08 02:48:22+00:00,2021-07-07 10:00:23+00:00,2021-07-08 03:24:53+00:00
ERCO,2021-07-08,2021-07-08 11:37:50+00:00,2021-07-09 01:47:44+00:00,2021-07-08 18:42:47+00:00,50994,2021-07-08 11:11:23+00:00,2021-07-09 02:14:10+00:00,2021-07-08 10:37:30+00:00,2021-07-09 02:48:04+00:00,2021-07-08 10:01:04+00:00,2021-07-09 03:24:29+00:00
ERCO,2021-07-09,2021-07-09 11:38:21+00:00,2021-07-10 01:47:30+00:00,2021-07-09 18:42:56+00:00,50949,2021-07-09 11:11:57+00:00,2021-07-10 02:13:54+00:00,2021-07-09 10:38:07+00:00,2021-07-10 02:47:44+00:00,2021-07-09 10:01:47+00:00,2021-07-10 03:24:04+00:00
ERCO,2021-07-10,2021-07-10 11:38:53+00:00,2021-07-11 01:47:15+00:00,2021-07-10 18:43:04+00:00,50902,2021-07-10 11:12:31+00:00,2021-07-11 02:13:37+00:00,2021-07-10 10:38:45+00:00,2021-07-11 02:47:23+00:00,2021-07-10 10:02:31+00:00,2021-07-11 03:23:37+00:00
ERCO,2021-07-11,2021-07-11 11:39:26+00:00,2021-07-12 01:46:58+00:00,2021-07-11 18:43:12+00:00,50852,2021-07-11 11:13:06+00:00,2021-07-12 02:13:18+00:00,2021-07-11 10:39:25+00:00,2021-07-12 02:46:59+00:00,2021-07-11 10:03:16+00:00,2021-07-12 03:23:08+00:00
ERCO,2021-07-12,2021-07-12 11:39:59+00:00,2021-07-13 01:46:40+00:00,2021-07-12 18:43:19+00:00,50801,2021-07-12 11:13:42+00:00,2021-07-13 02:12:57+00:00,2021-07-12 10:40:05+00:00,2021-07-13 02:46:34+00:00,2021-07-12 10:04:02+00:00,2021-07-13 03:22:36+00:00
ERCO,2021-07-13,2021-07-13 11:40:32+00:00,2021-07-14 01:46:20+00:00,2021-07-13 18:43:26+00:00,50748,2021-07-13 11:14:19+00:00,2021-07-14 02:12:34+00:00,2021-07-13 10:40:45+00:00,2021-07-14 02:46:07+00:00,2021-07-13 10:04:50+00:00,2021-07-14 03:22:03+00:00
ERCO,2021-07-14,2021-07-14 11:41:07+00:00,2021-07-15 01:45:59+00:00,2021-07-14 18:43:33+00:00,50692,2021-07-14 11:14:56+00:00,2021-07-15 02:12:10+00:00,2021-07-14 10:41:27+00:00,2021-07-15 02:45:39+00:00,2021-07-14 10:05:38+00:00,2021-07-15 03:21:28+00:00
ERCO,2021-07-15,2021-07-15 11:41:42+00:00,2021-07-16 01:45:36+00:00,2021-07-15 18:43:39+00:00,50634,2021-07-15 11:15:33+00:00,2021-07-16 02:11:44+00:00,2021-07-15 10:42:09+00:00,2021-07-16 02:45:08+00:00,2021-07-15 10:06:27+00:00,2021-07-16 03:20:51+00:00
ERCO,2021-07-16,2021-07-16 11:42:17+00:00,2021-07-17 01:45:12+00:00,2021-07-16 18:43:44+00:00,50575,2021-07-16 11:16:12+00:00,2021-07-17 02:11:17+00:00,2021-07-16 10:42:52+00:00,2021-07-17 02:44:36+00:00,2021-07-16 10:07:17+00:00,2021-07-17 03:20:12+00:00
ERCO,2021-07-17,2021-07-17 11:42:53+00:00,2021-07-18 01:44:46+00:00,2021-07-17 18:43:49+00:00,50513,2021-07-17 11:16:50+00:00,2021-07-18 02:10:48+00:00,2021-07-17 10:43:36+00:00,2021-07-18 02:44:02+00:00,2021-07-17 10:08:07+00:00,2021-07-18 03:19:31+00:00
ERCO,2021-07-18,2021-07-18 11:43:29+00:00,2021-07-19 01:44:19+00:00,2021-07-18 18:43:54+00:00,50450,2021-07-18 11:17:30+00:00,2021-07-19 02:10:18+00:00,2021-07-18 10:44:20+00:00,2021-07-19 02:43:27+00:00,2021-07-18 10:08:59+00:00,2021-07-19 03:18:49+00:00
ERCO,2021-07-19,2021-07-19 11:44:05+00:00,2021-07-20 01:43:50+00:00,2021-07-19 18:43:58+00:00,50385,2021-07-19 11:18:09+00:00,2021-07-20 02:09:46+00:00,2021-07-19 10:45:05+00:00,2021-07-20 02:42:50+00:00,2021-07-19 10:09:51+00:00,2021-07-20 03:18:04+00:00
ERCO,2021-07-20,2021-07-20 11:44:42+00:00,2021-07-21 01:43:19+00:00,2021-07-20 18:44:01+00:00,50317,2021-07-20 11:18:50+00:00,2021-07-21 02:09:12+00:00,2021-07-20 10:45:51+00:00,2021-07-21 02:42:11+00:00,2021-07-20 10:10:44+00:00,2021-07-21 03:17:18+00:00
ERCO,2021-07-21,2021-07-21 11:45:20+00:00,2021-07-22 01:42:48+00:00,2021-07-21 18:44:04+00:00,50248,2021-07-21 11:19:30+00:00,2021-07-22 02:08:37+00:00,2021-07-21 10:46:37+00:00,2021-07-22 02:41:31+00:00,2021-07-21 10:11:37+00:00,2021-07-22 03:16:30+00:00
ERCO,2021-07-22,2021-07-22 11:45:57+00:00,2021-07-23 01:42:14+00:00,2021-07-22 18:44:06+00:00,50177,2021-07-22 11:20:11+00:00,2021-07-23 02:08:00+00:00,2021-07-22 10:47:23+00:00,2021-07-23 02:40:49+00:00,2021-07-22 10:12:31+00:00,2021-07-23 03:15:41+00:00
ERCO,2021-07-23,2021-07-23 11:46:35+00:00,2021-07-24 01:41:40+00:00,2021-07-23 18:44:07+00:00,50105,2021-07-23 11:20:52+00:00,2021-07-24 02:07:22+00:00,2021-07-23 10:48:09+00:00,2021-07-24 02:40:05+00:00,2021-07-23 10:13:25+00:00,2021-07-24 03:14:50+00:00
ERCO,2021-07-24,2021-07-24 11:47:13+00:00,2021-07-25 01:41:03+00:00,2021-07-24 18:44:08+00:00,50030,2021-07-24 11:21:34+00:00,2021-07-25 02:06:43+00:00,2021-07-24 10:48:57+00:00,2021-07-25 02:39:20+00:00,2021-07-24 10:14:20+00:00,2021-07-25 03:13:57+00:00
ERCO,2021-07-25,2021-07-25 11:47:52+00:00,2021-07-26 01:40:26+00:00,2021-07-25 18:44:09+00:00,49954,2021-07-25 11:22:16+00:00,2021-07-26 02:06:02+00:00,2021-07-25 10:49:44+00:00,2021-07-26 02:38:34+00:00,2021-07-25 10:15:15+00:00,2021-07-26 03:13:02+00:00
ERCO,2021-07-26,2021-07-26 11:48:30+00:00,2021-07-27 01:39:47+00:00,2021-07-26 18:44:09+00:00,49877,2021-07-26 11:22:58+00:00,2021-07-27 02:05:19+00:00,2021-07-26 10:50:32+00:00,2021-07-27 02:37:46+00:00,2021-07-26 10:16:11+00:00,2021-07-27 03:12:07+00:00
ERCO,2021-07-27,2021-07-27 11:49:09+00:00,2021-07-28 01:39:07+00:00,2021-07-27 18:44:08+00:00,49798,2021-07-27 11:23:40+00:00,2021-07-28 02:04:35+00:00,2021-07-27 10:51:20+00:00,2021-07-28 02:36:56+00:00,2021-07-27 10:17:06+00:00,2021-07-28 03:11:09+00:00
ERCO,2021-07-28,2021-07-28 11:49:48+00:00,2021-07-29 01:38:25+00:00,2021-07-28 18:44:06+00:00,49717,2021-07-28 11:24:23+00:00,2021-07-29 02:03:50+00:00,2021-07-28 10:52:08+00:00,2021-07-29 02:36:05+00:00,2021-07-28 10:18:02+00:00,2021-07-29 03:10:10+00:00
ERCO,2021-07-29,2021-07-29 11:50:27+00:00,2021-07-30 01:37:42+00:00,2021-07-29 18:44:04+00:00,49635,2021-07-29 11:25:05+00:00,2021-07-30 02:03:03+00:00,2021-07-29 10:52:56+00:00,2021-07-30 02:35:13+00:00,2021-07-29 10:18:59+00:00,2021-07-30 03:09:10+00:00
ERCO,2021-07-30,2021-07-30 11:51:06+00:00,2021-07-31 01:36:57+00:00,2021-07-30 18:44:02+00:00,49551,2021-07-30 11:25:48+00:00,2021-07-31 02:02:15+00:00,2021-07-30 10:53:44+00:00,2021-07-31 02:34:19+00:00,2021-07-30 10:19:55+00:00,2021-07-31 03:08:08+00:00
ERCO,2021-07-31,2021-07-31 11:51:45+00:00,2021-08-01 01:36:12+00:00,2021-07-31 18:43:59+00:00,49467,2021-07-31 11:26:31+00:00,2021-08-01 02:01:26+00:00,2021-07-31 10:54:33+00:00,2021-08-01 02:33:24+00:00,2021-07-31 10:20:52+00:00,2021-08-01 03:07:05+00:00
ERCO,2021-08-01,2021-08-01 11:52:25+00:00,2021-08-02 01:35:25+00:00,2021-08-01 18:43:55+00:00,49380,2021-08-01 11:27:14+00:00,2021-08-02 02:00:35+00:00,2021-08-01 10:55:22+00:00,2021-08-02 02:32:28+00:00,2021-08-01 10:21:48+00:00,2021-08-02 03:06:01+00:00
ERCO,2021-08-02,2021-08-02 11:53:04+00:00,2021-08-03 01:34:37+00:00,2021-08-02 18:43:50+00:00,49293,2021-08-02 11:27:57+00:00,2021-08-03 01:59:44+00:00,2021-08-02 10:56:10+00:00,2021-08-03 02:31:30+00:00,2021-08-02 10:22:45+00:00,2021-08-03 03:04:56+00:00
ERCO,2021-08-03,2021-08-03 11:53:44+00:00,2021-08-04 01:33:47+00:00,2021-08-03 18:43:45+00:00,49203,2021-08-03 11:28:40+00:00,2021-08-04 01:58:51+00:00,2021-08-03 10:56:59+00:00,2021-08-04 02:30:31+00:00,2021-08-03 10:23:42+00:00,2021-08-04 03:03:49+00:00
ERCO,2021-08-04,2021-08-04 11:54:23+00:00,2021-08-05 01:32:56+00:00,2021-08-04 18:43:40+00:00,49113,2021-08-04 11:29:23+00:00,2021-08-05 01:57:56+00:00,2021-08-04 10:57:48+00:00,2021-08-05 02:29:31+00:00,2021-08-04 10:24:38+00:00,2021-08-05 03:02:41+00:00
ERCO,2021-08-05,2021-08-05 11:55:02+00:00,2021-08-06 01:32:04+00:00,2021-08-05 18:43:33+00:00,49022,2021-08-05 11:30:06+00:00,2021-08-06 01:57:01+00:00,2021-08-05 10:58:37+00:00,2021-08-06 02:28:30+00:00,2021-08-05 10:25:35+00:00,2021-08-06 03:01:32+00:00
ERCO,2021-08-06,2021-08-06 11:55:42+00:00,2021-08-07 01:31:11+00:00,2021-08-06 18:43:27+00:00,48929,2021-08-06 11:30:49+00:00,2021-08-07 01:56:04+00:00,2021-08-06 10:59:25+00:00,2021-08-07 02:27:28+00:00,2021-08-06 10:26:31+00:00,2021-08-07 03:00:22+00:00
ERCO,2021-08-07,2021-08-07 11:56:21+00:00,2021-08-08 01:30:17+00:00,2021-08-07 18:43:19+00:00,48836,2021-08-07 11:31:32+00:00,2021-08-08 01:55:06+00:00,2021-08-07 11:00:14+00:00,2021-08-08 02:26:24+00:00,2021-08-07 10:27:28+00:00,2021-08-08 02:59:10+00:00
ERCO,2021-08-08,2021-08-08 11:57:01+00:00,2021-08-09 01:29:22+00:00,2021-08-08 18:43:11+00:00,48741,2021-08-08 11:32:15+00:00,2021-08-09 01:54:07+00:00,2021-08-08 11:01:02+00:00,2021-08-09 02:25:20+00:00,2021-08-08 10:28:24+00:00,2021-08-09 02:57:58+00:00
ERCO,2021-08-09,2021-08-09 11:57:40+00:00,2021-08-10 01:28:25+00:00,2021-08-09 18:43:03+00:00,48645,2021-08-09 11:32:58+00:00,2021-08-10 01:53:07+00:00,2021-08-09 11:01:51+00:00,2021-08-10 02:24:14+00:00,2021-08-09 10:29:20+00:00,2021-08-10 02:56:45+00:00
ERCO,2021-08-10,2021-08-10 11:58:19+00:00,2021-08-11 01:27:28+00:00,2021-08-10 18:42:53+00:00,48549,2021-08-10 11:33:41+00:00,2021-08-11 01:52:06+00:00,2021-08-10 11:02:39+00:00,2021-08-11 02:23:08+00:00,2021-08-10 10:30:16+00:00,2021-08-11 02:55:31+00:00
ERCO,2021-08-11,2021-08-11 11:58:58+00:00,2021-08-12 01:26:29+00:00,2021-08-11 18:42:44+00:00,48451,2021-08-11 11:34:23+00:00,2021-08-12 01:51:04+00:00,2021-08-11 11:03:27+00:00,2021-08-12 02:22:00+00:00,2021-08-11 10:31:12+00:00,2021-08-12 02:54:15+00:00
ERCO,2021-08-12,2021-08-12 11:59:37+00:00,2021-08-13 01:25:29+00:00,2021-08-12 18:42:33+00:00,48352,2021-08-12 11:35:06+00:00,2021-08-13 01:50:01+00:00,2021-08-12 11:04:15+00:00,2021-08-13 02:20:51+00:00,2021-08-12 10:32:07+00:00,2021-08-13 02:52:59+00:00
ERCO,2021-08-13,2021-08-13 12:00:16+00:00,2021-08-14 01:24:29+00:00,2021-08-13 18:42:22+00:00,48253,2021-08-13 11:35:48+00:00,2021-08-14 01:48:57+00:00,2021-08-13 11:05:03+00:00,2021-08-14 02:19:42+00:00,2021-08-13 10:33:02+00:00,2021-08-14 02:51:42+00:00
ERCO,2021-08-14,2021-08-14 12:00:55+00:00,2021-08-15 01:23:27+00:00,2021-08-14 18:42:11+00:00,48152,2021-08-14 11:36:30+00:00,2021-08-15 01:47:52+00:00,2021-08-14 11:05:50+00:00,2021-08-15 02:18:32+00:00,2021-08-14 10:33:57+00:00,2021-08-15 02:50:25+00:00
ERCO,2021-08-15,2021-08-15 12:01:34+00:00,2021-08-16 01:22:24+00:00,2021-08-15 18:41:59+00:00,48050,2021-08-15 11:37:12+00:00,2021-08-16 01:46:46+00:00,2021-08-15 11:06:38+00:00,2021-08-16 02:17:20+00:00,2021-08-15 10:34:52+00:00,2021-08-16 02:49:06+00:00
ERCO,2021-08-16,2021-08-16 12:02:13+00:00,2021-08-17 01:21:21+00:00,2021-08-16 18:41:47+00:00,47948,2021-08-16 11:37:54+00:00,2021-08-17 01:45:39+00:00,2021-08-16 11:07:25+00:00,2021-08-17 02:16:08+00:00,2021-08-16 10:35:46+00:00,2021-08-17 02:47:47+00:00
ERCO,2021-08-17,2021-08-17 12:02:51+00:00,2021-08-18 01:20:16+00:00,2021-08-17 18:41:34+00:00,47845,2021-08-17 11:38:36+00:00,2021-08-18 01:44:31+00:00,2021-08-17 11:08:12+00:00,2021-08-18 02:14:56+00:00,2021-08-17 10:36:40+00:00,2021-08-18 02:46:27+00:00
ERCO,2021-08-18,2021-08-18 12:03:30+00:00,2021-08-19 01:19:11+00:00,2021-08-18 18:41:20+00:00,47741,2021-08-18 11:39:18+00:00,2021-08-19 01:43:23+00:00,2021-08-18 11:08:58+00:00,2021-08-19 02:13:42+00:00,2021-08-18 10:37:34+00:00,2021-08-19 02:45:07+00:00
ERCO,2021-08-19,2021-08-19 12:04:08+00:00,2021-08-20 01:18:05+00:00,2021-08-19 18:41:06+00:00,47637,2021-08-19 11:39:59+00:00,2021-08-20 01:42:14+00:00,2021-08-19 11:09:45+00:00,2021-08-20 02:12:28+00:00,2021-08-19 10:38:27+00:00,2021-08-20 02:43:46+00:00
ERCO,2021-08-20,2021-08-20 12:04:46+00:00,2021-08-21 01:16:58+00:00,2021-08-20 18:40:52+00:00,47532,2021-08-20 11:40:40+00:00,2021-08-21 01:41:03+00:00,2021-08-20 11:10:31+00:00,2021-08-21 02:11:13+00:00,2021-08-20 10:39:20+00:00,2021-08-21 02:42:24+00:00
ERCO,2021-08-21,2021-08-21 12:05:24+00:00,2021-08-22 01:15:50+00:00,2021-08-21 18:40:37+00:00,47426,2021-08-21 11:41:21+00:00,2021-08-22 01:39:53+00:00,2021-08-21 11:11:17+00:00,2021-08-22 02:09:57+00:00,2021-08-21 10:40:12+00:00,2021-08-22 02:41:01+00:00
ERCO,2021-08-22,2021-08-22 12:06:02+00:00,2021-08-23 01:14:41+00:00,2021-08-22 18:40:22+00:00,47319,2021-08-22 11:42:02+00:00,2021-08-23 01:38:41+00:00,2021-08-22 11:12:02+00:00,2021-08-23 02:08:41+00:00,2021-08-22 10:41:04+00:00,2021-08-23 02:39:39+00:00
ERCO,2021-08-23,2021-08-23 12:06:40+00:00,2021-08-24 01:13:32+00:00,2021-08-23 18:40:06+00:00,47212,2021-08-23 11:42:43+00:00,2021-08-24 01:37:29+00:00,2021-08-23 11:12:48+00:00,2021-08-24 02:07:24+00:00,2021-08-23 10:41:56+00:00,2021-08-24 02:38:15+00:00
ERCO,2021-08-24,2021-08-24 12:07:17+00:00,2021-08-25 01:12:22+00:00,2021-08-24 18:39:49+00:00,47105,2021-08-24 11:43:23+00:00,2021-08-25 01:36:16+00:00,2021-08-24 11:13:33+00:00,2021-08-25 02:06:06+00:00,2021-08-24 10:42:47+00:00,2021-08-25 02:36:51+00:00
ERCO,2021-08-25,2021-08-25 12:07:55+00:00,2021-08-26 01:11:11+00:00,2021-08-25 18:39:33+00:00,46996,2021-08-25 11:44:03+00:00,2021-08-26 01:35:02+00:00,2021-08-25 11:14:18+00:00,2021-08-26 02:04:48+00:00,2021-08-25 10:43:38+00:00,2021-08-26 02:35:27+00:00
ERCO,2021-08-26,2021-08-26 12:08:32+00:00,2021-08-27 01:10:00+00:00,2021-08-26 18:39:16+00:00,46888,2021-08-26 11:44:43+00:00,2021-08-27 01:33:48+00:00,2021-08-26 11:15:02+00:00,2021-08-27 02:03:30+00:00,2021-08-26 10:44:29+00:00,2021-08-27 02:34:03+00:00
ERCO,2021-08-27,2021-08-27 12:09:09+00:00,2021-08-28 01:08:48+00:00,2021-08-27 18:38:58+00:00,46779,2021-08-27 11:45:23+00:00,2021-08-28 01:32:34+00:00,2021-08-27 11:15:46+00:00,2021-08-28 02:02:11+00:00,2021-08-27 10:45:19+00:00,2021-08-28 02:32:38+00:00
ERCO,2021-08-28,2021-08-28 12:09:46+00:00,2021-08-29 01:07:35+00:00,2021-08-28 18:38:41+00:00,46669,2021-08-28 11:46:03+00:00,2021-08-29 01:31:18+00:00,2021-08-28 11:16:30+00:00,2021-08-29 02:00:51+00:00,2021-08-28 10:46:09+00:00,2021-08-29 02:31:12+00:00
ERCO,2021-08-29,2021-08-29 12:10:23+00:00,2021-08-30 01:06:22+00:00,2021-08-29 18:38:22+00:00,46559,2021-08-29 11:46:42+00:00,2021-08-30 01:30:02+00:00,2021-08-29 11:17:14+00:00,2021-08-30 01:59:31+00:00,2021-08-29 10:46:58+00:00,2021-08-30 02:29:47+00:00
ERCO,2021-08-30,2021-08-30 12:11:00+00:00,2021-08-31 01:05:08+00:00,2021-08-30 18:38:04+00:00,46448,2021-08-30 11:47:22+00:00,2021-08-31 01:28:46+00:00,2021-08-30 11:17:57+00:00,2021-08-31 01:58:11+00:00,2021-08-30 10:47:47+00:00,2021-08-31 02:28:21+00:00
ERCO,2021-08-31,2021-08-31 12:11:37+00:00,2021-09-01 01:03:53+00:00,2021-08-31 18:37:45+00:00,46336,2021-08-31 11:48:01+00:00,2021-09-01 01:27:30+00:00,2021-08-31 11:18:40+00:00,2021-09-01 01:56:50+00:00,2021-08-31 10:48:35+00:00,2021-09-01 02:26:55+00:00
ERCO,2021-09-01,2021-09-01 12:12:14+00:00,2021-09-02 01:02:39+00:00,2021-09-01 18:37:26+00:00,46225,2021-09-01 11:48:40+00:00,2021-09-02 01:26:12+00:00,2021-09-01 11:19:23+00:00,2021-09-02 01:55:29+00:00,2021-09-01 10:49:23+00:00,2021-09-02 02:25:29+00:00
ERCO,2021-09-02,2021-09-02 12:12:50+00:00,2021-09-03 01:01:23+00:00,2021-09-02 18:37:07+00:00,46113,2021-09-02 11:49:19+00:00,2021-09-03 01:24:55+00:00,2021-09-02 11:20:05+00:00,2021-09-03 01:54:08+00:00,2021-09-02 10:50:11+00:00,2021-09-03 02:24:02+00:00
ERCO,2021-09-03,2021-09-03 12:13:27+00:00,2021-09-04 01:00:07+00:00,2021-09-03 18:36:47+00:00,46000,2021-09-03 11:49:57+00:00,2021-09-04 01:23:37+00:00,2021-09-03 11:20:47+00:00,2021-09-04 01:52:47+00:00,2021-09-03 10:50:58+00:00,2021-09-04 02:22:36+00:00
ERCO,2021-09-04,2021-09-04 12:14:03+00:00,2021-09-05 00:58:51+00:00,2021-09-04 18:36:27+00:00,45888,2021-09-04 11:50:36+00:00,2021-09-05 01:22:19+00:00,2021-09-04 11:21:29+00:00,2021-09-05 01:51:25+00:00,2021-09-04 10:51:45+00:00,2021-09-05 02:21:09+00:00
ERCO,2021-09-05,2021-09-05 12:14:39+00:00,2021-09-06 00:57:35+00:00,2021-09-05 18:36:07+00:00,45776,2021-09-05 11:51:14+00:00,2021-09-06 01:21:00+00:00,2021-09-05 11:22:11+00:00,2021-09-06 01:50:03+00:00,2021-09-05 10:52:32+00:00,2021-09-06 02:19:43+00:00
ERCO,2021-09-06,2021-09-06 12:15:16+00:00,2021-09-07 00:56:18+00:00,2021-09-06 18:35:47+00:00,45662,2021-09-06 11:51:52+00:00,2021-09-07 01:19:41+00:00,2021-09-06 11:22:52+00:00,2021-09-07 01:48:41+00:00,2021-09-06 10:53:18+00:00,2021-09-07 02:18:16+00:00
ERCO,2021-09-07,2021-09-07 12:15:52+00:00,2021-09-08 00:55:00+00:00,2021-09-07 18:35:26+00:00,45548,2021-09-07 11:52:30+00:00,2021-09-08 01:18:22+00:00,2021-09-07 11:23:34+00:00,2021-09-08 01:47:19+00:00,2021-09-07 10:54:03+00:00,2021-09-08 02:16:49+00:00
ERCO,2021-09-08,2021-09-08 12:16:28+00:00,2021-09-09 00:53:43+00:00,2021-09-08 18:35:05+00:00,45435,2021-09-08 11:53:08+00:00,2021-09-09 01:17:03+00:00,2021-09-08 11:24:15+00:00,2021-09-09 01:45:56+00:00,2021-09-08 10:54:49+00:00,2021-09-09 02:15:22+00:00
ERCO,2021-09-09,2021-09-09 12:17:04+00:00,2021-09-10 00:52:25+00:00,2021-09-09 18:34:45+00:00,45321,2021-09-09 11:53:46+00:00,2021-09-10 01:15:43+00:00,2021-09-09 11:24:55+00:00,2021-09-10 01:44:34+00:00,2021-09-09 10:55:34+00:00,2021-09-10 02:13:56+00:00
ERCO,2021-09-10,2021-09-10 12:17:40+00:00,2021-09-11 00:51:07+00:00,2021-09-10 18:34:24+00:00,45207,2021-09-10 11:54:23+00:00,2021-09-11 01:14:24+00:00,2021-09-10 11:25:36+00:00,2021-09-11 01:43:11+00:00,2021-09-10 10:56:18+00:00,2021-09-11 02:12:29+00:00
ERCO,2021-09-11,2021-09-11 12:18:17+00:00,2021-09-12 00:49:48+00:00,2021-09-11 18:34:02+00:00,45091,2021-09-11 11:55:01+00:00,2021-09-12 01:13:04+00:00,2021-09-11 11:26:16+00:00,2021-09-12 01:41:49+00:00,2021-09-11 10:57:02+00:00,2021-09-12 02:11:02+00:00
ERCO,2021-09-12,2021-09-12 12:18:53+00:00,2021-09-13 00:48:30+00:00,2021-09-12 18:33:41+00:00,44977,2021-09-12 11:55:39+00:00,2021-09-13 01:11:44+00:00,2021-09-12 11:26:56+00:00,2021-09-13 01:40:26+00:00,2021-09-12 10:57:46+00:00,2021-09-13 02:09:36+00:00
ERCO,2021-09-13,2021-09-13 12:19:29+00:00,2021-09-14 00:47:11+00:00,2021-09-13 18:33:20+00:00,44862,2021-09-13 11:56:16+00:00,2021-09-14 01:10:24+00:00,2021-09-13 11:27:36+00:00,2021-09-14 01:39:04+00:00,2021-09-13 10:58:30+00:00,2021-09-14 02:08:10+00:00
ERCO,2021-09-14,2021-09-14 12:20:05+00:00,2021-09-15 00:45:52+00:00,2021-09-14 18:32:58+00:00,44747,2021-09-14 11:56:53+00:00,2021-09-15 01:09:04+00:00,2021-09-14 11:28:16+00:00,2021-09-15 01:37:41+00:00,2021-09-14 10:59:13+00:00,2021-09-15 02:06:44+00:00
ERCO,2021-09-15,2021-09-15 12:20:41+00:00,2021-09-16 00:44:33+00:00,2021-09-15 18:32:37+00:00,44632,2021-09-15 11:57:31+00:00,2021-09-16 01:07:44+00:00,2021-09-15 11:28:55+00:00,2021-09-16 01:36:19+00:00,2021-09-15 10:59:56+00:00,2021-09-16 02:05:18+00:00
ERCO,2021-09-16,2021-09-16 12:21:17+00:00,2021-09-17 00:43:14+00:00,2021-09-16 18:32:16+00:00,44517,2021-09-16 11:58:08+00:00,2021-09-17 01:06:23+00:00,2021-09-16 11:29:35+00:00,2021-09-17 01:34:57+00:00,2021-09-16 11:00:39+00:00,2021-09-17 02:03:52+00:00
ERCO,2021-09-17,2021-09-17 12:21:54+00:00,2021-09-18 00:41:55+00:00,2021-09-17 18:31:54+00:00,44401,2021-09-17 11:58:45+00:00,2021-09-18 01:05:03+00:00,2021-09-17 11:30:14+00:00,2021-09-18 01:33:35+00:00,2021-09-17 11:01:21+00:00,2021-09-18 02:02:27+00:00
ERCO,2021-09-18,2021-09-18 12:22:30+00:00,2021-09-19 00:40:36+00:00,2021-09-18 18:31:33+00:00,44286,2021-09-18 11:59:22+00:00,2021-09-19 01:03:43+00:00,2021-09-18 11:30:53+00:00,2021-09-19 01:32:13+00:00,2021-09-18 11:02:03+00:00,2021-09-19 02:01:02+00:00
ERCO,2021-09-19,2021-09-19 12:23:06+00:00,2021-09-20 00:39:16+00:00,2021-09-19 18:31:11+00:00,44170,2021-09-19 11:59:59+00:00,2021-09-20 01:02:23+00:00,2021-09-19 11:31:32+00:00,2021-09-20 01:30:51+00:00,2021-09-19 11:02:45+00:00,2021-09-20 01:59:38+00:00
ERCO,2021-09-20,2021-09-20 12:23:43+00:00,2021-09-21 00:37:57+00:00,2021-09-20 18:30:50+00:00,44054,2021-09-20 12:00:37+00:00,2021-09-21 01:01:03+00:00,2021-09-20 11:32:11+00:00,2021-09-21 01:29:29+00:00,2021-09-20 11:03:27+00:00,2021-09-21 01:58:13+00:00
ERCO,2021-09-21,2021-09-21 12:24:20+00:00,2021-09-22 00:36:38+00:00,2021-09-21 18:30:29+00:00,43938,2021-09-21 12:01:14+00:00,2021-09-22 00:59:44+00:00,2021-09-21 11:32:49+00:00,2021-09-22 01:28:08+00:00,2021-09-21 11:04:08+00:00,2021-09-22 01:56:49+00:00
ERCO,2021-09-22,2021-09-22 12:24:56+00:00,2021-09-23 00:35:19+00:00,2021-09-22 18:30:08+00:00,43823,2021-09-22 12:01:51+00:00,2021-09-23 00:58:24+00:00,2021-09-22 11:33:28+00:00,2021-09-23 01:26:47+00:00,2021-09-22 11:04:49+00:00,2021-09-23 01:55:26+00:00
ERCO,2021-09-23,2021-09-23 12:25:33+00:00,2021-09-24 00:34:00+00:00,2021-09-23 18:29:47+00:00,43707,2021-09-23 12:02:28+00:00,2021-09-24 00:57:05+00:00,2021-09-23 11:34:07+00:00,2021-09-24 01:25:27+00:00,2021-09-23 11:05:30+00:00,2021-09-24 01:54:03+00:00
ERCO,2021-09-24,2021-09-24 12:26:10+00:00,2021-09-25 00:32:41+00:00,2021-09-24 18:29:26+00:00,43591,2021-09-24 12:03:06+00:00,2021-09-25 00:55:46+00:00,2021-09-24 11:34:45+00:00,2021-09-25 01:24:06+00:00,2021-09-24 11:06:11+00:00,2021-09-25 01:52:40+00:00
ERCO,2021-09-25,2021-09-25 12:26:47+00:00,2021-09-26 00:31:23+00:00,2021-09-25 18:29:05+00:00,43476,2021-09-25 12:03:43+00:00,2021-09-26 00:54:27+00:00,2021-09-25 11:35:24+00:00,2021-09-26 01:22:46+00:00,2021-09-25 11:06:52+00:00,2021-09-26 01:51:18+00:00
ERCO,2021-09-26,2021-09-26 12:27:25+00:00,2021-09-27 00:30:04+00:00,2021-09-26 18:28:44+00:00,43359,2021-09-26 12:04:21+00:00,2021-09-27 00:53:08+00:00,2021-09-26 11:36:02+00:00,2021-09-27 01:21:27+00:00,2021-09-26 11:07:32+00:00,2021-09-27 01:49:57+00:00
ERCO,2021-09-27,2021-09-27 12:28:02+00:00,2021-09-28 00:28:46+00:00,2021-09-27 18:28:24+00:00,43244,2021-09-27 12:04:58+00:00,2021-09-28 00:51:50+00:00,2021-09-27 11:36:41+00:00,2021-09-28 01:20:08+00:00,2021-09-27 11:08:13+00:00,2021-09-28 01:48:36+00:00
ERCO,2021-09-28,2021-09-28 12:28:40+00:00,2021-09-29 00:27:28+00:00,2021-09-28 18:28:04+00:00,43128,2021-09-28 12:05:36+00:00,2021-09-29 00:50:32+00:00,2021-09-28 11:37:19+00:00,2021-09-29 01:18:49+00:00,2021-09-28 11:08:53+00:00,2021-09-29 01:47:15+00:00
ERCO,2021-09-29,2021-09-29 12:29:18+00:00,2021-09-30 00:26:10+00:00,2021-09-29 18:27:44+00:00,43012,2021-09-29 12:06:14+00:00,2021-09-30 00:49:15+00:00,2021-09-29 11:37:58+00:00,2021-09-30 01:17:31+00:00,2021-09-29 11:09:33+00:00,2021-09-30 01:45:55+00:00
ERCO,2021-09-30,2021-09-30 12:29:56+00:00,2021-10-01 00:24:53+00:00,2021-09-30 18:27:24+00:00,42897,2021-09-30 12:06:52+00:00,2021-10-01 00:47:57+00:00,2021-09-30 11:38:36+00:00,2021-10-01 01:16:13+00:00,2021-09-30 11:10:13+00:00,2021-10-01 01:44:36+00:00
ERCO,2021-10-01,2021-10-01 12:30:34+00:00,2021-10-02 00:23:36+00:00,2021-10-01 18:27:05+00:00,42782,2021-10-01 12:07:30+00:00,2021-10-02 00:46:41+00:00,2021-10-01 11:39:15+00:00,2021-10-02 01:14:56+00:00,2021-10-01 11:10:53+00:00,2021-10-02 01:43:18+00:00
ERCO,2021-10-02,2021-10-02 12:31:13+00:00,2021-10-03 00:22:19+00:00,2021-10-02 18:26:46+00:00,42666,2021-10-02 12:08:08+00:00,2021-10-03 00:45:24+00:00,2021-10-02 11:39:53+00:00,2021-10-03 01:13:39+00:00,2021-10-02 11:11:32+00:00,2021-10-03 01:42:00+00:00
ERCO,2021-10-03,2021-10-03 12:31:52+00:00,2021-10-04 00:21:03+00:00,2021-10-03 18:26:27+00:00,42551,2021-10-03 12:08:46+00:00,2021-10-04 00:44:08+00:00,2021-10-03 11:40:32+00:00,2021-10-04 01:12:23+00:00,2021-10-03 11:12:12+00:00,2021-10-04 01:40:43+00:00
ERCO,2021-10-04,2021-10-04 12:32:31+00:00,2021-10-05 00:19:47+00:00,2021-10-04 18:26:09+00:00,42436,2021-10-04 12:09:25+00:00,2021-10-05 00:42:53+00:00,2021-10-04 11:41:10+00:00,2021-10-05 01:11:08+00:00,2021-10-04 11:12:52+00:00,2021-10-05 01:39:26+00:00
ERCO,2021-10-05,2021-10-05 12:33:11+00:00,2021-10-06 00:18:32+00:00,2021-10-05 18:25:51+00:00,42321,2021-10-05 12:10:04+00:00,2021-10-06 00:41:38+00:00,2021-10-05 11:41:49+00:00,2021-10-06 01:09:53+00:00,2021-10-05 11:13:31+00:00,2021-10-06 01:38:11+00:00
ERCO,2021-10-06,2021-10-06 12:33:50+00:00,2021-10-07 00:17:17+00:00,2021-10-06 18:25:33+00:00,42207,2021-10-06 12:10:43+00:00,2021-10-07 00:40:24+00:00,2021-10-06 11:42:28+00:00,2021-10-07 01:08:39+00:00,2021-10-06 11:14:11+00:00,2021-10-07 01:36:56+00:00
ERCO,2021-10-07,2021-10-07 12:34:30+00:00,2021-10-08 00:16:02+00:00,2021-10-07 18:25:16+00:00,42092,2021-10-07 12:11:22+00:00,2021-10-08 00:39:10+00:00,2021-10-07 11:43:07+00:00,2021-10-08 01:07:26+00:00,2021-10-07 11:14:51+00:00,2021-10-08 01:35:42+00:00
ERCO,2021-10-08,2021-10-08 12:35:11+00:00,2021-10-09 00:14:48+00:00,2021-10-08 18:24:59+00:00,41977,2021-10-08 12:12:01+00:00,2021-10-09 00:37:57+00:00,2021-10-08 11:43:46+00:00,2021-10-09 01:06:13+00:00,2021-10-08 11:15:30+00:00,2021-10-09 01:34:29+00:00
ERCO,2021-10-09,2021-10-09 12:35:51+00:00,2021-10-10 00:13:35+00:00,2021-10-09 18:24:43+00:00,41864,2021-10-09 12:12:41+00:00,2021-10-10 00:36:45+00:00,2021-10-09 11:44:25+00:00,2021-10-10 01:05:01+00:00,2021-10-09 11:16:10+00:00,2021-10-10 01:33:16+00:00
ERCO,2021-10-10,2021-10-10 12:36:32+00:00,2021-10-11 00:12:22+00:00,2021-10-10 18:24:27+00:00,41750,2021-10-10 12:13:21+00:00,2021-10-11 00:35:33+00:00,2021-10-10 11:45:05+00:00,2021-10-11 01:03:50+00:00,2021-10-10 11:16:50+00:00,2021-10-11 01:32:05+00:00
ERCO,2021-10-11,2021-10-11 12:37:14+00:00,2021-10-12 00:11:10+00:00,2021-10-11 18:24:12+00:00,41636,2021-10-11 12:14:01+00:00,2021-10-12 00:34:22+00:00,2021-10-11 11:45:44+00:00,2021-10-12 01:02:39+00:00,2021-10-11 11:17:29+00:00,2021-10-12 01:30:54+00:00
ERCO,2021-10-12,2021-10-12 12:37:55+00:00,2021-10-13 00:09:59+00:00,2021-10-12 18:23:57+00:00,41524,2021-10-12 12:14:42+00:00,2021-10-13 00:33:12+00:00,2021-10-12 11:46:24+00:00,2021-10-13 01:01:30+00:00,2021-10-12 11:18:09+00:00,2021-10-13 01:29:45+00:00
ERCO,2021-10-13,2021-10-13 12:38:37+00:00,2021-10-14 00:08:48+00:00,2021-10-13 18:23:43+00:00,41411,2021-10-13 12:15:22+00:00,2021-10-14 00:32:03+00:00,2021-10-13 11:47:04+00:00,2021-10-14 01:00:21+00:00,2021-10-13 11:18:49+00:00,2021-10-14 01:28:36+00:00
ERCO,2021-10-14,2021-10-14 12:39:20+00:00,2021-10-15 00:07:38+00:00,2021-10-14 18:23:29+00:00,41298,2021-10-14 12:16:03+00:00,2021-10-15 00:30:54+00:00,2021-10-14 11:47:44+00:00,2021-10-15 00:59:14+00:00,2021-10-14 11:19:29+00:00,2021-10-15 01:27:28+00:00
ERCO,2021-10-15,2021-10-15 12:40:02+00:00,2021-10-16 00:06:28+00:00,2021-10-15 18:23:15+00:00,41186,2021-10-15 12:16:45+00:00,2021-10-16 00:29:46+00:00,2021-10-15 11:48:24+00:00,2021-10-16 00:58:07+00:00,2021-10-15 11:20:09+00:00,2021-10-16 01:26:22+00:00
ERCO,2021-10-16,2021-10-16 12:40:45+00:00,2021-10-17 00:05:20+00:00,2021-10-16 18:23:03+00:00,41075,2021-10-16 12:17:26+00:00,2021-10-17 00:28:39+00:00,2021-10-16 11:49:04+00:00,2021-10-17 00:57:01+00:00,2021-10-16 11:20:49+00:00,2021-10-17 01:25:16+00:00
ERCO,2021-10-17,2021-10-17 12:41:29+00:00,2021-10-18 00:04:12+00:00,2021-10-17 18:22:51+00:00,40963,2021-10-17 12:18:08+00:00,2021-10-18 00:27:33+00:00,2021-10-17 11:49:45+00:00,2021-10-18 00:55:56+00:00,2021-10-17 11:21:29+00:00,2021-10-18 01:24:12+00:00
ERCO,2021-10-18,2021-10-18 12:42:13+00:00,2021-10-19 00:03:05+00:00,2021-10-18 18:22:39+00:00,40852,2021-10-18 12:18:50+00:00,2021-10-19 00:26:28+00:00,2021-10-18 11:50:26+00:00,2021-10-19 00:54:52+00:00,2021-10-18 11:22:10+00:00,2021-10-19 01:23:08+00:00
ERCO,2021-10-19,2021-10-19 12:42:57+00:00,2021-10-20 00:01:59+00:00,2021-10-19 18:22:28+00:00,40742,2021-10-19 12:19:33+00:00,2021-10-20 00:25:23+00:00,2021-10-19 11:51:07+00:00,2021-10-20 00:53:49+00:00,2021-10-19 11:22:50+00:00,2021-10-20 01:22:06+00:00
ERCO,2021-10-20,2021-10-20 12:43:42+00:00,2021-10-21 00:00:54+00:00,2021-10-20 18:22:18+00:00,40632,2021-10-20 12:20:15+00:00,2021-10-21 00:24:20+00:00,2021-10-20 11:51:48+00:00,2021-10-21 00:52:47+00:00,2021-10-20 11:23:31+00:00,2021-10-21 01:21:05+00:00
ERCO,2021-10-21,2021-10-21 12:44:27+00:00,2021-10-21 23:59:50+00:00,2021-10-21 18:22:08+00:00,40523,2021-10-21 12:20:59+00:00,2021-10-22 00:23:18+00:00,2021-10-21 11:52:30+00:00,2021-10-22 00:51:47+00:00,2021-10-21 11:24:12+00:00,2021-10-22 01:20:05+00:00
ERCO,2021-10-22,2021-10-22 12:45:12+00:00,2021-10-22 23:58:46+00:00,2021-10-22 18:21:59+00:00,40414,2021-10-22 12:21:42+00:00,2021-10-23 00:22:16+00:00,2021-10-22 11:53:12+00:00,2021-10-23 00:50:47+00:00,2021-10-22 11:24:52+00:00,2021-10-23 01:19:06+00:00
ERCO,2021-10-23,2021-10-23 12:45:58+00:00,2021-10-23 23:57:44+00:00,2021-10-23 18:21:51+00:00,40306,2021-10-23 12:22:26+00:00,2021-10-24 00:21:16+00:00,2021-10-23 11:53:54+00:00,2021-10-24 00:49:48+00:00,2021-10-23 11:25:34+00:00,2021-10-24 01:18:08+00:00
ERCO,2021-10-24,2021-10-24 12:46:44+00:00,2021-10-24 23:56:43+00:00,2021-10-24 18:21:43+00:00,40199,2021-10-24 12:23:10+00:00,2021-10-25 00:20:17+00:00,2021-10-24 11:54:36+00:00,2021-10-25 00:48:51+00:00,2021-10-24 11:26:15+00:00,2021-10-25 01:17:12+00:00
ERCO,2021-10-25,2021-10-25 12:47:31+00:00,2021-10-25 23:55:43+00:00,2021-10-25 18:21:37+00:00,40092,2021-10-25 12:23:54+00:00,2021-10-26 00:19:19+00:00,2021-10-25 11:55:19+00:00,2021-10-26 00:47:55+00:00,2021-10-25 11:26:56+00:00,2021-10-26 01:16:17+00:00
ERCO,2021-10-26,2021-10-26 12:48:18+00:00,2021-10-26 23:54:43+00:00,2021-10-26 18:21:31+00:00,39985,2021-10-26 12:24:39+00:00,2021-10-27 00:18:22+00:00,2021-10-26 11:56:01+00:00,2021-10-27 00:47:00+00:00,2021-10-26 11:27:38+00:00,2021-10-27 01:15:23+00:00
ERCO,2021-10-27,2021-10-27 12:49:05+00:00,2021-10-27 23:53:45+00:00,2021-10-27 18:21:25+00:00,39880,2021-10-27 12:25:24+00:00,2021-10-28 00:17:26+00:00,2021-10-27 11:56:44+00:00,2021-10-28 00:46:06+00:00,2021-10-27 11:28:20+00:00,2021-10-28 01:14:31+00:00
ERCO,2021-10-28,2021-10-28 12:49:53+00:00,2021-10-28 23:52:48+00:00,2021-10-28 18:21:21+00:00,39775,2021-10-28 12:26:10+00:00,2021-10-29 00:16:31+00:00,2021-10-28 11:57:28+00:00,2021-10-29 00:45:13+00:00,2021-10-28 11:29:02+00:00,2021-10-29 01:13:39+00:00
ERCO,2021-10-29,2021-10-29 12:50:41+00:00,2021-10-29 23:51:53+00:00,2021-10-29 18:21:17+00:00,39672,2021-10-29 12:26:56+00:00,2021-10-30 00:15:38+00:00,2021-10-29 11:58:11+00:00,2021-10-30 00:44:22+00:00,2021-10-29 11:29:44+00:00,2021-10-30 01:12:49+00:00
ERCO,2021-10-30,2021-10-30 12:51:29+00:00,2021-10-30 23:50:58+00:00,2021-10-30 18:21:14+00:00,39569,2021-10-30 12:27:42+00:00,2021-10-31 00:14:46+00:00,2021-10-30 11:58:55+00:00,2021-10-31 00:43:32+00:00,2021-10-30 11:30:26+00:00,2021-10-31 01:12:01+00:00
ERCO,2021-10-31,2021-10-31 12:52:18+00:00,2021-10-31 23:50:04+00:00,2021-10-31 18:21:11+00:00,39466,2021-10-31 12:28:28+00:00,2021-11-01 00:13:55+00:00,2021-10-31 11:59:39+00:00,2021-11-01 00:42:43+00:00,2021-10-31 11:31:09+00:00,2021-11-01 01:11:14+00:00
ERCO,2021-11-01,2021-11-01 12:53:07+00:00,2021-11-01 23:49:12+00:00,2021-11-01 18:21:10+00:00,39365,2021-11-01 12:29:15+00:00,2021-11-02 00:13:05+00:00,2021-11-01 12:00:24+00:00,2021-11-02 00:41:56+00:00,2021-11-01 11:31:52+00:00,2021-11-02 01:10:28+00:00
ERCO,2021-11-02,2021-11-02 12:53:57+00:00,2021-11-02 23:48:21+00:00,2021-11-02 18:21:09+00:00,39264,2021-11-02 12:30:02+00:00,2021-11-03 00:12:17+00:00,2021-11-02 12:01:08+00:00,2021-11-03 00:41:10+00:00,2021-11-02 11:32:35+00:00,2021-11-03 01:09:44+00:00
ERCO,2021-11-03,2021-11-03 12:54:47+00:00,2021-11-03 23:47:32+00:00,2021-11-03 18:21:09+00:00,39165,2021-11-03 12:30:49+00:00,2021-11-04 00:11:30+00:00,2021-11-03 12:01:53+00:00,2021-11-04 00:40:25+00:00,2021-11-03 11:33:18+00:00,2021-11-04 01:09:01+00:00
ERCO,2021-11-04,2021-11-04 12:55:37+00:00,2021-11-04 23:46:44+00:00,2021-11-04 18:21:10+00:00,39067,2021-11-04 12:31:36+00:00,2021-11-05 00:10:44+00:00,2021-11-04 12:02:38+00:00,2021-11-05 00:39:42+00:00,2021-11-04 11:34:01+00:00,2021-11-05 01:08:19+00:00
ERCO,2021-11-05,2021-11-05 12:56:27+00:00,2021-11-05 23:45:57+00:00,2021-11-05 18:21:12+00:00,38970,2021-11-05 12:32:24+00:00,2021-11-06 00:10:00+00:00,2021-11-05 12:03:24+00:00,2021-11-06 00:39:00+00:00,2021-11-05 11:34:45+00:00,2021-11-06 01:07:39+00:00
ERCO,2021-11-06,2021-11-06 12:57:18+00:00,2021-11-06 23:45:11+00:00,2021-11-06 18:21:15+00:00,38873,2021-11-06 12:33:12+00:00,2021-11-07 00:09:17+00:00,2021-11-06 12:04:09+00:00,2021-11-07 00:38:20+00:00,2021-11-06 11:35:28+00:00,2021-11-07 01:07:01+00:00
ERCO,2021-11-07,2021-11-07 12:58:09+00:00,2021-11-07 23:44:27+00:00,2021-11-07 18:21:18+00:00,38778,2021-11-07 12:34:01+00:00,2021-11-08 00:08:35+00:00,2021-11-07 12:04:55+00:00,2021-11-08 00:37:41+00:00,2021-11-07 11:36:12+00:00,2021-11-08 01:06:24+00:00
ERCO,2021-11-08,2021-11-08 12:59:00+00:00,2021-11-08 23:43:44+00:00,2021-11-08 18:21:22+00:00,38684,2021-11-08 12:34:49+00:00,2021-11-09 00:07:55+00:00,2021-11-08 12:05:41+00:00,2021-11-09 00:37:04+00:00,2021-11-08 11:36:56+00:00,2021-11-09 01:05:49+00:00
ERCO,2021-11-09,2021-11-09 12:59:52+00:00,2021-11-09 23:43:03+00:00,2021-11-09 18:21:28+00:00,38591,2021-11-09 12:35:38+00:00,2021-11-10 00:07:17+00:00,2021-11-09 12:06:27+00:00,2021-11-10 00:36:28+00:00,2021-11-09 11:37:40+00:00,2021-11-10 01:05:15+00:00
ERCO,2021-11-10,2021-11-10 13:00:44+00:00,2021-11-10 23:42:23+00:00,2021-11-10 18:21:33+00:00,38499,2021-11-10 12:36:27+00:00,2021-11-11 00:06:40+00:00,2021-11-10 12:07:13+00:00,2021-11-11 00:35:54+00:00,2021-11-10 11:38:25+00:00,2021-11-11 01:04:42+00:00
ERCO,2021-11-11,2021-11-11 13:01:35+00:00,2021-11-11 23:41:45+00:00,2021-11-11 18:21:40+00:00,38410,2021-11-11 12:37:16+00:00,2021-11-12 00:06:04+00:00,2021-11-11 12:08:00+00:00,2021-11-12 00:35:21+00:00,2021-11-11 11:39:09+00:00,2021-11-12 01:04:11+00:00
ERCO,2021-11-12,2021-11-12 13:02:28+00:00,2021-11-12 23:41:08+00:00,2021-11-12 18:21:48+00:00,38320,2021-11-12 12:38:06+00:00,2021-11-13 00:05:31+00:00,2021-11-12 12:08:46+00:00,2021-11-13 00:34:50+00:00,2021-11-12 11:39:54+00:00,2021-11-13 01:03:42+00:00
ERCO,2021-11-13,2021-11-13 13:03:20+00:00,2021-11-13 23:40:33+00:00,2021-11-13 18:21:57+00:00,38233,2021-11-13 12:38:55+00:00,2021-11-14 00:04:58+00:00,2021-11-13 12:09:33+00:00,2021-11-14 00:34:20+00:00,2021-11-13 11:40:39+00:00,2021-11-14 01:03:15+00:00
ERCO,2021-11-14,2021-11-14 13:04:12+00:00,2021-11-14 23:40:00+00:00,2021-11-14 18:22:06+00:00,38148,2021-11-14 12:39:45+00:00,2021-11-15 00:04:27+00:00,2021-11-14 12:10:20+00:00,2021-11-15 00:33:52+00:00,2021-11-14 11:41:23+00:00,2021-11-15 01:02:48+00:00
ERCO,2021-11-15,2021-11-15 13:05:04+00:00,2021-11-15 23:39:28+00:00,2021-11-15 18:22:16+00:00,38064,2021-11-15 12:40:34+00:00,2021-11-16 00:03:58+00:00,2021-11-15 12:11:07+00:00,2021-11-16 00:33:25+00:00,2021-11-15 11:42:08+00:00,2021-11-16 01:02:24+00:00
ERCO,2021-11-16,2021-11-16 13:05:57+00:00,2021-11-16 23:38:57+00:00,2021-11-16 18:22:27+00:00,37980,2021-11-16 12:41:24+00:00,2021-11-17 00:03:30+00:00,2021-11-16 12:11:54+00:00,2021-11-17 00:33:00+00:00,2021-11-16 11:42:53+00:00,2021-11-17 01:02:01+00:00
ERCO,2021-11-17,2021-11-17 13:06:50+00:00,2021-11-17 23:38:29+00:00,2021-11-17 18:22:39+00:00,37899,2021-11-17 12:42:14+00:00,2021-11-18 00:03:04+00:00,2021-11-17 12:12:41+00:00,2021-11-18 00:32:37+00:00,2021-11-17 11:43:38+00:00,2021-11-18 01:01:40+00:00
ERCO,2021-11-18,2021-11-18 13:07:42+00:00,2021-11-18 23:38:02+00:00,2021-11-18 18:22:52+00:00,37820,2021-11-18 12:43:04+00:00,2021-11-19 00:02:40+00:00,2021-11-18 12:13:28+00:00,2021-11-19 00:32:15+00:00,2021-11-18 11:44:23+00:00,2021-11-19 01:01:20+00:00
ERCO,2021-11-19,2021-11-19 13:08:35+00:00,2021-11-19 23:37:36+00:00,2021-11-19 18:23:05+00:00,37741,2021-11-19 12:43:53+00:00,2021-11-20 00:02:17+00:00,2021-11-19 12:14:16+00:00,2021-11-20 00:31:55+00:00,2021-11-19 11:45:08+00:00,2021-11-20 01:01:02+00:00
ERCO,2021-11-20,2021-11-20 13:09:27+00:00,2021-11-20 23:37:13+00:00,2021-11-20 18:23:20+00:00,37666,2021-11-20 12:44:43+00:00,2021-11-21 00:01:56+00:00,2021-11-20 12:15:03+00:00,2021-11-21 00:31:37+00:00,2021-11-20 11:45:54+00:00,2021-11-21 01:00:46+00:00
ERCO,2021-11-21,2021-11-21 13:10:19+00:00,2021-11-21 23:36:51+00:00,2021-11-21 18:23:35+00:00,37592,2021-11-21 12:45:33+00:00,2021-11-22 00:01:37+00:00,2021-11-21 12:15:50+00:00,2021-11-22 00:31:20+00:00,2021-11-21 11:46:39+00:00,2021-11-22 01:00:31+00:00
ERCO,2021-11-22,2021-11-22 13:11:12+00:00,2021-11-22 23:36:30+00:00,2021-11-22 18:23:51+00:00,37518,2021-11-22 12:46:23+00:00,2021-11-23 00:01:19+00:00,2021-11-22 12:16:37+00:00,2021-11-23 00:31:05+00:00,2021-11-22 11:47:24+00:00,2021-11-23 01:00:18+00:00
ERCO,2021-11-23,2021-11-23 13:12:04+00:00,2021-11-23 23:36:12+00:00,2021-11-23 18:24:08+00:00,37448,2021-11-23 12:47:12+00:00,2021-11-24 00:01:03+00:00,2021-11-23 12:17:24+00:00,2021-11-24 00:30:51+00:00,2021-11-23 11:48:09+00:00,2021-11-24 01:00:07+00:00
ERCO,2021-11-24,2021-11-24 13:12:55+00:00,2021-11-24 23:35:55+00:00,2021-11-24 18:24:25+00:00,37380,2021-11-24 12:48:01+00:00,2021-11-25 00:00:49+00:00,2021-11-24 12:18:11+00:00,2021-11-25 00:30:40+00:00,2021-11-24 11:48:53+00:00,2021-11-25 00:59:57+00:00
ERCO,2021-11-25,2021-11-25 13:13:47+00:00,2021-11-25 23:35:40+00:00,2021-11-25 18:24:43+00:00,37313,2021-11-25 12:48:51+00:00,2021-11-26 00:00:36+00:00,2021-11-25 12:18:57+00:00,2021-11-26 00:30:30+00:00,2021-11-25 11:49:38+00:00,2021-11-26 00:59:49+00:00
ERCO,2021-11-26,2021-11-26 13:14:38+00:00,2021-11-26 23:35:27+00:00,2021-11-26 18:25:03+00:00,37249,2021-11-26 12:49:39+00:00,2021-11-27 00:00:26+00:00,2021-11-26 12:19:44+00:00,2021-11-27 00:30:21+00:00,2021-11-26 11:50:23+00:00,2021-11-27 00:59:42+00:00
ERCO,2021-11-27,2021-11-27 13:15:29+00:00,2021-11-27 23:35:15+00:00,2021-11-27 18:25:22+00:00,37186,2021-11-27 12:50:28+00:00,2021-11-28 00:00:16+00:00,2021-11-27 12:20:30+00:00,2021-11-28 00:30:14+00:00,2021-11-27 11:51:07+00:00,2021-11-28 00:59:37+00:00
ERCO,2021-11-28,2021-11-28 13:16:20+00:00,2021-11-28 23:35:05+00:00,2021-11-28 18:25:43+00:00,37125,2021-11-28 12:51:16+00:00,2021-11-29 00:00:09+00:00,2021-11-28 12:21:16+00:00,2021-11-29 00:30:09+00:00,2021-11-28 11:51:51+00:00,2021-11-29 00:59:34+00:00
ERCO,2021-11-29,2021-11-29 13:17:10+00:00,2021-11-29 23:34:58+00:00,2021-11-29 18:26:04+00:00,37068,2021-11-29 12:52:04+00:00,2021-11-30 00:00:03+00:00,2021-11-29 12:22:02+00:00,2021-11-30 00:30:06+00:00,2021-11-29 11:52:35+00:00,2021-11-30 00:59:32+00:00
ERCO,2021-11-30,2021-11-30 13:18:00+00:00,2021-11-30 23:34:51+00:00,2021-11-30 18:26:26+00:00,37011,2021-11-30 12:52:52+00:00,2021-11-30 23:59:59+00:00,2021-11-30 12:22:47+00:00,2021-12-01 00:30:04+00:00,2021-11-30 11:53:19+00:00,2021-12-01 00:59:32+00:00
ERCO,2021-12-01,2021-12-01 13:18:49+00:00,2021-12-01 23:34:47+00:00,2021-12-01 18:26:48+00:00,36958,2021-12-01 12:53:39+00:00,2021-12-01 23:59:57+00:00,2021-12-01 12:23:33+00:00,2021-12-02 00:30:04+00:00,2021-12-01 11:54:03+00:00,2021-12-02 00:59:34+00:00
ERCO,2021-12-02,2021-12-02 13:19:38+00:00,2021-12-02 23:34:44+00:00,2021-12-02 18:27:11+00:00,36906,2021-12-02 12:54:26+00:00,2021-12-02 23:59:57+00:00,2021-12-02 12:24:17+00:00,2021-12-03 00:30:05+00:00,2021-12-02 11:54:46+00:00,2021-12-03 00:59:37+00:00
ERCO,2021-12-03,2021-12-03 13:20:26+00:00,2021-12-03 23:34:44+00:00,2021-12-03 18:27:35+00:00,36858,2021-12-03 12:55:12+00:00,2021-12-03 23:59:58+00:00,2021-12-03 12:25:02+00:00,2021-12-04 00:30:08+00:00,2021-12-03 11:55:28+00:00,2021-12-04 00:59:42+00:00
ERCO,2021-12-04,2021-12-04 13:21:14+00:00,2021-12-04 23:34:45+00:00,2021-12-04 18:27:59+00:00,36811,2021-12-04 12:55:58+00:00,2021-12-05 00:00:01+00:00,2021-12-04 12:25:45+00:00,2021-12-05 00:30:13+00:00,2021-12-04 11:56:11+00:00,2021-12-05 00:59:48+00:00
ERCO,2021-12-05,2021-12-05 13:22:01+00:00,2021-12-05 23:34:48+00:00,2021-12-05 18:28:24+00:00,36767,2021-12-05 12:56:43+00:00,2021-12-06 00:00:05+00:00,2021-12-05 12:26:29+00:00,2021-12-06 00:30:20+00:00,2021-12-05 11:56:53+00:00,2021-12-06 00:59:56+00:00
ERCO,2021-12-06,2021-12-06 13:22:47+00:00,2021-12-06 23:34:52+00:00,2021-12-06 18:28:50+00:00,36725,2021-12-06 12:57:28+00:00,2021-12-07 00:00:11+00:00,2021-12-06 12:27:12+00:00,2021-12-07 00:30:28+00:00,2021-12-06 11:57:34+00:00,2021-12-07 01:00:05+00:00
ERCO,2021-12-07,2021-12-07 13:23:33+00:00,2021-12-07 23:34:58+00:00,2021-12-07 18:29:15+00:00,36685,2021-12-07 12:58:12+00:00,2021-12-08 00:00:19+00:00,2021-12-07 12:27:54+00:00,2021-12-08 00:30:37+00:00,2021-12-07 11:58:15+00:00,2021-12-08 01:00:16+00:00
ERCO,2021-12-08,2021-12-08 13:24:17+00:00,2021-12-08 23:35:07+00:00,2021-12-08 18:29:42+00:00,36650,2021-12-08 12:58:55+00:00,2021-12-09 00:00:29+00:00,2021-12-08 12:28:36+00:00,2021-12-09 00:30:48+00:00,2021-12-08 11:58:56+00:00,2021-12-09 01:00:28+00:00
ERCO,2021-12-09,2021-12-09 13:25:01+00:00,2021-12-09 23:35:16+00:00,2021-12-09 18:30:09+00:00,36615,2021-12-09 12:59:37+00:00,2021-12-10 00:00:40+00:00,2021-12-09 12:29:17+00:00,2021-12-10 00:31:01+00:00,2021-12-09 11:59:36+00:00,2021-12-10 01:00:42+00:00
ERCO,2021-12-10,2021-12-10 13:25:44+00:00,2021-12-10 23:35:28+00:00,2021-12-10 18:30:36+00:00,36584,2021-12-10 13:00:19+00:00,2021-12-11 00:00:53+00:00,2021-12-10 12:29:57+00:00,2021-12-11 00:31:15+00:00,2021-12-10 12:00:15+00:00,2021-12-11 01:00:57+00:00
ERCO,2021-12-11,2021-12-11 13:26:26+00:00,2021-12-11 23:35:41+00:00,2021-12-11 18:31:04+00:00,36555,2021-12-11 13:01:00+00:00,2021-12-12 00:01:08+00:00,2021-12-11 12:30:37+00:00,2021-12-12 00:31:31+00:00,2021-12-11 12:00:53+00:00,2021-12-12 01:01:14+00:00
ERCO,2021-12-12,2021-12-12 13:27:07+00:00,2021-12-12 23:35:56+00:00,2021-12-12 18:31:32+00:00,36529,2021-12-12 13:01:39+00:00,2021-12-13 00:01:24+00:00,2021-12-12 12:31:15+00:00,2021-12-13 00:31:48+00:00,2021-12-12 12:01:31+00:00,2021-12-13 01:01:32+00:00
ERCO,2021-12-13,2021-12-13 13:27:47+00:00,2021-12-13 23:36:13+00:00,2021-12-13 18:32:00+00:00,36506,2021-12-13 13:02:18+00:00,2021-12-14 00:01:41+00:00,2021-12-13 12:31:53+00:00,2021-12-14 00:32:07+00:00,2021-12-13 12:02:09+00:00,2021-12-14 01:01:51+00:00
ERCO,2021-12-14,2021-12-14 13:28:26+00:00,2021-12-14 23:36:31+00:00,2021-12-14 18:32:29+00:00,36485,2021-12-14 13:02:57+00:00,2021-12-15 00:02:01+00:00,2021-12-14 12:32:31+00:00,2021-12-15 00:32:27+00:00,2021-12-14 12:02:45+00:00,2021-12-15 01:02:12+00:00
ERCO,2021-12-15,2021-12-15 13:29:04+00:00,2021-12-15 23:36:51+00:00,2021-12-15 18:32:58+00:00,36467,2021-12-15 13:03:34+00:00,2021-12-16 00:02:21+00:00,2021-12-15 12:33:07+00:00,2021-12-16 00:32:48+00:00,2021-12-15 12:03:21+00:00,2021-12-16 01:02:34+00:00
ERCO,2021-12-16,2021-12-16 13:29:40+00:00,2021-12-16 23:37:13+00:00,2021-12-16 18:33:27+00:00,36453,2021-12-16 13:04:10+00:00,2021-12-17 00:02:44+00:00,2021-12-16 12:33:42+00:00,2021-12-17 00:33:11+00:00,2021-12-16 12:03:56+00:00,2021-12-17 01:02:58+00:00
ERCO,2021-12-17,2021-12-17 13:30:16+00:00,2021-12-17 23:37:36+00:00,2021-12-17 18:33:56+00:00,36440,2021-12-17 13:04:45+00:00,2021-12-18 00:03:07+00:00,2021-12-17 12:34:17+00:00,2021-12-18 00:33:35+00:00,2021-12-17 12:04:30+00:00,2021-12-18 01:03:22+00:00
ERCO,2021-12-18,2021-12-18 13:30:50+00:00,2021-12-18 23:38:01+00:00,2021-12-18 18:34:25+00:00,36431,2021-12-18 13:05:18+00:00,2021-12-19 00:03:33+00:00,2021-12-18 12:34:50+00:00,2021-12-19 00:34:01+00:00,2021-12-18 12:05:03+00:00,2021-12-19 01:03:48+00:00
ERCO,2021-12-19,2021-12-19 13:31:23+00:00,2021-12-19 23:38:27+00:00,2021-12-19 18:34:55+00:00,36424,2021-12-19 13:05:51+00:00,2021-12-20 00:03:59+00:00,2021-12-19 12:35:23+00:00,2021-12-20 00:34:28+00:00,2021-12-19 12:05:35+00:00,2021-12-20 01:04:15+00:00
ERCO,2021-12-20,2021-12-20 13:31:55+00:00,2021-12-20 23:38:55+00:00,2021-12-20 18:35:25+00:00,36420,2021-12-20 13:06:23+00:00,2021-12-21 00:04:27+00:00,2021-12-20 12:35:54+00:00,2021-12-21 00:34:56+00:00,2021-12-20 12:06:06+00:00,2021-12-21 01:04:43+00:00
ERCO,2021-12-21,2021-12-21 13:32:25+00:00,2021-12-21 23:39:24+00:00,2021-12-21 18:35:55+00:00,36419,2021-12-21 13:06:53+00:00,2021-12-22 00:04:56+00:00,2021-12-21 12:36:24+00:00,2021-12-22 00:35:25+00:00,2021-12-21 12:06:37+00:00,2021-12-22 01:05:13+00:00
ERCO,2021-12-22,2021-12-22 13:32:54+00:00,2021-12-22 23:39:55+00:00,2021-12-22 18:36:25+00:00,36421,2021-12-22 13:07:22+00:00,2021-12-23 00:05:27+00:00,2021-12-22 12:36:53+00:00,2021-12-23 00:35:56+00:00,2021-12-22 12:07:06+00:00,2021-12-23 01:05:43+00:00
ERCO,2021-12-23,2021-12-23 13:33:22+00:00,2021-12-23 23:40:27+00:00,2021-12-23 18:36:54+00:00,36425,2021-12-23 13:07:50+00:00,2021-12-24 00:05:59+00:00,2021-12-23 12:37:21+00:00,2021-12-24 00:36:27+00:00,2021-12-23 12:07:34+00:00,2021-12-24 01:06:15+00:00
ERCO,2021-12-24,2021-12-24 13:33:48+00:00,2021-12-24 23:41:01+00:00,2021-12-24 18:37:24+00:00,36433,2021-12-24 13:08:16+00:00,2021-12-25 00:06:32+00:00,2021-12-24 12:37:48+00:00,2021-12-25 00:37:00+00:00,2021-12-24 12:08:01+00:00,2021-12-25 01:06:48+00:00
ERCO,2021-12-25,2021-12-25 13:34:12+00:00,2021-12-25 23:41:36+00:00,2021-12-25 18:37:54+00:00,36444,2021-12-25 13:08:41+00:00,2021-12-26 00:07:07+00:00,2021-12-25 12:38:14+00:00,2021-12-26 00:37:34+00:00,2021-12-25 12:08:27+00:00,2021-12-26 01:07:21+00:00
ERCO,2021-12-26,2021-12-26 13:34:35+00:00,2021-12-26 23:42:12+00:00,2021-12-26 18:38:24+00:00,36457,2021-12-26 13:09:05+00:00,2021-12-27 00:07:42+00:00,2021-12-26 12:38:38+00:00,2021-12-27 00:38:09+00:00,2021-12-26 12:08:51+00:00,2021-12-27 01:07:56+00:00
ERCO,2021-12-27,2021-12-27 13:34:57+00:00,2021-12-27 23:42:49+00:00,2021-12-27 18:38:53+00:00,36472,2021-12-27 13:09:27+00:00,2021-12-28 00:08:19+00:00,2021-12-27 12:39:01+00:00,2021-12-28 00:38:45+00:00,2021-12-27 12:09:15+00:00,2021-12-28 01:08:31+00:00
ERCO,2021-12-28,2021-12-28 13:35:17+00:00,2021-12-28 23:43:28+00:00,2021-12-28 18:39:22+00:00,36491,2021-12-28 13:09:48+00:00,2021-12-29 00:08:57+00:00,2021-12-28 12:39:22+00:00,2021-12-29 00:39:22+00:00,2021-12-28 12:09:37+00:00,2021-12-29 01:09:08+00:00
ERCO,2021-12-29,2021-12-29 13:35:35+00:00,2021-12-29 23:44:07+00:00,2021-12-29 18:39:51+00:00,36512,2021-12-29 13:10:07+00:00,2021-12-30 00:09:36+00:00,2021-12-29 12:39:43+00:00,2021-12-30 00:40:00+00:00,2021-12-29 12:09:58+00:00,2021-12-30 01:09:45+00:00
ERCO,2021-12-30,2021-12-30 13:35:52+00:00,2021-12-30 23:44:48+00:00,2021-12-30 18:40:20+00:00,36536,2021-12-30 13:10:25+00:00,2021-12-31 00:10:15+00:00,2021-12-30 12:40:01+00:00,2021-12-31 00:40:39+00:00,2021-12-30 12:10:18+00:00,2021-12-31 01:10:23+00:00
ERCO,2021-12-31,2021-12-31 13:36:07+00:00,2021-12-31 23:45:30+00:00,2021-12-31 18:40:49+00:00,36563,2021-12-31 13:10:42+00:00,2022-01-01 00:10:56+00:00,2021-12-31 12:40:19+00:00,2022-01-01 00:41:19+00:00,2021-12-31 12:10:36+00:00,2022-01-01 01:11:02+00:00
ERCO,2022-01-01,2022-01-01 13:36:21+00:00,2022-01-01 23:46:13+00:00,2022-01-01 18:41:17+00:00,36592,2022-01-01 13:10:56+00:00,2022-01-02 00:11:38+00:00,2022-01-01 12:40:35+00:00,2022-01-02 00:42:00+00:00,2022-01-01 12:10:53+00:00,2022-01-02 01:11:41+00:00
ERCO,2022-01-02,2022-01-02 13:36:33+00:00,2022-01-02 23:46:57+00:00,2022-01-02 18:41:45+00:00,36624,2022-01-02 13:11:10+00:00,2022-01-03 00:12:21+00:00,2022-01-02 12:40:49+00:00,2022-01-03 00:42:41+00:00,2022-01-02 12:11:09+00:00,2022-01-03 01:12:22+00:00
ERCO,2022-01-03,2022-01-03 13:36:43+00:00,2022-01-03 23:47:42+00:00,2022-01-03 18:42:13+00:00,36659,2022-01-03 13:11:21+00:00,2022-01-04 00:13:04+00:00,2022-01-03 12:41:02+00:00,2022-01-04 00:43:23+00:00,2022-01-03 12:11:23+00:00,2022-01-04 01:13:03+00:00
ERCO,2022-01-04,2022-01-04 13:36:52+00:00,2022-01-04 23:48:28+00:00,2022-01-04 18:42:40+00:00,36696,2022-01-04 13:11:31+00:00,2022-01-05 00:13:49+00:00,2022-01-04 12:41:14+00:00,2022-01-05 00:44:06+00:00,2022-01-04 12:11:36+00:00,2022-01-05 01:13:44+00:00
ERCO,2022-01-05,2022-01-05 13:36:58+00:00,2022-01-05 23:49:15+00:00,2022-01-05 18:43:07+00:00,36737,2022-01-05 13:11:40+00:00,2022-01-06 00:14:34+00:00,2022-01-05 12:41:24+00:00,2022-01-06 00:44:49+00:00,2022-01-05 12:11:47+00:00,2022-01-06 01:14:27+00:00
ERCO,2022-01-06,2022-01-06 13:37:03+00:00,2022-01-06 23:50:03+00:00,2022-01-06 18:43:33+00:00,36780,2022-01-06 13:11:46+00:00,2022-01-07 00:15:20+00:00,2022-01-06 12:41:33+00:00,2022-01-07 00:45:34+00:00,2022-01-06 12:11:57+00:00,2022-01-07 01:15:09+00:00
ERCO,2022-01-07,2022-01-07 13:37:07+00:00,2022-01-07 23:50:51+00:00,2022-01-07 18:43:59+00:00,36824,2022-01-07 13:11:52+00:00,2022-01-08 00:16:06+00:00,2022-01-07 12:41:40+00:00,2022-01-08 00:46:18+00:00,2022-01-07 12:12:05+00:00,2022-01-08 01:15:53+00:00
ERCO,2022-01-08,2022-01-08 13:37:08+00:00,2022-01-08 23:51:40+00:00,2022-01-08 18:44:24+00:00,36872,2022-01-08 13:11:55+00:00,2022-01-09 00:16:54+00:00,2022-01-08 12:41:45+00:00,2022-01-09 00:47:04+00:00,2022-01-08 12:12:12+00:00,2022-01-09 01:16:36+00:00
ERCO,2022-01-09,2022-01-09 13:37:08+00:00,2022-01-09 23:52:30+00:00,2022-01-09 18:44:49+00:00,36922,2022-01-09 13:11:57+00:00,2022-01-10 00:17:41+00:00,2022-01-09 12:41:49+00:00,2022-01-10 00:47:49+00:00,2022-01-09 12:12:18+00:00,2022-01-10 01:17:21+00:00
ERCO,2022-01-10,2022-01-10 13:37:06+00:00,2022-01-10 23:53:20+00:00,2022-01-10 18:45:13+00:00,36974,2022-01-10 13:11:57+00:00,2022-01-11 00:18:30+00:00,2022-01-10 12:41:51+00:00,2022-01-11 00:48:36+00:00,2022-01-10 12:12:22+00:00,2022-01-11 01:18:05+00:00
ERCO,2022-01-11,2022-01-11 13:37:03+00:00,2022-01-11 23:54:11+00:00,2022-01-11 18:45:37+00:00,37028,2022-01-11 13:11:56+00:00,2022-01-12 00:19:19+00:00,2022-01-11 12:41:52+00:00,2022-01-12 00:49:23+00:00,2022-01-11 12:12:24+00:00,2022-01-12 01:18:50+00:00
ERCO,2022-01-12,2022-01-12 13:36:57+00:00,2022-01-12 23:55:03+00:00,2022-01-12 18:46:00+00:00,37086,2022-01-12 13:11:52+00:00,2022-01-13 00:20:08+00:00,2022-01-12 12:41:51+00:00,2022-01-13 00:50:10+00:00,2022-01-12 12:12:25+00:00,2022-01-13 01:19:36+00:00
ERCO,2022-01-13,2022-01-13 13:36:50+00:00,2022-01-13 23:55:55+00:00,2022-01-13 18:46:23+00:00,37145,2022-01-13 13:11:48+00:00,2022-01-14 00:20:58+00:00,2022-01-13 12:41:48+00:00,2022-01-14 00:50:57+00:00,2022-01-13 12:12:24+00:00,2022-01-14 01:20:21+00:00
ERCO,2022-01-14,2022-01-14 13:36:41+00:00,2022-01-14 23:56:48+00:00,2022-01-14 18:46:45+00:00,37207,2022-01-14 13:11:41+00:00,2022-01-15 00:21:48+00:00,2022-01-14 12:41:44+00:00,2022-01-15 00:51:45+00:00,2022-01-14 12:12:22+00:00,2022-01-15 01:21:07+00:00
ERCO,2022-01-15,2022-01-15 13:36:31+00:00,2022-01-15 23:57:41+00:00,2022-01-15 18:47:06+00:00,37270,2022-01-15 13:11:33+00:00,2022-01-16 00:22:39+00:00,2022-01-15 12:41:38+00:00,2022-01-16 00:52:33+00:00,2022-01-15 12:12:18+00:00,2022-01-16 01:21:54+00:00
ERCO,2022-01-16,2022-01-16 13:36:18+00:00,2022-01-16 23:58:34+00:00,2022-01-16 18:47:26+00:00,37336,2022-01-16 13:11:23+00:00,2022-01-17 00:23:29+00:00,2022-01-16 12:41:31+00:00,2022-01-17 00:53:22+00:00,2022-01-16 12:12:12+00:00,2022-01-17 01:22:40+00:00
ERCO,2022-01-17,2022-01-17 13:36:04+00:00,2022-01-17 23:59:28+00:00,2022-01-17 18:47:46+00:00,37404,2022-01-17 13:11:11+00:00,2022-01-18 00:24:21+00:00,2022-01-17 12:41:21+00:00,2022-01-18 00:54:10+00:00,2022-01-17 12:12:05+00:00,2022-01-18 01:23:27+00:00
ERCO,2022-01-18,2022-01-18 13:35:48+00:00,2022-01-19 00:00:22+00:00,2022-01-18 18:48:05+00:00,37474,2022-01-18 13:10:58+00:00,2022-01-19 00:25:12+00:00,2022-01-18 12:41:11+00:00,2022-01-19 00:54:59+00:00,2022-01-18 12:11:56+00:00,2022-01-19 01:24:14+00:00
ERCO,2022-01-19,2022-01-19 13:35:31+00:00,2022-01-20 00:01:16+00:00,2022-01-19 18:48:23+00:00,37545,2022-01-19 13:10:43+00:00,2022-01-20 00:26:04+00:00,2022-01-19 12:40:58+00:00,2022-01-20 00:55:49+00:00,2022-01-19 12:11:46+00:00,2022-01-20 01:25:01+00:00
ERCO,2022-01-20,2022-01-20 13:35:11+00:00,2022-01-21 00:02:11+00:00,2022-01-20 18:48:41+00:00,37620,2022-01-20 13:10:26+00:00,2022-01-21 00:26:56+00:00,2022-01-20 12:40:44+00:00,2022-01-21 00:56:38+00:00,2022-01-20 12:11:34+00:00,2022-01-21 01:25:48+00:00
ERCO,2022-01-21,2022-01-21 13:34:51+00:00,2022-01-22 00:03:05+00:00,2022-01-21 18:48:58+00:00,37694,2022-01-21 13:10:08+00:00,2022-01-22 00:27:48+00:00,2022-01-21 12:40:29+00:00,2022-01-22 00:57:27+00:00,2022-01-21 12:11:20+00:00,2022-01-22 01:26:36+00:00
ERCO,2022-01-22,2022-01-22 13:34:28+00:00,2022-01-23 00:04:00+00:00,2022-01-22 18:49:14+00:00,37772,2022-01-22 13:09:48+00:00,2022-01-23 00:28:40+00:00,2022-01-22 12:40:11+00:00,2022-01-23 00:58:17+00:00,2022-01-22 12:11:05+00:00,2022-01-23 01:27:23+00:00
ERCO,2022-01-23,2022-01-23 13:34:04+00:00,2022-01-24 00:04:55+00:00,2022-01-23 18:49:29+00:00,37851,2022-01-23 13:09:27+00:00,2022-01-24 00:29:32+00:00,2022-01-23 12:39:52+00:00,2022-01-24 00:59:06+00:00,2022-01-23 12:10:48+00:00,2022-01-24 01:28:10+00:00
ERCO,2022-01-24,2022-01-24 13:33:38+00:00,2022-01-25 00:05:50+00:00,2022-01-24 18:49:44+00:00,37932,2022-01-24 13:09:03+00:00,2022-01-25 00:30:24+00:00,2022-01-24 12:39:32+00:00,2022-01-25 00:59:56+00:00,2022-01-24 12:10:30+00:00,2022-01-25 01:28:58+00:00
ERCO,2022-01-25,2022-01-25 13:33:10+00:00,2022-01-26 00:06:45+00:00,2022-01-25 18:49:58+00:00,38015,2022-01-25 13:08:39+00:00,2022-01-26 00:31:17+00:00,2022-01-25 12:39:10+00:00,2022-01-26 01:00:45+00:00,2022-01-25 12:10:10+00:00,2022-01-26 01:29:45+00:00
ERCO,2022-01-26,2022-01-26 13:32:41+00:00,2022-01-27 00:07:40+00:00,2022-01-26 18:50:11+00:00,38099,2022-01-26 13:08:12+00:00,2022-01-27 00:32:09+00:00,2022-01-26 12:38:46+00:00,2022-01-27 01:01:35+00:00,2022-01-26 12:09:48+00:00,2022-01-27 01:30:33+00:00
ERCO,2022-01-27,2022-01-27 13:32:10+00:00,2022-01-28 00:08:35+00:00,2022-01-27 18:50:23+00:00,38185,2022-01-27 13:07:44+00:00,2022-01-28 00:33:01+00:00,2022-01-27 12:38:21+00:00,2022-01-28 01:02:24+00:00,2022-01-27 12:09:25+00:00,2022-01-28 01:31:20+00:00
ERCO,2022-01-28,2022-01-28 13:31:38+00:00,2022-01-29 00:09:30+00:00,2022-01-28 18:50:34+00:00,38272,2022-01-28 13:07:15+00:00,2022-01-29 00:33:53+00:00,2022-01-28 12:37:54+00:00,2022-01-29 01:03:14+00:00,2022-01-28 12:09:00+00:00,2022-01-29 01:32:08+00:00
ERCO,2022-01-29,2022-01-29 13:31:04+00:00,2022-01-30 00:10:25+00:00,2022-01-29 18:50:45+00:00,38361,2022-01-29 13:06:43+00:00,2022-01-30 00:34:46+00:00,2022-01-29 12:37:26+00:00,2022-01-30 01:04:03+00:00,2022-01-29 12:08:34+00:00,2022-01-30 01:32:55+00:00
ERCO,2022-01-30,2022-01-30 13:30:28+00:00,2022-01-31 00:11:20+00:00,2022-01-30 18:50:54+00:00,38452,2022-01-30 13:06:11+00:00,2022-01-31 00:35:38+00:00,2022-01-30 12:36:56+00:00,2022-01-31 01:04:53+00:00,2022-01-30 12:08:06+00:00,2022-01-31 01:33:42+00:00
ERCO,2022-01-31,2022-01-31 13:29:51+00:00,2022-02-01 00:12:15+00:00,2022-01-31 18:51:03+00:00,38544,2022-01-31 13:05:37+00:00,2022-02-01 00:36:30+00:00,2022-01-31 12:36:24+00:00,2022-02-01 01:05:42+00:00,2022-01-31 12:07:37+00:00,2022-02-01 01:34:30+00:00
ERCO,2022-02-01,2022-02-01 13:29:13+00:00,2022-02-02 00:13:09+00:00,2022-02-01 18:51:11+00:00,38636,2022-02-01 13:05:01+00:00,2022-02-02 00:37:21+00:00,2022-02-01 12:35:51+00:00,2022-02-02 01:06:31+00:00,2022-02-01 12:07:06+00:00,2022-02-02 01:35:17+00:00
ERCO,2022-02-02,2022-02-02 13:28:33+00:00,2022-02-03 00:14:04+00:00,2022-02-02 18:51:18+00:00,38731,2022-02-02 13:04:24+00:00,2022-02-03 00:38:13+00:00,2022-02-02 12:35:17+00:00,2022-02-03 01:07:20+00:00,2022-02-02 12:06:33+00:00,2022-02-03 01:36:04+00:00
ERCO,2022-02-03,2022-02-03 13:27:52+00:00,2022-02-04 00:14:58+00:00,2022-02-03 18:51:25+00:00,38826,2022-02-03 13:03:45+00:00,2022-02-04 00:39:05+00:00,2022-02-03 12:34:41+00:00,2022-02-04 01:08:09+00:00,2022-02-03 12:05:59+00:00,2022-02-04 01:36:51+00:00
ERCO,2022-02-04,2022-02-04 13:27:09+00:00,2022-02-05 00:15:52+00:00,2022-02-04 18:51:31+00:00,38923,2022-02-04 13:03:05+00:00,2022-02-05 00:39:56+00:00,2022-02-04 12:34:03+00:00,2022-02-05 01:08:58+00:00,2022-02-04 12:05:23+00:00,2022-02-05 01:37:38+00:00
ERCO,2022-02-05,2022-02-05 13:26:25+00:00,2022-02-06 00:16:46+00:00,2022-02-05 18:51:35+00:00,39021,2022-02-05 13:02:24+00:00,2022-02-06 00:40:47+00:00,2022-02-05 12:33:24+00:00,2022-02-06 01:09:46+00:00,2022-02-05 12:04:46+00:00,2022-02-06 01:38:24+00:00
ERCO,2022-02-06,2022-02-06 13:25:39+00:00,2022-02-07 00:17:39+00:00,2022-02-06 18:51:39+00:00,39120,2022-02-06 13:01:41+00:00,2022-02-07 00:41:38+00:00,2022-02-06 12:32:44+00:00,2022-02-07 01:10:35+00:00,2022-02-06 12:04:08+00:00,2022-02-07 01:39:11+00:00
ERCO,2022-02-07,2022-02-07 13:24:53+00:00,2022-02-08 00:18:33+00:00,2022-02-07 18:51:43+00:00,39220,2022-02-07 13:00:57+00:00,2022-02-08 00:42:29+00:00,2022-02-07 12:32:02+00:00,2022-02-08 01:11:23+00:00,2022-02-07 12:03:28+00:00,2022-02-08 01:39:57+00:00
ERCO,2022-02-08,2022-02-08 13:24:04+00:00,2022-02-09 00:19:26+00:00,2022-02-08 18:51:45+00:00,39322,2022-02-08 13:00:11+00:00,2022-02-09 00:43:19+00:00,2022-02-08 12:31:19+00:00,2022-02-09 01:12:11+00:00,2022-02-08 12:02:46+00:00,2022-02-09 01:40:44+00:00
ERCO,2022-02-09,2022-02-09 13:23:15+00:00,2022-02-10 00:20:18+00:00,2022-02-09 18:51:47+00:00,39423,2022-02-09 12:59:24+00:00,2022-02-10 00:44:09+00:00,2022-02-09 12:30:35+00:00,2022-02-10 01:12:59+00:00,2022-02-09 12:02:03+00:00,2022-02-10 01:41:30+00:00
ERCO,2022-02-10,2022-02-10 13:22:24+00:00,2022-02-11 00:21:11+00:00,2022-02-10 18:51:48+00:00,39527,2022-02-10 12:58:36+00:00,2022-02-11 00:44:59+00:00,2022-02-10 12:29:49+00:00,2022-02-11 01:13:46+00:00,2022-02-10 12:01:19+00:00,2022-02-11 01:42:16+00:00
ERCO,2022-02-11,2022-02-11 13:21:32+00:00,2022-02-12 00:22:03+00:00,2022-02-11 18:51:48+00:00,39631,2022-02-11 12:57:47+00:00,2022-02-12 00:45:49+00:00,2022-02-11 12:29:02+00:00,2022-02-12 01:14:34+00:00,2022-02-11 12:00:33+00:00,2022-02-12 01:43:02+00:00
ERCO,2022-02-12,2022-02-12 13:20:39+00:00,2022-02-13 00:22:55+00:00,2022-02-12 18:51:47+00:00,39736,2022-02-12 12:56:56+00:00,2022-02-13 00:46:38+00:00,2022-02-12 12:28:13+00:00,2022-02-13 01:15:21+00:00,2022-02-12 11:59:46+00:00,2022-02-13 01:43:47+00:00
ERCO,2022-02-13,2022-02-13 13:19:45+00:00,2022-02-14 00:23:46+00:00,2022-02-13 18:51:46+00:00,39841,2022-02-13 12:56:04+00:00,2022-02-14 00:47:27+00:00,2022-02-13 12:27:23+00:00,2022-02-14 01:16:08+00:00,2022-02-13 11:58:58+00:00,2022-02-14 01:44:33+00:00
ERCO,2022-02-14,2022-02-14 13:18:50+00:00,2022-02-15 00:24:37+00:00,2022-02-14 18:51:43+00:00,39947,2022-02-14 12:55:11+00:00,2022-02-15 00:48:16+00:00,2022-02-14 12:26:32+00:00,2022-02-15 01:16:55+00:00,2022-02-14 11:58:08+00:00,2022-02-15 01:45:18+00:00
ERCO,2022-02-15,2022-02-15 13:17:53+00:00,2022-02-16 00:25:28+00:00,2022-02-15 18:51:41+00:00,40055,2022-02-15 12:54:17+00:00,2022-02-16 00:49:04+00:00,2022-02-15 12:25:40+00:00,2022-02-16 01:17:41+00:00,2022-02-15 11:57:17+00:00,2022-02-16 01:46:04+00:00
ERCO,2022-02-16,2022-02-16 13:16:56+00:00,2022-02-17 00:26:18+00:00,2022-02-16 18:51:37+00:00,40162,2022-02-16 12:53:21+00:00,2022-02-17 00:49:53+00:00,2022-02-16 12:24:47+00:00,2022-02-17 01:18:27+00:00,2022-02-16 11:56:25+00:00,2022-02-17 01:46:49+00:00
ERCO,2022-02-17,2022-02-17 13:15:57+00:00,2022-02-18 00:27:08+00:00,2022-02-17 18:51:33+00:00,40271,2022-02-17 12:52:25+00:00,2022-02-18 00:50:41+00:00,2022-02-17 12:23:52+00:00,2022-02-18 01:19:13+00:00,2022-02-17 11:55:31+00:00,2022-02-18 01:47:34+00:00
ERCO,2022-02-18,2022-02-18 13:14:57+00:00,2022-02-19 00:27:58+00:00,2022-02-18 18:51:28+00:00,40381,2022-02-18 12:51:27+00:00,2022-02-19 00:51:28+00:00,2022-02-18 12:22:56+00:00,2022-02-19 01:19:59+00:00,2022-02-18 11:54:37+00:00,2022-02-19 01:48:19+00:00
ERCO,2022-02-19,2022-02-19 13:13:57+00:00,2022-02-20 00:28:47+00:00,2022-02-19 18:51:22+00:00,40490,2022-02-19 12:50:28+00:00,2022-02-20 00:52:15+00:00,2022-02-19 12:21:59+00:00,2022-02-20 01:20:45+00:00,2022-02-19 11:53:41+00:00,2022-02-20 01:49:03+00:00
ERCO,2022-02-20,2022-02-20 13:12:55+00:00,2022-02-21 00:29:36+00:00,2022-02-20 18:51:16+00:00,40601,2022-02-20 12:49:29+00:00,2022-02-21 00:53:02+00:00,2022-02-20 12:21:01+00:00,2022-02-21 01:21:30+00:00,2022-02-20 11:52:43+00:00,2022-02-21 01:49:48+00:00
ERCO,2022-02-21,2022-02-21 13:11:52+00:00,2022-02-22 00:30:25+00:00,2022-02-21 18:51:09+00:00,40713,2022-02-21 12:48:28+00:00,2022-02-22 00:53:49+00:00,2022-02-21 12:20:02+00:00,2022-02-22 01:22:15+00:00,2022-02-21 11:51:45+00:00,2022-02-22 01:50:32+00:00
ERCO,2022-02-22,2022-02-22 13:10:49+00:00,2022-02-23 00:31:13+00:00,2022-02-22 18:51:01+00:00,40824,2022-02-22 12:47:26+00:00,2022-02-23 00:54:36+00:00,2022-02-22 12:19:02+00:00,2022-02-23 01:23:00+00:00,2022-02-22 11:50:45+00:00,2022-02-23 01:51:17+00:00
ERCO,2022-02-23,2022-02-23 13:09:45+00:00,2022-02-24 00:32:01+00:00,2022-02-23 18:50:53+00:00,40936,2022-02-23 12:46:24+00:00,2022-02-24 00:55:22+00:00,2022-02-23 12:18:00+00:00,2022-02-24 01:23:45+00:00,2022-02-23 11:49:45+00:00,2022-02-24 01:52:01+00:00
ERCO,2022-02-24,2022-02-24 13:08:39+00:00,2022-02-25 00:32:48+00:00,2022-02-24 18:50:44+00:00,41049,2022-02-24 12:45:20+00:00,2022-02-25 00:56:08+00:00,2022-02-24 12:16:58+00:00,2022-02-25 01:24:30+00:00,2022-02-24 11:48:43+00:00,2022-02-25 01:52:45+00:00
ERCO,2022-02-25,2022-02-25 13:07:33+00:00,2022-02-26 00:33:36+00:00,2022-02-25 18:50:35+00:00,41163,2022-02-25 12:44:16+00:00,2022-02-26 00:56:53+00:00,2022-02-25 12:15:55+00:00,2022-02-26 01:25:14+00:00,2022-02-25 11:47:40+00:00,2022-02-26 01:53:29+00:00
ERCO,2022-02-26,2022-02-26 13:06:27+00:00,2022-02-27 00:34:22+00:00,2022-02-26 18:50:25+00:00,41275,2022-02-26 12:43:11+00:00,2022-02-27 00:57:39+00:00,2022-02-26 12:14:51+00:00,2022-02-27 01:25:58+00:00,2022-02-26 11:46:36+00:00,2022-02-27 01:54:13+00:00
ERCO,2022-02-27,2022-02-27 13:05:19+00:00,2022-02-28 00:35:09+00:00,2022-02-27 18:50:14+00:00,41390,2022-02-27 12:42:04+00:00,2022-02-28 00:58:24+00:00,2022-02-27 12:13:46+00:00,2022-02-28 01:26:42+00:00,2022-02-27 11:45:31+00:00,2022-02-28 01:54:57+00:00
ERCO,2022-02-28,2022-02-28 13:04:11+00:00,2022-03-01 00:35:55+00:00,2022-02-28 18:50:03+00:00,41504,2022-02-28 12:40:58+00:00,2022-03-01 00:59:08+00:00,2022-02-28 12:12:40+00:00,2022-03-01 01:27:26+00:00,2022-02-28 11:44:25+00:00,2022-03-01 01:55:41+00:00
ERCO,2022-03-01,2022-03-01 13:03:02+00:00,2022-03-02 00:36:41+00:00,2022-03-01 18:49:51+00:00,41619,2022-03-01 12:39:50+00:00,2022-03-02 00:59:53+00:00,2022-03-01 12:11:33+00:00,2022-03-02 01:28:10+00:00,2022-03-01 11:43:18+00:00,2022-03-02 01:56:25+00:00
ERCO,2022-03-02,2022-03-02 13:01:52+00:00,2022-03-03 00:37:26+00:00,2022-03-02 18:49:39+00:00,41734,2022-03-02 12:38:41+00:00,2022-03-03 01:00:37+00:00,2022-03-02 12:10:25+00:00,2022-03-03 01:28:54+00:00,2022-03-02 11:42:10+00:00,2022-03-03 01:57:08+00:00
ERCO,2022-03-03,2022-03-03 13:00:42+00:00,2022-03-04 00:38:11+00:00,2022-03-03 18:49:27+00:00,41849,2022-03-03 12:37:32+00:00,2022-03-04 01:01:21+00:00,2022-03-03 12:09:16+00:00,2022-03-04 01:29:37+00:00,2022-03-03 11:41:01+00:00,2022-03-04 01:57:52+00:00
ERCO,2022-03-04,2022-03-04 12:59:31+00:00,2022-03-05 00:38:56+00:00,2022-03-04 18:49:14+00:00,41965,2022-03-04 12:36:22+00:00,2022-03-05 01:02:05+00:00,2022-03-04 12:08:07+00:00,2022-03-05 01:30:20+00:00,2022-03-04 11:39:51+00:00,2022-03-05 01:58:36+00:00
ERCO,2022-03-05,2022-03-05 12:58:20+00:00,2022-03-06 00:39:41+00:00,2022-03-05 18:49:00+00:00,42081,2022-03-05 12:35:12+00:00,2022-03-06 01:02:48+00:00,2022-03-05 12:06:57+00:00,2022-03-06 01:31:04+00:00,2022-03-05 11:38:41+00:00,2022-03-06 01:59:20+00:00
ERCO,2022-03-06,2022-03-06 12:57:08+00:00,2022-03-07 00:40:25+00:00,2022-03-06 18:48:46+00:00,42197,2022-03-06 12:34:01+00:00,2022-03-07 01:03:32+00:00,2022-03-06 12:05:46+00:00,2022-03-07 01:31:47+00:00,2022-03-06 11:37:29+00:00,2022-03-07 02:00:03+00:00
ERCO,2022-03-07,2022-03-07 12:55:55+00:00,2022-03-08 00:41:09+00:00,2022-03-07 18:48:32+00:00,42314,2022-03-07 12:32:49+00:00,2022-03-08 01:04:15+00:00,2022-03-07 12:04:34+00:00,2022-03-08 01:32:30+00:00,2022-03-07 11:36:17+00:00,2022-03-08 02:00:47+00:00
ERCO,2022-03-08,2022-03-08 12:54:42+00:00,2022-03-09 00:41:52+00:00,2022-03-08 18:48:17+00:00,42430,2022-03-08 12:31:37+00:00,2022-03-09 01:04:58+00:00,2022-03-08 12:03:22+00:00,2022-03-09 01:33:13+00:00,2022-03-08 11:35:04+00:00,2022-03-09 02:01:31+00:00
ERCO,2022-03-09,2022-03-09 12:53:29+00:00,2022-03-10 00:42:36+00:00,2022-03-09 18:48:02+00:00,42547,2022-03-09 12:30:24+00:00,2022-03-10 01:05:41+00:00,2022-03-09 12:02:09+00:00,2022-03-10 01:33:55+00:00,2022-03-09 11:33:50+00:00,2022-03-10 02:02:15+00:00
ERCO,2022-03-10,2022-03-10 12:52:15+00:00,2022-03-11 00:43:19+00:00,2022-03-10 18:47:47+00:00,42664,2022-03-10 12:29:11+00:00,2022-03-11 01:06:23+00:00,2022-03-10 12:00:56+00:00,2022-03-11 01:34:38+00:00,2022-03-10 11:32:35+00:00,2022-03-11 02:02:59+00:00
ERCO,2022-03-11,2022-03-11 12:51:01+00:00,2022-03-12 00:44:02+00:00,2022-03-11 18:47:31+00:00,42781,2022-03-11 12:27:57+00:00,2022-03-12 01:07:06+00:00,2022-03-11 11:59:41+00:00,2022-03-12 01:35:21+00:00,2022-03-11 11:31:20+00:00,2022-03-12 02:03:43+00:00
ERCO,2022-03-12,2022-03-12 12:49:46+00:00,2022-03-13 00:44:44+00:00,2022-03-12 18:47:15+00:00,42898,2022-03-12 12:26:42+00:00,2022-03-13 01:07:48+00:00,2022-03-12 11:58:27+00:00,2022-03-13 01:36:04+00:00,2022-03-12 11:30:04+00:00,2022-03-13 02:04:27+00:00
ERCO,2022-03-13,2022-03-13 12:48:31+00:00,2022-03-14 00:45:27+00:00,2022-03-13 18:46:59+00:00,43016,2022-03-13 12:25:28+00:00,2022-03-14 01:08:30+00:00,2022-03-13 11:57:11+00:00,2022-03-14 01:36:46+00:00,2022-03-13 11:28:47+00:00,2022-03-14 02:05:11+00:00
ERCO,2022-03-14,2022-03-14 12:47:16+00:00,2022-03-15 00:46:09+00:00,2022-03-14 18:46:42+00:00,43133,2022-03-14 12:24:12+00:00,2022-03-15 01:09:12+00:00,2022-03-14 11:55:56+00:00,2022-03-15 01:37:29+00:00,2022-03-14 11:27:29+00:00,2022-03-15 02:05:55+00:00
ERCO,2022-03-15,2022-03-15 12:46:00+00:00,2022-03-16 00:46:51+00:00,2022-03-15 18:46:26+00:00,43251,2022-03-15 12:22:57+00:00,2022-03-16 01:09:54+00:00,2022-03-15 11:54:39+00:00,2022-03-16 01:38:12+00:00,2022-03-15 11:26:11+00:00,2022-03-16 02:06:40+00:00
ERCO,2022-03-16,2022-03-16 12:44:45+00:00,2022-03-17 00:47:32+00:00,2022-03-16 18:46:09+00:00,43367,2022-03-16 12:21:41+00:00,2022-03-17 01:10:36+00:00,2022-03-16 11:53:23+00:00,2022-03-17 01:38:54+00:00,2022-03-16 11:24:53+00:00,2022-03-17 02:07:24+00:00
ERCO,2022-03-17,2022-03-17 12:43:29+00:00,2022-03-18 00:48:14+00:00,2022-03-17 18:45:51+00:00,43485,2022-03-17 12:20:25+00:00,2022-03-18 01:11:18+00:00,2022-03-17 11:52:06+00:00,2022-03-18 01:39:37+00:00,2022-03-17 11:23:33+00:00,2022-03-18 02:08:09+00:00
ERCO,2022-03-18,2022-03-18 12:42:12+00:00,2022-03-19 00:48:55+00:00,2022-03-18 18:45:34+00:00,43603,2022-03-18 12:19:09+00:00,2022-03-19 01:11:59+00:00,2022-03-18 11:50:48+00:00,2022-03-19 01:40:20+00:00,2022-03-18 11:22:14+00:00,2022-03-19 02:08:54+00:00
ERCO,2022-03-19,2022-03-19 12:40:56+00:00,2022-03-20 00:49:37+00:00,2022-03-19 18:45:16+00:00,43721,2022-03-19 12:17:52+00:00,2022-03-20 01:12:41+00:00,2022-03-19 11:49:30+00:00,2022-03-20 01:41:03+00:00,2022-03-19 11:20:53+00:00,2022-03-20 02:09:39+00:00
ERCO,2022-03-20,2022-03-20 12:39:40+00:00,2022-03-21 00:50:18+00:00,2022-03-20 18:44:59+00:00,43838,2022-03-20 12:16:35+00:00,2022-03-21 01:13:22+00:00,2022-03-20 11:48:12+00:00,2022-03-21 01:41:46+00:00,2022-03-20 11:19:33+00:00,2022-03-21 02:10:25+00:00
ERCO,2022-03-21,2022-03-21 12:38:23+00:00,2022-03-22 00:50:59+00:00,2022-03-21 18:44:41+00:00,43956,2022-03-21 12:15:18+00:00,2022-03-22 01:14:04+00:00,2022-03-21 11:46:53+00:00,2022-03-22 01:42:29+00:00,2022-03-21 11:18:12+00:00,2022-03-22 02:11:10+00:00
ERCO,2022-03-22,2022-03-22 12:37:06+00:00,2022-03-23 00:51:40+00:00,2022-03-22 18:44:23+00:00,44074,2022-03-22 12:14:00+00:00,2022-03-23 01:14:45+00:00,2022-03-22 11:45:34+00:00,2022-03-23 01:43:12+00:00,2022-03-22 11:16:50+00:00,2022-03-23 02:11:56+00:00
ERCO,2022-03-23,2022-03-23 12:35:49+00:00,2022-03-24 00:52:20+00:00,2022-03-23 18:44:05+00:00,44191,2022-03-23 12:12:43+00:00,2022-03-24 01:15:27+00:00,2022-03-23 11:44:15+00:00,2022-03-24 01:43:55+00:00,2022-03-23 11:15:28+00:00,2022-03-24 02:12:42+00:00
ERCO,2022-03-24,2022-03-24 12:34:33+00:00,2022-03-25 00:53:01+00:00,2022-03-24 18:43:47+00:00,44308,2022-03-24 12:11:25+00:00,2022-03-25 01:16:08+00:00,2022-03-24 11:42:56+00:00,2022-03-25 01:44:38+00:00,2022-03-24 11:14:06+00:00,2022-03-25 02:13:28+00:00
ERCO,2022-03-25,2022-03-25 12:33:16+00:00,2022-03-26 00:53:42+00:00,2022-03-25 18:43:29+00:00,44426,2022-03-25 12:10:08+00:00,2022-03-26 01:16:50+00:00,2022-03-25 11:41:36+00:00,2022-03-26 01:45:21+00:00,2022-03-25 11:12:43+00:00,2022-03-26 02:14:15+00:00
ERCO,2022-03-26,2022-03-26 12:31:59+00:00,2022-03-27 00:54:22+00:00,2022-03-26 18:43:11+00:00,44543,2022-03-26 12:08:50+00:00,2022-03-27 01:17:31+00:00,2022-03-26 11:40:16+00:00,2022-03-27 01:46:05+00:00,2022-03-26 11:11:20+00:00,2022-03-27 02:15:01+00:00
ERCO,2022-03-27,2022-03-27 12:30:43+00:00,2022-03-28 00:55:02+00:00,2022-03-27 18:42:53+00:00,44659,2022-03-27 12:07:32+00:00,2022-03-28 01:18:13+00:00,2022-03-27 11:38:56+00:00,2022-03-28 01:46:49+00:00,2022-03-27 11:09:57+00:00,2022-03-28 02:15:48+00:00
ERCO,2022-03-28,2022-03-28 12:29:26+00:00,2022-03-29 00:55:43+00:00,2022-03-28 18:42:34+00:00,44777,2022-03-28 12:06:15+00:00,2022-03-29 01:18:54+00:00,2022-03-28 11:37:36+00:00,2022-03-29 01:47:32+00:00,2022-03-28 11:08:33+00:00,2022-03-29 02:16:36+00:00
ERCO,2022-03-29,2022-03-29 12:28:10+00:00,2022-03-30 00:56:23+00:00,2022-03-29 18:42:16+00:00,44893,2022-03-29 12:04:57+00:00,2022-03-30 01:19:36+00:00,2022-03-29 11:36:16+00:00,2022-03-30 01:48:16+00:00,2022-03-29 11:07:09+00:00,2022-03-30 02:17:23+00:00
ERCO,2022-03-30,2022-03-30 12:26:53+00:00,2022-03-31 00:57:03+00:00,2022-03-30 18:41:58+00:00,45010,2022-03-30 12:03:39+00:00,2022-03-31 01:20:17+00:00,2022-03-30 11:34:56+00:00,2022-03-31 01:49:01+00:00,2022-03-30 11:05:45+00:00,2022-03-31 02:18:11+00:00
ERCO,2022-03-31,2022-03-31 12:25:37+00:00,2022-04-01 00:57:44+00:00,2022-03-31 18:41:40+00:00,45127,2022-03-31 12:02:22+00:00,2022-04-01 01:20:59+00:00,2022-03-31 11:33:36+00:00,2022-04-01 01:49:45+00:00,2022-03-31 11:04:21+00:00,2022-04-01 02:19:00+00:00
ERCO,2022-04-01,2022-04-01 12:24:21+00:00,2022-04-02 00:58:24+00:00,2022-04-01 18:41:23+00:00,45243,2022-04-01 12:01:04+00:00,2022-04-02 01:21:41+00:00,2022-04-01 11:32:16+00:00,2022-04-02 01:50:29+00:00,2022-04-01 11:02:57+00:00,2022-04-02 02:19:48+00:00
ERCO,2022-04-02,2022-04-02 12:23:06+00:00,2022-04-03 00:59:04+00:00,2022-04-02 18:41:05+00:00,45358,2022-04-02 11:59:47+00:00,2022-04-03 01:22:23+00:00,2022-04-02 11:30:56+00:00,2022-04-03 01:51:14+00:00,2022-04-02 11:01:33+00:00,2022-04-03 02:20:37+00:00
ERCO,2022-04-03,2022-04-03 12:21:50+00:00,2022-04-04 00:59:45+00:00,2022-04-03 18:40:47+00:00,45475,2022-04-03 11:58:30+00:00,2022-04-04 01:23:05+00:00,2022-04-03 11:29:36+00:00,2022-04-04 01:51:59+00:00,2022-04-03 11:00:08+00:00,2022-04-04 02:21:27+00:00
ERCO,2022-04-04,2022-04-04 12:20:35+00:00,2022-04-05 01:00:25+00:00,2022-04-04 18:40:30+00:00,45590,2022-04-04 11:57:13+00:00,2022-04-05 01:23:47+00:00,2022-04-04 11:28:16+00:00,2022-04-05 01:52:44+00:00,2022-04-04 10:58:44+00:00,2022-04-05 02:22:16+00:00
ERCO,2022-04-05,2022-04-05 12:19:20+00:00,2022-04-06 01:01:05+00:00,2022-04-05 18:40:13+00:00,45705,2022-04-05 11:55:57+00:00,2022-04-06 01:24:29+00:00,2022-04-05 11:26:56+00:00,2022-04-06 01:53:30+00:00,2022-04-05 10:57:19+00:00,2022-04-06 02:23:06+00:00
ERCO,2022-04-06,2022-04-06 12:18:06+00:00,2022-04-07 01:01:46+00:00,2022-04-06 18:39:56+00:00,45820,2022-04-06 11:54:40+00:00,2022-04-07 01:25:11+00:00,2022-04-06 11:25:36+00:00,2022-04-07 01:54:15+00:00,2022-04-06 10:55:55+00:00,2022-04-07 02:23:57+00:00
ERCO,2022-04-07,2022-04-07 12:16:52+00:00,2022-04-08 01:02:26+00:00,2022-04-07 18:39:39+00:00,45934,2022-04-07 11:53:24+00:00,2022-04-08 01:25:54+00:00,2022-04-07 11:24:16+00:00,2022-04-08 01:55:01+00:00,2022-04-07 10:54:30+00:00,2022-04-08 02:24:48+00:00
ERCO,2022-04-08,2022-04-08 12:15:38+00:00,2022-04-09 01:03:06+00:00,2022-04-08 18:39:22+00:00,46048,2022-04-08 11:52:08+00:00,2022-04-09 01:26:36+00:00,2022-04-08 11:22:57+00:00,2022-04-09 01:55:48+00:00,2022-04-08 10:53:06+00:00,2022-04-09 02:25:39+00:00
ERCO,2022-04-09,2022-04-09 12:14:25+00:00,2022-04-10 01:03:47+00:00,2022-04-09 18:39:06+00:00,46162,2022-04-09 11:50:53+00:00,2022-04-10 01:27:19+00:00,2022-04-09 11:21:38+00:00,2022-04-10 01:56:34+00:00,2022-04-09 10:51:42+00:00,2022-04-10 02:26:30+00:00
ERCO,2022-04-10,2022-04-10 12:13:12+00:00,2022-04-11 01:04:28+00:00,2022-04-10 18:38:50+00:00,46276,2022-04-10 11:49:38+00:00,2022-04-11 01:28:02+00:00,2022-04-10 11:20:19+00:00,2022-04-11 01:57:21+00:00,2022-04-10 10:50:17+00:00,2022-04-11 02:27:22+00:00
ERCO,2022-04-11,2022-04-11 12:12:00+00:00,2022-04-12 01:05:08+00:00,2022-04-11 18:38:34+00:00,46388,2022-04-11 11:48:23+00:00,2022-04-12 01:28:45+00:00,2022-04-11 11:19:01+00:00,2022-04-12 01:58:08+00:00,2022-04-11 10:48:53+00:00,2022-04-12 02:28:15+00:00
ERCO,2022-04-12,2022-04-12 12:10:48+00:00,2022-04-13 01:05:49+00:00,2022-04-12 18:38:19+00:00,46501,2022-04-12 11:47:09+00:00,2022-04-13 01:29:28+00:00,2022-04-12 11:17:42+00:00,2022-04-13 01:58:55+00:00,2022-04-12 10:47:30+00:00,2022-04-13 02:29:07+00:00
ERCO,2022-04-13,2022-04-13 12:09:37+00:00,2022-04-14 01:06:30+00:00,2022-04-13 18:38:03+00:00,46613,2022-04-13 11:45:55+00:00,2022-04-14 01:30:11+00:00,2022-04-13 11:16:25+00:00,2022-04-14 01:59:42+00:00,2022-04-13 10:46:06+00:00,2022-04-14 02:30:01+00:00
ERCO,2022-04-14,2022-04-14 12:08:26+00:00,2022-04-15 01:07:11+00:00,2022-04-14 18:37:49+00:00,46725,2022-04-14 11:44:42+00:00,2022-04-15 01:30:55+00:00,2022-04-14 11:15:07+00:00,2022-04-15 02:00:30+00:00,2022-04-14 10:44:43+00:00,2022-04-15 02:30:54+00:00
ERCO,2022-04-15,2022-04-15 12:07:16+00:00,2022-04-16 01:07:52+00:00,2022-04-15 18:37:34+00:00,46836,2022-04-15 11:43:29+00:00,2022-04-16 01:31:39+00:00,2022-04-15 11:13:50+00:00,2022-04-16 02:01:18+00:00,2022-04-15 10:43:20+00:00,2022-04-16 02:31:48+00:00
ERCO,2022-04-16,2022-04-16 12:06:07+00:00,2022-04-17 01:08:33+00:00,2022-04-16 18:37:20+00:00,46946,2022-04-16 11:42:17+00:00,2022-04-17 01:32:22+00:00,2022-04-16 11:12:34+00:00,2022-04-17 02:02:06+00:00,2022-04-16 10:41:57+00:00,2022-04-17 02:32:42+00:00
ERCO,2022-04-17,2022-04-17 12:04:58+00:00,2022-04-18 01:09:14+00:00,2022-04-17 18:37:06+00:00,47056,2022-04-17 11:41:06+00:00,2022-04-18 01:33:06+00:00,2022-04-17 11:11:17+00:00,2022-04-18 02:02:55+00:00,2022-04-17 10:40:35+00:00,2022-04-18 02:33:37+00:00
ERCO,2022-04-18,2022-04-18 12:03:50+00:00,2022-04-19 01:09:56+00:00,2022-04-18 18:36:53+00:00,47166,2022-04-18 11:39:55+00:00,2022-04-19 01:33:51+00:00,2022-04-18 11:10:02+00:00,2022-04-19 02:03:43+00:00,2022-04-18 10:39:13+00:00,2022-04-19 02:34:32+00:00
ERCO,2022-04-19,2022-04-19 12:02:42+00:00,2022-04-20 01:10:37+00:00,2022-04-19 18:36:40+00:00,47275,2022-04-19 11:38:44+00:00,2022-04-20 01:34:35+00:00,2022-04-19 11:08:47+00:00,2022-04-20 02:04:32+00:00,2022-04-19 10:37:52+00:00,2022-04-20 02:35:28+00:00
ERCO,2022-04-20,2022-04-20 12:01:36+00:00,2022-04-21 01:11:18+00:00,2022-04-20 18:36:27+00:00,47382,2022-04-20 11:37:35+00:00,2022-04-21 01:35:19+00:00,2022-04-20 11:07:33+00:00,2022-04-21 02:05:22+00:00,2022-04-20 10:36:31+00:00,2022-04-21 02:36:24+00:00
ERCO,2022-04-21,2022-04-21 12:00:30+00:00,2022-04-22 01:12:00+00:00,2022-04-21 18:36:15+00:00,47490,2022-04-21 11:36:26+00:00,2022-04-22 01:36:04+00:00,2022-04-21 11:06:19+00:00,2022-04-22 02:06:11+00:00,2022-04-21 10:35:10+00:00,2022-04-22 02:37:20+00:00
ERCO,2022-04-22,2022-04-22 11:59:25+00:00,2022-04-23 01:12:42+00:00,2022-04-22 18:36:03+00:00,47597,2022-04-22 11:35:18+00:00,2022-04-23 01:36:49+00:00,2022-04-22 11:05:06+00:00,2022-04-23 02:07:01+00:00,2022-04-22 10:33:50+00:00,2022-04-23 02:38:16+00:00
ERCO,2022-04-23,2022-04-23 11:58:21+00:00,2022-04-24 01:13:24+00:00,2022-04-23 18:35:52+00:00,47703,2022-04-23 11:34:10+00:00,2022-04-24 01:37:34+00:00,2022-04-23 11:03:53+00:00,2022-04-24 02:07:51+00:00,2022-04-23 10:32:31+00:00,2022-04-24 02:39:13+00:00
ERCO,2022-04-24,2022-04-24 11:57:17+00:00,2022-04-25 01:14:06+00:00,2022-04-24 18:35:41+00:00,47809,2022-04-24 11:33:04+00:00,2022-04-25 01:38:19+00:00,2022-04-24 11:02:41+00:00,2022-04-25 02:08:41+00:00,2022-04-24 10:31:12+00:00,2022-04-25 02:40:10+00:00
ERCO,2022-04-25,2022-04-25 11:56:15+00:00,2022-04-26 01:14:48+00:00,2022-04-25 18:35:31+00:00,47913,2022-04-25 11:31:58+00:00,2022-04-26 01:39:04+00:00,2022-04-25 11:01:30+00:00,2022-04-26 02:09:32+00:00,2022-04-25 10:29:54+00:00,2022-04-26 02:41:08+00:00
ERCO,2022-04-26,2022-04-26 11:55:13+00:00,2022-04-27 01:15:30+00:00,2022-04-26 18:35:21+00:00,48017,2022-04-26 11:30:53+00:00,2022-04-27 01:39:50+00:00,2022-04-26 11:00:20+00:00,2022-04-27 02:10:22+00:00,2022-04-26 10:28:37+00:00,2022-04-27 02:42:06+00:00
ERCO,2022-04-27,2022-04-27 11:54:12+00:00,2022-04-28 01:16:12+00:00,2022-04-27 18:35:12+00:00,48120,2022-04-27 11:29:49+00:00,2022-04-28 01:40:35+00:00,2022-04-27 10:59:11+00:00,2022-04-28 02:11:13+00:00,2022-04-27 10:27:20+00:00,2022-04-28 02:43:04+00:00
ERCO,2022-04-28,2022-04-28 11:53:12+00:00,2022-04-29 01:16:54+00:00,2022-04-28 18:35:03+00:00,48222,2022-04-28 11:28:45+00:00,2022-04-29 01:41:21+00:00,2022-04-28 10:58:02+00:00,2022-04-29 02:12:04+00:00,2022-04-28 10:26:04+00:00,2022-04-29 02:44:02+00:00
ERCO,2022-04-29,2022-04-29 11:52:13+00:00,2022-04-30 01:17:36+00:00,2022-04-29 18:34:55+00:00,48323,2022-04-29 11:27:43+00:00,2022-04-30 01:42:06+00:00,2022-04-29 10:56:54+00:00,2022-04-30 02:12:55+00:00,2022-04-29 10:24:49+00:00,2022-04-30 02:45:01+00:00
ERCO,2022-04-30,2022-04-30 11:51:16+00:00,2022-05-01 01:18:19+00:00,2022-04-30 18:34:47+00:00,48423,2022-04-30 11:26:42+00:00,2022-05-01 01:42:52+00:00,2022-04-30 10:55:47+00:00,2022-05-01 02:13:47+00:00,2022-04-30 10:23:34+00:00,2022-05-01 02:46:00+00:00
ERCO,2022-05-01,2022-05-01 11:50:19+00:00,2022-05-02 01:19:01+00:00,2022-05-01 18:34:40+00:00,48522,2022-05-01 11:25:42+00:00,2022-05-02 01:43:38+00:00,2022-05-01 10:54:42+00:00,2022-05-02 02:14:38+00:00,2022-05-01 10:22:21+00:00,2022-05-02 02:46:59+00:00
ERCO,2022-05-02,2022-05-02 11:49:23+00:00,2022-05-03 01:19:43+00:00,2022-05-02 18:34:33+00:00,48620,2022-05-02 11:24:42+00:00,2022-05-03 01:44:24+00:00,2022-05-02 10:53:37+00:00,2022-05-03 02:15:30+00:00,2022-05-02 10:21:08+00:00,2022-05-03 02:47:58+00:00
ERCO,2022-05-03,2022-05-03 11:48:28+00:00,2022-05-04 01:20:26+00:00,2022-05-03 18:34:27+00:00,48718,2022-05-03 11:23:44+00:00,2022-05-04 01:45:10+00:00,2022-05-03 10:52:33+00:00,2022-05-04 02:16:21+00:00,2022-05-03 10:19:56+00:00,2022-05-04 02:48:58+00:00
ERCO,2022-05-04,2022-05-04 11:47:35+00:00,2022-05-05 01:21:08+00:00,2022-05-04 18:34:21+00:00,48813,2022-05-04 11:22:47+00:00,2022-05-05 01:45:56+00:00,2022-05-04 10:51:30+00:00,2022-05-05 02:17:13+00:00,2022-05-04 10:18:46+00:00,2022-05-05 02:49:57+00:00
ERCO,2022-05-05,2022-05-05 11:46:42+00:00,2022-05-06 01:21:51+00:00,2022-05-05 18:34:16+00:00,48909,2022-05-05 11:21:51+00:00,2022-05-06 01:46:42+00:00,2022-05-05 10:50:28+00:00,2022-05-06 02:18:05+00:00,2022-05-05 10:17:36+00:00,2022-05-06 02:50:57+00:00
ERCO,2022-05-06,2022-05-06 11:45:51+00:00,2022-05-07 01:22:33+00:00,2022-05-06 18:34:12+00:00,49002,2022-05-06 11:20:56+00:00,2022-05-07 01:47:28+00:00,2022-05-06 10:49:27+00:00,2022-05-07 02:18:56+00:00,2022-05-06 10:16:27+00:00,2022-05-07 02:51:56+00:00
ERCO,2022-05-07,2022-05-07 11:45:01+00:00,2022-05-08 01:23:16+00:00,2022-05-07 18:34:08+00:00,49095,2022-05-07 11:20:02+00:00,2022-05-08 01:48:14+00:00,2022-05-07 10:48:28+00:00,2022-05-08 02:19:48+00:00,2022-05-07 10:15:20+00:00,2022-05-08 02:52:56+00:00
ERCO,2022-05-08,2022-05-08 11:44:12+00:00,2022-05-09 01:23:58+00:00,2022-05-08 18:34:05+00:00,49186,2022-05-08 11:19:09+00:00,2022-05-09 01:49:00+00:00,2022-05-08 10:47:29+00:00,2022-05-09 02:20:40+00:00,2022-05-08 10:14:14+00:00,2022-05-09 02:53:56+00:00
ERCO,2022-05-09,2022-05-09 11:43:24+00:00,2022-05-10 01:24:40+00:00,2022-05-09 18:34:02+00:00,49276,2022-05-09 11:18:18+00:00,2022-05-10 01:49:46+00:00,2022-05-09 10:46:32+00:00,2022-05-10 02:21:32+00:00,2022-05-09 10:13:08+00:00,2022-05-10 02:54:56+00:00
ERCO,2022-05-10,2022-05-10 11:42:37+00:00,2022-05-11 01:25:22+00:00,2022-05-10 18:34:00+00:00,49365,2022-05-10 11:17:28+00:00,2022-05-11 01:50:32+00:00,2022-05-10 10:45:36+00:00,2022-05-11 02:22:23+00:00,2022-05-10 10:12:04+00:00,2022-05-11 02:55:55+00:00
ERCO,2022-05-11,2022-05-11 11:41:52+00:00,2022-05-12 01:26:04+00:00,2022-05-11 18:33:58+00:00,49452,2022-05-11 11:16:39+00:00,2022-05-12 01:51:18+00:00,2022-05-11 10:44:41+00:00,2022-05-12 02:23:15+00:00,2022-05-11 10:11:01+00:00,2022-05-12 02:56:55+00:00
ERCO,2022-05-12,2022-05-12 11:41:08+00:00,2022-05-13 01:26:46+00:00,2022-05-12 18:33:57+00:00,49538,2022-05-12 11:15:51+00:00,2022-05-13 01:52:03+00:00,2022-05-12 10:43:48+00:00,2022-05-13 02:24:06+00:00,2022-05-12 10:10:00+00:00,2022-05-13 02:57:54+00:00
ERCO,2022-05-13,2022-05-13 11:40:25+00:00,2022-05-14 01:27:28+00:00,2022-05-13 18:33:57+00:00,49623,2022-05-13 11:15:04+00:00,2022-05-14 01:52:49+00:00,2022-05-13 10:42:56+00:00,2022-05-14 02:24:57+00:00,2022-05-13 10:09:00+00:00,2022-05-14 02:58:53+00:00
ERCO,2022-05-14,2022-05-14 11:39:44+00:00,2022-05-15 01:28:10+00:00,2022-05-14 18:33:57+00:00,49706,2022-05-14 11:14:19+00:00,2022-05-15 01:53:34+00:00,2022-05-14 10:42:05+00:00,2022-05-15 02:25:48+00:00,2022-05-14 10:08:01+00:00,2022-05-15 02:59:52+00:00
ERCO,2022-05-15,2022-05-15 11:39:04+00:00,2022-05-16 01:28:51+00:00,2022-05-15 18:33:57+00:00,49787,2022-05-15 11:13:36+00:00,2022-05-16 01:54:19+00:00,2022-05-15 10:41:16+00:00,2022-05-16 02:26:39+00:00,2022-05-15 10:07:04+00:00,2022-05-16 03:00:51+00:00
ERCO,2022-05-16,2022-05-16 11:38:25+00:00,2022-05-17 01:29:33+00:00,2022-05-16 18:33:59+00:00,49868,2022-05-16 11:12:53+00:00,2022-05-17 01:55:04+00:00,2022-05-16 10:40:28+00:00,2022-05-17 02:27:30+00:00,2022-05-16 10:06:08+00:00,2022-05-17 03:01:50+00:00
ERCO,2022-05-17,2022-05-17 11:37:47+00:00,2022-05-18 01:30:14+00:00,2022-05-17 18:34:00+00:00,49947,2022-05-17 11:12:12+00:00,2022-05-18 01:55:48+00:00,2022-05-17 10:39:41+00:00,2022-05-18 02:28:20+00:00,2022-05-17 10:05:13+00:00,2022-05-18 03:02:48+00:00
ERCO,2022-05-18,2022-05-18 11:37:11+00:00,2022-05-19 01:30:54+00:00,2022-05-18 18:34:03+00:00,50023,2022-05-18 11:11:33+00:00,2022-05-19 01:56:33+00:00,2022-05-18 10:38:56+00:00,2022-05-19 02:29:10+00:00,2022-05-18 10:04:20+00:00,2022-05-19 03:03:45+00:00
ERCO,2022-05-19,2022-05-19 11:36:37+00:00,2022-05-20 01:31:35+00:00,2022-05-19 18:34:06+00:00,50098,2022-05-19 11:10:55+00:00,2022-05-20 01:57:17+00:00,2022-05-19 10:38:12+00:00,2022-05-20 02:29:59+00:00,2022-05-19 10:03:29+00:00,2022-05-20 03:04:43+00:00
ERCO,2022-05-20,2022-05-20 11:36:03+00:00,2022-05-21 01:32:15+00:00,2022-05-20 18:34:09+00:00,50172,2022-05-20 11:10:18+00:00,2022-05-21 01:58:00+00:00,2022-05-20 10:37:30+00:00,2022-05-21 02:30:48+00:00,2022-05-20 10:02:39+00:00,2022-05-21 03:05:39+00:00
ERCO,2022-05-21,2022-05-21 11:35:32+00:00,2022-05-22 01:32:55+00:00,2022-05-21 18:34:13+00:00,50243,2022-05-21 11:09:43+00:00,2022-05-22 01:58:43+00:00,2022-05-21 10:36:50+00:00,2022-05-22 02:31:37+00:00,2022-05-21 10:01:51+00:00,2022-05-22 03:06:36+00:00
ERCO,2022-05-22,2022-05-22 11:35:01+00:00,2022-05-23 01:33:34+00:00,2022-05-22 18:34:18+00:00,50313,2022-05-22 11:09:09+00:00,2022-05-23 01:59:26+00:00,2022-05-22 10:36:11+00:00,2022-05-23 02:32:25+00:00,2022-05-22 10:01:04+00:00,2022-05-23 03:07:31+00:00
ERCO,2022-05-23,2022-05-23 11:34:32+00:00,2022-05-24 01:34:13+00:00,2022-05-23 18:34:23+00:00,50381,2022-05-23 11:08:37+00:00,2022-05-24 02:00:08+00:00,2022-05-23 10:35:33+00:00,2022-05-24 02:33:12+00:00,2022-05-23 10:00:19+00:00,2022-05-24 03:08:26+00:00
ERCO,2022-05-24,2022-05-24 11:34:05+00:00,2022-05-25 01:34:51+00:00,2022-05-24 18:34:28+00:00,50446,2022-05-24 11:08:06+00:00,2022-05-25 02:00:50+00:00,2022-05-24 10:34:57+00:00,2022-05-25 02:33:59+00:00,2022-05-24 09:59:36+00:00,2022-05-25 03:09:20+00:00
ERCO,2022-05-25,2022-05-25 11:33:39+00:00,2022-05-26 01:35:29+00:00,2022-05-25 18:34:34+00:00,50510,2022-05-25 11:07:37+00:00,2022-05-26 02:01:31+00:00,2022-05-25 10:34:23+00:00,2022-05-26 02:34:45+00:00,2022-05-25 09:58:55+00:00,2022-05-26 03:10:14+00:00
ERCO,2022-05-26,2022-05-26 11:33:14+00:00,2022-05-27 01:36:07+00:00,2022-05-26 18:34:41+00:00,50573,2022-05-26 11:07:10+00:00,2022-05-27 02:02:12+00:00,2022-05-26 10:33:51+00:00,2022-05-27 02:35:31+00:00,2022-05-26 09:58:15+00:00,2022-05-27 03:11:06+00:00
ERCO,2022-05-27,2022-05-27 11:32:51+00:00,2022-05-28 01:36:44+00:00,2022-05-27 18:34:48+00:00,50633,2022-05-27 11:06:43+00:00,2022-05-28 02:02:52+00:00,2022-05-27 10:33:20+00:00,2022-05-28 02:36:16+00:00,2022-05-27 09:57:37+00:00,2022-05-28 03:11:58+00:00
ERCO,2022-05-28,2022-05-28 11:32:30+00:00,2022-05-29 01:37:21+00:00,2022-05-28 18:34:55+00:00,50691,2022-05-28 11:06:19+00:00,2022-05-29 02:03:31+00:00,2022-05-28 10:32:51+00:00,2022-05-29 02:37:00+00:00,2022-05-28 09:57:01+00:00,2022-05-29 03:12:49+00:00
ERCO,2022-05-29,2022-05-29 11:32:10+00:00,2022-05-30 01:37:56+00:00,2022-05-29 18:35:03+00:00,50746,2022-05-29 11:05:56+00:00,2022-05-30 02:04:10+00:00,2022-05-29 10:32:23+00:00,2022-05-30 02:37:43+00:00,2022-05-29 09:56:27+00:00,2022-05-30 03:13:39+00:00
ERCO,2022-05-30,2022-05-30 11:31:51+00:00,2022-05-31 01:38:32+00:00,2022-05-30 18:35:11+00:00,50801,2022-05-30 11:05:35+00:00,2022-05-31 02:04:48+00:00,2022-05-30 10:31:57+00:00,2022-05-31 02:38:25+00:00,2022-05-30 09:55:55+00:00,2022-05-31 03:14:27+00:00
ERCO,2022-05-31,2022-05-31 11:31:34+00:00,2022-06-01 01:39:06+00:00,2022-05-31 18:35:20+00:00,50852,2022-05-31 11:05:15+00:00,2022-06-01 02:05:25+00:00,2022-05-31 10:31:33+00:00,2022-06-01 02:39:07+00:00,2022-05-31 09:55:25+00:00,2022-06-01 03:15:15+00:00
ERCO,2022-06-01,2022-06-01 11:31:18+00:00,2022-06-02 01:39:40+00:00,2022-06-01 18:35:29+00:00,50902,2022-06-01 11:04:57+00:00,2022-06-02 02:06:02+00:00,2022-06-01 10:31:11+00:00,2022-06-02 02:39:48+00:00,2022-06-01 09:54:57+00:00,2022-06-02 03:16:02+00:00
ERCO,2022-06-02,2022-06-02 11:31:04+00:00,2022-06-03 01:40:13+00:00,2022-06-02 18:35:39+00:00,50949,2022-06-02 11:04:40+00:00,2022-06-03 02:06:37+00:00,2022-06-02 10:30:51+00:00,2022-06-03 02:40:27+00:00,2022-06-02 09:54:31+00:00,2022-06-03 03:16:47+00:00
ERCO,2022-06-03,2022-06-03 11:30:52+00:00,2022-06-04 01:40:46+00:00,2022-06-03 18:35:49+00:00,50994,2022-06-03 11:04:25+00:00,2022-06-04 02:07:12+00:00,2022-06-03 10:30:32+00:00,2022-06-04 02:41:06+00:00,2022-06-03 09:54:06+00:00,2022-06-04 03:17:31+00:00
ERCO,2022-06-04,2022-06-04 11:30:41+00:00,2022-06-05 01:41:17+00:00,2022-06-04 18:35:59+00:00,51036,2022-06-04 11:04:12+00:00,2022-06-05 02:07:46+00:00,2022-06-04 10:30:15+00:00,2022-06-05 02:41:43+00:00,2022-06-04 09:53:44+00:00,2022-06-05 03:18:14+00:00
ERCO,2022-06-05,2022-06-05 11:30:31+00:00,2022-06-06 01:41:48+00:00,2022-06-05 18:36:10+00:00,51077,2022-06-05 11:04:00+00:00,2022-06-06 02:08:19+00:00,2022-06-05 10:30:00+00:00,2022-06-06 02:42:20+00:00,2022-06-05 09:53:24+00:00,2022-06-06 03:18:55+00:00
ERCO,2022-06-06,2022-06-06 11:30:23+00:00,2022-06-07 01:42:18+00:00,2022-06-06 18:36:21+00:00,51115,2022-06-06 11:03:50+00:00,2022-06-07 02:08:51+00:00,2022-06-06 10:29:46+00:00,2022-06-07 02:42:55+00:00,2022-06-06 09:53:06+00:00,2022-06-07 03:19:35+00:00
ERCO,2022-06-07,2022-06-07 11:30:17+00:00,2022-06-08 01:42:47+00:00,2022-06-07 18:36:32+00:00,51150,2022-06-07 11:03:42+00:00,2022-06-08 02:09:22+00:00,2022-06-07 10:29:35+00:00,2022-06-08 02:43:29+00:00,2022-06-07 09:52:50+00:00,2022-06-08 03:20:14+00:00
ERCO,2022-06-08,2022-06-08 11:30:12+00:00,2022-06-09 01:43:15+00:00,2022-06-08 18:36:43+00:00,51183,2022-06-08 11:03:35+00:00,2022-06-09 02:09:52+00:00,2022-06-08 10:29:25+00:00,2022-06-09 02:44:02+00:00,2022-06-08 09:52:36+00:00,2022-06-09 03:20:51+00:00
ERCO,2022-06-09,2022-06-09 11:30:08+00:00,2022-06-10 01:43:42+00:00,2022-06-09 18:36:55+00:00,51214,2022-06-09 11:03:30+00:00,2022-06-10 02:10:20+00:00,2022-06-09 10:29:17+00:00,2022-06-10 02:44:33+00:00,2022-06-09 09:52:24+00:00,2022-06-10 03:21:26+00:00
ERCO,2022-06-10,2022-06-10 11:30:06+00:00,2022-06-11 01:44:08+00:00,2022-06-10 18:37:07+00:00,51242,2022-06-10 11:03:26+00:00,2022-06-11 02:10:48+00:00,2022-06-10 10:29:11+00:00,2022-06-11 02:45:03+00:00,2022-06-10 09:52:14+00:00,2022-06-11 03:22:00+00:00
ERCO,2022-06-11,2022-06-11 11:30:05+00:00,2022-06-12 01:44:33+00:00,2022-06-11 18:37:19+00:00,51268,2022-06-11 11:03:24+00:00,2022-06-12 02:11:15+00:00,2022-06-11 10:29:06+00:00,2022-06-12 02:45:32+00:00,2022-06-11 09:52:06+00:00,2022-06-12 03:22:32+00:00
ERCO,2022-06-12,2022-06-12 11:30:06+00:00,2022-06-13 01:44:57+00:00,2022-06-12 18:37:32+00:00,51291,2022-06-12 11:03:23+00:00,2022-06-13 02:11:40+00:00,2022-06-12 10:29:04+00:00,2022-06-13 02:45:59+00:00,2022-06-12 09:52:01+00:00,2022-06-13 03:23:03+00:00
ERCO,2022-06-13,2022-06-13 11:30:08+00:00,2022-06-14 01:45:20+00:00,2022-06-13 18:37:44+00:00,51312,2022-06-13 11:03:24+00:00,2022-06-14 02:12:04+00:00,2022-06-13 10:29:03+00:00,2022-06-14 02:46:25+00:00,2022-06-13 09:51:57+00:00,2022-06-14 03:23:31+00:00
ERCO,2022-06-14,2022-06-14 11:30:12+00:00,2022-06-15 01:45:42+00:00,2022-06-14 18:37:57+00:00,51330,2022-06-14 11:03:27+00:00,2022-06-15 02:12:27+00:00,2022-06-14 10:29:04+00:00,2022-06-15 02:46:50+00:00,2022-06-14 09:51:56+00:00,2022-06-15 03:23:58+00:00
ERCO,2022-06-15,2022-06-15 11:30:17+00:00,2022-06-16 01:46:03+00:00,2022-06-15 18:38:10+00:00,51346,2022-06-15 11:03:31+00:00,2022-06-16 02:12:48+00:00,2022-06-15 10:29:07+00:00,2022-06-16 02:47:13+00:00,2022-06-15 09:51:56+00:00,2022-06-16 03:24:23+00:00
ERCO,2022-06-16,2022-06-16 11:30:23+00:00,2022-06-17 01:46:22+00:00,2022-06-16 18:38:23+00:00,51359,2022-06-16 11:03:37+00:00,2022-06-17 02:13:09+00:00,2022-06-16 10:29:11+00:00,2022-06-17 02:47:34+00:00,2022-06-16 09:51:59+00:00,2022-06-17 03:24:46+00:00
ERCO,2022-06-17,2022-06-17 11:30:31+00:00,2022-06-18 01:46:41+00:00,2022-06-17 18:38:36+00:00,51370,2022-06-17 11:03:44+00:00,2022-06-18 02:13:27+00:00,2022-06-17 10:29:17+00:00,2022-06-18 02:47:54+00:00,2022-06-17 09:52:04+00:00,2022-06-18 03:25:07+00:00
ERCO,2022-06-18,2022-06-18 11:30:40+00:00,2022-06-19 01:46:58+00:00,2022-06-18 18:38:49+00:00,51378,2022-06-18 11:03:52+00:00,2022-06-19 02:13:45+00:00,2022-06-18 10:29:25+00:00,2022-06-19 02:48:12+00:00,2022-06-18 09:52:10+00:00,2022-06-19 03:25:27+00:00
ERCO,2022-06-19,2022-06-19 11:30:50+00:00,2022-06-20 01:47:13+00:00,2022-06-19 18:39:02+00:00,51383,2022-06-19 11:04:02+00:00,2022-06-20 02:14:01+00:00,2022-06-19 10:29:35+00:00,2022-06-20 02:48:29+00:00,2022-06-19 09:52:19+00:00,2022-06-20 03:25:44+00:00
ERCO,2022-06-20,2022-06-20 11:31:02+00:00,2022-06-21 01:47:28+00:00,2022-06-20 18:39:15+00:00,51386,2022-06-20 11:04:14+00:00,2022-06-21 02:14:16+00:00,2022-06-20 10:29:46+00:00,2022-06-21 02:48:44+00:00,2022-06-20 09:52:30+00:00,2022-06-21 03:25:59+00:00
ERCO,2022-06-21,2022-06-21 11:31:15+00:00,2022-06-22 01:47:41+00:00,2022-06-21 18:39:28+00:00,51386,2022-06-21 11:04:27+00:00,2022-06-22 02:14:29+00:00,2022-06-21 10:29:59+00:00,2022-06-22 02:48:57+00:00,2022-06-21 09:52:43+00:00,2022-06-22 03:26:13+00:00
ERCO,2022-06-22,2022-06-22 11:31:29+00:00,2022-06-23 01:47:53+00:00,2022-06-22 18:39:41+00:00,51384,2022-06-22 11:04:41+00:00,2022-06-23 02:14:41+00:00,2022-06-22 10:30:13+00:00,2022-06-23 02:49:08+00:00,2022-06-22 09:52:58+00:00,2022-06-23 03:26:24+00:00
ERCO,2022-06-23,2022-06-23 11:31:44+00:00,2022-06-24 01:48:03+00:00,2022-06-23 18:39:54+00:00,51379,2022-06-23 11:04:57+00:00,2022-06-24 02:14:51+00:00,2022-06-23 10:30:29+00:00,2022-06-24 02:49:18+00:00,2022-06-23 09:53:15+00:00,2022-06-24 03:26:33+00:00
ERCO,2022-06-24,2022-06-24 11:32:01+00:00,2022-06-25 01:48:13+00:00,2022-06-24 18:40:07+00:00,51372,2022-06-24 11:05:14+00:00,2022-06-25 02:15:00+00:00,2022-06-24 10:30:47+00:00,2022-06-25 02:49:26+00:00,2022-06-24 09:53:33+00:00,2022-06-25 03:26:40+00:00
ERCO,2022-06-25,2022-06-25 11:32:19+00:00,2022-06-26 01:48:20+00:00,2022-06-25 18:40:19+00:00,51361,2022-06-25 11:05:32+00:00,2022-06-26 02:15:07+00:00,2022-06-25 10:31:06+00:00,2022-06-26 02:49:33+00:00,2022-06-25 09:53:54+00:00,2022-06-26 03:26:45+00:00
ERCO,2022-06-26,2022-06-26 11:32:38+00:00,2022-06-27 01:48:27+00:00,2022-06-26 18:40:32+00:00,51349,2022-06-26 11:05:52+00:00,2022-06-27 02:15:12+00:00,2022-06-26 10:31:27+00:00,2022-06-27 02:49:37+00:00,2022-06-26 09:54:16+00:00,2022-06-27 03:26:48+00:00
ERCO,2022-06-27,2022-06-27 11:32:58+00:00,2022-06-28 01:48:32+00:00,2022-06-27 18:40:45+00:00,51334,2022-06-27 11:06:13+00:00,2022-06-28 02:15:16+00:00,2022-06-27 10:31:49+00:00,2022-06-28 02:49:40+00:00,2022-06-27 09:54:41+00:00,2022-06-28 03:26:49+00:00
ERCO,2022-06-28,2022-06-28 11:33:19+00:00,2022-06-29 01:48:35+00:00,2022-06-28 18:40:57+00:00,51316,2022-06-28 11:06:35+00:00,2022-06-29 02:15:19+00:00,2022-06-28 10:32:13+00:00,2022-06-29 02:49:41+00:00,2022-06-28 09:55:07+00:00,2022-06-29 03:26:47+00:00
ERCO,2022-06-29,2022-06-29 11:33:41+00:00,2022-06-30 01:48:37+00:00,2022-06-29 18:41:09+00:00,51296,2022-06-29 11:06:58+00:00,2022-06-30 02:15:20+00:00,2022-06-29 10:32:38+00:00,2022-06-30 02:49:40+00:00,2022-06-29 09:55:34+00:00,2022-06-30 03:26:44+00:00
ERCO,2022-06-30,2022-06-30 11:34:04+00:00,2022-07-01 01:48:37+00:00,2022-06-30 18:41:21+00:00,51273,2022-06-30 11:07:22+00:00,2022-07-01 02:15:19+00:00,2022-06-30 10:33:05+00:00,2022-07-01 02:49:37+00:00,2022-06-30 09:56:04+00:00,2022-07-01 03:26:38+00:00
ERCO,2022-07-01,2022-07-01 11:34:28+00:00,2022-07-02 01:48:36+00:00,2022-07-01 18:41:32+00:00,51248,2022-07-01 11:07:48+00:00,2022-07-02 02:15:17+00:00,2022-07-01 10:33:32+00:00,2022-07-02 02:49:32+00:00,2022-07-01 09:56:35+00:00,2022-07-02 03:26:30+00:00
ERCO,2022-07-02,2022-07-02 11:34:53+00:00,2022-07-03 01:48:34+00:00,2022-07-02 18:41:44+00:00,51221,2022-07-02 11:08:15+00:00,2022-07-03 02:15:13+00:00,2022-07-02 10:34:02+00:00,2022-07-03 02:49:26+00:00,2022-07-02 09:57:07+00:00,2022-07-03 03:26:20+00:00
ERCO,2022-07-03,2022-07-03 11:35:20+00:00,2022-07-04 01:48:30+00:00,2022-07-03 18:41:55+00:00,51190,2022-07-03 11:08:42+00:00,2022-07-04 02:15:07+00:00,2022-07-03 10:34:32+00:00,2022-07-04 02:49:18+00:00,2022-07-03 09:57:42+00:00,2022-07-04 03:26:08+00:00
ERCO,2022-07-04,2022-07-04 11:35:47+00:00,2022-07-05 01:48:24+00:00,2022-07-04 18:42:05+00:00,51157,2022-07-04 11:09:11+00:00,2022-07-05 02:15:00+00:00,2022-07-04 10:35:03+00:00,2022-07-05 02:49:07+00:00,2022-07-04 09:58:17+00:00,2022-07-05 03:25:54+00:00
ERCO,2022-07-05,2022-07-05 11:36:14+00:00,2022-07-06 01:48:17+00:00,2022-07-05 18:42:16+00:00,51123,2022-07-05 11:09:41+00:00,2022-07-06 02:14:51+00:00,2022-07-05 10:35:36+00:00,2022-07-06 02:48:55+00:00,2022-07-05 09:58:55+00:00,2022-07-06 03:25:37+00:00
ERCO,2022-07-06,2022-07-06 11:36:43+00:00,2022-07-07 01:48:09+00:00,2022-07-06 18:42:26+00:00,51086,2022-07-06 11:10:12+00:00,2022-07-07 02:14:40+00:00,2022-07-06 10:36:10+00:00,2022-07-07 02:48:42+00:00,2022-07-06 09:59:33+00:00,2022-07-07 03:25:19+00:00
ERCO,2022-07-07,2022-07-07 11:37:13+00:00,2022-07-08 01:47:59+00:00,2022-07-07 18:42:36+00:00,51046,2022-07-07 11:10:43+00:00,2022-07-08 02:14:28+00:00,2022-07-07 10:36:45+00:00,2022-07-08 02:48:26+00:00,2022-07-07 10:00:13+00:00,2022-07-08 03:24:58+00:00
ERCO,2022-07-08,2022-07-08 11:37:43+00:00,2022-07-09 01:47:47+00:00,2022-07-08 18:42:45+00:00,51004,2022-07-08 11:11:16+00:00,2022-07-09 02:14:14+00:00,2022-07-08 10:37:21+00:00,2022-07-09 02:48:09+00:00,2022-07-08 10:00:54+00:00,2022-07-09 03:24:35+00:00
ERCO,2022-07-09,2022-07-09 11:38:14+00:00,2022-07-10 01:47:34+00:00,2022-07-09 18:42:54+00:00,50960,2022-07-09 11:11:49+00:00,2022-07-10 02:13:59+00:00,2022-07-09 10:37:58+00:00,2022-07-10 02:47:49+00:00,2022-07-09 10:01:37+00:00,2022-07-10 03:24:11+00:00
ERCO,2022-07-10,2022-07-10 11:38:46+00:00,2022-07-11 01:47:19+00:00,2022-07-10 18:43:02+00:00,50913,2022-07-10 11:12:23+00:00,2022-07-11 02:13:41+00:00,2022-07-10 10:38:36+00:00,2022-07-11 02:47:28+00:00,2022-07-10 10:02:21+00:00,2022-07-11 03:23:44+00:00
ERCO,2022-07-11,2022-07-11 11:39:18+00:00,2022-07-12 01:47:03+00:00,2022-07-11 18:43:10+00:00,50865,2022-07-11 11:12:58+00:00,2022-07-12 02:13:22+00:00,2022-07-11 10:39:15+00:00,2022-07-12 02:47:05+00:00,2022-07-11 10:03:05+00:00,2022-07-12 03:23:15+00:00
ERCO,2022-07-12,2022-07-12 11:39:51+00:00,2022-07-13 01:46:45+00:00,2022-07-12 18:43:18+00:00,50814,2022-07-12 11:13:34+00:00,2022-07-13 02:13:02+00:00,2022-07-12 10:39:55+00:00,2022-07-13 02:46:41+00:00,2022-07-12 10:03:51+00:00,2022-07-13 03:22:44+00:00
ERCO,2022-07-13,2022-07-13 11:40:24+00:00,2022-07-14 01:46:25+00:00,2022-07-13 18:43:25+00:00,50761,2022-07-13 11:14:10+00:00,2022-07-14 02:12:40+00:00,2022-07-13 10:40:36+00:00,2022-07-14 02:46:14+00:00,2022-07-13 10:04:38+00:00,2022-07-14 03:22:12+00:00
ERCO,2022-07-14,2022-07-14 11:40:59+00:00,2022-07-15 01:46:04+00:00,2022-07-14 18:43:31+00:00,50705,2022-07-14 11:14:47+00:00,2022-07-15 02:12:16+00:00,2022-07-14 10:41:17+00:00,2022-07-15 02:45:46+00:00,2022-07-14 10:05:26+00:00,2022-07-15 03:21:37+00:00
ERCO,2022-07-15,2022-07-15 11:41:33+00:00,2022-07-16 01:45:42+00:00,2022-07-15 18:43:38+00:00,50649,2022-07-15 11:15:24+00:00,2022-07-16 02:11:51+00:00,2022-07-15 10:41:59+00:00,2022-07-16 02:45:16+00:00,2022-07-15 10:06:15+00:00,2022-07-16 03:21:00+00:00
ERCO,2022-07-16,2022-07-16 11:42:08+00:00,2022-07-17 01:45:18+00:00,2022-07-16 18:43:43+00:00,50590,2022-07-16 11:16:02+00:00,2022-07-17 02:11:24+00:00,2022-07-16 10:42:42+00:00,2022-07-17 02:44:44+00:00,2022-07-16 10:07:05+00:00,2022-07-17 03:20:22+00:00
ERCO,2022-07-17,2022-07-17 11:42:44+00:00,2022-07-18 01:44:52+00:00,2022-07-17 18:43:48+00:00,50528,2022-07-17 11:16:41+00:00,2022-07-18 02:10:55+00:00,2022-07-17 10:43:26+00:00,2022-07-18 02:44:11+00:00,2022-07-17 10:07:55+00:00,2022-07-18 03:19:41+00:00
ERCO,2022-07-18,2022-07-18 11:43:20+00:00,2022-07-19 01:44:25+00:00,2022-07-18 18:43:53+00:00,50465,2022-07-18 11:17:20+00:00,2022-07-19 02:10:25+00:00,2022-07-18 10:44:10+00:00,2022-07-19 02:43:36+00:00,2022-07-18 10:08:46+00:00,2022-07-19 03:18:59+00:00
ERCO,2022-07-19,2022-07-19 11:43:57+00:00,2022-07-20 01:43:57+00:00,2022-07-19 18:43:57+00:00,50400,2022-07-19 11:18:00+00:00,2022-07-20 02:09:54+00:00,2022-07-19 10:44:55+00:00,2022-07-20 02:42:59+00:00,2022-07-19 10:09:38+00:00,2022-07-20 03:18:15+00:00
ERCO,2022-07-20,2022-07-20 11:44:33+00:00,2022-07-21 01:43:27+00:00,2022-07-20 18:44:00+00:00,50334,2022-07-20 11:18:40+00:00,2022-07-21 02:09:20+00:00,2022-07-20 10:45:40+00:00,2022-07-21 02:42:21+00:00,2022-07-20 10:10:31+00:00,2022-07-21 03:17:30+00:00
ERCO,2022-07-21,2022-07-21 11:45:11+00:00,2022-07-22 01:42:56+00:00,2022-07-21 18:44:03+00:00,50265,2022-07-21 11:19:21+00:00,2022-07-22 02:08:46+00:00,2022-07-21 10:46:26+00:00,2022-07-22 02:41:41+00:00,2022-07-21 10:11:24+00:00,2022-07-22 03:16:42+00:00
ERCO,2022-07-22,2022-07-22 11:45:48+00:00,2022-07-23 01:42:23+00:00,2022-07-22 18:44:05+00:00,50195,2022-07-22 11:20:01+00:00,2022-07-23 02:08:09+00:00,2022-07-22 10:47:12+00:00,2022-07-23 02:40:59+00:00,2022-07-22 10:12:18+00:00,2022-07-23 03:15:53+00:00
ERCO,2022-07-23,2022-07-23 11:46:26+00:00,2022-07-24 01:41:48+00:00,2022-07-23 18:44:07+00:00,50122,2022-07-23 11:20:43+00:00,2022-07-24 02:07:32+00:00,2022-07-23 10:47:58+00:00,2022-07-24 02:40:16+00:00,2022-07-23 10:13:12+00:00,2022-07-24 03:15:02+00:00
ERCO,2022-07-24,2022-07-24 11:47:04+00:00,2022-07-25 01:41:12+00:00,2022-07-24 18:44:08+00:00,50048,2022-07-24 11:21:24+00:00,2022-07-25 02:06:52+00:00,2022-07-24 10:48:45+00:00,2022-07-25 02:39:31+00:00,2022-07-24 10:14:07+00:00,2022-07-25 03:14:10+00:00
ERCO,2022-07-25,2022-07-25 11:47:42+00:00,2022-07-26 01:40:35+00:00,2022-07-25 18:44:09+00:00,49973,2022-07-25 11:22:06+00:00,2022-07-26 02:06:12+00:00,2022-07-25 10:49:33+00:00,2022-07-26 02:38:45+00:00,2022-07-25 10:15:02+00:00,2022-07-26 03:13:16+00:00
ERCO,2022-07-26,2022-07-26 11:48:21+00:00,2022-07-27 01:39:57+00:00,2022-07-26 18:44:09+00:00,49896,2022-07-26 11:22:48+00:00,2022-07-27 02:05:30+00:00,2022-07-26 10:50:20+00:00,2022-07-27 02:37:57+00:00,2022-07-26 10:15:57+00:00,2022-07-27 03:12:20+00:00
ERCO,2022-07-27,2022-07-27 11:49:00+00:00,2022-07-28 01:39:17+00:00,2022-07-27 18:44:08+00:00,49817,2022-07-27 11:23:30+00:00,2022-07-28 02:04:46+00:00,2022-07-27 10:51:08+00:00,2022-07-28 02:37:08+00:00,2022-07-27 10:16:53+00:00,2022-07-28 03:11:23+00:00
ERCO,2022-07-28,2022-07-28 11:49:39+00:00,2022-07-29 01:38:35+00:00,2022-07-28 18:44:07+00:00,49736,2022-07-28 11:24:13+00:00,2022-07-29 02:04:01+00:00,2022-07-28 10:51:56+00:00,2022-07-29 02:36:18+00:00,2022-07-28 10:17:49+00:00,2022-07-29 03:10:25+00:00
ERCO,2022-07-29,2022-07-29 11:50:18+00:00,2022-07-30 01:37:52+00:00,2022-07-29 18:44:05+00:00,49654,2022-07-29 11:24:55+00:00,2022-07-30 02:03:15+00:00,2022-07-29 10:52:44+00:00,2022-07-30 02:35:26+00:00,2022-07-29 10:18:45+00:00,2022-07-30 03:09:25+00:00
ERCO,2022-07-30,2022-07-30 11:50:57+00:00,2022-07-31 01:37:08+00:00,2022-07-30 18:44:03+00:00,49571,2022-07-30 11:25:38+00:00,2022-07-31 02:02:27+00:00,2022-07-30 10:53:33+00:00,2022-07-31 02:34:32+00:00,2022-07-30 10:19:42+00:00,2022-07-31 03:08:24+00:00
ERCO,2022-07-31,2022-07-31 11:51:36+00:00,2022-08-01 01:36:23+00:00,2022-07-31 18:44:00+00:00,49487,2022-07-31 11:26:21+00:00,2022-08-01 02:01:38+00:00,2022-07-31 10:54:21+00:00,2022-08-01 02:33:38+00:00,2022-07-31 10:20:38+00:00,2022-08-01 03:07:21+00:00
ERCO,2022-08-01,2022-08-01 11:52:15+00:00,2022-08-02 01:35:36+00:00,2022-08-01 18:43:56+00:00,49401,2022-08-01 11:27:04+00:00,2022-08-02 02:00:48+00:00,2022-08-01 10:55:10+00:00,2022-08-02 02:32:42+00:00,2022-08-01 10:21:35+00:00,2022-08-02 03:06:17+00:00
ERCO,2022-08-02,2022-08-02 11:52:55+00:00,2022-08-03 01:34:48+00:00,2022-08-02 18:43:52+00:00,49313,2022-08-02 11:27:47+00:00,2022-08-03 01:59:56+00:00,2022-08-02 10:55:59+00:00,2022-08-03 02:31:44+00:00,2022-08-02 10:22:31+00:00,2022-08-03 03:05:12+00:00
ERCO,2022-08-03,2022-08-03 11:53:34+00:00,2022-08-04 01:33:59+00:00,2022-08-03 18:43:47+00:00,49225,2022-08-03 11:28:30+00:00,2022-08-04 01:59:04+00:00,2022-08-03 10:56:47+00:00,2022-08-04 02:30:46+00:00,2022-08-03 10:23:28+00:00,2022-08-04 03:04:05+00:00
ERCO,2022-08-04,2022-08-04 11:54:14+00:00,2022-08-05 01:33:09+00:00,2022-08-04 18:43:41+00:00,49135,2022-08-04 11:29:13+00:00,2022-08-05 01:58:10+00:00,2022-08-04 10:57:36+00:00,2022-08-05 02:29:46+00:00,2022-08-04 10:24:25+00:00,2022-08-05 03:02:58+00:00
ERCO,2022-08-05,2022-08-05 11:54:53+00:00,2022-08-06 01:32:17+00:00,2022-08-05 18:43:35+00:00,49044,2022-08-05 11:29:56+00:00,2022-08-06 01:57:14+00:00,2022-08-05 10:58:25+00:00,2022-08-06 02:28:45+00:00,2022-08-05 10:25:21+00:00,2022-08-06 03:01:49+00:00
ERCO,2022-08-06,2022-08-06 11:55:32+00:00,2022-08-07 01:31:24+00:00,2022-08-06 18:43:28+00:00,48952,2022-08-06 11:30:39+00:00,2022-08-07 01:56:18+00:00,2022-08-06 10:59:14+00:00,2022-08-07 02:27:43+00:00,2022-08-06 10:26:18+00:00,2022-08-07 03:00:39+00:00
ERCO,2022-08-07,2022-08-07 11:56:12+00:00,2022-08-08 01:30:30+00:00,2022-08-07 18:43:21+00:00,48858,2022-08-07 11:31:22+00:00,2022-08-08 01:55:20+00:00,2022-08-07 11:00:02+00:00,2022-08-08 02:26:40+00:00,2022-08-07 10:27:14+00:00,2022-08-08 02:59:28+00:00
ERCO,2022-08-08,2022-08-08 11:56:51+00:00,2022-08-09 01:29:35+00:00,2022-08-08 18:43:13+00:00,48764,2022-08-08 11:32:05+00:00,2022-08-09 01:54:22+00:00,2022-08-08 11:00:51+00:00,2022-08-09 02:25:36+00:00,2022-08-08 10:28:11+00:00,2022-08-09 02:58:16+00:00
ERCO,2022-08-09,2022-08-09 11:57:31+00:00,2022-08-10 01:28:39+00:00,2022-08-09 18:43:05+00:00,48668,2022-08-09 11:32:48+00:00,2022-08-10 01:53:22+00:00,2022-08-09 11:01:39+00:00,2022-08-10 02:24:30+00:00,2022-08-09 10:29:07+00:00,2022-08-10 02:57:03+00:00
ERCO,2022-08-10,2022-08-10 11:58:10+00:00,2022-08-11 01:27:42+00:00,2022-08-10 18:42:56+00:00,48572,2022-08-10 11:33:30+00:00,2022-08-11 01:52:21+00:00,2022-08-10 11:02:28+00:00,2022-08-11 02:23:24+00:00,2022-08-10 10:30:03+00:00,2022-08-11 02:55:49+00:00
ERCO,2022-08-11,2022-08-11 11:58:49+00:00,2022-08-12 01:26:43+00:00,2022-08-11 18:42:46+00:00,48474,2022-08-11 11:34:13+00:00,2022-08-12 01:51:19+00:00,2022-08-11 11:03:16+00:00,2022-08-12 02:22:17+00:00,2022-08-11 10:30:58+00:00,2022-08-12 02:54:34+00:00
ERCO,2022-08-12,2022-08-12 11:59:28+00:00,2022-08-13 01:25:44+00:00,2022-08-12 18:42:36+00:00,48376,2022-08-12 11:34:56+00:00,2022-08-13 01:50:16+00:00,2022-08-12 11:04:04+00:00,2022-08-13 02:21:08+00:00,2022-08-12 10:31:54+00:00,2022-08-13 02:53:18+00:00
ERCO,2022-08-13,2022-08-13 12:00:07+00:00,2022-08-14 01:24:43+00:00,2022-08-13 18:42:25+00:00,48276,2022-08-13 11:35:38+00:00,2022-08-14 01:49:13+00:00,2022-08-13 11:04:51+00:00,2022-08-14 02:19:59+00:00,2022-08-13 10:32:49+00:00,2022-08-14 02:52:01+00:00
ERCO,2022-08-14,2022-08-14 12:00:46+00:00,2022-08-15 01:23:42+00:00,2022-08-14 18:42:14+00:00,48176,2022-08-14 11:36:20+00:00,2022-08-15 01:48:08+00:00,2022-08-14 11:05:39+00:00,2022-08-15 02:18:49+00:00,2022-08-14 10:33:44+00:00,2022-08-15 02:50:44+00:00
ERCO,2022-08-15,2022-08-15 12:01:25+00:00,2022-08-16 01:22:40+00:00,2022-08-15 18:42:02+00:00,48075,2022-08-15 11:37:02+00:00,2022-08-16 01:47:02+00:00,2022-08-15 11:06:27+00:00,2022-08-16 02:17:38+00:00,2022-08-15 10:34:39+00:00,2022-08-16 02:49:25+00:00
ERCO,2022-08-16,2022-08-16 12:02:03+00:00,2022-08-17 01:21:36+00:00,2022-08-16 18:41:50+00:00,47973,2022-08-16 11:37:44+00:00,2022-08-17 01:45:55+00:00,2022-08-16 11:07:14+00:00,2022-08-17 02:16:26+00:00,2022-08-16 10:35:33+00:00,2022-08-17 02:48:06+00:00
ERCO,2022-08-17,2022-08-17 12:02:42+00:00,2022-08-18 01:20:32+00:00,2022-08-17 18:41:37+00:00,47870,2022-08-17 11:38:26+00:00,2022-08-18 01:44:48+00:00,2022-08-17 11:08:01+00:00,2022-08-18 02:15:13+00:00,2022-08-17 10:36:27+00:00,2022-08-18 02:46:47+00:00
ERCO,2022-08-18,2022-08-18 12:03:20+00:00,2022-08-19 01:19:27+00:00,2022-08-18 18:41:24+00:00,47767,2022-08-18 11:39:08+00:00,2022-08-19 01:43:40+00:00,2022-08-18 11:08:47+00:00,2022-08-19 02:14:00+00:00,2022-08-18 10:37:21+00:00,2022-08-19 02:45:26+00:00
ERCO,2022-08-19,2022-08-19 12:03:59+00:00,2022-08-20 01:18:21+00:00,2022-08-19 18:41:10+00:00,47662,2022-08-19 11:39:49+00:00,2022-08-20 01:42:30+00:00,2022-08-19 11:09:34+00:00,2022-08-20 02:12:46+00:00,2022-08-19 10:38:14+00:00,2022-08-20 02:44:05+00:00
ERCO,2022-08-20,2022-08-20 12:04:37+00:00,2022-08-21 01:17:14+00:00,2022-08-20 18:40:55+00:00,47557,2022-08-20 11:40:30+00:00,2022-08-21 01:41:21+00:00,2022-08-20 11:10:20+00:00,2022-08-21 02:11:31+00:00,2022-08-20 10:39:07+00:00,2022-08-21 02:42:44+00:00
ERCO,2022-08-21,2022-08-21 12:05:15+00:00,2022-08-22 01:16:06+00:00,2022-08-21 18:40:41+00:00,47451,2022-08-21 11:41:11+00:00,2022-08-22 01:40:10+00:00,2022-08-21 11:11:06+00:00,2022-08-22 02:10:15+00:00,2022-08-21 10:40:00+00:00,2022-08-22 02:41:21+00:00
ERCO,2022-08-22,2022-08-22 12:05:53+00:00,2022-08-23 01:14:58+00:00,2022-08-22 18:40:25+00:00,47345,2022-08-22 11:41:52+00:00,2022-08-23 01:38:58+00:00,2022-08-22 11:11:52+00:00,2022-08-23 02:08:59+00:00,2022-08-22 10:40:52+00:00,2022-08-23 02:39:59+00:00
ERCO,2022-08-23,2022-08-23 12:06:31+00:00,2022-08-24 01:13:49+00:00,2022-08-23 18:40:10+00:00,47238,2022-08-23 11:42:33+00:00,2022-08-24 01:37:46+00:00,2022-08-23 11:12:37+00:00,2022-08-24 02:07:42+00:00,2022-08-23 10:41:44+00:00,2022-08-24 02:38:36+00:00
ERCO,2022-08-24,2022-08-24 12:07:08+00:00,2022-08-25 01:12:39+00:00,2022-08-24 18:39:54+00:00,47131,2022-08-24 11:43:13+00:00,2022-08-25 01:36:34+00:00,2022-08-24 11:13:22+00:00,2022-08-25 02:06:25+00:00,2022-08-24 10:42:35+00:00,2022-08-25 02:37:12+00:00
ERCO,2022-08-25,2022-08-25 12:07:46+00:00,2022-08-26 01:11:28+00:00,2022-08-25 18:39:37+00:00,47022,2022-08-25 11:43:54+00:00,2022-08-26 01:35:20+00:00,2022-08-25 11:14:07+00:00,2022-08-26 02:05:07+00:00,2022-08-25 10:43:26+00:00,2022-08-26 02:35:48+00:00
ERCO,2022-08-26,2022-08-26 12:08:23+00:00,2022-08-27 01:10:17+00:00,2022-08-26 18:39:20+00:00,46914,2022-08-26 11:44:34+00:00,2022-08-27 01:34:06+00:00,2022-08-26 11:14:51+00:00,2022-08-27 02:03:49+00:00,2022-08-26 10:44:17+00:00,2022-08-27 02:34:23+00:00
ERCO,2022-08-27,2022-08-27 12:09:00+00:00,2022-08-28 01:09:05+00:00,2022-08-27 18:39:03+00:00,46805,2022-08-27 11:45:14+00:00,2022-08-28 01:32:52+00:00,2022-08-27 11:15:36+00:00,2022-08-28 02:02:30+00:00,2022-08-27 10:45:07+00:00,2022-08-28 02:32:58+00:00
ERCO,2022-08-28,2022-08-28 12:09:37+00:00,2022-08-29 01:07:53+00:00,2022-08-28 18:38:45+00:00,46696,2022-08-28 11:45:53+00:00,2022-08-29 01:31:37+00:00,2022-08-28 11:16:20+00:00,2022-08-29 02:01:10+00:00,2022-08-28 10:45:57+00:00,2022-08-29 02:31:33+00:00
ERCO,2022-08-29,2022-08-29 12:10:14+00:00,2022-08-30 01:06:39+00:00,2022-08-29 18:38:27+00:00,46585,2022-08-29 11:46:33+00:00,2022-08-30 01:30:21+00:00,2022-08-29 11:17:03+00:00,2022-08-30 01:59:51+00:00,2022-08-29 10:46:46+00:00,2022-08-30 02:30:08+00:00
ERCO,2022-08-30,2022-08-30 12:10:51+00:00,2022-08-31 01:05:26+00:00,2022-08-30 18:38:09+00:00,46475,2022-08-30 11:47:12+00:00,2022-08-31 01:29:05+00:00,2022-08-30 11:17:47+00:00,2022-08-31 01:58:31+00:00,2022-08-30 10:47:35+00:00,2022-08-31 02:28:42+00:00
ERCO,2022-08-31,2022-08-31 12:11:28+00:00,2022-09-01 01:04:12+00:00,2022-08-31 18:37:50+00:00,46364,2022-08-31 11:47:52+00:00,2022-09-01 01:27:48+00:00,2022-08-31 11:18:30+00:00,2022-09-01 01:57:10+00:00,2022-08-31 10:48:24+00:00,2022-09-01 02:27:16+00:00
ERCO,2022-09-01,2022-09-01 12:12:05+00:00,2022-09-02 01:02:57+00:00,2022-09-01 18:37:31+00:00,46252,2022-09-01 11:48:30+00:00,2022-09-02 01:26:31+00:00,2022-09-01 11:19:12+00:00,2022-09-02 01:55:49+00:00,2022-09-01 10:49:12+00:00,2022-09-02 02:25:50+00:00
ERCO,2022-09-02,2022-09-02 12:12:41+00:00,2022-09-03 01:01:42+00:00,2022-09-02 18:37:12+00:00,46141,2022-09-02 11:49:09+00:00,2022-09-03 01:25:14+00:00,2022-09-02 11:19:55+00:00,2022-09-03 01:54:28+00:00,2022-09-02 10:50:00+00:00,2022-09-03 02:24:23+00:00
ERCO,2022-09-03,2022-09-03 12:13:18+00:00,2022-09-04 01:00:26+00:00,2022-09-03 18:36:52+00:00,46028,2022-09-03 11:49:48+00:00,2022-09-04 01:23:56+00:00,2022-09-03 11:20:37+00:00,2022-09-04 01:53:07+00:00,2022-09-03 10:50:47+00:00,2022-09-04 02:22:57+00:00
ERCO,2022-09-04,2022-09-04 12:13:54+00:00,2022-09-05 00:59:10+00:00,2022-09-04 18:36:32+00:00,45916,2022-09-04 11:50:26+00:00,2022-09-05 01:22:38+00:00,2022-09-04 11:21:19+00:00,2022-09-05 01:51:45+00:00,2022-09-04 10:51:34+00:00,2022-09-05 02:21:30+00:00
ERCO,2022-09-05,2022-09-05 12:14:31+00:00,2022-09-06 00:57:53+00:00,2022-09-05 18:36:12+00:00,45802,2022-09-05 11:51:05+00:00,2022-09-06 01:21:19+00:00,2022-09-05 11:22:01+00:00,2022-09-06 01:50:23+00:00,2022-09-05 10:52:20+00:00,2022-09-06 02:20:04+00:00
ERCO,2022-09-06,2022-09-06 12:15:07+00:00,2022-09-07 00:56:36+00:00,2022-09-06 18:35:52+00:00,45689,2022-09-06 11:51:43+00:00,2022-09-07 01:20:00+00:00,2022-09-06 11:22:42+00:00,2022-09-07 01:49:01+00:00,2022-09-06 10:53:07+00:00,2022-09-07 02:18:37+00:00
ERCO,2022-09-07,2022-09-07 12:15:43+00:00,2022-09-08 00:55:19+00:00,2022-09-07 18:35:31+00:00,45576,2022-09-07 11:52:21+00:00,2022-09-08 01:18:41+00:00,2022-09-07 11:23:24+00:00,2022-09-08 01:47:39+00:00,2022-09-07 10:53:52+00:00,2022-09-08 02:17:10+00:00
ERCO,2022-09-08,2022-09-08 12:16:19+00:00,2022-09-09 00:54:02+00:00,2022-09-08 18:35:11+00:00,45463,2022-09-08 11:52:59+00:00,2022-09-09 01:17:22+00:00,2022-09-08 11:24:05+00:00,2022-09-09 01:46:16+00:00,2022-09-08 10:54:38+00:00,2022-09-09 02:15:43+00:00
ERCO,2022-09-09,2022-09-09 12:16:56+00:00,2022-09-10 00:52:44+00:00,2022-09-09 18:34:50+00:00,45348,2022-09-09 11:53:37+00:00,2022-09-10 01:16:03+00:00,2022-09-09 11:24:45+00:00,2022-09-10 01:44:54+00:00,2022-09-09 10:55:23+00:00,2022-09-10 02:14:17+00:00
ERCO,2022-09-10,2022-09-10 12:17:32+00:00,2022-09-11 00:51:26+00:00,2022-09-10 18:34:29+00:00,45234,2022-09-10 11:54:14+00:00,2022-09-11 01:14:43+00:00,2022-09-10 11:25:26+00:00,2022-09-11 01:43:31+00:00,2022-09-10 10:56:07+00:00,2022-09-11 02:12:50+00:00
ERCO,2022-09-11,2022-09-11 12:18:08+00:00,2022-09-12 00:50:07+00:00,2022-09-11 18:34:08+00:00,45119,2022-09-11 11:54:52+00:00,2022-09-12 01:13:23+00:00,2022-09-11 11:26:06+00:00,2022-09-12 01:42:09+00:00,2022-09-11 10:56:52+00:00,2022-09-12 02:11:23+00:00
ERCO,2022-09-12,2022-09-12 12:18:44+00:00,2022-09-13 00:48:49+00:00,2022-09-12 18:33:46+00:00,45005,2022-09-12 11:55:30+00:00,2022-09-13 01:12:03+00:00,2022-09-12 11:26:46+00:00,2022-09-13 01:40:46+00:00,2022-09-12 10:57:36+00:00,2022-09-13 02:09:57+00:00
ERCO,2022-09-13,2022-09-13 12:19:20+00:00,2022-09-14 00:47:30+00:00,2022-09-13 18:33:25+00:00,44890,2022-09-13 11:56:07+00:00,2022-09-14 01:10:43+00:00,2022-09-13 11:27:26+00:00,2022-09-14 01:39:24+00:00,2022-09-13 10:58:19+00:00,2022-09-14 02:08:31+00:00
ERCO,2022-09-14,2022-09-14 12:19:56+00:00,2022-09-15 00:46:11+00:00,2022-09-14 18:33:04+00:00,44775,2022-09-14 11:56:44+00:00,2022-09-15 01:09:23+00:00,2022-09-14 11:28:06+00:00,2022-09-15 01:38:01+00:00,2022-09-14 10:59:03+00:00,2022-09-15 02:07:05+00:00
ERCO,2022-09-15,2022-09-15 12:20:32+00:00,2022-09-16 00:44:52+00:00,2022-09-15 18:32:42+00:00,44660,2022-09-15 11:57:22+00:00,2022-09-16 01:08:03+00:00,2022-09-15 11:28:46+00:00,2022-09-16 01:36:39+00:00,2022-09-15 10:59:46+00:00,2022-09-16 02:05:39+00:00
ERCO,2022-09-16,2022-09-16 12:21:09+00:00,2022-09-17 00:43:33+00:00,2022-09-16 18:32:21+00:00,44544,2022-09-16 11:57:59+00:00,2022-09-17 01:06:43+00:00,2022-09-16 11:29:25+00:00,2022-09-17 01:35:17+00:00,2022-09-16 11:00:29+00:00,2022-09-17 02:04:13+00:00
ERCO,2022-09-17,2022-09-17 12:21:45+00:00,2022-09-18 00:42:14+00:00,2022-09-17 18:31:59+00:00,44429,2022-09-17 11:58:36+00:00,2022-09-18 01:05:23+00:00,2022-09-17 11:30:04+00:00,2022-09-18 01:33:55+00:00,2022-09-17 11:01:11+00:00,2022-09-18 02:02:48+00:00
ERCO,2022-09-18,2022-09-18 12:22:21+00:00,2022-09-19 00:40:55+00:00,2022-09-18 18:31:38+00:00,44314,2022-09-18 11:59:13+00:00,2022-09-19 01:04:03+00:00,2022-09-18 11:30:43+00:00,2022-09-19 01:32:33+00:00,2022-09-18 11:01:53+00:00,2022-09-19 02:01:23+00:00
ERCO,2022-09-19,2022-09-19 12:22:58+00:00,2022-09-20 00:39:36+00:00,2022-09-19 18:31:17+00:00,44198,2022-09-19 11:59:50+00:00,2022-09-20 01:02:43+00:00,2022-09-19 11:31:22+00:00,2022-09-20 01:31:11+00:00,2022-09-19 11:02:35+00:00,2022-09-20 01:59:58+00:00
ERCO,2022-09-20,2022-09-20 12:23:34+00:00,2022-09-21 00:38:16+00:00,2022-09-20 18:30:55+00:00,44082,2022-09-20 12:00:28+00:00,2022-09-21 01:01:23+00:00,2022-09-20 11:32:01+00:00,2022-09-21 01:29:49+00:00,2022-09-20 11:03:17+00:00,2022-09-21 01:58:34+00:00
ERCO,2022-09-21,2022-09-21 12:24:11+00:00,2022-09-22 00:36:57+00:00,2022-09-21 18:30:34+00:00,43966,2022-09-21 12:01:05+00:00,2022-09-22 01:00:03+00:00,2022-09-21 11:32:40+00:00,2022-09-22 01:28:28+00:00,2022-09-21 11:03:58+00:00,2022-09-22 01:57:10+00:00
ERCO,2022-09-22,2022-09-22 12:24:47+00:00,2022-09-23 00:35:38+00:00,2022-09-22 18:30:13+00:00,43851,2022-09-22 12:01:42+00:00,2022-09-23 00:58:44+00:00,2022-09-22 11:33:19+00:00,2022-09-23 01:27:07+00:00,2022-09-22 11:04:40+00:00,2022-09-23 01:55:46+00:00
ERCO,2022-09-23,2022-09-23 12:25:24+00:00,2022-09-24 00:34:19+00:00,2022-09-23 18:29:52+00:00,43735,2022-09-23 12:02:19+00:00,2022-09-24 00:57:24+00:00,2022-09-23 11:33:57+00:00,2022-09-24 01:25:46+00:00,2022-09-23 11:05:21+00:00,2022-09-24 01:54:23+00:00
ERCO,2022-09-24,2022-09-24 12:26:01+00:00,2022-09-25 00:33:00+00:00,2022-09-24 18:29:31+00:00,43619,2022-09-24 12:02:57+00:00,2022-09-25 00:56:05+00:00,2022-09-24 11:34:36+00:00,2022-09-25 01:24:26+00:00,2022-09-24 11:06:01+00:00,2022-09-25 01:53:00+00:00
ERCO,2022-09-25,2022-09-25 12:26:38+00:00,2022-09-26 00:31:42+00:00,2022-09-25 18:29:10+00:00,43504,2022-09-25 12:03:34+00:00,2022-09-26 00:54:46+00:00,2022-09-25 11:35:14+00:00,2022-09-26 01:23:06+00:00,2022-09-25 11:06:42+00:00,2022-09-26 01:51:38+00:00
ERCO,2022-09-26,2022-09-26 12:27:16+00:00,2022-09-27 00:30:23+00:00,2022-09-26 18:28:49+00:00,43387,2022-09-26 12:04:12+00:00,2022-09-27 00:53:27+00:00,2022-09-26 11:35:53+00:00,2022-09-27 01:21:46+00:00,2022-09-26 11:07:23+00:00,2022-09-27 01:50:16+00:00
ERCO,2022-09-27,2022-09-27 12:27:53+00:00,2022-09-28 00:29:05+00:00,2022-09-27 18:28:29+00:00,43272,2022-09-27 12:04:49+00:00,2022-09-28 00:52:09+00:00,2022-09-27 11:36:31+00:00,2022-09-28 01:20:27+00:00,2022-09-27 11:08:03+00:00,2022-09-28 01:48:55+00:00
ERCO,2022-09-28,2022-09-28 12:28:31+00:00,2022-09-29 00:27:47+00:00,2022-09-28 18:28:09+00:00,43156,2022-09-28 12:05:27+00:00,2022-09-29 00:50:51+00:00,2022-09-28 11:37:10+00:00,2022-09-29 01:19:08+00:00,2022-09-28 11:08:43+00:00,2022-09-29 01:47:35+00:00
ERCO,2022-09-29,2022-09-29 12:29:09+00:00,2022-09-30 00:26:29+00:00,2022-09-29 18:27:49+00:00,43040,2022-09-29 12:06:05+00:00,2022-09-30 00:49:33+00:00,2022-09-29 11:37:48+00:00,2022-09-30 01:17:50+00:00,2022-09-29 11:09:23+00:00,2022-09-30 01:46:15+00:00
ERCO,2022-09-30,2022-09-30 12:29:47+00:00,2022-10-01 00:25:12+00:00,2022-09-30 18:27:29+00:00,42925,2022-09-30 12:06:42+00:00,2022-10-01 00:48:16+00:00,2022-09-30 11:38:27+00:00,2022-10-01 01:16:32+00:00,2022-09-30 11:10:03+00:00,2022-10-01 01:44:55+00:00
ERCO,2022-10-01,2022-10-01 12:30:25+00:00,2022-10-02 00:23:54+00:00,2022-10-01 18:27:10+00:00,42809,2022-10-01 12:07:20+00:00,2022-10-02 00:46:59+00:00,2022-10-01 11:39:05+00:00,2022-10-02 01:15:14+00:00,2022-10-01 11:10:43+00:00,2022-10-02 01:43:37+00:00
ERCO,2022-10-02,2022-10-02 12:31:04+00:00,2022-10-03 00:22:38+00:00,2022-10-02 18:26:51+00:00,42694,2022-10-02 12:07:59+00:00,2022-10-03 00:45:43+00:00,2022-10-02 11:39:44+00:00,2022-10-03 01:13:58+00:00,2022-10-02 11:11:23+00:00,2022-10-03 01:42:19+00:00
ERCO,2022-10-03,2022-10-03 12:31:43+00:00,2022-10-04 00:21:21+00:00,2022-10-03 18:26:32+00:00,42578,2022-10-03 12:08:37+00:00,2022-10-04 00:44:27+00:00,2022-10-03 11:40:22+00:00,2022-10-04 01:12:42+00:00,2022-10-03 11:12:03+00:00,2022-10-04 01:41:01+00:00
ERCO,2022-10-04,2022-10-04 12:32:22+00:00,2022-10-05 00:20:05+00:00,2022-10-04 18:26:13+00:00,42463,2022-10-04 12:09:16+00:00,2022-10-05 00:43:11+00:00,2022-10-04 11:41:01+00:00,2022-10-05 01:11:26+00:00,2022-10-04 11:12:42+00:00,2022-10-05 01:39:45+00:00
ERCO,2022-10-05,2022-10-05 12:33:01+00:00,2022-10-06 00:18:50+00:00,2022-10-05 18:25:55+00:00,42349,2022-10-05 12:09:54+00:00,2022-10-06 00:41:56+00:00,2022-10-05 11:41:40+00:00,2022-10-06 01:10:11+00:00,2022-10-05 11:13:22+00:00,2022-10-06 01:38:29+00:00
ERCO,2022-10-06,2022-10-06 12:33:41+00:00,2022-10-07 00:17:35+00:00,2022-10-06 18:25:38+00:00,42234,2022-10-06 12:10:33+00:00,2022-10-07 00:40:42+00:00,2022-10-06 11:42:19+00:00,2022-10-07 01:08:57+00:00,2022-10-06 11:14:01+00:00,2022-10-07 01:37:14+00:00
ERCO,2022-10-07,2022-10-07 12:34:21+00:00,2022-10-08 00:16:20+00:00,2022-10-07 18:25:20+00:00,42119,2022-10-07 12:11:12+00:00,2022-10-08 00:39:28+00:00,2022-10-07 11:42:57+00:00,2022-10-08 01:07:43+00:00,2022-10-07 11:14:41+00:00,2022-10-08 01:36:00+00:00
ERCO,2022-10-08,2022-10-08 12:35:01+00:00,2022-10-09 00:15:06+00:00,2022-10-08 18:25:03+00:00,42005,2022-10-08 12:11:52+00:00,2022-10-09 00:38:15+00:00,2022-10-08 11:43:37+00:00,2022-10-09 01:06:30+00:00,2022-10-08 11:15:21+00:00,2022-10-09 01:34:46+00:00
ERCO,2022-10-09,2022-10-09 12:35:41+00:00,2022-10-10 00:13:53+00:00,2022-10-09 18:24:47+00:00,41892,2022-10-09 12:12:31+00:00,2022-10-10 00:37:03+00:00,2022-10-09 11:44:16+00:00,2022-10-10 01:05:18+00:00,2022-10-09 11:16:00+00:00,2022-10-10 01:33:34+00:00
ERCO,2022-10-10,2022-10-10 12:36:22+00:00,2022-10-11 00:12:40+00:00,2022-10-10 18:24:31+00:00,41778,2022-10-10 12:13:11+00:00,2022-10-11 00:35:51+00:00,2022-10-10 11:44:55+00:00,2022-10-11 01:04:07+00:00,2022-10-10 11:16:40+00:00,2022-10-11 01:32:22+00:00
ERCO,2022-10-11,2022-10-11 12:37:04+00:00,2022-10-12 00:11:27+00:00,2022-10-11 18:24:15+00:00,41663,2022-10-11 12:13:51+00:00,2022-10-12 00:34:40+00:00,2022-10-11 11:45:34+00:00,2022-10-12 01:02:56+00:00,2022-10-11 11:17:20+00:00,2022-10-12 01:31:11+00:00
ERCO,2022-10-12,2022-10-12 12:37:45+00:00,2022-10-13 00:10:16+00:00,2022-10-12 18:24:00+00:00,41551,2022-10-12 12:14:32+00:00,2022-10-13 00:33:29+00:00,2022-10-12 11:46:14+00:00,2022-10-13 01:01:47+00:00,2022-10-12 11:17:59+00:00,2022-10-13 01:30:01+00:00
ERCO,2022-10-13,2022-10-13 12:38:27+00:00,2022-10-14 00:09:05+00:00,2022-10-13 18:23:46+00:00,41438,2022-10-13 12:15:12+00:00,2022-10-14 00:32:19+00:00,2022-10-13 11:46:54+00:00,2022-10-14 01:00:38+00:00,2022-10-13 11:18:39+00:00,2022-10-14 01:28:53+00:00
ERCO,2022-10-14,2022-10-14 12:39:09+00:00,2022-10-15 00:07:55+00:00,2022-10-14 18:23:32+00:00,41326,2022-10-14 12:15:53+00:00,2022-10-15 00:31:11+00:00,2022-10-14 11:47:34+00:00,2022-10-15 00:59:30+00:00,2022-10-14 11:19:19+00:00,2022-10-15 01:27:45+00:00
ERCO,2022-10-15,2022-10-15 12:39:52+00:00,2022-10-16 00:06:45+00:00,2022-10-15 18:23:19+00:00,41213,2022-10-15 12:16:35+00:00,2022-10-16 00:30:03+00:00,2022-10-15 11:48:14+00:00,2022-10-16 00:58:23+00:00,2022-10-15 11:19:59+00:00,2022-10-16 01:26:38+00:00
ERCO,2022-10-16,2022-10-16 12:40:35+00:00,2022-10-17 00:05:36+00:00,2022-10-16 18:23:06+00:00,41101,2022-10-16 12:17:16+00:00,2022-10-17 00:28:55+00:00,2022-10-16 11:48:54+00:00,2022-10-17 00:57:17+00:00,2022-10-16 11:20:39+00:00,2022-10-17 01:25:32+00:00
ERCO,2022-10-17,2022-10-17 12:41:18+00:00,2022-10-18 00:04:28+00:00,2022-10-17 18:22:53+00:00,40990,2022-10-17 12:17:58+00:00,2022-10-18 00:27:49+00:00,2022-10-17 11:49:35+00:00,2022-10-18 00:56:12+00:00,2022-10-17 11:21:19+00:00,2022-10-18 01:24:27+00:00
ERCO,2022-10-18,2022-10-18 12:42:02+00:00,2022-10-19 00:03:21+00:00,2022-10-18 18:22:42+00:00,40879,2022-10-18 12:18:40+00:00,2022-10-19 00:26:43+00:00,2022-10-18 11:50:16+00:00,2022-10-19 00:55:08+00:00,2022-10-18 11:22:00+00:00,2022-10-19 01:23:24+00:00
ERCO,2022-10-19,2022-10-19 12:42:46+00:00,2022-10-20 00:02:15+00:00,2022-10-19 18:22:31+00:00,40769,2022-10-19 12:19:22+00:00,2022-10-20 00:25:39+00:00,2022-10-19 11:50:57+00:00,2022-10-20 00:54:04+00:00,2022-10-19 11:22:40+00:00,2022-10-20 01:22:21+00:00
ERCO,2022-10-20,2022-10-20 12:43:31+00:00,2022-10-21 00:01:10+00:00,2022-10-20 18:22:20+00:00,40659,2022-10-20 12:20:05+00:00,2022-10-21 00:24:35+00:00,2022-10-20 11:51:38+00:00,2022-10-21 00:53:02+00:00,2022-10-20 11:23:21+00:00,2022-10-21 01:21:20+00:00
ERCO,2022-10-21,2022-10-21 12:44:16+00:00,2022-10-22 00:00:05+00:00,2022-10-21 18:22:10+00:00,40549,2022-10-21 12:20:48+00:00,2022-10-22 00:23:33+00:00,2022-10-21 11:52:20+00:00,2022-10-22 00:52:01+00:00,2022-10-21 11:24:02+00:00,2022-10-22 01:20:19+00:00
ERCO,2022-10-22,2022-10-22 12:45:01+00:00,2022-10-22 23:59:02+00:00,2022-10-22 18:22:01+00:00,40441,2022-10-22 12:21:32+00:00,2022-10-23 00:22:31+00:00,2022-10-22 11:53:01+00:00,2022-10-23 00:51:01+00:00,2022-10-22 11:24:43+00:00,2022-10-23 01:19:20+00:00
ERCO,2022-10-23,2022-10-23 12:45:47+00:00,2022-10-23 23:57:59+00:00,2022-10-23 18:21:53+00:00,40332,2022-10-23 12:22:15+00:00,2022-10-24 00:21:31+00:00,2022-10-23 11:53:43+00:00,2022-10-24 00:50:02+00:00,2022-10-23 11:25:24+00:00,2022-10-24 01:18:22+00:00
ERCO,2022-10-24,2022-10-24 12:46:33+00:00,2022-10-24 23:56:58+00:00,2022-10-24 18:21:45+00:00,40225,2022-10-24 12:22:59+00:00,2022-10-25 00:20:31+00:00,2022-10-24 11:54:26+00:00,2022-10-25 00:49:05+00:00,2022-10-24 11:26:05+00:00,2022-10-25 01:17:26+00:00
ERCO,2022-10-25,2022-10-25 12:47:19+00:00,2022-10-25 23:55:57+00:00,2022-10-25 18:21:38+00:00,40118,2022-10-25 12:23:44+00:00,2022-10-26 00:19:33+00:00,2022-10-25 11:55:08+00:00,2022-10-26 00:48:08+00:00,2022-10-25 11:26:46+00:00,2022-10-26 01:16:30+00:00
ERCO,2022-10-26,2022-10-26 12:48:06+00:00,2022-10-26 23:54:58+00:00,2022-10-26 18:21:32+00:00,40012,2022-10-26 12:24:28+00:00,2022-10-27 00:18:36+00:00,2022-10-26 11:55:51+00:00,2022-10-27 00:47:13+00:00,2022-10-26 11:27:28+00:00,2022-10-27 01:15:36+00:00
ERCO,2022-10-27,2022-10-27 12:48:54+00:00,2022-10-27 23:53:59+00:00,2022-10-27 18:21:26+00:00,39905,2022-10-27 12:25:13+00:00,2022-10-28 00:17:39+00:00,2022-10-27 11:56:34+00:00,2022-10-28 00:46:19+00:00,2022-10-27 11:28:10+00:00,2022-10-28 01:14:43+00:00
ERCO,2022-10-28,2022-10-28 12:49:41+00:00,2022-10-28 23:53:02+00:00,2022-10-28 18:21:22+00:00,39801,2022-10-28 12:25:59+00:00,2022-10-29 00:16:44+00:00,2022-10-28 11:57:17+00:00,2022-10-29 00:45:26+00:00,2022-10-28 11:28:51+00:00,2022-10-29 01:13:52+00:00
ERCO,2022-10-29,2022-10-29 12:50:29+00:00,2022-10-29 23:52:06+00:00,2022-10-29 18:21:18+00:00,39697,2022-10-29 12:26:44+00:00,2022-10-30 00:15:51+00:00,2022-10-29 11:58:01+00:00,2022-10-30 00:44:34+00:00,2022-10-29 11:29:34+00:00,2022-10-30 01:13:01+00:00
ERCO,2022-10-30,2022-10-30 12:51:18+00:00,2022-10-30 23:51:11+00:00,2022-10-30 18:21:14+00:00,39593,2022-10-30 12:27:30+00:00,2022-10-31 00:14:58+00:00,2022-10-30 11:58:45+00:00,2022-10-31 00:43:44+00:00,2022-10-30 11:30:16+00:00,2022-10-31 01:12:13+00:00
ERCO,2022-10-31,2022-10-31 12:52:06+00:00,2022-10-31 23:50:17+00:00,2022-10-31 18:21:12+00:00,39491,2022-10-31 12:28:17+00:00,2022-11-01 00:14:07+00:00,2022-10-31 11:59:29+00:00,2022-11-01 00:42:55+00:00,2022-10-31 11:30:58+00:00,2022-11-01 01:11:25+00:00
ERCO,2022-11-01,2022-11-01 12:52:55+00:00,2022-11-01 23:49:25+00:00,2022-11-01 18:21:10+00:00,39390,2022-11-01 12:29:03+00:00,2022-11-02 00:13:17+00:00,2022-11-01 12:00:13+00:00,2022-11-02 00:42:07+00:00,2022-11-01 11:31:41+00:00,2022-11-02 01:10:39+00:00
ERCO,2022-11-02,2022-11-02 12:53:45+00:00,2022-11-02 23:48:34+00:00,2022-11-02 18:21:09+00:00,39289,2022-11-02 12:29:50+00:00,2022-11-03 00:12:28+00:00,2022-11-02 12:00:57+00:00,2022-11-03 00:41:21+00:00,2022-11-02 11:32:24+00:00,2022-11-03 01:09:54+00:00
ERCO,2022-11-03,2022-11-03 12:54:35+00:00,2022-11-03 23:47:44+00:00,2022-11-03 18:21:09+00:00,39189,2022-11-03 12:30:37+00:00,2022-11-04 00:11:41+00:00,2022-11-03 12:01:42+00:00,2022-11-04 00:40:36+00:00,2022-11-03 11:33:07+00:00,2022-11-04 01:09:11+00:00
ERCO,2022-11-04,2022-11-04 12:55:25+00:00,2022-11-04 23:46:55+00:00,2022-11-04 18:21:10+00:00,39090,2022-11-04 12:31:25+00:00,2022-11-05 00:10:55+00:00,2022-11-04 12:02:27+00:00,2022-11-05 00:39:53+00:00,2022-11-04 11:33:51+00:00,2022-11-05 01:08:29+00:00
ERCO,2022-11-05,2022-11-05 12:56:15+00:00,2022-11-05 23:46:08+00:00,2022-11-05 18:21:11+00:00,38993,2022-11-05 12:32:13+00:00,2022-11-06 00:10:10+00:00,2022-11-05 12:03:13+00:00,2022-11-06 00:39:10+00:00,2022-11-05 11:34:34+00:00,2022-11-06 01:07:49+00:00
ERCO,2022-11-06,2022-11-06 12:57:06+00:00,2022-11-06 23:45:22+00:00,2022-11-06 18:21:14+00:00,38896,2022-11-06 12:33:01+00:00,2022-11-07 00:09:27+00:00,2022-11-06 12:03:58+00:00,2022-11-07 00:38:30+00:00,2022-11-06 11:35:18+00:00,2022-11-07 01:07:10+00:00
ERCO,2022-11-07,2022-11-07 12:57:57+00:00,2022-11-07 23:44:38+00:00,2022-11-07 18:21:17+00:00,38801,2022-11-07 12:33:49+00:00,2022-11-08 00:08:45+00:00,2022-11-07 12:04:44+00:00,2022-11-08 00:37:51+00:00,2022-11-07 11:36:01+00:00,2022-11-08 01:06:33+00:00
ERCO,2022-11-08,2022-11-08 12:58:48+00:00,2022-11-08 23:43:55+00:00,2022-11-08 18:21:21+00:00,38707,2022-11-08 12:34:37+00:00,2022-11-09 00:08:05+00:00,2022-11-08 12:05:30+00:00,2022-11-09 00:37:13+00:00,2022-11-08 11:36:45+00:00,2022-11-09 01:05:57+00:00
ERCO,2022-11-09,2022-11-09 12:59:39+00:00,2022-11-09 23:43:13+00:00,2022-11-09 18:21:26+00:00,38614,2022-11-09 12:35:26+00:00,2022-11-10 00:07:26+00:00,2022-11-09 12:06:16+00:00,2022-11-10 00:36:37+00:00,2022-11-09 11:37:30+00:00,2022-11-10 01:05:23+00:00
ERCO,2022-11-10,2022-11-10 13:00:31+00:00,2022-11-10 23:42:33+00:00,2022-11-10 18:21:32+00:00,38522,2022-11-10 12:36:15+00:00,2022-11-11 00:06:49+00:00,2022-11-10 12:07:02+00:00,2022-11-11 00:36:02+00:00,2022-11-10 11:38:14+00:00,2022-11-11 01:04:50+00:00
ERCO,2022-11-11,2022-11-11 13:01:23+00:00,2022-11-11 23:41:54+00:00,2022-11-11 18:21:39+00:00,38431,2022-11-11 12:37:04+00:00,2022-11-12 00:06:13+00:00,2022-11-11 12:07:48+00:00,2022-11-12 00:35:29+00:00,2022-11-11 11:38:58+00:00,2022-11-12 01:04:19+00:00
ERCO,2022-11-12,2022-11-12 13:02:15+00:00,2022-11-12 23:41:17+00:00,2022-11-12 18:21:46+00:00,38342,2022-11-12 12:37:53+00:00,2022-11-13 00:05:39+00:00,2022-11-12 12:08:35+00:00,2022-11-13 00:34:57+00:00,2022-11-12 11:39:43+00:00,2022-11-13 01:03:49+00:00
ERCO,2022-11-13,2022-11-13 13:03:07+00:00,2022-11-13 23:40:42+00:00,2022-11-13 18:21:54+00:00,38255,2022-11-13 12:38:43+00:00,2022-11-14 00:05:06+00:00,2022-11-13 12:09:22+00:00,2022-11-14 00:34:27+00:00,2022-11-13 11:40:28+00:00,2022-11-14 01:03:21+00:00
ERCO,2022-11-14,2022-11-14 13:03:59+00:00,2022-11-14 23:40:08+00:00,2022-11-14 18:22:03+00:00,38169,2022-11-14 12:39:32+00:00,2022-11-15 00:04:35+00:00,2022-11-14 12:10:09+00:00,2022-11-15 00:33:58+00:00,2022-11-14 11:41:12+00:00,2022-11-15 01:02:55+00:00
ERCO,2022-11-15,2022-11-15 13:04:52+00:00,2022-11-15 23:39:35+00:00,2022-11-15 18:22:14+00:00,38083,2022-11-15 12:40:22+00:00,2022-11-16 00:04:05+00:00,2022-11-15 12:10:56+00:00,2022-11-16 00:33:31+00:00,2022-11-15 11:41:57+00:00,2022-11-16 01:02:30+00:00
ERCO,2022-11-16,2022-11-16 13:05:44+00:00,2022-11-16 23:39:05+00:00,2022-11-16 18:22:24+00:00,38001,2022-11-16 12:41:12+00:00,2022-11-17 00:03:37+00:00,2022-11-16 12:11:43+00:00,2022-11-17 00:33:06+00:00,2022-11-16 11:42:42+00:00,2022-11-17 01:02:06+00:00
ERCO,2022-11-17,2022-11-17 13:06:37+00:00,2022-11-17 23:38:35+00:00,2022-11-17 18:22:36+00:00,37918,2022-11-17 12:42:02+00:00,2022-11-18 00:03:11+00:00,2022-11-17 12:12:30+00:00,2022-11-18 00:32:42+00:00,2022-11-17 11:43:27+00:00,2022-11-18 01:01:45+00:00
ERCO,2022-11-18,2022-11-18 13:07:29+00:00,2022-11-18 23:38:08+00:00,2022-11-18 18:22:49+00:00,37839,2022-11-18 12:42:51+00:00,2022-11-19 00:02:46+00:00,2022-11-18 12:13:17+00:00,2022-11-19 00:32:20+00:00,2022-11-18 11:44:12+00:00,2022-11-19 01:01:25+00:00
ERCO,2022-11-19,2022-11-19 13:08:22+00:00,2022-11-19 23:37:42+00:00,2022-11-19 18:23:02+00:00,37760,2022-11-19 12:43:41+00:00,2022-11-20 00:02:23+00:00,2022-11-19 12:14:04+00:00,2022-11-20 00:32:00+00:00,2022-11-19 11:44:57+00:00,2022-11-20 01:01:06+00:00
ERCO,2022-11-20,2022-11-20 13:09:14+00:00,2022-11-20 23:37:18+00:00,2022-11-20 18:23:16+00:00,37684,2022-11-20 12:44:31+00:00,2022-11-21 00:02:01+00:00,2022-11-20 12:14:51+00:00,2022-11-21 00:31:41+00:00,2022-11-20 11:45:43+00:00,2022-11-21 01:00:50+00:00
ERCO,2022-11-21,2022-11-21 13:10:07+00:00,2022-11-21 23:36:56+00:00,2022-11-21 18:23:31+00:00,37609,2022-11-21 12:45:21+00:00,2022-11-22 00:01:41+00:00,2022-11-21 12:15:38+00:00,2022-11-22 00:31:24+00:00,2022-11-21 11:46:28+00:00,2022-11-22 01:00:35+00:00
ERCO,2022-11-22,2022-11-22 13:10:59+00:00,2022-11-22 23:36:35+00:00,2022-11-22 18:23:47+00:00,37536,2022-11-22 12:46:10+00:00,2022-11-23 00:01:23+00:00,2022-11-22 12:16:25+00:00,2022-11-23 00:31:08+00:00,2022-11-22 11:47:13+00:00,2022-11-23 01:00:21+00:00
ERCO,2022-11-23,2022-11-23 13:11:51+00:00,2022-11-23 23:36:16+00:00,2022-11-23 18:24:03+00:00,37465,2022-11-23 12:47:00+00:00,2022-11-24 00:01:07+00:00,2022-11-23 12:17:12+00:00,2022-11-24 00:30:55+00:00,2022-11-23 11:47:58+00:00,2022-11-24 01:00:09+00:00
ERCO,2022-11-24,2022-11-24 13:12:43+00:00,2022-11-24 23:35:59+00:00,2022-11-24 18:24:21+00:00,37396,2022-11-24 12:47:49+00:00,2022-11-25 00:00:52+00:00,2022-11-24 12:17:59+00:00,2022-11-25 00:30:42+00:00,2022-11-24 11:48:43+00:00,2022-11-25 00:59:59+00:00
ERCO,2022-11-25,2022-11-25 13:13:34+00:00,2022-11-25 23:35:43+00:00,2022-11-25 18:24:39+00:00,37329,2022-11-25 12:48:39+00:00,2022-11-26 00:00:39+00:00,2022-11-25 12:18:46+00:00,2022-11-26 00:30:32+00:00,2022-11-25 11:49:27+00:00,2022-11-26 00:59:51+00:00
ERCO,2022-11-26,2022-11-26 13:14:26+00:00,2022-11-26 23:35:30+00:00,2022-11-26 18:24:58+00:00,37264,2022-11-26 12:49:27+00:00,2022-11-27 00:00:28+00:00,2022-11-26 12:19:33+00:00,2022-11-27 00:30:23+00:00,2022-11-26 11:50:12+00:00,2022-11-27 00:59:44+00:00
ERCO,2022-11-27,2022-11-27 13:15:17+00:00,2022-11-27 23:35:18+00:00,2022-11-27 18:25:17+00:00,37201,2022-11-27 12:50:16+00:00,2022-11-28 00:00:18+00:00,2022-11-27 12:20:19+00:00,2022-11-28 00:30:16+00:00,2022-11-27 11:50:56+00:00,2022-11-28 00:59:38+00:00
ERCO,2022-11-28,2022-11-28 13:16:08+00:00,2022-11-28 23:35:08+00:00,2022-11-28 18:25:38+00:00,37140,2022-11-28 12:51:05+00:00,2022-11-29 00:00:11+00:00,2022-11-28 12:21:05+00:00,2022-11-29 00:30:10+00:00,2022-11-28 11:51:41+00:00,2022-11-29 00:59:35+00:00
ERCO,2022-11-29,2022-11-29 13:16:58+00:00,2022-11-29 23:34:59+00:00,2022-11-29 18:25:59+00:00,37081,2022-11-29 12:51:53+00:00,2022-11-30 00:00:04+00:00,2022-11-29 12:21:51+00:00,2022-11-30 00:30:06+00:00,2022-11-29 11:52:25+00:00,2022-11-30 00:59:33+00:00
ERCO,2022-11-30,2022-11-30 13:17:48+00:00,2022-11-30 23:34:53+00:00,2022-11-30 18:26:20+00:00,37025,2022-11-30 12:52:40+00:00,2022-12-01 00:00:00+00:00,2022-11-30 12:22:36+00:00,2022-12-01 00:30:04+00:00,2022-11-30 11:53:08+00:00,2022-12-01 00:59:32+00:00
ERCO,2022-12-01,2022-12-01 13:18:37+00:00,2022-12-01 23:34:48+00:00,2022-12-01 18:26:43+00:00,36971,2022-12-01 12:53:28+00:00,2022-12-01 23:59:57+00:00,2022-12-01 12:23:22+00:00,2022-12-02 00:30:04+00:00,2022-12-01 11:53:52+00:00,2022-12-02 00:59:33+00:00
ERCO,2022-12-02,2022-12-02 13:19:26+00:00,2022-12-02 23:34:45+00:00,2022-12-02 18:27:06+00:00,36919,2022-12-02 12:54:15+00:00,2022-12-02 23:59:56+00:00,2022-12-02 12:24:06+00:00,2022-12-03 00:30:05+00:00,2022-12-02 11:54:35+00:00,2022-12-03 00:59:36+00:00
ERCO,2022-12-03,2022-12-03 13:20:15+00:00,2022-12-03 23:34:44+00:00,2022-12-03 18:27:29+00:00,36869,2022-12-03 12:55:01+00:00,2022-12-03 23:59:57+00:00,2022-12-03 12:24:51+00:00,2022-12-04 00:30:07+00:00,2022-12-03 11:55:18+00:00,2022-12-04 00:59:40+00:00
ERCO,2022-12-04,2022-12-04 13:21:02+00:00,2022-12-04 23:34:44+00:00,2022-12-04 18:27:53+00:00,36822,2022-12-04 12:55:47+00:00,2022-12-05 00:00:00+00:00,2022-12-04 12:25:35+00:00,2022-12-05 00:30:12+00:00,2022-12-04 11:56:00+00:00,2022-12-05 00:59:46+00:00
ERCO,2022-12-05,2022-12-05 13:21:49+00:00,2022-12-05 23:34:47+00:00,2022-12-05 18:28:18+00:00,36778,2022-12-05 12:56:32+00:00,2022-12-06 00:00:04+00:00,2022-12-05 12:26:18+00:00,2022-12-06 00:30:18+00:00,2022-12-05 11:56:42+00:00,2022-12-06 00:59:54+00:00
ERCO,2022-12-06,2022-12-06 13:22:36+00:00,2022-12-06 23:34:51+00:00,2022-12-06 18:28:43+00:00,36735,2022-12-06 12:57:17+00:00,2022-12-07 00:00:10+00:00,2022-12-06 12:27:01+00:00,2022-12-07 00:30:25+00:00,2022-12-06 11:57:24+00:00,2022-12-07 01:00:02+00:00
ERCO,2022-12-07,2022-12-07 13:23:21+00:00,2022-12-07 23:34:57+00:00,2022-12-07 18:29:09+00:00,36696,2022-12-07 12:58:01+00:00,2022-12-08 00:00:17+00:00,2022-12-07 12:27:44+00:00,2022-12-08 00:30:34+00:00,2022-12-07 11:58:05+00:00,2022-12-08 01:00:13+00:00
ERCO,2022-12-08,2022-12-08 13:24:06+00:00,2022-12-08 23:35:04+00:00,2022-12-08 18:29:35+00:00,36658,2022-12-08 12:58:44+00:00,2022-12-09 00:00:26+00:00,2022-12-08 12:28:25+00:00,2022-12-09 00:30:45+00:00,2022-12-08 11:58:46+00:00,2022-12-09 01:00:25+00:00
ERCO,2022-12-09,2022-12-09 13:24:50+00:00,2022-12-09 23:35:14+00:00,2022-12-09 18:30:02+00:00,36624,2022-12-09 12:59:27+00:00,2022-12-10 00:00:37+00:00,2022-12-09 12:29:07+00:00,2022-12-10 00:30:57+00:00,2022-12-09 11:59:26+00:00,2022-12-10 01:00:38+00:00
ERCO,2022-12-10,2022-12-10 13:25:33+00:00,2022-12-10 23:35:25+00:00,2022-12-10 18:30:29+00:00,36592,2022-12-10 13:00:09+00:00,2022-12-11 00:00:50+00:00,2022-12-10 12:29:47+00:00,2022-12-11 00:31:11+00:00,2022-12-10 12:00:05+00:00,2022-12-11 01:00:53+00:00
ERCO,2022-12-11,2022-12-11 13:26:16+00:00,2022-12-11 23:35:38+00:00,2022-12-11 18:30:57+00:00,36562,2022-12-11 13:00:50+00:00,2022-12-12 00:01:04+00:00,2022-12-11 12:30:27+00:00,2022-12-12 00:31:27+00:00,2022-12-11 12:00:44+00:00,2022-12-12 01:01:09+00:00
ERCO,2022-12-12,2022-12-12 13:26:57+00:00,2022-12-12 23:35:52+00:00,2022-12-12 18:31:25+00:00,36535,2022-12-12 13:01:30+00:00,2022-12-13 00:01:20+00:00,2022-12-12 12:31:06+00:00,2022-12-13 00:31:43+00:00,2022-12-12 12:01:22+00:00,2022-12-13 01:01:27+00:00
ERCO,2022-12-13,2022-12-13 13:27:37+00:00,2022-12-13 23:36:09+00:00,2022-12-13 18:31:53+00:00,36512,2022-12-13 13:02:09+00:00,2022-12-14 00:01:37+00:00,2022-12-13 12:31:44+00:00,2022-12-14 00:32:02+00:00,2022-12-13 12:02:00+00:00,2022-12-14 01:01:46+00:00
ERCO,2022-12-14,2022-12-14 13:28:16+00:00,2022-12-14 23:36:27+00:00,2022-12-14 18:32:21+00:00,36491,2022-12-14 13:02:47+00:00,2022-12-15 00:01:56+00:00,2022-12-14 12:32:22+00:00,2022-12-15 00:32:21+00:00,2022-12-14 12:02:36+00:00,2022-12-15 01:02:07+00:00
ERCO,2022-12-15,2022-12-15 13:28:54+00:00,2022-12-15 23:36:46+00:00,2022-12-15 18:32:50+00:00,36472,2022-12-15 13:03:25+00:00,2022-12-16 00:02:16+00:00,2022-12-15 12:32:58+00:00,2022-12-16 00:32:43+00:00,2022-12-15 12:03:12+00:00,2022-12-16 01:02:29+00:00
ERCO,2022-12-16,2022-12-16 13:29:31+00:00,2022-12-16 23:37:07+00:00,2022-12-16 18:33:19+00:00,36456,2022-12-16 13:04:01+00:00,2022-12-17 00:02:38+00:00,2022-12-16 12:33:34+00:00,2022-12-17 00:33:05+00:00,2022-12-16 12:03:47+00:00,2022-12-17 01:02:52+00:00
ERCO,2022-12-17,2022-12-17 13:30:07+00:00,2022-12-17 23:37:30+00:00,2022-12-17 18:33:49+00:00,36443,2022-12-17 13:04:36+00:00,2022-12-18 00:03:01+00:00,2022-12-17 12:34:08+00:00,2022-12-18 00:33:29+00:00,2022-12-17 12:04:21+00:00,2022-12-18 01:03:16+00:00
ERCO,2022-12-18,2022-12-18 13:30:42+00:00,2022-12-18 23:37:55+00:00,2022-12-18 18:34:18+00:00,36433,2022-12-18 13:05:10+00:00,2022-12-19 00:03:26+00:00,2022-12-18 12:34:42+00:00,2022-12-19 00:33:54+00:00,2022-12-18 12:04:55+00:00,2022-12-19 01:03:42+00:00
ERCO,2022-12-19,2022-12-19 13:31:15+00:00,2022-12-19 23:38:21+00:00,2022-12-19 18:34:48+00:00,36426,2022-12-19 13:05:43+00:00,2022-12-20 00:03:52+00:00,2022-12-19 12:35:15+00:00,2022-12-20 00:34:21+00:00,2022-12-19 12:05:27+00:00,2022-12-20 01:04:08+00:00
ERCO,2022-12-20,2022-12-20 13:31:47+00:00,2022-12-20 23:38:48+00:00,2022-12-20 18:35:18+00:00,36421,2022-12-20 13:06:15+00:00,2022-12-21 00:04:20+00:00,2022-12-20 12:35:46+00:00,2022-12-21 00:34:49+00:00,2022-12-20 12:05:59+00:00,2022-12-21 01:04:36+00:00
ERCO,2022-12-21,2022-12-21 13:32:18+00:00,2022-12-21 23:39:17+00:00,2022-12-21 18:35:47+00:00,36419,2022-12-21 13:06:46+00:00,2022-12-22 00:04:49+00:00,2022-12-21 12:36:17+00:00,2022-12-22 00:35:18+00:00,2022-12-21 12:06:29+00:00,2022-12-22 01:05:06+00:00
ERCO,2022-12-22,2022-12-22 13:32:47+00:00,2022-12-22 23:39:47+00:00,2022-12-22 18:36:17+00:00,36420,2022-12-22 13:07:15+00:00,2022-12-23 00:05:19+00:00,2022-12-22 12:36:46+00:00,2022-12-23 00:35:48+00:00,2022-12-22 12:06:59+00:00,2022-12-23 01:05:36+00:00
ERCO,2022-12-23,2022-12-23 13:33:15+00:00,2022-12-23 23:40:19+00:00,2022-12-23 18:36:47+00:00,36424,2022-12-23 13:07:43+00:00,2022-12-24 00:05:51+00:00,2022-12-23 12:37:14+00:00,2022-12-24 00:36:20+00:00,2022-12-23 12:07:27+00:00,2022-12-24 01:06:07+00:00
ERCO,2022-12-24,2022-12-24 13:33:41+00:00,2022-12-24 23:40:52+00:00,2022-12-24 18:37:17+00:00,36431,2022-12-24 13:08:10+00:00,2022-12-25 00:06:24+00:00,2022-12-24 12:37:41+00:00,2022-12-25 00:36:52+00:00,2022-12-24 12:07:54+00:00,2022-12-25 01:06:39+00:00
ERCO,2022-12-25,2022-12-25 13:34:06+00:00,2022-12-25 23:41:27+00:00,2022-12-25 18:37:47+00:00,36441,2022-12-25 13:08:35+00:00,2022-12-26 00:06:58+00:00,2022-12-25 12:38:07+00:00,2022-12-26 00:37:26+00:00,2022-12-25 12:08:20+00:00,2022-12-26 01:07:13+00:00
ERCO,2022-12-26,2022-12-26 13:34:30+00:00,2022-12-26 23:42:03+00:00,2022-12-26 18:38:16+00:00,36453,2022-12-26 13:08:59+00:00,2022-12-27 00:07:33+00:00,2022-12-26 12:38:32+00:00,2022-12-27 00:38:01+00:00,2022-12-26 12:08:45+00:00,2022-12-27 01:07:47+00:00
ERCO,2022-12-27,2022-12-27 13:34:52+00:00,2022-12-27 23:42:40+00:00,2022-12-27 18:38:46+00:00,36468,2022-12-27 13:09:22+00:00,2022-12-28 00:08:10+00:00,2022-12-27 12:38:55+00:00,2022-12-28 00:38:36+00:00,2022-12-27 12:09:09+00:00,2022-12-28 01:08:22+00:00
ERCO,2022-12-28,2022-12-28 13:35:12+00:00,2022-12-28 23:43:18+00:00,2022-12-28 18:39:15+00:00,36486,2022-12-28 13:09:43+00:00,2022-12-29 00:08:47+00:00,2022-12-28 12:39:17+00:00,2022-12-29 00:39:13+00:00,2022-12-28 12:09:32+00:00,2022-12-29 01:08:59+00:00
ERCO,2022-12-29,2022-12-29 13:35:31+00:00,2022-12-29 23:43:58+00:00,2022-12-29 18:39:44+00:00,36507,2022-12-29 13:10:03+00:00,2022-12-30 00:09:26+00:00,2022-12-29 12:39:38+00:00,2022-12-30 00:39:51+00:00,2022-12-29 12:09:53+00:00,2022-12-30 01:09:36+00:00
ERCO,2022-12-30,2022-12-30 13:35:48+00:00,2022-12-30 23:44:38+00:00,2022-12-30 18:40:13+00:00,36530,2022-12-30 13:10:21+00:00,2022-12-31 00:10:06+00:00,2022-12-30 12:39:57+00:00,2022-12-31 00:40:30+00:00,2022-12-30 12:10:13+00:00,2022-12-31 01:10:14+00:00
ERCO,2022-12-31,2022-12-31 13:36:04+00:00,2022-12-31 23:45:20+00:00,2022-12-31 18:40:42+00:00,36556,2022-12-31 13:10:38+00:00,2023-01-01 00:10:46+00:00,2022-12-31 12:40:15+00:00,2023-01-01 00:41:09+00:00,2022-12-31 12:10:31+00:00,2023-01-01 01:10:52+00:00
ERCO,2023-01-01,2023-01-01 13:36:18+00:00,2023-01-01 23:46:03+00:00,2023-01-01 18:41:10+00:00,36585,2023-01-01 13:10:53+00:00,2023-01-02 00:11:28+00:00,2023-01-01 12:40:31+00:00,2023-01-02 00:41:50+00:00,2023-01-01 12:10:49+00:00,2023-01-02 01:11:32+00:00
ERCO,2023-01-02,2023-01-02 13:36:30+00:00,2023-01-02 23:46:47+00:00,2023-01-02 18:41:38+00:00,36617,2023-01-02 13:11:06+00:00,2023-01-03 00:12:10+00:00,2023-01-02 12:40:46+00:00,2023-01-03 00:42:31+00:00,2023-01-02 12:11:05+00:00,2023-01-03 01:12:12+00:00
ERCO,2023-01-03,2023-01-03 13:36:41+00:00,2023-01-03 23:47:31+00:00,2023-01-03 18:42:06+00:00,36650,2023-01-03 13:11:18+00:00,2023-01-04 00:12:54+00:00,2023-01-03 12:40:59+00:00,2023-01-04 00:43:13+00:00,2023-01-03 12:11:19+00:00,2023-01-04 01:12:53+00:00
ERCO,2023-01-04,2023-01-04 13:36:50+00:00,2023-01-04 23:48:17+00:00,2023-01-04 18:42:33+00:00,36687,2023-01-04 13:11:29+00:00,2023-01-05 00:13:38+00:00,2023-01-04 12:41:11+00:00,2023-01-05 00:43:55+00:00,2023-01-04 12:11:33+00:00,2023-01-05 01:13:34+00:00
ERCO,2023-01-05,2023-01-05 13:36:57+00:00,2023-01-05 23:49:04+00:00,2023-01-05 18:43:00+00:00,36727,2023-01-05 13:11:38+00:00,2023-01-06 00:14:23+00:00,2023-01-05 12:41:22+00:00,2023-01-06 00:44:39+00:00,2023-01-05 12:11:44+00:00,2023-01-06 01:14:16+00:00
ERCO,2023-01-06,2023-01-06 13:37:02+00:00,2023-01-06 23:49:51+00:00,2023-01-06 18:43:27+00:00,36769,2023-01-06 13:11:45+00:00,2023-01-07 00:15:08+00:00,2023-01-06 12:41:31+00:00,2023-01-07 00:45:23+00:00,2023-01-06 12:11:55+00:00,2023-01-07 01:14:59+00:00
ERCO,2023-01-07,2023-01-07 13:37:06+00:00,2023-01-07 23:50:39+00:00,2023-01-07 18:43:53+00:00,36813,2023-01-07 13:11:50+00:00,2023-01-08 00:15:55+00:00,2023-01-07 12:41:38+00:00,2023-01-08 00:46:07+00:00,2023-01-07 12:12:03+00:00,2023-01-08 01:15:42+00:00
ERCO,2023-01-08,2023-01-08 13:37:08+00:00,2023-01-08 23:51:28+00:00,2023-01-08 18:44:18+00:00,36860,2023-01-08 13:11:54+00:00,2023-01-09 00:16:42+00:00,2023-01-08 12:41:44+00:00,2023-01-09 00:46:52+00:00,2023-01-08 12:12:11+00:00,2023-01-09 01:16:26+00:00
ERCO,2023-01-09,2023-01-09 13:37:08+00:00,2023-01-09 23:52:18+00:00,2023-01-09 18:44:43+00:00,36910,2023-01-09 13:11:57+00:00,2023-01-10 00:17:30+00:00,2023-01-09 12:41:48+00:00,2023-01-10 00:47:38+00:00,2023-01-09 12:12:16+00:00,2023-01-10 01:17:10+00:00
ERCO,2023-01-10,2023-01-10 13:37:07+00:00,2023-01-10 23:53:08+00:00,2023-01-10 18:45:07+00:00,36961,2023-01-10 13:11:57+00:00,2023-01-11 00:18:18+00:00,2023-01-10 12:41:50+00:00,2023-01-11 00:48:24+00:00,2023-01-10 12:12:21+00:00,2023-01-11 01:17:54+00:00
ERCO,2023-01-11,2023-01-11 13:37:04+00:00,2023-01-11 23:53:59+00:00,2023-01-11 18:45:31+00:00,37015,2023-01-11 13:11:56+00:00,2023-01-12 00:19:07+00:00,2023-01-11 12:41:52+00:00,2023-01-12 00:49:11+00:00,2023-01-11 12:12:23+00:00,2023-01-12 01:18:39+00:00
ERCO,2023-01-12,2023-01-12 13:36:59+00:00,2023-01-12 23:54:50+00:00,2023-01-12 18:45:55+00:00,37071,2023-01-12 13:11:53+00:00,2023-01-13 00:19:56+00:00,2023-01-12 12:41:51+00:00,2023-01-13 00:49:58+00:00,2023-01-12 12:12:24+00:00,2023-01-13 01:19:25+00:00
ERCO,2023-01-13,2023-01-13 13:36:52+00:00,2023-01-13 23:55:42+00:00,2023-01-13 18:46:17+00:00,37130,2023-01-13 13:11:49+00:00,2023-01-14 00:20:46+00:00,2023-01-13 12:41:49+00:00,2023-01-14 00:50:46+00:00,2023-01-13 12:12:24+00:00,2023-01-14 01:20:10+00:00
ERCO,2023-01-14,2023-01-14 13:36:43+00:00,2023-01-14 23:56:35+00:00,2023-01-14 18:46:39+00:00,37192,2023-01-14 13:11:43+00:00,2023-01-15 00:21:36+00:00,2023-01-14 12:41:45+00:00,2023-01-15 00:51:33+00:00,2023-01-14 12:12:22+00:00,2023-01-15 01:20:56+00:00
ERCO,2023-01-15,2023-01-15 13:36:33+00:00,2023-01-15 23:57:28+00:00,2023-01-15 18:47:00+00:00,37255,2023-01-15 13:11:35+00:00,2023-01-16 00:22:26+00:00,2023-01-15 12:41:39+00:00,2023-01-16 00:52:21+00:00,2023-01-15 12:12:19+00:00,2023-01-16 01:21:42+00:00
ERCO,2023-01-16,2023-01-16 13:36:21+00:00,2023-01-16 23:58:21+00:00,2023-01-16 18:47:21+00:00,37320,2023-01-16 13:11:25+00:00,2023-01-17 00:23:17+00:00,2023-01-16 12:41:32+00:00,2023-01-17 00:53:10+00:00,2023-01-16 12:12:13+00:00,2023-01-17 01:22:29+00:00
ERCO,2023-01-17,2023-01-17 13:36:08+00:00,2023-01-17 23:59:15+00:00,2023-01-17 18:47:41+00:00,37387,2023-01-17 13:11:14+00:00,2023-01-18 00:24:08+00:00,2023-01-17 12:41:24+00:00,2023-01-18 00:53:59+00:00,2023-01-17 12:12:07+00:00,2023-01-18 01:23:16+00:00
ERCO,2023-01-18,2023-01-18 13:35:52+00:00,2023-01-19 00:00:09+00:00,2023-01-18 18:48:00+00:00,37457,2023-01-18 13:11:01+00:00,2023-01-19 00:24:59+00:00,2023-01-18 12:41:13+00:00,2023-01-19 00:54:47+00:00,2023-01-18 12:11:58+00:00,2023-01-19 01:24:02+00:00
ERCO,2023-01-19,2023-01-19 13:35:35+00:00,2023-01-20 00:01:03+00:00,2023-01-19 18:48:19+00:00,37528,2023-01-19 13:10:47+00:00,2023-01-20 00:25:51+00:00,2023-01-19 12:41:01+00:00,2023-01-20 00:55:36+00:00,2023-01-19 12:11:48+00:00,2023-01-20 01:24:49+00:00
ERCO,2023-01-20,2023-01-20 13:35:16+00:00,2023-01-21 00:01:57+00:00,2023-01-20 18:48:37+00:00,37601,2023-01-20 13:10:30+00:00,2023-01-21 00:26:43+00:00,2023-01-20 12:40:48+00:00,2023-01-21 00:56:26+00:00,2023-01-20 12:11:37+00:00,2023-01-21 01:25:37+00:00
ERCO,2023-01-21,2023-01-21 13:34:56+00:00,2023-01-22 00:02:52+00:00,2023-01-21 18:48:54+00:00,37676,2023-01-21 13:10:13+00:00,2023-01-22 00:27:35+00:00,2023-01-21 12:40:32+00:00,2023-01-22 00:57:15+00:00,2023-01-21 12:11:24+00:00,2023-01-22 01:26:24+00:00
ERCO,2023-01-22,2023-01-22 13:34:33+00:00,2023-01-23 00:03:47+00:00,2023-01-22 18:49:10+00:00,37754,2023-01-22 13:09:53+00:00,2023-01-23 00:28:27+00:00,2023-01-22 12:40:16+00:00,2023-01-23 00:58:04+00:00,2023-01-22 12:11:09+00:00,2023-01-23 01:27:11+00:00
ERCO,2023-01-23,2023-01-23 13:34:09+00:00,2023-01-24 00:04:42+00:00,2023-01-23 18:49:25+00:00,37833,2023-01-23 13:09:32+00:00,2023-01-24 00:29:19+00:00,2023-01-23 12:39:57+00:00,2023-01-24 00:58:54+00:00,2023-01-23 12:10:52+00:00,2023-01-24 01:27:59+00:00
ERCO,2023-01-24,2023-01-24 13:33:44+00:00,2023-01-25 00:05:37+00:00,2023-01-24 18:49:40+00:00,37913,2023-01-24 13:09:09+00:00,2023-01-25 00:30:11+00:00,2023-01-24 12:39:37+00:00,2023-01-25 00:59:44+00:00,2023-01-24 12:10:34+00:00,2023-01-25 01:28:46+00:00
ERCO,2023-01-25,2023-01-25 13:33:17+00:00,2023-01-26 00:06:32+00:00,2023-01-25 18:49:54+00:00,37995,2023-01-25 13:08:45+00:00,2023-01-26 00:31:04+00:00,2023-01-25 12:39:15+00:00,2023-01-26 01:00:33+00:00,2023-01-25 12:10:15+00:00,2023-01-26 01:29:34+00:00
ERCO,2023-01-26,2023-01-26 13:32:48+00:00,2023-01-27 00:07:27+00:00,2023-01-26 18:50:07+00:00,38079,2023-01-26 13:08:19+00:00,2023-01-27 00:31:56+00:00,2023-01-26 12:38:52+00:00,2023-01-27 01:01:23+00:00,2023-01-26 12:09:53+00:00,2023-01-27 01:30:21+00:00
ERCO,2023-01-27,2023-01-27 13:32:18+00:00,2023-01-28 00:08:22+00:00,2023-01-27 18:50:20+00:00,38164,2023-01-27 13:07:51+00:00,2023-01-28 00:32:48+00:00,2023-01-27 12:38:27+00:00,2023-01-28 01:02:12+00:00,2023-01-27 12:09:31+00:00,2023-01-28 01:31:09+00:00
ERCO,2023-01-28,2023-01-28 13:31:46+00:00,2023-01-29 00:09:17+00:00,2023-01-28 18:50:31+00:00,38251,2023-01-28 13:07:22+00:00,2023-01-29 00:33:41+00:00,2023-01-28 12:38:01+00:00,2023-01-29 01:03:02+00:00,2023-01-28 12:09:06+00:00,2023-01-29 01:31:56+00:00
ERCO,2023-01-29,2023-01-29 13:31:12+00:00,2023-01-30 00:10:12+00:00,2023-01-29 18:50:42+00:00,38340,2023-01-29 13:06:51+00:00,2023-01-30 00:34:33+00:00,2023-01-29 12:37:33+00:00,2023-01-30 01:03:51+00:00,2023-01-29 12:08:40+00:00,2023-01-30 01:32:44+00:00
ERCO,2023-01-30,2023-01-30 13:30:37+00:00,2023-01-31 00:11:07+00:00,2023-01-30 18:50:52+00:00,38430,2023-01-30 13:06:19+00:00,2023-01-31 00:35:25+00:00,2023-01-30 12:37:03+00:00,2023-01-31 01:04:41+00:00,2023-01-30 12:08:13+00:00,2023-01-31 01:33:31+00:00
ERCO,2023-01-31,2023-01-31 13:30:00+00:00,2023-02-01 00:12:01+00:00,2023-01-31 18:51:01+00:00,38521,2023-01-31 13:05:45+00:00,2023-02-01 00:36:17+00:00,2023-01-31 12:36:32+00:00,2023-02-01 01:05:30+00:00,2023-01-31 12:07:44+00:00,2023-02-01 01:34:18+00:00
ERCO,2023-02-01,2023-02-01 13:29:22+00:00,2023-02-02 00:12:56+00:00,2023-02-01 18:51:09+00:00,38614,2023-02-01 13:05:10+00:00,2023-02-02 00:37:09+00:00,2023-02-01 12:35:59+00:00,2023-02-02 01:06:19+00:00,2023-02-01 12:07:13+00:00,2023-02-02 01:35:05+00:00
ERCO,2023-02-02,2023-02-02 13:28:43+00:00,2023-02-03 00:13:50+00:00,2023-02-02 18:51:17+00:00,38707,2023-02-02 13:04:33+00:00,2023-02-03 00:38:00+00:00,2023-02-02 12:35:25+00:00,2023-02-03 01:07:08+00:00,2023-02-02 12:06:41+00:00,2023-02-03 01:35:52+00:00
ERCO,2023-02-03,2023-02-03 13:28:02+00:00,2023-02-04 00:14:45+00:00,2023-02-03 18:51:23+00:00,38803,2023-02-03 13:03:55+00:00,2023-02-04 00:38:52+00:00,2023-02-03 12:34:49+00:00,2023-02-04 01:07:57+00:00,2023-02-03 12:06:07+00:00,2023-02-04 01:36:39+00:00
ERCO,2023-02-04,2023-02-04 13:27:19+00:00,2023-02-05 00:15:39+00:00,2023-02-04 18:51:29+00:00,38900,2023-02-04 13:03:15+00:00,2023-02-05 00:39:43+00:00,2023-02-04 12:34:12+00:00,2023-02-05 01:08:46+00:00,2023-02-04 12:05:32+00:00,2023-02-05 01:37:26+00:00
ERCO,2023-02-05,2023-02-05 13:26:36+00:00,2023-02-06 00:16:33+00:00,2023-02-05 18:51:34+00:00,38997,2023-02-05 13:02:34+00:00,2023-02-06 00:40:35+00:00,2023-02-05 12:33:34+00:00,2023-02-06 01:09:35+00:00,2023-02-05 12:04:55+00:00,2023-02-06 01:38:13+00:00
ERCO,2023-02-06,2023-02-06 13:25:50+00:00,2023-02-07 00:17:26+00:00,2023-02-06 18:51:38+00:00,39096,2023-02-06 13:01:51+00:00,2023-02-07 00:41:25+00:00,2023-02-06 12:32:54+00:00,2023-02-07 01:10:23+00:00,2023-02-06 12:04:17+00:00,2023-02-07 01:39:00+00:00
ERCO,2023-02-07,2023-02-07 13:25:04+00:00,2023-02-08 00:18:20+00:00,2023-02-07 18:51:42+00:00,39196,2023-02-07 13:01:07+00:00,2023-02-08 00:42:16+00:00,2023-02-07 12:32:12+00:00,2023-02-08 01:11:11+00:00,2023-02-07 12:03:37+00:00,2023-02-08 01:39:46+00:00
ERCO,2023-02-08,2023-02-08 13:24:16+00:00,2023-02-09 00:19:13+00:00,2023-02-08 18:51:44+00:00,39297,2023-02-08 13:00:22+00:00,2023-02-09 00:43:07+00:00,2023-02-08 12:31:30+00:00,2023-02-09 01:11:59+00:00,2023-02-08 12:02:56+00:00,2023-02-09 01:40:32+00:00
ERCO,2023-02-09,2023-02-09 13:23:27+00:00,2023-02-10 00:20:05+00:00,2023-02-09 18:51:46+00:00,39398,2023-02-09 12:59:36+00:00,2023-02-10 00:43:57+00:00,2023-02-09 12:30:45+00:00,2023-02-10 01:12:47+00:00,2023-02-09 12:02:14+00:00,2023-02-10 01:41:19+00:00
ERCO,2023-02-10,2023-02-10 13:22:37+00:00,2023-02-11 00:20:58+00:00,2023-02-10 18:51:47+00:00,39501,2023-02-10 12:58:48+00:00,2023-02-11 00:44:47+00:00,2023-02-10 12:30:00+00:00,2023-02-11 01:13:35+00:00,2023-02-10 12:01:30+00:00,2023-02-11 01:42:05+00:00
ERCO,2023-02-11,2023-02-11 13:21:45+00:00,2023-02-12 00:21:50+00:00,2023-02-11 18:51:48+00:00,39605,2023-02-11 12:57:59+00:00,2023-02-12 00:45:37+00:00,2023-02-11 12:29:13+00:00,2023-02-12 01:14:22+00:00,2023-02-11 12:00:45+00:00,2023-02-12 01:42:51+00:00
ERCO,2023-02-12,2023-02-12 13:20:52+00:00,2023-02-13 00:22:42+00:00,2023-02-12 18:51:47+00:00,39710,2023-02-12 12:57:08+00:00,2023-02-13 00:46:26+00:00,2023-02-12 12:28:25+00:00,2023-02-13 01:15:09+00:00,2023-02-12 11:59:58+00:00,2023-02-13 01:43:36+00:00
ERCO,2023-02-13,2023-02-13 13:19:58+00:00,2023-02-14 00:23:33+00:00,2023-02-13 18:51:46+00:00,39815,2023-02-13 12:56:17+00:00,2023-02-14 00:47:15+00:00,2023-02-13 12:27:35+00:00,2023-02-14 01:15:56+00:00,2023-02-13 11:59:10+00:00,2023-02-14 01:44:22+00:00
ERCO,2023-02-14,2023-02-14 13:19:03+00:00,2023-02-15 00:24:25+00:00,2023-02-14 18:51:44+00:00,39922,2023-02-14 12:55:24+00:00,2023-02-15 00:48:04+00:00,2023-02-14 12:26:45+00:00,2023-02-15 01:16:43+00:00,2023-02-14 11:58:20+00:00,2023-02-15 01:45:07+00:00
ERCO,2023-02-15,2023-02-15 13:18:07+00:00,2023-02-16 00:25:15+00:00,2023-02-15 18:51:41+00:00,40028,2023-02-15 12:54:30+00:00,2023-02-16 00:48:53+00:00,2023-02-15 12:25:53+00:00,2023-02-16 01:17:30+00:00,2023-02-15 11:57:30+00:00,2023-02-16 01:45:53+00:00
ERCO,2023-02-16,2023-02-16 13:17:10+00:00,2023-02-17 00:26:06+00:00,2023-02-16 18:51:38+00:00,40136,2023-02-16 12:53:35+00:00,2023-02-17 00:49:41+00:00,2023-02-16 12:25:00+00:00,2023-02-17 01:18:16+00:00,2023-02-16 11:56:38+00:00,2023-02-17 01:46:38+00:00
ERCO,2023-02-17,2023-02-17 13:16:11+00:00,2023-02-18 00:26:56+00:00,2023-02-17 18:51:34+00:00,40245,2023-02-17 12:52:38+00:00,2023-02-18 00:50:29+00:00,2023-02-17 12:24:05+00:00,2023-02-18 01:19:02+00:00,2023-02-17 11:55:44+00:00,2023-02-18 01:47:23+00:00
ERCO,2023-02-18,2023-02-18 13:15:12+00:00,2023-02-19 00:27:46+00:00,2023-02-18 18:51:29+00:00,40354,2023-02-18 12:51:41+00:00,2023-02-19 00:51:17+00:00,2023-02-18 12:23:10+00:00,2023-02-19 01:19:48+00:00,2023-02-18 11:54:50+00:00,2023-02-19 01:48:08+00:00
ERCO,2023-02-19,2023-02-19 13:14:11+00:00,2023-02-20 00:28:35+00:00,2023-02-19 18:51:23+00:00,40464,2023-02-19 12:50:43+00:00,2023-02-20 00:52:04+00:00,2023-02-19 12:22:13+00:00,2023-02-20 01:20:34+00:00,2023-02-19 11:53:54+00:00,2023-02-20 01:48:52+00:00
ERCO,2023-02-20,2023-02-20 13:13:10+00:00,2023-02-21 00:29:24+00:00,2023-02-20 18:51:17+00:00,40574,2023-02-20 12:49:43+00:00,2023-02-21 00:52:51+00:00,2023-02-20 12:21:15+00:00,2023-02-21 01:21:19+00:00,2023-02-20 11:52:57+00:00,2023-02-21 01:49:37+00:00
ERCO,2023-02-21,2023-02-21 13:12:08+00:00,2023-02-22 00:30:13+00:00,2023-02-21 18:51:10+00:00,40685,2023-02-21 12:48:43+00:00,2023-02-22 00:53:38+00:00,2023-02-21 12:20:16+00:00,2023-02-22 01:22:04+00:00,2023-02-21 11:51:59+00:00,2023-02-22 01:50:21+00:00
ERCO,2023-02-22,2023-02-22 13:11:04+00:00,2023-02-23 00:31:01+00:00,2023-02-22 18:51:03+00:00,40797,2023-02-22 12:47:41+00:00,2023-02-23 00:54:24+00:00,2023-02-22 12:19:16+00:00,2023-02-23 01:22:49+00:00,2023-02-22 11:51:00+00:00,2023-02-23 01:51:06+00:00
ERCO,2023-02-23,2023-02-23 13:10:00+00:00,2023-02-24 00:31:49+00:00,2023-02-23 18:50:55+00:00,40909,2023-02-23 12:46:39+00:00,2023-02-24 00:55:11+00:00,2023-02-23 12:18:15+00:00,2023-02-24 01:23:34+00:00,2023-02-23 11:49:59+00:00,2023-02-24 01:51:50+00:00
ERCO,2023-02-24,2023-02-24 13:08:55+00:00,2023-02-25 00:32:37+00:00,2023-02-24 18:50:46+00:00,41022,2023-02-24 12:45:36+00:00,2023-02-25 00:55:56+00:00,2023-02-24 12:17:13+00:00,2023-02-25 01:24:19+00:00,2023-02-24 11:48:58+00:00,2023-02-25 01:52:34+00:00
ERCO,2023-02-25,2023-02-25 13:07:49+00:00,2023-02-26 00:33:24+00:00,2023-02-25 18:50:37+00:00,41135,2023-02-25 12:44:31+00:00,2023-02-26 00:56:42+00:00,2023-02-25 12:16:10+00:00,2023-02-26 01:25:03+00:00,2023-02-25 11:47:55+00:00,2023-02-26 01:53:18+00:00
ERCO,2023-02-26,2023-02-26 13:06:43+00:00,2023-02-27 00:34:11+00:00,2023-02-26 18:50:27+00:00,41248,2023-02-26 12:43:26+00:00,2023-02-27 00:57:27+00:00,2023-02-26 12:15:06+00:00,2023-02-27 01:25:48+00:00,2023-02-26 11:46:51+00:00,2023-02-27 01:54:02+00:00
ERCO,2023-02-27,2023-02-27 13:05:35+00:00,2023-02-28 00:34:58+00:00,2023-02-27 18:50:16+00:00,41363,2023-02-27 12:42:20+00:00,2023-02-28 00:58:13+00:00,2023-02-27 12:14:01+00:00,2023-02-28 01:26:32+00:00,2023-02-27 11:45:47+00:00,2023-02-28 01:54:46+00:00
ERCO,2023-02-28,2023-02-28 13:04:27+00:00,2023-03-01 00:35:44+00:00,2023-02-28 18:50:06+00:00,41477,2023-02-28 12:41:14+00:00,2023-03-01 00:58:57+00:00,2023-02-28 12:12:56+00:00,2023-03-01 01:27:16+00:00,2023-02-28 11:44:41+00:00,2023-03-01 01:55:30+00:00
ERCO,2023-03-01,2023-03-01 13:03:19+00:00,2023-03-02 00:36:30+00:00,2023-03-01 18:49:54+00:00,41591,2023-03-01 12:40:06+00:00,2023-03-02 00:59:42+00:00,2023-03-01 12:11:49+00:00,2023-03-02 01:27:59+00:00,2023-03-01 11:43:34+00:00,2023-03-02 01:56:14+00:00
ERCO,2023-03-02,2023-03-02 13:02:09+00:00,2023-03-03 00:37:15+00:00,2023-03-02 18:49:42+00:00,41706,2023-03-02 12:38:58+00:00,2023-03-03 01:00:26+00:00,2023-03-02 12:10:41+00:00,2023-03-03 01:28:43+00:00,2023-03-02 11:42:26+00:00,2023-03-03 01:56:58+00:00
ERCO,2023-03-03,2023-03-03 13:00:59+00:00,2023-03-04 00:38:00+00:00,2023-03-03 18:49:30+00:00,41821,2023-03-03 12:37:49+00:00,2023-03-04 01:01:10+00:00,2023-03-03 12:09:33+00:00,2023-03-04 01:29:26+00:00,2023-03-03 11:41:18+00:00,2023-03-04 01:57:42+00:00
ERCO,2023-03-04,2023-03-04 12:59:48+00:00,2023-03-05 00:38:45+00:00,2023-03-04 18:49:17+00:00,41937,2023-03-04 12:36:39+00:00,2023-03-05 01:01:54+00:00,2023-03-04 12:08:24+00:00,2023-03-05 01:30:10+00:00,2023-03-04 11:40:08+00:00,2023-03-05 01:58:25+00:00
ERCO,2023-03-05,2023-03-05 12:58:37+00:00,2023-03-06 00:39:30+00:00,2023-03-05 18:49:03+00:00,42053,2023-03-05 12:35:29+00:00,2023-03-06 01:02:38+00:00,2023-03-05 12:07:14+00:00,2023-03-06 01:30:53+00:00,2023-03-05 11:38:58+00:00,2023-03-06 01:59:09+00:00
ERCO,2023-03-06,2023-03-06 12:57:25+00:00,2023-03-07 00:40:14+00:00,2023-03-06 18:48:50+00:00,42169,2023-03-06 12:34:18+00:00,2023-03-07 01:03:21+00:00,2023-03-06 12:06:03+00:00,2023-03-07 01:31:36+00:00,2023-03-06 11:37:46+00:00,2023-03-07 01:59:53+00:00
ERCO,2023-03-07,2023-03-07 12:56:13+00:00,2023-03-08 00:40:58+00:00,2023-03-07 18:48:35+00:00,42285,2023-03-07 12:33:06+00:00,2023-03-08 01:04:04+00:00,2023-03-07 12:04:52+00:00,2023-03-08 01:32:19+00:00,2023-03-07 11:36:34+00:00,2023-03-08 02:00:37+00:00
ERCO,2023-03-08,2023-03-08 12:55:00+00:00,2023-03-09 00:41:42+00:00,2023-03-08 18:48:21+00:00,42402,2023-03-08 12:31:54+00:00,2023-03-09 01:04:47+00:00,2023-03-08 12:03:40+00:00,2023-03-09 01:33:02+00:00,2023-03-08 11:35:21+00:00,2023-03-09 02:01:20+00:00
ERCO,2023-03-09,2023-03-09 12:53:47+00:00,2023-03-10 00:42:25+00:00,2023-03-09 18:48:06+00:00,42518,2023-03-09 12:30:42+00:00,2023-03-10 01:05:30+00:00,2023-03-09 12:02:27+00:00,2023-03-10 01:33:45+00:00,2023-03-09 11:34:08+00:00,2023-03-10 02:02:04+00:00
ERCO,2023-03-10,2023-03-10 12:52:33+00:00,2023-03-11 00:43:08+00:00,2023-03-10 18:47:51+00:00,42635,2023-03-10 12:29:28+00:00,2023-03-11 01:06:13+00:00,2023-03-10 12:01:13+00:00,2023-03-11 01:34:28+00:00,2023-03-10 11:32:53+00:00,2023-03-11 02:02:48+00:00
ERCO,2023-03-11,2023-03-11 12:51:19+00:00,2023-03-12 00:43:51+00:00,2023-03-11 18:47:35+00:00,42752,2023-03-11 12:28:15+00:00,2023-03-12 01:06:55+00:00,2023-03-11 11:59:59+00:00,2023-03-12 01:35:11+00:00,2023-03-11 11:31:38+00:00,2023-03-12 02:03:32+00:00
ERCO,2023-03-12,2023-03-12 12:50:04+00:00,2023-03-13 00:44:34+00:00,2023-03-12 18:47:19+00:00,42870,2023-03-12 12:27:00+00:00,2023-03-13 01:07:38+00:00,2023-03-12 11:58:45+00:00,2023-03-13 01:35:53+00:00,2023-03-12 11:30:22+00:00,2023-03-13 02:04:16+00:00
ERCO,2023-03-13,2023-03-13 12:48:49+00:00,2023-03-14 00:45:16+00:00,2023-03-13 18:47:03+00:00,42987,2023-03-13 12:25:46+00:00,2023-03-14 01:08:20+00:00,2023-03-13 11:57:30+00:00,2023-03-14 01:36:36+00:00,2023-03-13 11:29:05+00:00,2023-03-14 02:05:00+00:00
ERCO,2023-03-14,2023-03-14 12:47:34+00:00,2023-03-15 00:45:58+00:00,2023-03-14 18:46:46+00:00,43104,2023-03-14 12:24:31+00:00,2023-03-15 01:09:02+00:00,2023-03-14 11:56:14+00:00,2023-03-15 01:37:19+00:00,2023-03-14 11:27:48+00:00,2023-03-15 02:05:45+00:00
ERCO,2023-03-15,2023-03-15 12:46:19+00:00,2023-03-16 00:46:40+00:00,2023-03-15 18:46:30+00:00,43221,2023-03-15 12:23:15+00:00,2023-03-16 01:09:44+00:00,2023-03-15 11:54:58+00:00,2023-03-16 01:38:01+00:00,2023-03-15 11:26:30+00:00,2023-03-16 02:06:29+00:00
ERCO,2023-03-16,2023-03-16 12:45:03+00:00,2023-03-17 00:47:22+00:00,2023-03-16 18:46:13+00:00,43339,2023-03-16 12:21:59+00:00,2023-03-17 01:10:26+00:00,2023-03-16 11:53:41+00:00,2023-03-17 01:38:44+00:00,2023-03-16 11:25:12+00:00,2023-03-17 02:07:14+00:00
ERCO,2023-03-17,2023-03-17 12:43:47+00:00,2023-03-18 00:48:04+00:00,2023-03-17 18:45:55+00:00,43457,2023-03-17 12:20:43+00:00,2023-03-18 01:11:08+00:00,2023-03-17 11:52:24+00:00,2023-03-18 01:39:27+00:00,2023-03-17 11:23:53+00:00,2023-03-18 02:07:58+00:00
ERCO,2023-03-18,2023-03-18 12:42:31+00:00,2023-03-19 00:48:45+00:00,2023-03-18 18:45:38+00:00,43574,2023-03-18 12:19:27+00:00,2023-03-19 01:11:49+00:00,2023-03-18 11:51:07+00:00,2023-03-19 01:40:09+00:00,2023-03-18 11:22:33+00:00,2023-03-19 02:08:43+00:00
ERCO,2023-03-19,2023-03-19 12:41:15+00:00,2023-03-20 00:49:27+00:00,2023-03-19 18:45:21+00:00,43692,2023-03-19 12:18:10+00:00,2023-03-20 01:12:31+00:00,2023-03-19 11:49:49+00:00,2023-03-20 01:40:52+00:00,2023-03-19 11:21:13+00:00,2023-03-20 02:09:28+00:00
ERCO,2023-03-20,2023-03-20 12:39:58+00:00,2023-03-21 00:50:08+00:00,2023-03-20 18:45:03+00:00,43810,2023-03-20 12:16:53+00:00,2023-03-21 01:13:12+00:00,2023-03-20 11:48:31+00:00,2023-03-21 01:41:35+00:00,2023-03-20 11:19:52+00:00,2023-03-21 02:10:13+00:00
ERCO,2023-03-21,2023-03-21 12:38:41+00:00,2023-03-22 00:50:49+00:00,2023-03-21 18:44:45+00:00,43928,2023-03-21 12:15:36+00:00,2023-03-22 01:13:54+00:00,2023-03-21 11:47:12+00:00,2023-03-22 01:42:18+00:00,2023-03-21 11:18:31+00:00,2023-03-22 02:10:59+00:00
ERCO,2023-03-22,2023-03-22 12:37:25+00:00,2023-03-23 00:51:30+00:00,2023-03-22 18:44:27+00:00,44045,2023-03-22 12:14:19+00:00,2023-03-23 01:14:35+00:00,2023-03-22 11:45:53+00:00,2023-03-23 01:43:01+00:00,2023-03-22 11:17:10+00:00,2023-03-23 02:11:45+00:00
ERCO,2023-03-23,2023-03-23 12:36:08+00:00,2023-03-24 00:52:10+00:00,2023-03-23 18:44:09+00:00,44162,2023-03-23 12:13:02+00:00,2023-03-24 01:15:17+00:00,2023-03-23 11:44:34+00:00,2023-03-24 01:43:44+00:00,2023-03-23 11:15:48+00:00,2023-03-24 02:12:31+00:00
ERCO,2023-03-24,2023-03-24 12:34:51+00:00,2023-03-25 00:52:51+00:00,2023-03-24 18:43:51+00:00,44280,2023-03-24 12:11:44+00:00,2023-03-25 01:15:58+00:00,2023-03-24 11:43:15+00:00,2023-03-25 01:44:27+00:00,2023-03-24 11:14:26+00:00,2023-03-25 02:13:17+00:00
ERCO,2023-03-25,2023-03-25 12:33:35+00:00,2023-03-26 00:53:32+00:00,2023-03-25 18:43:33+00:00,44397,2023-03-25 12:10:27+00:00,2023-03-26 01:16:40+00:00,2023-03-25 11:41:55+00:00,2023-03-26 01:45:11+00:00,2023-03-25 11:13:03+00:00,2023-03-26 02:14:03+00:00
ERCO,2023-03-26,2023-03-26 12:32:18+00:00,2023-03-27 00:54:12+00:00,2023-03-26 18:43:15+00:00,44514,2023-03-26 12:09:09+00:00,2023-03-27 01:17:21+00:00,2023-03-26 11:40:36+00:00,2023-03-27 01:45:54+00:00,2023-03-26 11:11:40+00:00,2023-03-27 02:14:50+00:00
ERCO,2023-03-27,2023-03-27 12:31:01+00:00,2023-03-28 00:54:53+00:00,2023-03-27 18:42:57+00:00,44632,2023-03-27 12:07:51+00:00,2023-03-28 01:18:03+00:00,2023-03-27 11:39:16+00:00,2023-03-28 01:46:38+00:00,2023-03-27 11:10:17+00:00,2023-03-28 02:15:37+00:00
ERCO,2023-03-28,2023-03-28 12:29:45+00:00,2023-03-29 00:55:33+00:00,2023-03-28 18:42:39+00:00,44748,2023-03-28 12:06:33+00:00,2023-03-29 01:18:44+00:00,2023-03-28 11:37:56+00:00,2023-03-29 01:47:22+00:00,2023-03-28 11:08:53+00:00,2023-03-29 02:16:24+00:00
ERCO,2023-03-29,2023-03-29 12:28:28+00:00,2023-03-30 00:56:13+00:00,2023-03-29 18:42:21+00:00,44865,2023-03-29 12:05:16+00:00,2023-03-30 01:19:26+00:00,2023-03-29 11:36:36+00:00,2023-03-30 01:48:06+00:00,2023-03-29 11:07:30+00:00,2023-03-30 02:17:12+00:00
ERCO,2023-03-30,2023-03-30 12:27:12+00:00,2023-03-31 00:56:54+00:00,2023-03-30 18:42:03+00:00,44982,2023-03-30 12:03:58+00:00,2023-03-31 01:20:07+00:00,2023-03-30 11:35:16+00:00,2023-03-31 01:48:50+00:00,2023-03-30 11:06:06+00:00,2023-03-31 02:18:00+00:00
ERCO,2023-03-31,2023-03-31 12:25:56+00:00,2023-04-01 00:57:34+00:00,2023-03-31 18:41:45+00:00,45098,2023-03-31 12:02:41+00:00,2023-04-01 01:20:49+00:00,2023-03-31 11:33:55+00:00,2023-04-01 01:49:34+00:00,2023-03-31 11:04:42+00:00,2023-04-01 02:18:48+00:00
ERCO,2023-04-01,2023-04-01 12:24:40+00:00,2023-04-02 00:58:14+00:00,2023-04-01 18:41:27+00:00,45214,2023-04-01 12:01:23+00:00,2023-04-02 01:21:31+00:00,2023-04-01 11:32:35+00:00,2023-04-02 01:50:19+00:00,2023-04-01 11:03:17+00:00,2023-04-02 02:19:36+00:00
ERCO,2023-04-02,2023-04-02 12:23:24+00:00,2023-04-03 00:58:54+00:00,2023-04-02 18:41:09+00:00,45330,2023-04-02 12:00:06+00:00,2023-04-03 01:22:13+00:00,2023-04-02 11:31:15+00:00,2023-04-03 01:51:03+00:00,2023-04-02 11:01:53+00:00,2023-04-03 02:20:25+00:00
ERCO,2023-04-03,2023-04-03 12:22:08+00:00,2023-04-04 00:59:35+00:00,2023-04-03 18:40:52+00:00,45447,2023-04-03 11:58:49+00:00,2023-04-04 01:22:54+00:00,2023-04-03 11:29:55+00:00,2023-04-04 01:51:48+00:00,2023-04-03 11:00:29+00:00,2023-04-04 02:21:15+00:00
ERCO,2023-04-04,2023-04-04 12:20:53+00:00,2023-04-05 01:00:15+00:00,2023-04-04 18:40:34+00:00,45562,2023-04-04 11:57:32+00:00,2023-04-05 01:23:37+00:00,2023-04-04 11:28:35+00:00,2023-04-05 01:52:33+00:00,2023-04-04 10:59:04+00:00,2023-04-05 02:22:04+00:00
ERCO,2023-04-05,2023-04-05 12:19:38+00:00,2023-04-06 01:00:55+00:00,2023-04-05 18:40:17+00:00,45677,2023-04-05 11:56:15+00:00,2023-04-06 01:24:19+00:00,2023-04-05 11:27:15+00:00,2023-04-06 01:53:19+00:00,2023-04-05 10:57:40+00:00,2023-04-06 02:22:54+00:00
ERCO,2023-04-06,2023-04-06 12:18:24+00:00,2023-04-07 01:01:36+00:00,2023-04-06 18:40:00+00:00,45792,2023-04-06 11:54:59+00:00,2023-04-07 01:25:01+00:00,2023-04-06 11:25:55+00:00,2023-04-07 01:54:04+00:00,2023-04-06 10:56:15+00:00,2023-04-07 02:23:44+00:00
ERCO,2023-04-07,2023-04-07 12:17:10+00:00,2023-04-08 01:02:16+00:00,2023-04-07 18:39:43+00:00,45906,2023-04-07 11:53:42+00:00,2023-04-08 01:25:43+00:00,2023-04-07 11:24:36+00:00,2023-04-08 01:54:50+00:00,2023-04-07 10:54:51+00:00,2023-04-08 02:24:35+00:00
ERCO,2023-04-08,2023-04-08 12:15:56+00:00,2023-04-09 01:02:57+00:00,2023-04-08 18:39:26+00:00,46021,2023-04-08 11:52:27+00:00,2023-04-09 01:26:26+00:00,2023-04-08 11:23:16+00:00,2023-04-09 01:55:36+00:00,2023-04-08 10:53:26+00:00,2023-04-09 02:25:26+00:00
ERCO,2023-04-09,2023-04-09 12:14:43+00:00,2023-04-10 01:03:37+00:00,2023-04-09 18:39:10+00:00,46134,2023-04-09 11:51:11+00:00,2023-04-10 01:27:09+00:00,2023-04-09 11:21:57+00:00,2023-04-10 01:56:23+00:00,2023-04-09 10:52:02+00:00,2023-04-10 02:26:18+00:00
ERCO,2023-04-10,2023-04-10 12:13:30+00:00,2023-04-11 01:04:18+00:00,2023-04-10 18:38:54+00:00,46248,2023-04-10 11:49:56+00:00,2023-04-11 01:27:52+00:00,2023-04-10 11:20:38+00:00,2023-04-11 01:57:09+00:00,2023-04-10 10:50:38+00:00,2023-04-11 02:27:10+00:00
ERCO,2023-04-11,2023-04-11 12:12:17+00:00,2023-04-12 01:04:58+00:00,2023-04-11 18:38:38+00:00,46361,2023-04-11 11:48:41+00:00,2023-04-12 01:28:34+00:00,2023-04-11 11:19:20+00:00,2023-04-12 01:57:56+00:00,2023-04-11 10:49:14+00:00,2023-04-12 02:28:02+00:00
ERCO,2023-04-12,2023-04-12 12:11:05+00:00,2023-04-13 01:05:39+00:00,2023-04-12 18:38:22+00:00,46474,2023-04-12 11:47:27+00:00,2023-04-13 01:29:18+00:00,2023-04-12 11:18:01+00:00,2023-04-13 01:58:43+00:00,2023-04-12 10:47:50+00:00,2023-04-13 02:28:55+00:00
ERCO,2023-04-13,2023-04-13 12:09:54+00:00,2023-04-14 01:06:20+00:00,2023-04-13 18:38:07+00:00,46586,2023-04-13 11:46:13+00:00,2023-04-14 01:30:01+00:00,2023-04-13 11:16:43+00:00,2023-04-14 01:59:31+00:00,2023-04-13 10:46:26+00:00,2023-04-14 02:29:48+00:00
ERCO,2023-04-14,2023-04-14 12:08:43+00:00,2023-04-15 01:07:01+00:00,2023-04-14 18:37:52+00:00,46698,2023-04-14 11:45:00+00:00,2023-04-15 01:30:44+00:00,2023-04-14 11:15:26+00:00,2023-04-15 02:00:18+00:00,2023-04-14 10:45:03+00:00,2023-04-15 02:30:41+00:00
ERCO,2023-04-15,2023-04-15 12:07:33+00:00,2023-04-16 01:07:42+00:00,2023-04-15 18:37:38+00:00,46809,2023-04-15 11:43:47+00:00,2023-04-16 01:31:28+00:00,2023-04-15 11:14:09+00:00,2023-04-16 02:01:06+00:00,2023-04-15 10:43:40+00:00,2023-04-16 02:31:35+00:00
ERCO,2023-04-16,2023-04-16 12:06:24+00:00,2023-04-17 01:08:23+00:00,2023-04-16 18:37:23+00:00,46919,2023-04-16 11:42:35+00:00,2023-04-17 01:32:12+00:00,2023-04-16 11:12:52+00:00,2023-04-17 02:01:54+00:00,2023-04-16 10:42:17+00:00,2023-04-17 02:32:29+00:00
ERCO,2023-04-17,2023-04-17 12:05:15+00:00,2023-04-18 01:09:04+00:00,2023-04-17 18:37:09+00:00,47029,2023-04-17 11:41:23+00:00,2023-04-18 01:32:56+00:00,2023-04-17 11:11:36+00:00,2023-04-18 02:02:43+00:00,2023-04-17 10:40:55+00:00,2023-04-18 02:33:24+00:00
ERCO,2023-04-18,2023-04-18 12:04:06+00:00,2023-04-19 01:09:46+00:00,2023-04-18 18:36:56+00:00,47140,2023-04-18 11:40:12+00:00,2023-04-19 01:33:40+00:00,2023-04-18 11:10:20+00:00,2023-04-19 02:03:32+00:00,2023-04-18 10:39:33+00:00,2023-04-19 02:34:19+00:00
ERCO,2023-04-19,2023-04-19 12:02:59+00:00,2023-04-20 01:10:27+00:00,2023-04-19 18:36:43+00:00,47248,2023-04-19 11:39:01+00:00,2023-04-20 01:34:24+00:00,2023-04-19 11:09:05+00:00,2023-04-20 02:04:21+00:00,2023-04-19 10:38:11+00:00,2023-04-20 02:35:14+00:00
ERCO,2023-04-20,2023-04-20 12:01:52+00:00,2023-04-21 01:11:08+00:00,2023-04-20 18:36:30+00:00,47356,2023-04-20 11:37:52+00:00,2023-04-21 01:35:09+00:00,2023-04-20 11:07:51+00:00,2023-04-21 02:05:10+00:00,2023-04-20 10:36:50+00:00,2023-04-21 02:36:10+00:00
ERCO,2023-04-21,2023-04-21 12:00:46+00:00,2023-04-22 01:11:50+00:00,2023-04-21 18:36:18+00:00,47464,2023-04-21 11:36:43+00:00,2023-04-22 01:35:53+00:00,2023-04-21 11:06:37+00:00,2023-04-22 02:05:59+00:00,2023-04-21 10:35:30+00:00,2023-04-22 02:37:06+00:00
ERCO,2023-04-22,2023-04-22 11:59:41+00:00,2023-04-23 01:12:32+00:00,2023-04-22 18:36:06+00:00,47571,2023-04-22 11:35:34+00:00,2023-04-23 01:36:38+00:00,2023-04-22 11:05:23+00:00,2023-04-23 02:06:49+00:00,2023-04-22 10:34:10+00:00,2023-04-23 02:38:03+00:00
ERCO,2023-04-23,2023-04-23 11:58:36+00:00,2023-04-24 01:13:14+00:00,2023-04-23 18:35:55+00:00,47678,2023-04-23 11:34:27+00:00,2023-04-24 01:37:23+00:00,2023-04-23 11:04:11+00:00,2023-04-24 02:07:39+00:00,2023-04-23 10:32:50+00:00,2023-04-24 02:38:59+00:00
ERCO,2023-04-24,2023-04-24 11:57:32+00:00,2023-04-25 01:13:55+00:00,2023-04-24 18:35:44+00:00,47783,2023-04-24 11:33:20+00:00,2023-04-25 01:38:08+00:00,2023-04-24 11:02:59+00:00,2023-04-25 02:08:29+00:00,2023-04-24 10:31:31+00:00,2023-04-25 02:39:57+00:00
ERCO,2023-04-25,2023-04-25 11:56:30+00:00,2023-04-26 01:14:37+00:00,2023-04-25 18:35:33+00:00,47887,2023-04-25 11:32:14+00:00,2023-04-26 01:38:53+00:00,2023-04-25 11:01:47+00:00,2023-04-26 02:09:20+00:00,2023-04-25 10:30:13+00:00,2023-04-26 02:40:54+00:00
ERCO,2023-04-26,2023-04-26 11:55:28+00:00,2023-04-27 01:15:19+00:00,2023-04-26 18:35:24+00:00,47991,2023-04-26 11:31:08+00:00,2023-04-27 01:39:39+00:00,2023-04-26 11:00:37+00:00,2023-04-27 02:10:10+00:00,2023-04-26 10:28:55+00:00,2023-04-27 02:41:52+00:00
ERCO,2023-04-27,2023-04-27 11:54:27+00:00,2023-04-28 01:16:02+00:00,2023-04-27 18:35:14+00:00,48095,2023-04-27 11:30:04+00:00,2023-04-28 01:40:24+00:00,2023-04-27 10:59:27+00:00,2023-04-28 02:11:01+00:00,2023-04-27 10:27:38+00:00,2023-04-28 02:42:50+00:00
ERCO,2023-04-28,2023-04-28 11:53:27+00:00,2023-04-29 01:16:44+00:00,2023-04-28 18:35:05+00:00,48197,2023-04-28 11:29:01+00:00,2023-04-29 01:41:10+00:00,2023-04-28 10:58:19+00:00,2023-04-29 02:11:52+00:00,2023-04-28 10:26:22+00:00,2023-04-29 02:43:48+00:00
ERCO,2023-04-29,2023-04-29 11:52:28+00:00,2023-04-30 01:17:26+00:00,2023-04-29 18:34:57+00:00,48298,2023-04-29 11:27:58+00:00,2023-04-30 01:41:55+00:00,2023-04-29 10:57:11+00:00,2023-04-30 02:12:43+00:00,2023-04-29 10:25:07+00:00,2023-04-30 02:44:47+00:00
ERCO,2023-04-30,2023-04-30 11:51:30+00:00,2023-05-01 01:18:08+00:00,2023-04-30 18:34:49+00:00,48398,2023-04-30 11:26:57+00:00,2023-05-01 01:42:41+00:00,2023-04-30 10:56:04+00:00,2023-05-01 02:13:34+00:00,2023-04-30 10:23:52+00:00,2023-05-01 02:45:46+00:00
ERCO,2023-05-01,2023-05-01 11:50:32+00:00,2023-05-02 01:18:51+00:00,2023-05-01 18:34:42+00:00,48499,2023-05-01 11:25:56+00:00,2023-05-02 01:43:27+00:00,2023-05-01 10:54:58+00:00,2023-05-02 02:14:26+00:00,2023-05-01 10:22:39+00:00,2023-05-02 02:46:45+00:00
ERCO,2023-05-02,2023-05-02 11:49:36+00:00,2023-05-03 01:19:33+00:00,2023-05-02 18:34:35+00:00,48597,2023-05-02 11:24:57+00:00,2023-05-03 01:44:13+00:00,2023-05-02 10:53:52+00:00,2023-05-03 02:15:17+00:00,2023-05-02 10:21:26+00:00,2023-05-03 02:47:44+00:00
ERCO,2023-05-03,2023-05-03 11:48:41+00:00,2023-05-04 01:20:16+00:00,2023-05-03 18:34:29+00:00,48695,2023-05-03 11:23:58+00:00,2023-05-04 01:44:59+00:00,2023-05-03 10:52:48+00:00,2023-05-04 02:16:09+00:00,2023-05-03 10:20:14+00:00,2023-05-04 02:48:43+00:00
ERCO,2023-05-04,2023-05-04 11:47:48+00:00,2023-05-05 01:20:58+00:00,2023-05-04 18:34:23+00:00,48790,2023-05-04 11:23:01+00:00,2023-05-05 01:45:45+00:00,2023-05-04 10:51:45+00:00,2023-05-05 02:17:00+00:00,2023-05-04 10:19:03+00:00,2023-05-05 02:49:43+00:00
ERCO,2023-05-05,2023-05-05 11:46:55+00:00,2023-05-06 01:21:41+00:00,2023-05-05 18:34:18+00:00,48886,2023-05-05 11:22:04+00:00,2023-05-06 01:46:31+00:00,2023-05-05 10:50:43+00:00,2023-05-06 02:17:52+00:00,2023-05-05 10:17:53+00:00,2023-05-06 02:50:42+00:00
ERCO,2023-05-06,2023-05-06 11:46:03+00:00,2023-05-07 01:22:23+00:00,2023-05-06 18:34:13+00:00,48980,2023-05-06 11:21:09+00:00,2023-05-07 01:47:17+00:00,2023-05-06 10:49:42+00:00,2023-05-07 02:18:44+00:00,2023-05-06 10:16:44+00:00,2023-05-07 02:51:42+00:00
ERCO,2023-05-07,2023-05-07 11:45:13+00:00,2023-05-08 01:23:05+00:00,2023-05-07 18:34:09+00:00,49072,2023-05-07 11:20:15+00:00,2023-05-08 01:48:03+00:00,2023-05-07 10:48:42+00:00,2023-05-08 02:19:36+00:00,2023-05-07 10:15:36+00:00,2023-05-08 02:52:42+00:00
ERCO,2023-05-08,2023-05-08 11:44:23+00:00,2023-05-09 01:23:48+00:00,2023-05-08 18:34:06+00:00,49165,2023-05-08 11:19:22+00:00,2023-05-09 01:48:49+00:00,2023-05-08 10:47:44+00:00,2023-05-09 02:20:28+00:00,2023-05-08 10:14:30+00:00,2023-05-09 02:53:41+00:00
ERCO,2023-05-09,2023-05-09 11:43:35+00:00,2023-05-10 01:24:30+00:00,2023-05-09 18:34:03+00:00,49255,2023-05-09 11:18:30+00:00,2023-05-10 01:49:35+00:00,2023-05-09 10:46:46+00:00,2023-05-10 02:21:19+00:00,2023-05-09 10:13:24+00:00,2023-05-10 02:54:41+00:00
ERCO,2023-05-10,2023-05-10 11:42:48+00:00,2023-05-11 01:25:12+00:00,2023-05-10 18:34:00+00:00,49344,2023-05-10 11:17:40+00:00,2023-05-11 01:50:21+00:00,2023-05-10 10:45:50+00:00,2023-05-11 02:22:11+00:00,2023-05-10 10:12:20+00:00,2023-05-11 02:55:41+00:00
ERCO,2023-05-11,2023-05-11 11:42:03+00:00,2023-05-12 01:25:54+00:00,2023-05-11 18:33:59+00:00,49431,2023-05-11 11:16:50+00:00,2023-05-12 01:51:07+00:00,2023-05-11 10:44:55+00:00,2023-05-12 02:23:02+00:00,2023-05-11 10:11:17+00:00,2023-05-12 02:56:40+00:00
ERCO,2023-05-12,2023-05-12 11:41:18+00:00,2023-05-13 01:26:36+00:00,2023-05-12 18:33:57+00:00,49518,2023-05-12 11:16:02+00:00,2023-05-13 01:51:52+00:00,2023-05-12 10:44:01+00:00,2023-05-13 02:23:54+00:00,2023-05-12 10:10:15+00:00,2023-05-13 02:57:40+00:00
ERCO,2023-05-13,2023-05-13 11:40:35+00:00,2023-05-14 01:27:18+00:00,2023-05-13 18:33:57+00:00,49603,2023-05-13 11:15:16+00:00,2023-05-14 01:52:38+00:00,2023-05-13 10:43:08+00:00,2023-05-14 02:24:45+00:00,2023-05-13 10:09:14+00:00,2023-05-14 02:58:39+00:00
ERCO,2023-05-14,2023-05-14 11:39:54+00:00,2023-05-15 01:28:00+00:00,2023-05-14 18:33:57+00:00,49686,2023-05-14 11:14:30+00:00,2023-05-15 01:53:23+00:00,2023-05-14 10:42:17+00:00,2023-05-15 02:25:36+00:00,2023-05-14 10:08:15+00:00,2023-05-15 02:59:38+00:00
ERCO,2023-05-15,2023-05-15 11:39:13+00:00,2023-05-16 01:28:41+00:00,2023-05-15 18:33:57+00:00,49768,2023-05-15 11:13:46+00:00,2023-05-16 01:54:08+00:00,2023-05-15 10:41:28+00:00,2023-05-16 02:26:27+00:00,2023-05-15 10:07:17+00:00,2023-05-16 03:00:37+00:00
ERCO,2023-05-16,2023-05-16 11:38:34+00:00,2023-05-17 01:29:23+00:00,2023-05-16 18:33:58+00:00,49849,2023-05-16 11:13:04+00:00,2023-05-17 01:54:53+00:00,2023-05-16 10:40:39+00:00,2023-05-17 02:27:18+00:00,2023-05-16 10:06:21+00:00,2023-05-17 03:01:36+00:00
ERCO,2023-05-17,2023-05-17 11:37:56+00:00,2023-05-18 01:30:04+00:00,2023-05-17 18:34:00+00:00,49928,2023-05-17 11:12:22+00:00,2023-05-18 01:55:38+00:00,2023-05-17 10:39:52+00:00,2023-05-18 02:28:08+00:00,2023-05-17 10:05:26+00:00,2023-05-18 03:02:34+00:00
ERCO,2023-05-18,2023-05-18 11:37:20+00:00,2023-05-19 01:30:44+00:00,2023-05-18 18:34:02+00:00,50004,2023-05-18 11:11:42+00:00,2023-05-19 01:56:22+00:00,2023-05-18 10:39:07+00:00,2023-05-19 02:28:58+00:00,2023-05-18 10:04:33+00:00,2023-05-19 03:03:32+00:00
ERCO,2023-05-19,2023-05-19 11:36:45+00:00,2023-05-20 01:31:25+00:00,2023-05-19 18:34:05+00:00,50080,2023-05-19 11:11:04+00:00,2023-05-20 01:57:06+00:00,2023-05-19 10:38:23+00:00,2023-05-20 02:29:47+00:00,2023-05-19 10:03:41+00:00,2023-05-20 03:04:29+00:00
ERCO,2023-05-20,2023-05-20 11:36:11+00:00,2023-05-21 01:32:05+00:00,2023-05-20 18:34:08+00:00,50154,2023-05-20 11:10:27+00:00,2023-05-21 01:57:50+00:00,2023-05-20 10:37:40+00:00,2023-05-21 02:30:36+00:00,2023-05-20 10:02:51+00:00,2023-05-21 03:05:26+00:00
ERCO,2023-05-21,2023-05-21 11:35:39+00:00,2023-05-22 01:32:45+00:00,2023-05-21 18:34:12+00:00,50226,2023-05-21 11:09:51+00:00,2023-05-22 01:58:33+00:00,2023-05-21 10:36:59+00:00,2023-05-22 02:31:25+00:00,2023-05-21 10:02:02+00:00,2023-05-22 03:06:22+00:00
ERCO,2023-05-22,2023-05-22 11:35:09+00:00,2023-05-23 01:33:25+00:00,2023-05-22 18:34:17+00:00,50296,2023-05-22 11:09:17+00:00,2023-05-23 01:59:16+00:00,2023-05-22 10:36:20+00:00,2023-05-23 02:32:13+00:00,2023-05-22 10:01:15+00:00,2023-05-23 03:07:18+00:00
ERCO,2023-05-23,2023-05-23 11:34:39+00:00,2023-05-24 01:34:04+00:00,2023-05-23 18:34:21+00:00,50365,2023-05-23 11:08:45+00:00,2023-05-24 01:59:58+00:00,2023-05-23 10:35:42+00:00,2023-05-24 02:33:01+00:00,2023-05-23 10:00:30+00:00,2023-05-24 03:08:13+00:00
ERCO,2023-05-24,2023-05-24 11:34:11+00:00,2023-05-25 01:34:42+00:00,2023-05-24 18:34:27+00:00,50431,2023-05-24 11:08:14+00:00,2023-05-25 02:00:40+00:00,2023-05-24 10:35:06+00:00,2023-05-25 02:33:48+00:00,2023-05-24 09:59:46+00:00,2023-05-25 03:09:07+00:00
ERCO,2023-05-25,2023-05-25 11:33:45+00:00,2023-05-26 01:35:20+00:00,2023-05-25 18:34:33+00:00,50495,2023-05-25 11:07:44+00:00,2023-05-26 02:01:21+00:00,2023-05-25 10:34:31+00:00,2023-05-26 02:34:34+00:00,2023-05-25 09:59:05+00:00,2023-05-26 03:10:01+00:00
ERCO,2023-05-26,2023-05-26 11:33:20+00:00,2023-05-27 01:35:58+00:00,2023-05-26 18:34:39+00:00,50558,2023-05-26 11:07:16+00:00,2023-05-27 02:02:02+00:00,2023-05-26 10:33:58+00:00,2023-05-27 02:35:20+00:00,2023-05-26 09:58:25+00:00,2023-05-27 03:10:54+00:00
ERCO,2023-05-27,2023-05-27 11:32:57+00:00,2023-05-28 01:36:35+00:00,2023-05-27 18:34:46+00:00,50618,2023-05-27 11:06:50+00:00,2023-05-28 02:02:42+00:00,2023-05-27 10:33:27+00:00,2023-05-28 02:36:05+00:00,2023-05-27 09:57:46+00:00,2023-05-28 03:11:46+00:00
ERCO,2023-05-28,2023-05-28 11:32:35+00:00,2023-05-29 01:37:12+00:00,2023-05-28 18:34:53+00:00,50677,2023-05-28 11:06:25+00:00,2023-05-29 02:03:22+00:00,2023-05-28 10:32:58+00:00,2023-05-29 02:36:49+00:00,2023-05-28 09:57:10+00:00,2023-05-29 03:12:37+00:00
ERCO,2023-05-29,2023-05-29 11:32:14+00:00,2023-05-30 01:37:48+00:00,2023-05-29 18:35:01+00:00,50734,2023-05-29 11:06:02+00:00,2023-05-30 02:04:01+00:00,2023-05-29 10:32:30+00:00,2023-05-30 02:37:33+00:00,2023-05-29 09:56:36+00:00,2023-05-30 03:13:27+00:00
ERCO,2023-05-30,2023-05-30 11:31:56+00:00,2023-05-31 01:38:23+00:00,2023-05-30 18:35:09+00:00,50787,2023-05-30 11:05:40+00:00,2023-05-31 02:04:39+00:00,2023-05-30 10:32:04+00:00,2023-05-31 02:38:15+00:00,2023-05-30 09:56:03+00:00,2023-05-31 03:14:16+00:00
ERCO,2023-05-31,2023-05-31 11:31:38+00:00,2023-06-01 01:38:58+00:00,2023-05-31 18:35:18+00:00,50840,2023-05-31 11:05:20+00:00,2023-06-01 02:05:16+00:00,2023-05-31 10:31:39+00:00,2023-06-01 02:38:57+00:00,2023-05-31 09:55:32+00:00,2023-06-01 03:15:04+00:00
ERCO,2023-06-01,2023-06-01 11:31:22+00:00,2023-06-02 01:39:32+00:00,2023-06-01 18:35:27+00:00,50890,2023-06-01 11:05:01+00:00,2023-06-02 02:05:53+00:00,2023-06-01 10:31:16+00:00,2023-06-02 02:39:38+00:00,2023-06-01 09:55:04+00:00,2023-06-02 03:15:51+00:00
ERCO,2023-06-02,2023-06-02 11:31:08+00:00,2023-06-03 01:40:05+00:00,2023-06-02 18:35:37+00:00,50937,2023-06-02 11:04:44+00:00,2023-06-03 02:06:29+00:00,2023-06-02 10:30:55+00:00,2023-06-03 02:40:18+00:00,2023-06-02 09:54:37+00:00,2023-06-03 03:16:36+00:00
ERCO,2023-06-03,2023-06-03 11:30:55+00:00,2023-06-04 01:40:38+00:00,2023-06-03 18:35:46+00:00,50983,2023-06-03 11:04:29+00:00,2023-06-04 02:07:04+00:00,2023-06-03 10:30:36+00:00,2023-06-04 02:40:57+00:00,2023-06-03 09:54:12+00:00,2023-06-04 03:17:21+00:00
ERCO,2023-06-04,2023-06-04 11:30:43+00:00,2023-06-05 01:41:10+00:00,2023-06-04 18:35:57+00:00,51027,2023-06-04 11:04:15+00:00,2023-06-05 02:07:38+00:00,2023-06-04 10:30:19+00:00,2023-06-05 02:41:34+00:00,2023-06-04 09:53:49+00:00,2023-06-05 03:18:04+00:00
ERCO,2023-06-05,2023-06-05 11:30:34+00:00,2023-06-06 01:41:41+00:00,2023-06-05 18:36:07+00:00,51067,2023-06-05 11:04:03+00:00,2023-06-06 02:08:11+00:00,2023-06-05 10:30:03+00:00,2023-06-06 02:42:11+00:00,2023-06-05 09:53:29+00:00,2023-06-06 03:18:46+00:00
ERCO,2023-06-06,2023-06-06 11:30:25+00:00,2023-06-07 01:42:11+00:00,2023-06-06 18:36:18+00:00,51106,2023-06-06 11:03:53+00:00,2023-06-07 02:08:43+00:00,2023-06-06 10:29:50+00:00,2023-06-07 02:42:46+00:00,2023-06-06 09:53:10+00:00,2023-06-07 03:19:26+00:00
ERCO,2023-06-07,2023-06-07 11:30:18+00:00,2023-06-08 01:42:40+00:00,2023-06-07 18:36:29+00:00,51142,2023-06-07 11:03:44+00:00,2023-06-08 02:09:14+00:00,2023-06-07 10:29:38+00:00,2023-06-08 02:43:21+00:00,2023-06-07 09:52:54+00:00,2023-06-08 03:20:05+00:00
ERCO,2023-06-08,2023-06-08 11:30:13+00:00,2023-06-09 01:43:08+00:00,2023-06-08 18:36:41+00:00,51175,2023-06-08 11:03:37+00:00,2023-06-09 02:09:45+00:00,2023-06-08 10:29:27+00:00,2023-06-09 02:43:54+00:00,2023-06-08 09:52:39+00:00,2023-06-09 03:20:42+00:00
ERCO,2023-06-09,2023-06-09 11:30:09+00:00,2023-06-10 01:43:36+00:00,2023-06-09 18:36:52+00:00,51207,2023-06-09 11:03:31+00:00,2023-06-10 02:10:14+00:00,2023-06-09 10:29:19+00:00,2023-06-10 02:44:26+00:00,2023-06-09 09:52:27+00:00,2023-06-10 03:21:18+00:00
ERCO,2023-06-10,2023-06-10 11:30:06+00:00,2023-06-11 01:44:02+00:00,2023-06-10 18:37:04+00:00,51236,2023-06-10 11:03:27+00:00,2023-06-11 02:10:42+00:00,2023-06-10 10:29:12+00:00,2023-06-11 02:44:56+00:00,2023-06-10 09:52:16+00:00,2023-06-11 03:21:52+00:00
ERCO,2023-06-11,2023-06-11 11:30:05+00:00,2023-06-12 01:44:27+00:00,2023-06-11 18:37:16+00:00,51262,2023-06-11 11:03:24+00:00,2023-06-12 02:11:08+00:00,2023-06-11 10:29:07+00:00,2023-06-12 02:45:25+00:00,2023-06-11 09:52:08+00:00,2023-06-12 03:22:25+00:00
ERCO,2023-06-12,2023-06-12 11:30:06+00:00,2023-06-13 01:44:52+00:00,2023-06-12 18:37:29+00:00,51286,2023-06-12 11:03:23+00:00,2023-06-13 02:11:34+00:00,2023-06-12 10:29:04+00:00,2023-06-13 02:45:53+00:00,2023-06-12 09:52:02+00:00,2023-06-13 03:22:56+00:00
ERCO,2023-06-13,2023-06-13 11:30:07+00:00,2023-06-14 01:45:15+00:00,2023-06-13 18:37:41+00:00,51308,2023-06-13 11:03:24+00:00,2023-06-14 02:11:58+00:00,2023-06-13 10:29:03+00:00,2023-06-14 02:46:19+00:00,2023-06-13 09:51:58+00:00,2023-06-14 03:23:25+00:00
ERCO,2023-06-14,2023-06-14 11:30:11+00:00,2023-06-15 01:45:37+00:00,2023-06-14 18:37:54+00:00,51326,2023-06-14 11:03:26+00:00,2023-06-15 02:12:22+00:00,2023-06-14 10:29:04+00:00,2023-06-15 02:46:44+00:00,2023-06-14 09:51:56+00:00,2023-06-15 03:23:52+00:00
ERCO,2023-06-15,2023-06-15 11:30:15+00:00,2023-06-16 01:45:58+00:00,2023-06-15 18:38:07+00:00,51343,2023-06-15 11:03:30+00:00,2023-06-16 02:12:43+00:00,2023-06-15 10:29:06+00:00,2023-06-16 02:47:07+00:00,2023-06-15 09:51:56+00:00,2023-06-16 03:24:17+00:00
ERCO,2023-06-16,2023-06-16 11:30:21+00:00,2023-06-17 01:46:18+00:00,2023-06-16 18:38:20+00:00,51357,2023-06-16 11:03:35+00:00,2023-06-17 02:13:04+00:00,2023-06-16 10:29:10+00:00,2023-06-17 02:47:29+00:00,2023-06-16 09:51:58+00:00,2023-06-17 03:24:41+00:00
ERCO,2023-06-17,2023-06-17 11:30:29+00:00,2023-06-18 01:46:36+00:00,2023-06-17 18:38:33+00:00,51367,2023-06-17 11:03:42+00:00,2023-06-18 02:13:23+00:00,2023-06-17 10:29:16+00:00,2023-06-18 02:47:49+00:00,2023-06-17 09:52:02+00:00,2023-06-18 03:25:03+00:00
ERCO,2023-06-18,2023-06-18 11:30:37+00:00,2023-06-19 01:46:54+00:00,2023-06-18 18:38:46+00:00,51377,2023-06-18 11:03:50+00:00,2023-06-19 02:13:41+00:00,2023-06-18 10:29:23+00:00,2023-06-19 02:48:08+00:00,2023-06-18 09:52:09+00:00,2023-06-19 03:25:22+00:00
ERCO,2023-06-19,2023-06-19 11:30:48+00:00,2023-06-20 01:47:10+00:00,2023-06-19 18:38:59+00:00,51382,2023-06-19 11:04:00+00:00,2023-06-20 02:13:57+00:00,2023-06-19 10:29:32+00:00,2023-06-20 02:48:25+00:00,2023-06-19 09:52:17+00:00,2023-06-20 03:25:40+00:00
ERCO,2023-06-20,2023-06-20 11:30:59+00:00,2023-06-21 01:47:25+00:00,2023-06-20 18:39:12+00:00,51386,2023-06-20 11:04:11+00:00,2023-06-21 02:14:12+00:00,2023-06-20 10:29:43+00:00,2023-06-21 02:48:40+00:00,2023-06-20 09:52:28+00:00,2023-06-21 03:25:56+00:00
ERCO,2023-06-21,2023-06-21 11:31:12+00:00,2023-06-22 01:47:38+00:00,2023-06-21 18:39:25+00:00,51386,2023-06-21 11:04:24+00:00,2023-06-22 02:14:26+00:00,2023-06-21 10:29:56+00:00,2023-06-22 02:48:54+00:00,2023-06-21 09:52:40+00:00,2023-06-22 03:26:10+00:00
ERCO,2023-06-22,2023-06-22 11:31:25+00:00,2023-06-23 01:47:50+00:00,2023-06-22 18:39:38+00:00,51385,2023-06-22 11:04:38+00:00,2023-06-23 02:14:38+00:00,2023-06-22 10:30:10+00:00,2023-06-23 02:49:06+00:00,2023-06-22 09:52:54+00:00,2023-06-23 03:26:21+00:00
ERCO,2023-06-23,2023-06-23 11:31:41+00:00,2023-06-24 01:48:01+00:00,2023-06-23 18:39:51+00:00,51380,2023-06-23 11:04:53+00:00,2023-06-24 02:14:49+00:00,2023-06-23 10:30:26+00:00,2023-06-24 02:49:16+00:00,2023-06-23 09:53:11+00:00,2023-06-24 03:26:31+00:00
ERCO,2023-06-24,2023-06-24 11:31:57+00:00,2023-06-25 01:48:11+00:00,2023-06-24 18:40:04+00:00,51374,2023-06-24 11:05:10+00:00,2023-06-25 02:14:58+00:00,2023-06-24 10:30:43+00:00,2023-06-25 02:49:25+00:00,2023-06-24 09:53:29+00:00,2023-06-25 03:26:39+00:00
ERCO,2023-06-25,2023-06-25 11:32:14+00:00,2023-06-26 01:48:19+00:00,2023-06-25 18:40:17+00:00,51365,2023-06-25 11:05:28+00:00,2023-06-26 02:15:05+00:00,2023-06-25 10:31:02+00:00,2023-06-26 02:49:31+00:00,2023-06-25 09:53:49+00:00,2023-06-26 03:26:44+00:00
ERCO,2023-06-26,2023-06-26 11:32:33+00:00,2023-06-27 01:48:25+00:00,2023-06-26 18:40:29+00:00,51352,2023-06-26 11:05:47+00:00,2023-06-27 02:15:11+00:00,2023-06-26 10:31:22+00:00,2023-06-27 02:49:36+00:00,2023-06-26 09:54:11+00:00,2023-06-27 03:26:47+00:00
ERCO,2023-06-27,2023-06-27 11:32:53+00:00,2023-06-28 01:48:31+00:00,2023-06-27 18:40:42+00:00,51338,2023-06-27 11:06:08+00:00,2023-06-28 02:15:16+00:00,2023-06-27 10:31:44+00:00,2023-06-28 02:49:39+00:00,2023-06-27 09:54:35+00:00,2023-06-28 03:26:49+00:00
ERCO,2023-06-28,2023-06-28 11:33:14+00:00,2023-06-29 01:48:34+00:00,2023-06-28 18:40:54+00:00,51320,2023-06-28 11:06:29+00:00,2023-06-29 02:15:19+00:00,2023-06-28 10:32:07+00:00,2023-06-29 02:49:41+00:00,2023-06-28 09:55:00+00:00,2023-06-29 03:26:48+00:00
ERCO,2023-06-29,2023-06-29 11:33:36+00:00,2023-06-30 01:48:37+00:00,2023-06-29 18:41:06+00:00,51301,2023-06-29 11:06:52+00:00,2023-06-30 02:15:20+00:00,2023-06-29 10:32:32+00:00,2023-06-30 02:49:40+00:00,2023-06-29 09:55:28+00:00,2023-06-30 03:26:45+00:00
ERCO,2023-06-30,2023-06-30 11:33:59+00:00,2023-07-01 01:48:38+00:00,2023-06-30 18:41:18+00:00,51279,2023-06-30 11:07:17+00:00,2023-07-01 02:15:19+00:00,2023-06-30 10:32:58+00:00,2023-07-01 02:49:38+00:00,2023-06-30 09:55:57+00:00,2023-07-01 03:26:39+00:00
ERCO,2023-07-01,2023-07-01 11:34:23+00:00,2023-07-02 01:48:37+00:00,2023-07-01 18:41:30+00:00,51254,2023-07-01 11:07:42+00:00,2023-07-02 02:15:17+00:00,2023-07-01 10:33:26+00:00,2023-07-02 02:49:34+00:00,2023-07-01 09:56:27+00:00,2023-07-02 03:26:32+00:00
ERCO,2023-07-02,2023-07-02 11:34:47+00:00,2023-07-03 01:48:35+00:00,2023-07-02 18:41:41+00:00,51228,2023-07-02 11:08:08+00:00,2023-07-03 02:15:14+00:00,2023-07-02 10:33:55+00:00,2023-07-03 02:49:28+00:00,2023-07-02 09:57:00+00:00,2023-07-03 03:26:23+00:00
ERCO,2023-07-03,2023-07-03 11:35:13+00:00,2023-07-04 01:48:31+00:00,2023-07-03 18:41:52+00:00,51198,2023-07-03 11:08:36+00:00,2023-07-04 02:15:09+00:00,2023-07-03 10:34:25+00:00,2023-07-04 02:49:20+00:00,2023-07-03 09:57:33+00:00,2023-07-04 03:26:11+00:00
ERCO,2023-07-04,2023-07-04 11:35:40+00:00,2023-07-05 01:48:26+00:00,2023-07-04 18:42:03+00:00,51166,2023-07-04 11:09:04+00:00,2023-07-05 02:15:02+00:00,2023-07-04 10:34:56+00:00,2023-07-05 02:49:10+00:00,2023-07-04 09:58:09+00:00,2023-07-05 03:25:57+00:00
ERCO,2023-07-05,2023-07-05 11:36:08+00:00,2023-07-06 01:48:19+00:00,2023-07-05 18:42:14+00:00,51131,2023-07-05 11:09:34+00:00,2023-07-06 02:14:53+00:00,2023-07-05 10:35:28+00:00,2023-07-06 02:48:59+00:00,2023-07-05 09:58:46+00:00,2023-07-06 03:25:41+00:00
ERCO,2023-07-06,2023-07-06 11:36:36+00:00,2023-07-07 01:48:11+00:00,2023-07-06 18:42:24+00:00,51095,2023-07-06 11:10:04+00:00,2023-07-07 02:14:43+00:00,2023-07-06 10:36:02+00:00,2023-07-07 02:48:45+00:00,2023-07-06 09:59:24+00:00,2023-07-07 03:25:23+00:00
ERCO,2023-07-07,2023-07-07 11:37:06+00:00,2023-07-08 01:48:01+00:00,2023-07-07 18:42:33+00:00,51055,2023-07-07 11:10:36+00:00,2023-07-08 02:14:31+00:00,2023-07-07 10:36:37+00:00,2023-07-08 02:48:30+00:00,2023-07-07 10:00:04+00:00,2023-07-08 03:25:03+00:00
ERCO,2023-07-08,2023-07-08 11:37:36+00:00,2023-07-09 01:47:50+00:00,2023-07-08 18:42:43+00:00,51014,2023-07-08 11:11:08+00:00,2023-07-09 02:14:18+00:00,2023-07-08 10:37:13+00:00,2023-07-09 02:48:13+00:00,2023-07-08 10:00:44+00:00,2023-07-09 03:24:41+00:00
ERCO,2023-07-09,2023-07-09 11:38:06+00:00,2023-07-10 01:47:37+00:00,2023-07-09 18:42:52+00:00,50971,2023-07-09 11:11:41+00:00,2023-07-10 02:14:03+00:00,2023-07-09 10:37:49+00:00,2023-07-10 02:47:54+00:00,2023-07-09 10:01:27+00:00,2023-07-10 03:24:17+00:00
ERCO,2023-07-10,2023-07-10 11:38:38+00:00,2023-07-11 01:47:23+00:00,2023-07-10 18:43:00+00:00,50925,2023-07-10 11:12:15+00:00,2023-07-11 02:13:46+00:00,2023-07-10 10:38:27+00:00,2023-07-11 02:47:34+00:00,2023-07-10 10:02:10+00:00,2023-07-11 03:23:51+00:00
ERCO,2023-07-11,2023-07-11 11:39:10+00:00,2023-07-12 01:47:07+00:00,2023-07-11 18:43:08+00:00,50877,2023-07-11 11:12:50+00:00,2023-07-12 02:13:27+00:00,2023-07-11 10:39:06+00:00,2023-07-12 02:47:11+00:00,2023-07-11 10:02:55+00:00,2023-07-12 03:23:22+00:00
ERCO,2023-07-12,2023-07-12 11:39:43+00:00,2023-07-13 01:46:49+00:00,2023-07-12 18:43:16+00:00,50826,2023-07-12 11:13:25+00:00,2023-07-13 02:13:07+00:00,2023-07-12 10:39:45+00:00,2023-07-13 02:46:47+00:00,2023-07-12 10:03:40+00:00,2023-07-13 03:22:52+00:00
ERCO,2023-07-13,2023-07-13 11:40:16+00:00,2023-07-14 01:46:30+00:00,2023-07-13 18:43:23+00:00,50774,2023-07-13 11:14:01+00:00,2023-07-14 02:12:46+00:00,2023-07-13 10:40:26+00:00,2023-07-14 02:46:21+00:00,2023-07-13 10:04:27+00:00,2023-07-14 03:22:20+00:00
ERCO,2023-07-14,2023-07-14 11:40:50+00:00,2023-07-15 01:46:10+00:00,2023-07-14 18:43:30+00:00,50720,2023-07-14 11:14:38+00:00,2023-07-15 02:12:22+00:00,2023-07-14 10:41:07+00:00,2023-07-15 02:45:53+00:00,2023-07-14 10:05:15+00:00,2023-07-15 03:21:45+00:00
ERCO,2023-07-15,2023-07-15 11:41:25+00:00,2023-07-16 01:45:48+00:00,2023-07-15 18:43:36+00:00,50663,2023-07-15 11:15:15+00:00,2023-07-16 02:11:57+00:00,2023-07-15 10:41:49+00:00,2023-07-16 02:45:23+00:00,2023-07-15 10:06:03+00:00,2023-07-16 03:21:09+00:00
ERCO,2023-07-16,2023-07-16 11:42:00+00:00,2023-07-17 01:45:24+00:00,2023-07-16 18:43:42+00:00,50604,2023-07-16 11:15:53+00:00,2023-07-17 02:11:31+00:00,2023-07-16 10:42:32+00:00,2023-07-17 02:44:52+00:00,2023-07-16 10:06:53+00:00,2023-07-17 03:20:31+00:00
ERCO,2023-07-17,2023-07-17 11:42:36+00:00,2023-07-18 01:44:59+00:00,2023-07-17 18:43:47+00:00,50543,2023-07-17 11:16:32+00:00,2023-07-18 02:11:03+00:00,2023-07-17 10:43:15+00:00,2023-07-18 02:44:19+00:00,2023-07-17 10:07:43+00:00,2023-07-18 03:19:51+00:00
ERCO,2023-07-18,2023-07-18 11:43:11+00:00,2023-07-19 01:44:32+00:00,2023-07-18 18:43:52+00:00,50481,2023-07-18 11:17:11+00:00,2023-07-19 02:10:33+00:00,2023-07-18 10:43:59+00:00,2023-07-19 02:43:45+00:00,2023-07-18 10:08:34+00:00,2023-07-19 03:19:10+00:00
ERCO,2023-07-19,2023-07-19 11:43:48+00:00,2023-07-20 01:44:04+00:00,2023-07-19 18:43:56+00:00,50416,2023-07-19 11:17:50+00:00,2023-07-20 02:10:02+00:00,2023-07-19 10:44:44+00:00,2023-07-20 02:43:08+00:00,2023-07-19 10:09:26+00:00,2023-07-20 03:18:26+00:00
ERCO,2023-07-20,2023-07-20 11:44:25+00:00,2023-07-21 01:43:35+00:00,2023-07-20 18:44:00+00:00,50350,2023-07-20 11:18:30+00:00,2023-07-21 02:09:29+00:00,2023-07-20 10:45:29+00:00,2023-07-21 02:42:30+00:00,2023-07-20 10:10:18+00:00,2023-07-21 03:17:41+00:00
ERCO,2023-07-21,2023-07-21 11:45:02+00:00,2023-07-22 01:43:03+00:00,2023-07-21 18:44:03+00:00,50281,2023-07-21 11:19:11+00:00,2023-07-22 02:08:54+00:00,2023-07-21 10:46:15+00:00,2023-07-22 02:41:51+00:00,2023-07-21 10:11:11+00:00,2023-07-22 03:16:54+00:00
ERCO,2023-07-22,2023-07-22 11:45:39+00:00,2023-07-23 01:42:31+00:00,2023-07-22 18:44:05+00:00,50212,2023-07-22 11:19:52+00:00,2023-07-23 02:08:18+00:00,2023-07-22 10:47:01+00:00,2023-07-23 02:41:09+00:00,2023-07-22 10:12:05+00:00,2023-07-23 03:16:05+00:00
ERCO,2023-07-23,2023-07-23 11:46:17+00:00,2023-07-24 01:41:57+00:00,2023-07-23 18:44:07+00:00,50140,2023-07-23 11:20:33+00:00,2023-07-24 02:07:41+00:00,2023-07-23 10:47:47+00:00,2023-07-24 02:40:27+00:00,2023-07-23 10:12:59+00:00,2023-07-24 03:15:15+00:00
ERCO,2023-07-24,2023-07-24 11:46:55+00:00,2023-07-25 01:41:21+00:00,2023-07-24 18:44:08+00:00,50066,2023-07-24 11:21:14+00:00,2023-07-25 02:07:02+00:00,2023-07-24 10:48:34+00:00,2023-07-25 02:39:42+00:00,2023-07-24 10:13:54+00:00,2023-07-25 03:14:23+00:00
ERCO,2023-07-25,2023-07-25 11:47:33+00:00,2023-07-26 01:40:44+00:00,2023-07-25 18:44:09+00:00,49991,2023-07-25 11:21:56+00:00,2023-07-26 02:06:22+00:00,2023-07-25 10:49:21+00:00,2023-07-26 02:38:56+00:00,2023-07-25 10:14:49+00:00,2023-07-26 03:13:29+00:00
ERCO,2023-07-26,2023-07-26 11:48:12+00:00,2023-07-27 01:40:06+00:00,2023-07-26 18:44:09+00:00,49914,2023-07-26 11:22:38+00:00,2023-07-27 02:05:40+00:00,2023-07-26 10:50:09+00:00,2023-07-27 02:38:09+00:00,2023-07-26 10:15:44+00:00,2023-07-27 03:12:34+00:00
ERCO,2023-07-27,2023-07-27 11:48:50+00:00,2023-07-28 01:39:26+00:00,2023-07-27 18:44:08+00:00,49836,2023-07-27 11:23:20+00:00,2023-07-28 02:04:57+00:00,2023-07-27 10:50:57+00:00,2023-07-28 02:37:20+00:00,2023-07-27 10:16:40+00:00,2023-07-28 03:11:37+00:00
ERCO,2023-07-28,2023-07-28 11:49:29+00:00,2023-07-29 01:38:45+00:00,2023-07-28 18:44:07+00:00,49756,2023-07-28 11:24:03+00:00,2023-07-29 02:04:12+00:00,2023-07-28 10:51:45+00:00,2023-07-29 02:36:30+00:00,2023-07-28 10:17:36+00:00,2023-07-29 03:10:39+00:00
ERCO,2023-07-29,2023-07-29 11:50:08+00:00,2023-07-30 01:38:03+00:00,2023-07-29 18:44:06+00:00,49675,2023-07-29 11:24:45+00:00,2023-07-30 02:03:26+00:00,2023-07-29 10:52:33+00:00,2023-07-30 02:35:38+00:00,2023-07-29 10:18:32+00:00,2023-07-30 03:09:40+00:00
ERCO,2023-07-30,2023-07-30 11:50:47+00:00,2023-07-31 01:37:19+00:00,2023-07-30 18:44:03+00:00,49592,2023-07-30 11:25:28+00:00,2023-07-31 02:02:39+00:00,2023-07-30 10:53:21+00:00,2023-07-31 02:34:45+00:00,2023-07-30 10:19:28+00:00,2023-07-31 03:08:39+00:00
ERCO,2023-07-31,2023-07-31 11:51:27+00:00,2023-08-01 01:36:34+00:00,2023-07-31 18:44:00+00:00,49507,2023-07-31 11:26:11+00:00,2023-08-01 02:01:50+00:00,2023-07-31 10:54:10+00:00,2023-08-01 02:33:51+00:00,2023-07-31 10:20:25+00:00,2023-08-01 03:07:36+00:00
ERCO,2023-08-01,2023-08-01 11:52:06+00:00,2023-08-02 01:35:48+00:00,2023-08-01 18:43:57+00:00,49422,2023-08-01 11:26:54+00:00,2023-08-02 02:01:00+00:00,2023-08-01 10:54:58+00:00,2023-08-02 02:32:55+00:00,2023-08-01 10:21:21+00:00,2023-08-02 03:06:33+00:00
ERCO,2023-08-02,2023-08-02 11:52:45+00:00,2023-08-03 01:35:00+00:00,2023-08-02 18:43:53+00:00,49335,2023-08-02 11:27:36+00:00,2023-08-03 02:00:09+00:00,2023-08-02 10:55:47+00:00,2023-08-03 02:31:58+00:00,2023-08-02 10:22:18+00:00,2023-08-03 03:05:28+00:00
ERCO,2023-08-03,2023-08-03 11:53:25+00:00,2023-08-04 01:34:11+00:00,2023-08-03 18:43:48+00:00,49246,2023-08-03 11:28:20+00:00,2023-08-04 01:59:17+00:00,2023-08-03 10:56:36+00:00,2023-08-04 02:31:00+00:00,2023-08-03 10:23:15+00:00,2023-08-04 03:04:22+00:00
ERCO,2023-08-04,2023-08-04 11:54:04+00:00,2023-08-05 01:33:21+00:00,2023-08-04 18:43:43+00:00,49157,2023-08-04 11:29:03+00:00,2023-08-05 01:58:23+00:00,2023-08-04 10:57:25+00:00,2023-08-05 02:30:01+00:00,2023-08-04 10:24:11+00:00,2023-08-05 03:03:14+00:00
ERCO,2023-08-05,2023-08-05 11:54:44+00:00,2023-08-06 01:32:30+00:00,2023-08-05 18:43:37+00:00,49066,2023-08-05 11:29:46+00:00,2023-08-06 01:57:28+00:00,2023-08-05 10:58:13+00:00,2023-08-06 02:29:00+00:00,2023-08-05 10:25:08+00:00,2023-08-06 03:02:06+00:00
ERCO,2023-08-06,2023-08-06 11:55:23+00:00,2023-08-07 01:31:37+00:00,2023-08-06 18:43:30+00:00,48974,2023-08-06 11:30:29+00:00,2023-08-07 01:56:32+00:00,2023-08-06 10:59:02+00:00,2023-08-07 02:27:58+00:00,2023-08-06 10:26:04+00:00,2023-08-07 03:00:56+00:00
ERCO,2023-08-07,2023-08-07 11:56:02+00:00,2023-08-08 01:30:44+00:00,2023-08-07 18:43:23+00:00,48882,2023-08-07 11:31:12+00:00,2023-08-08 01:55:34+00:00,2023-08-07 10:59:51+00:00,2023-08-08 02:26:55+00:00,2023-08-07 10:27:01+00:00,2023-08-08 02:59:45+00:00
ERCO,2023-08-08,2023-08-08 11:56:42+00:00,2023-08-09 01:29:49+00:00,2023-08-08 18:43:15+00:00,48787,2023-08-08 11:31:55+00:00,2023-08-09 01:54:36+00:00,2023-08-08 11:00:39+00:00,2023-08-09 02:25:51+00:00,2023-08-08 10:27:57+00:00,2023-08-09 02:58:33+00:00
ERCO,2023-08-09,2023-08-09 11:57:21+00:00,2023-08-10 01:28:53+00:00,2023-08-09 18:43:07+00:00,48692,2023-08-09 11:32:37+00:00,2023-08-10 01:53:37+00:00,2023-08-09 11:01:28+00:00,2023-08-10 02:24:46+00:00,2023-08-09 10:28:53+00:00,2023-08-10 02:57:21+00:00
ERCO,2023-08-10,2023-08-10 11:58:00+00:00,2023-08-11 01:27:56+00:00,2023-08-10 18:42:58+00:00,48596,2023-08-10 11:33:20+00:00,2023-08-11 01:52:36+00:00,2023-08-10 11:02:16+00:00,2023-08-11 02:23:40+00:00,2023-08-10 10:29:49+00:00,2023-08-11 02:56:07+00:00
ERCO,2023-08-11,2023-08-11 11:58:40+00:00,2023-08-12 01:26:58+00:00,2023-08-11 18:42:49+00:00,48498,2023-08-11 11:34:03+00:00,2023-08-12 01:51:34+00:00,2023-08-11 11:03:04+00:00,2023-08-12 02:22:33+00:00,2023-08-11 10:30:45+00:00,2023-08-12 02:54:52+00:00
ERCO,2023-08-12,2023-08-12 11:59:19+00:00,2023-08-13 01:25:58+00:00,2023-08-12 18:42:39+00:00,48399,2023-08-12 11:34:45+00:00,2023-08-13 01:50:32+00:00,2023-08-12 11:03:52+00:00,2023-08-13 02:21:25+00:00,2023-08-12 10:31:41+00:00,2023-08-13 02:53:36+00:00
ERCO,2023-08-13,2023-08-13 11:59:58+00:00,2023-08-14 01:24:58+00:00,2023-08-13 18:42:28+00:00,48300,2023-08-13 11:35:28+00:00,2023-08-14 01:49:28+00:00,2023-08-13 11:04:40+00:00,2023-08-14 02:20:16+00:00,2023-08-13 10:32:36+00:00,2023-08-14 02:52:20+00:00
ERCO,2023-08-14,2023-08-14 12:00:37+00:00,2023-08-15 01:23:57+00:00,2023-08-14 18:42:17+00:00,48200,2023-08-14 11:36:10+00:00,2023-08-15 01:48:24+00:00,2023-08-14 11:05:28+00:00,2023-08-15 02:19:06+00:00,2023-08-14 10:33:31+00:00,2023-08-15 02:51:03+00:00
ERCO,2023-08-15,2023-08-15 12:01:15+00:00,2023-08-16 01:22:55+00:00,2023-08-15 18:42:05+00:00,48100,2023-08-15 11:36:52+00:00,2023-08-16 01:47:18+00:00,2023-08-15 11:06:15+00:00,2023-08-16 02:17:55+00:00,2023-08-15 10:34:26+00:00,2023-08-16 02:49:45+00:00
ERCO,2023-08-16,2023-08-16 12:01:54+00:00,2023-08-17 01:21:52+00:00,2023-08-16 18:41:53+00:00,47998,2023-08-16 11:37:34+00:00,2023-08-17 01:46:12+00:00,2023-08-16 11:07:02+00:00,2023-08-17 02:16:43+00:00,2023-08-16 10:35:20+00:00,2023-08-17 02:48:26+00:00
ERCO,2023-08-17,2023-08-17 12:02:33+00:00,2023-08-18 01:20:48+00:00,2023-08-17 18:41:40+00:00,47895,2023-08-17 11:38:16+00:00,2023-08-18 01:45:04+00:00,2023-08-17 11:07:49+00:00,2023-08-18 02:15:31+00:00,2023-08-17 10:36:14+00:00,2023-08-18 02:47:06+00:00
ERCO,2023-08-18,2023-08-18 12:03:11+00:00,2023-08-19 01:19:43+00:00,2023-08-18 18:41:27+00:00,47792,2023-08-18 11:38:58+00:00,2023-08-19 01:43:56+00:00,2023-08-18 11:08:36+00:00,2023-08-19 02:14:18+00:00,2023-08-18 10:37:08+00:00,2023-08-19 02:45:46+00:00
ERCO,2023-08-19,2023-08-19 12:03:50+00:00,2023-08-20 01:18:37+00:00,2023-08-19 18:41:13+00:00,47687,2023-08-19 11:39:39+00:00,2023-08-20 01:42:47+00:00,2023-08-19 11:09:23+00:00,2023-08-20 02:13:04+00:00,2023-08-19 10:38:01+00:00,2023-08-20 02:44:25+00:00
ERCO,2023-08-20,2023-08-20 12:04:28+00:00,2023-08-21 01:17:30+00:00,2023-08-20 18:40:59+00:00,47582,2023-08-20 11:40:20+00:00,2023-08-21 01:41:38+00:00,2023-08-20 11:10:09+00:00,2023-08-21 02:11:49+00:00,2023-08-20 10:38:55+00:00,2023-08-21 02:43:04+00:00
ERCO,2023-08-21,2023-08-21 12:05:06+00:00,2023-08-22 01:16:23+00:00,2023-08-21 18:40:44+00:00,47477,2023-08-21 11:41:02+00:00,2023-08-22 01:40:27+00:00,2023-08-21 11:10:55+00:00,2023-08-22 02:10:34+00:00,2023-08-21 10:39:47+00:00,2023-08-22 02:41:41+00:00
ERCO,2023-08-22,2023-08-22 12:05:44+00:00,2023-08-23 01:15:15+00:00,2023-08-22 18:40:29+00:00,47371,2023-08-22 11:41:43+00:00,2023-08-23 01:39:16+00:00,2023-08-22 11:11:41+00:00,2023-08-23 02:09:18+00:00,2023-08-22 10:40:40+00:00,2023-08-23 02:40:19+00:00
ERCO,2023-08-23,2023-08-23 12:06:22+00:00,2023-08-24 01:14:06+00:00,2023-08-23 18:40:14+00:00,47264,2023-08-23 11:42:23+00:00,2023-08-24 01:38:04+00:00,2023-08-23 11:12:26+00:00,2023-08-24 02:08:01+00:00,2023-08-23 10:41:31+00:00,2023-08-24 02:38:56+00:00
ERCO,2023-08-24,2023-08-24 12:06:59+00:00,2023-08-25 01:12:56+00:00,2023-08-24 18:39:58+00:00,47157,2023-08-24 11:43:04+00:00,2023-08-25 01:36:51+00:00,2023-08-24 11:13:11+00:00,2023-08-25 02:06:44+00:00,2023-08-24 10:42:23+00:00,2023-08-25 02:37:32+00:00
ERCO,2023-08-25,2023-08-25 12:07:37+00:00,2023-08-26 01:11:46+00:00,2023-08-25 18:39:41+00:00,47049,2023-08-25 11:43:44+00:00,2023-08-26 01:35:38+00:00,2023-08-25 11:13:56+00:00,2023-08-26 02:05:26+00:00,2023-08-25 10:43:14+00:00,2023-08-26 02:36:08+00:00
ERCO,2023-08-26,2023-08-26 12:08:14+00:00,2023-08-27 01:10:34+00:00,2023-08-26 18:39:24+00:00,46940,2023-08-26 11:44:24+00:00,2023-08-27 01:34:24+00:00,2023-08-26 11:14:41+00:00,2023-08-27 02:04:08+00:00,2023-08-26 10:44:05+00:00,2023-08-27 02:34:44+00:00
ERCO,2023-08-27,2023-08-27 12:08:51+00:00,2023-08-28 01:09:23+00:00,2023-08-27 18:39:07+00:00,46832,2023-08-27 11:45:04+00:00,2023-08-28 01:33:10+00:00,2023-08-27 11:15:25+00:00,2023-08-28 02:02:49+00:00,2023-08-27 10:44:55+00:00,2023-08-28 02:33:19+00:00
ERCO,2023-08-28,2023-08-28 12:09:29+00:00,2023-08-29 01:08:10+00:00,2023-08-28 18:38:49+00:00,46721,2023-08-28 11:45:44+00:00,2023-08-29 01:31:55+00:00,2023-08-28 11:16:09+00:00,2023-08-29 02:01:30+00:00,2023-08-28 10:45:45+00:00,2023-08-29 02:31:54+00:00
ERCO,2023-08-29,2023-08-29 12:10:06+00:00,2023-08-30 01:06:57+00:00,2023-08-29 18:38:31+00:00,46611,2023-08-29 11:46:24+00:00,2023-08-30 01:30:39+00:00,2023-08-29 11:16:53+00:00,2023-08-30 02:00:10+00:00,2023-08-29 10:46:34+00:00,2023-08-30 02:30:28+00:00
ERCO,2023-08-30,2023-08-30 12:10:43+00:00,2023-08-31 01:05:44+00:00,2023-08-30 18:38:13+00:00,46501,2023-08-30 11:47:03+00:00,2023-08-31 01:29:23+00:00,2023-08-30 11:17:36+00:00,2023-08-31 01:58:50+00:00,2023-08-30 10:47:23+00:00,2023-08-31 02:29:03+00:00
ERCO,2023-08-31,2023-08-31 12:11:19+00:00,2023-09-01 01:04:30+00:00,2023-08-31 18:37:54+00:00,46391,2023-08-31 11:47:42+00:00,2023-09-01 01:28:07+00:00,2023-08-31 11:18:19+00:00,2023-09-01 01:57:30+00:00,2023-08-31 10:48:12+00:00,2023-09-01 02:27:37+00:00
ERCO,2023-09-01,2023-09-01 12:11:56+00:00,2023-09-02 01:03:15+00:00,2023-09-01 18:37:36+00:00,46279,2023-09-01 11:48:21+00:00,2023-09-02 01:26:50+00:00,2023-09-01 11:19:02+00:00,2023-09-02 01:56:09+00:00,2023-09-01 10:49:00+00:00,2023-09-02 02:26:11+00:00
ERCO,2023-09-02,2023-09-02 12:12:33+00:00,2023-09-03 01:02:00+00:00,2023-09-02 18:37:16+00:00,46167,2023-09-02 11:49:00+00:00,2023-09-03 01:25:33+00:00,2023-09-02 11:19:45+00:00,2023-09-03 01:54:48+00:00,2023-09-02 10:49:48+00:00,2023-09-03 02:24:44+00:00
ERCO,2023-09-03,2023-09-03 12:13:09+00:00,2023-09-04 01:00:44+00:00,2023-09-03 18:36:57+00:00,46055,2023-09-03 11:49:39+00:00,2023-09-04 01:24:15+00:00,2023-09-03 11:20:27+00:00,2023-09-04 01:53:26+00:00,2023-09-03 10:50:36+00:00,2023-09-04 02:23:18+00:00
ERCO,2023-09-04,2023-09-04 12:13:46+00:00,2023-09-05 00:59:28+00:00,2023-09-04 18:36:37+00:00,45942,2023-09-04 11:50:17+00:00,2023-09-05 01:22:57+00:00,2023-09-04 11:21:09+00:00,2023-09-05 01:52:05+00:00,2023-09-04 10:51:23+00:00,2023-09-05 02:21:51+00:00
ERCO,2023-09-05,2023-09-05 12:14:22+00:00,2023-09-06 00:58:12+00:00,2023-09-05 18:36:17+00:00,45830,2023-09-05 11:50:56+00:00,2023-09-06 01:21:38+00:00,2023-09-05 11:21:51+00:00,2023-09-06 01:50:43+00:00,2023-09-05 10:52:09+00:00,2023-09-06 02:20:25+00:00
ERCO,2023-09-06,2023-09-06 12:14:58+00:00,2023-09-07 00:56:55+00:00,2023-09-06 18:35:57+00:00,45717,2023-09-06 11:51:34+00:00,2023-09-07 01:20:20+00:00,2023-09-06 11:22:33+00:00,2023-09-07 01:49:21+00:00,2023-09-06 10:52:56+00:00,2023-09-07 02:18:58+00:00
ERCO,2023-09-07,2023-09-07 12:15:35+00:00,2023-09-08 00:55:38+00:00,2023-09-07 18:35:36+00:00,45603,2023-09-07 11:52:12+00:00,2023-09-08 01:19:01+00:00,2023-09-07 11:23:14+00:00,2023-09-08 01:47:59+00:00,2023-09-07 10:53:41+00:00,2023-09-08 02:17:31+00:00
ERCO,2023-09-08,2023-09-08 12:16:11+00:00,2023-09-09 00:54:20+00:00,2023-09-08 18:35:16+00:00,45489,2023-09-08 11:52:50+00:00,2023-09-09 01:17:41+00:00,2023-09-08 11:23:55+00:00,2023-09-09 01:46:36+00:00,2023-09-08 10:54:27+00:00,2023-09-09 02:16:04+00:00
ERCO,2023-09-09,2023-09-09 12:16:47+00:00,2023-09-10 00:53:03+00:00,2023-09-09 18:34:55+00:00,45376,2023-09-09 11:53:28+00:00,2023-09-10 01:16:22+00:00,2023-09-09 11:24:36+00:00,2023-09-10 01:45:14+00:00,2023-09-09 10:55:12+00:00,2023-09-10 02:14:38+00:00
ERCO,2023-09-10,2023-09-10 12:17:23+00:00,2023-09-11 00:51:45+00:00,2023-09-10 18:34:34+00:00,45262,2023-09-10 11:54:05+00:00,2023-09-11 01:15:02+00:00,2023-09-10 11:25:16+00:00,2023-09-11 01:43:51+00:00,2023-09-10 10:55:57+00:00,2023-09-11 02:13:11+00:00
ERCO,2023-09-11,2023-09-11 12:17:59+00:00,2023-09-12 00:50:26+00:00,2023-09-11 18:34:13+00:00,45147,2023-09-11 11:54:43+00:00,2023-09-12 01:13:43+00:00,2023-09-11 11:25:57+00:00,2023-09-12 01:42:29+00:00,2023-09-11 10:56:41+00:00,2023-09-12 02:11:44+00:00
ERCO,2023-09-12,2023-09-12 12:18:35+00:00,2023-09-13 00:49:08+00:00,2023-09-12 18:33:52+00:00,45033,2023-09-12 11:55:21+00:00,2023-09-13 01:12:23+00:00,2023-09-12 11:26:37+00:00,2023-09-13 01:41:06+00:00,2023-09-12 10:57:25+00:00,2023-09-13 02:10:18+00:00
ERCO,2023-09-13,2023-09-13 12:19:11+00:00,2023-09-14 00:47:49+00:00,2023-09-13 18:33:30+00:00,44918,2023-09-13 11:55:58+00:00,2023-09-14 01:11:03+00:00,2023-09-13 11:27:17+00:00,2023-09-14 01:39:44+00:00,2023-09-13 10:58:09+00:00,2023-09-14 02:08:52+00:00
ERCO,2023-09-14,2023-09-14 12:19:48+00:00,2023-09-15 00:46:30+00:00,2023-09-14 18:33:09+00:00,44802,2023-09-14 11:56:35+00:00,2023-09-15 01:09:43+00:00,2023-09-14 11:27:57+00:00,2023-09-15 01:38:21+00:00,2023-09-14 10:58:52+00:00,2023-09-15 02:07:26+00:00
ERCO,2023-09-15,2023-09-15 12:20:24+00:00,2023-09-16 00:45:11+00:00,2023-09-15 18:32:48+00:00,44687,2023-09-15 11:57:13+00:00,2023-09-16 01:08:22+00:00,2023-09-15 11:28:36+00:00,2023-09-16 01:36:59+00:00,2023-09-15 10:59:36+00:00,2023-09-16 02:06:00+00:00
ERCO,2023-09-16,2023-09-16 12:21:00+00:00,2023-09-17 00:43:52+00:00,2023-09-16 18:32:26+00:00,44572,2023-09-16 11:57:50+00:00,2023-09-17 01:07:02+00:00,2023-09-16 11:29:16+00:00,2023-09-17 01:35:37+00:00,2023-09-16 11:00:18+00:00,2023-09-17 02:04:34+00:00
ERCO,2023-09-17,2023-09-17 12:21:36+00:00,2023-09-18 00:42:33+00:00,2023-09-17 18:32:05+00:00,44457,2023-09-17 11:58:27+00:00,2023-09-18 01:05:42+00:00,2023-09-17 11:29:55+00:00,2023-09-18 01:34:14+00:00,2023-09-17 11:01:01+00:00,2023-09-18 02:03:08+00:00
ERCO,2023-09-18,2023-09-18 12:22:12+00:00,2023-09-19 00:41:14+00:00,2023-09-18 18:31:43+00:00,44342,2023-09-18 11:59:04+00:00,2023-09-19 01:04:22+00:00,2023-09-18 11:30:34+00:00,2023-09-19 01:32:52+00:00,2023-09-18 11:01:43+00:00,2023-09-19 02:01:43+00:00
ERCO,2023-09-19,2023-09-19 12:22:49+00:00,2023-09-20 00:39:55+00:00,2023-09-19 18:31:22+00:00,44226,2023-09-19 11:59:42+00:00,2023-09-20 01:03:02+00:00,2023-09-19 11:31:13+00:00,2023-09-20 01:31:31+00:00,2023-09-19 11:02:25+00:00,2023-09-20 02:00:19+00:00
ERCO,2023-09-20,2023-09-20 12:23:25+00:00,2023-09-21 00:38:36+00:00,2023-09-20 18:31:00+00:00,44111,2023-09-20 12:00:19+00:00,2023-09-21 01:01:42+00:00,2023-09-20 11:31:52+00:00,2023-09-21 01:30:09+00:00,2023-09-20 11:03:07+00:00,2023-09-21 01:58:54+00:00
ERCO,2023-09-21,2023-09-21 12:24:02+00:00,2023-09-22 00:37:16+00:00,2023-09-21 18:30:39+00:00,43994,2023-09-21 12:00:56+00:00,2023-09-22 01:00:22+00:00,2023-09-21 11:32:31+00:00,2023-09-22 01:28:48+00:00,2023-09-21 11:03:48+00:00,2023-09-22 01:57:30+00:00
ERCO,2023-09-22,2023-09-22 12:24:39+00:00,2023-09-23 00:35:57+00:00,2023-09-22 18:30:18+00:00,43878,2023-09-22 12:01:33+00:00,2023-09-23 00:59:03+00:00,2023-09-22 11:33:10+00:00,2023-09-23 01:27:26+00:00,2023-09-22 11:04:30+00:00,2023-09-23 01:56:06+00:00
ERCO,2023-09-23,2023-09-23 12:25:15+00:00,2023-09-24 00:34:38+00:00,2023-09-23 18:29:57+00:00,43763,2023-09-23 12:02:10+00:00,2023-09-24 00:57:43+00:00,2023-09-23 11:33:48+00:00,2023-09-24 01:26:06+00:00,2023-09-23 11:05:11+00:00,2023-09-24 01:54:43+00:00
ERCO,2023-09-24,2023-09-24 12:25:52+00:00,2023-09-25 00:33:20+00:00,2023-09-24 18:29:36+00:00,43648,2023-09-24 12:02:48+00:00,2023-09-25 00:56:24+00:00,2023-09-24 11:34:27+00:00,2023-09-25 01:24:45+00:00,2023-09-24 11:05:52+00:00,2023-09-25 01:53:20+00:00
ERCO,2023-09-25,2023-09-25 12:26:29+00:00,2023-09-26 00:32:01+00:00,2023-09-25 18:29:15+00:00,43532,2023-09-25 12:03:25+00:00,2023-09-26 00:55:05+00:00,2023-09-25 11:35:05+00:00,2023-09-26 01:23:25+00:00,2023-09-25 11:06:32+00:00,2023-09-26 01:51:58+00:00
ERCO,2023-09-26,2023-09-26 12:27:07+00:00,2023-09-27 00:30:42+00:00,2023-09-26 18:28:54+00:00,43415,2023-09-26 12:04:02+00:00,2023-09-27 00:53:46+00:00,2023-09-26 11:35:44+00:00,2023-09-27 01:22:05+00:00,2023-09-26 11:07:13+00:00,2023-09-27 01:50:36+00:00
ERCO,2023-09-27,2023-09-27 12:27:44+00:00,2023-09-28 00:29:24+00:00,2023-09-27 18:28:34+00:00,43300,2023-09-27 12:04:40+00:00,2023-09-28 00:52:28+00:00,2023-09-27 11:36:22+00:00,2023-09-28 01:20:46+00:00,2023-09-27 11:07:53+00:00,2023-09-28 01:49:15+00:00
ERCO,2023-09-28,2023-09-28 12:28:22+00:00,2023-09-29 00:28:06+00:00,2023-09-28 18:28:14+00:00,43184,2023-09-28 12:05:18+00:00,2023-09-29 00:51:10+00:00,2023-09-28 11:37:01+00:00,2023-09-29 01:19:27+00:00,2023-09-28 11:08:33+00:00,2023-09-29 01:47:54+00:00
ERCO,2023-09-29,2023-09-29 12:29:00+00:00,2023-09-30 00:26:48+00:00,2023-09-29 18:27:54+00:00,43068,2023-09-29 12:05:55+00:00,2023-09-30 00:49:52+00:00,2023-09-29 11:37:39+00:00,2023-09-30 01:18:08+00:00,2023-09-29 11:09:13+00:00,2023-09-30 01:46:34+00:00
ERCO,2023-09-30,2023-09-30 12:29:38+00:00,2023-10-01 00:25:30+00:00,2023-09-30 18:27:34+00:00,42952,2023-09-30 12:06:33+00:00,2023-10-01 00:48:35+00:00,2023-09-30 11:38:17+00:00,2023-10-01 01:16:51+00:00,2023-09-30 11:09:53+00:00,2023-10-01 01:45:14+00:00
ERCO,2023-10-01,2023-10-01 12:30:16+00:00,2023-10-02 00:24:13+00:00,2023-10-01 18:27:15+00:00,42837,2023-10-01 12:07:11+00:00,2023-10-02 00:47:18+00:00,2023-10-01 11:38:56+00:00,2023-10-02 01:15:33+00:00,2023-10-01 11:10:33+00:00,2023-10-02 01:43:56+00:00
ERCO,2023-10-02,2023-10-02 12:30:54+00:00,2023-10-03 00:22:56+00:00,2023-10-02 18:26:55+00:00,42722,2023-10-02 12:07:49+00:00,2023-10-03 00:46:01+00:00,2023-10-02 11:39:34+00:00,2023-10-03 01:14:16+00:00,2023-10-02 11:11:13+00:00,2023-10-03 01:42:37+00:00
ERCO,2023-10-03,2023-10-03 12:31:33+00:00,2023-10-04 00:21:40+00:00,2023-10-03 18:26:36+00:00,42607,2023-10-03 12:08:28+00:00,2023-10-04 00:44:45+00:00,2023-10-03 11:40:13+00:00,2023-10-04 01:13:00+00:00,2023-10-03 11:11:53+00:00,2023-10-04 01:41:20+00:00
ERCO,2023-10-04,2023-10-04 12:32:12+00:00,2023-10-05 00:20:24+00:00,2023-10-04 18:26:18+00:00,42492,2023-10-04 12:09:06+00:00,2023-10-05 00:43:30+00:00,2023-10-04 11:40:52+00:00,2023-10-05 01:11:44+00:00,2023-10-04 11:12:33+00:00,2023-10-05 01:40:03+00:00
ERCO,2023-10-05,2023-10-05 12:32:51+00:00,2023-10-06 00:19:08+00:00,2023-10-05 18:26:00+00:00,42377,2023-10-05 12:09:45+00:00,2023-10-06 00:42:15+00:00,2023-10-05 11:41:30+00:00,2023-10-06 01:10:29+00:00,2023-10-05 11:13:12+00:00,2023-10-06 01:38:47+00:00
ERCO,2023-10-06,2023-10-06 12:33:31+00:00,2023-10-07 00:17:53+00:00,2023-10-06 18:25:42+00:00,42262,2023-10-06 12:10:24+00:00,2023-10-07 00:41:00+00:00,2023-10-06 11:42:09+00:00,2023-10-07 01:09:15+00:00,2023-10-06 11:13:52+00:00,2023-10-07 01:37:32+00:00
ERCO,2023-10-07,2023-10-07 12:34:11+00:00,2023-10-08 00:16:38+00:00,2023-10-07 18:25:25+00:00,42147,2023-10-07 12:11:03+00:00,2023-10-08 00:39:46+00:00,2023-10-07 11:42:48+00:00,2023-10-08 01:08:01+00:00,2023-10-07 11:14:32+00:00,2023-10-08 01:36:18+00:00
ERCO,2023-10-08,2023-10-08 12:34:51+00:00,2023-10-09 00:15:24+00:00,2023-10-08 18:25:08+00:00,42033,2023-10-08 12:11:42+00:00,2023-10-09 00:38:33+00:00,2023-10-08 11:43:27+00:00,2023-10-09 01:06:48+00:00,2023-10-08 11:15:11+00:00,2023-10-09 01:35:04+00:00
ERCO,2023-10-09,2023-10-09 12:35:32+00:00,2023-10-10 00:14:10+00:00,2023-10-09 18:24:51+00:00,41918,2023-10-09 12:12:22+00:00,2023-10-10 00:37:20+00:00,2023-10-09 11:44:06+00:00,2023-10-10 01:05:36+00:00,2023-10-09 11:15:51+00:00,2023-10-10 01:33:51+00:00
ERCO,2023-10-10,2023-10-10 12:36:12+00:00,2023-10-11 00:12:57+00:00,2023-10-10 18:24:35+00:00,41805,2023-10-10 12:13:02+00:00,2023-10-11 00:36:08+00:00,2023-10-10 11:44:45+00:00,2023-10-11 01:04:24+00:00,2023-10-10 11:16:30+00:00,2023-10-11 01:32:39+00:00
ERCO,2023-10-11,2023-10-11 12:36:54+00:00,2023-10-12 00:11:45+00:00,2023-10-11 18:24:19+00:00,41691,2023-10-11 12:13:42+00:00,2023-10-12 00:34:57+00:00,2023-10-11 11:45:25+00:00,2023-10-12 01:03:13+00:00,2023-10-11 11:17:10+00:00,2023-10-12 01:31:28+00:00
ERCO,2023-10-12,2023-10-12 12:37:35+00:00,2023-10-13 00:10:33+00:00,2023-10-12 18:24:04+00:00,41578,2023-10-12 12:14:22+00:00,2023-10-13 00:33:46+00:00,2023-10-12 11:46:05+00:00,2023-10-13 01:02:04+00:00,2023-10-12 11:17:50+00:00,2023-10-13 01:30:18+00:00
ERCO,2023-10-13,2023-10-13 12:38:17+00:00,2023-10-14 00:09:22+00:00,2023-10-13 18:23:49+00:00,41465,2023-10-13 12:15:03+00:00,2023-10-14 00:32:36+00:00,2023-10-13 11:46:44+00:00,2023-10-14 01:00:55+00:00,2023-10-13 11:18:30+00:00,2023-10-14 01:29:09+00:00
ERCO,2023-10-14,2023-10-14 12:38:59+00:00,2023-10-15 00:08:12+00:00,2023-10-14 18:23:35+00:00,41353,2023-10-14 12:15:43+00:00,2023-10-15 00:31:27+00:00,2023-10-14 11:47:24+00:00,2023-10-15 00:59:46+00:00,2023-10-14 11:19:10+00:00,2023-10-15 01:28:01+00:00
ERCO,2023-10-15,2023-10-15 12:39:42+00:00,2023-10-16 00:07:02+00:00,2023-10-15 18:23:22+00:00,41240,2023-10-15 12:16:24+00:00,2023-10-16 00:30:19+00:00,2023-10-15 11:48:04+00:00,2023-10-16 00:58:39+00:00,2023-10-15 11:19:49+00:00,2023-10-16 01:26:54+00:00
ERCO,2023-10-16,2023-10-16 12:40:25+00:00,2023-10-17 00:05:53+00:00,2023-10-16 18:23:09+00:00,41128,2023-10-16 12:17:06+00:00,2023-10-17 00:29:12+00:00,2023-10-16 11:48:45+00:00,2023-10-17 00:57:33+00:00,2023-10-16 11:20:30+00:00,2023-10-17 01:25:48+00:00
ERCO,2023-10-17,2023-10-17 12:41:08+00:00,2023-10-18 00:04:45+00:00,2023-10-17 18:22:56+00:00,41017,2023-10-17 12:17:48+00:00,2023-10-18 00:28:05+00:00,2023-10-17 11:49:25+00:00,2023-10-18 00:56:27+00:00,2023-10-17 11:21:10+00:00,2023-10-18 01:24:43+00:00
ERCO,2023-10-18,2023-10-18 12:41:51+00:00,2023-10-19 00:03:37+00:00,2023-10-18 18:22:44+00:00,40906,2023-10-18 12:18:30+00:00,2023-10-19 00:26:59+00:00,2023-10-18 11:50:06+00:00,2023-10-19 00:55:23+00:00,2023-10-18 11:21:50+00:00,2023-10-19 01:23:39+00:00
ERCO,2023-10-19,2023-10-19 12:42:36+00:00,2023-10-20 00:02:31+00:00,2023-10-19 18:22:33+00:00,40795,2023-10-19 12:19:12+00:00,2023-10-20 00:25:55+00:00,2023-10-19 11:50:47+00:00,2023-10-20 00:54:20+00:00,2023-10-19 11:22:30+00:00,2023-10-20 01:22:36+00:00
ERCO,2023-10-20,2023-10-20 12:43:20+00:00,2023-10-21 00:01:25+00:00,2023-10-20 18:22:23+00:00,40685,2023-10-20 12:19:55+00:00,2023-10-21 00:24:51+00:00,2023-10-20 11:51:28+00:00,2023-10-21 00:53:17+00:00,2023-10-20 11:23:11+00:00,2023-10-21 01:21:34+00:00
ERCO,2023-10-21,2023-10-21 12:44:05+00:00,2023-10-22 00:00:21+00:00,2023-10-21 18:22:13+00:00,40576,2023-10-21 12:20:38+00:00,2023-10-22 00:23:48+00:00,2023-10-21 11:52:10+00:00,2023-10-22 00:52:16+00:00,2023-10-21 11:23:52+00:00,2023-10-22 01:20:34+00:00
ERCO,2023-10-22,2023-10-22 12:44:50+00:00,2023-10-22 23:59:17+00:00,2023-10-22 18:22:03+00:00,40467,2023-10-22 12:21:21+00:00,2023-10-23 00:22:46+00:00,2023-10-22 11:52:51+00:00,2023-10-23 00:51:16+00:00,2023-10-22 11:24:33+00:00,2023-10-23 01:19:34+00:00
ERCO,2023-10-23,2023-10-23 12:45:36+00:00,2023-10-23 23:58:14+00:00,2023-10-23 18:21:55+00:00,40358,2023-10-23 12:22:05+00:00,2023-10-24 00:21:45+00:00,2023-10-23 11:53:33+00:00,2023-10-24 00:50:17+00:00,2023-10-23 11:25:14+00:00,2023-10-24 01:18:36+00:00
ERCO,2023-10-24,2023-10-24 12:46:22+00:00,2023-10-24 23:57:12+00:00,2023-10-24 18:21:47+00:00,40250,2023-10-24 12:22:49+00:00,2023-10-25 00:20:45+00:00,2023-10-24 11:54:15+00:00,2023-10-25 00:49:19+00:00,2023-10-24 11:25:55+00:00,2023-10-25 01:17:39+00:00
ERCO,2023-10-25,2023-10-25 12:47:08+00:00,2023-10-25 23:56:12+00:00,2023-10-25 18:21:40+00:00,40144,2023-10-25 12:23:33+00:00,2023-10-26 00:19:47+00:00,2023-10-25 11:54:58+00:00,2023-10-26 00:48:22+00:00,2023-10-25 11:26:36+00:00,2023-10-26 01:16:44+00:00
ERCO,2023-10-26,2023-10-26 12:47:55+00:00,2023-10-26 23:55:12+00:00,2023-10-26 18:21:33+00:00,40037,2023-10-26 12:24:17+00:00,2023-10-27 00:18:49+00:00,2023-10-26 11:55:41+00:00,2023-10-27 00:47:26+00:00,2023-10-26 11:27:18+00:00,2023-10-27 01:15:49+00:00
ERCO,2023-10-27,2023-10-27 12:48:42+00:00,2023-10-27 23:54:13+00:00,2023-10-27 18:21:28+00:00,39931,2023-10-27 12:25:02+00:00,2023-10-28 00:17:53+00:00,2023-10-27 11:56:23+00:00,2023-10-28 00:46:32+00:00,2023-10-27 11:27:59+00:00,2023-10-28 01:14:56+00:00
ERCO,2023-10-28,2023-10-28 12:49:30+00:00,2023-10-28 23:53:16+00:00,2023-10-28 18:21:23+00:00,39826,2023-10-28 12:25:48+00:00,2023-10-29 00:16:58+00:00,2023-10-28 11:57:07+00:00,2023-10-29 00:45:39+00:00,2023-10-28 11:28:41+00:00,2023-10-29 01:14:04+00:00
ERCO,2023-10-29,2023-10-29 12:50:17+00:00,2023-10-29 23:52:19+00:00,2023-10-29 18:21:18+00:00,39722,2023-10-29 12:26:33+00:00,2023-10-30 00:16:04+00:00,2023-10-29 11:57:50+00:00,2023-10-30 00:44:47+00:00,2023-10-29 11:29:23+00:00,2023-10-30 01:13:13+00:00
ERCO,2023-10-30,2023-10-30 12:51:06+00:00,2023-10-30 23:51:24+00:00,2023-10-30 18:21:15+00:00,39618,2023-10-30 12:27:19+00:00,2023-10-31 00:15:11+00:00,2023-10-30 11:58:34+00:00,2023-10-31 00:43:56+00:00,2023-10-30 11:30:06+00:00,2023-10-31 01:12:24+00:00
ERCO,2023-10-31,2023-10-31 12:51:54+00:00,2023-10-31 23:50:30+00:00,2023-10-31 18:21:12+00:00,39516,2023-10-31 12:28:05+00:00,2023-11-01 00:14:19+00:00,2023-10-31 11:59:18+00:00,2023-11-01 00:43:07+00:00,2023-10-31 11:30:48+00:00,2023-11-01 01:11:36+00:00
ERCO,2023-11-01,2023-11-01 12:52:43+00:00,2023-11-01 23:49:37+00:00,2023-11-01 18:21:10+00:00,39414,2023-11-01 12:28:52+00:00,2023-11-02 00:13:29+00:00,2023-11-01 12:00:02+00:00,2023-11-02 00:42:19+00:00,2023-11-01 11:31:31+00:00,2023-11-02 01:10:50+00:00
ERCO,2023-11-02,2023-11-02 12:53:33+00:00,2023-11-02 23:48:46+00:00,2023-11-02 18:21:09+00:00,39313,2023-11-02 12:29:39+00:00,2023-11-03 00:12:40+00:00,2023-11-02 12:00:47+00:00,2023-11-03 00:41:32+00:00,2023-11-02 11:32:14+00:00,2023-11-03 01:10:05+00:00
ERCO,2023-11-03,2023-11-03 12:54:22+00:00,2023-11-03 23:47:56+00:00,2023-11-03 18:21:09+00:00,39214,2023-11-03 12:30:26+00:00,2023-11-04 00:11:52+00:00,2023-11-03 12:01:31+00:00,2023-11-04 00:40:47+00:00,2023-11-03 11:32:57+00:00,2023-11-04 01:09:21+00:00
ERCO,2023-11-04,2023-11-04 12:55:12+00:00,2023-11-04 23:47:07+00:00,2023-11-04 18:21:10+00:00,39115,2023-11-04 12:31:13+00:00,2023-11-05 00:11:06+00:00,2023-11-04 12:02:16+00:00,2023-11-05 00:40:03+00:00,2023-11-04 11:33:40+00:00,2023-11-05 01:08:39+00:00
ERCO,2023-11-05,2023-11-05 12:56:03+00:00,2023-11-05 23:46:19+00:00,2023-11-05 18:21:11+00:00,39016,2023-11-05 12:32:01+00:00,2023-11-06 00:10:21+00:00,2023-11-05 12:03:01+00:00,2023-11-06 00:39:20+00:00,2023-11-05 11:34:23+00:00,2023-11-06 01:07:59+00:00
ERCO,2023-11-06,2023-11-06 12:56:53+00:00,2023-11-06 23:45:33+00:00,2023-11-06 18:21:13+00:00,38920,2023-11-06 12:32:49+00:00,2023-11-07 00:09:37+00:00,2023-11-06 12:03:47+00:00,2023-11-07 00:38:39+00:00,2023-11-06 11:35:07+00:00,2023-11-07 01:07:19+00:00
ERCO,2023-11-07,2023-11-07 12:57:44+00:00,2023-11-07 23:44:48+00:00,2023-11-07 18:21:16+00:00,38824,2023-11-07 12:33:37+00:00,2023-11-08 00:08:55+00:00,2023-11-07 12:04:33+00:00,2023-11-08 00:38:00+00:00,2023-11-07 11:35:51+00:00,2023-11-08 01:06:42+00:00
ERCO,2023-11-08,2023-11-08 12:58:35+00:00,2023-11-08 23:44:05+00:00,2023-11-08 18:21:20+00:00,38730,2023-11-08 12:34:26+00:00,2023-11-09 00:08:15+00:00,2023-11-08 12:05:18+00:00,2023-11-09 00:37:22+00:00,2023-11-08 11:36:35+00:00,2023-11-09 01:06:05+00:00
ERCO,2023-11-09,2023-11-09 12:59:27+00:00,2023-11-09 23:43:23+00:00,2023-11-09 18:21:25+00:00,38636,2023-11-09 12:35:14+00:00,2023-11-10 00:07:35+00:00,2023-11-09 12:06:04+00:00,2023-11-10 00:36:45+00:00,2023-11-09 11:37:19+00:00,2023-11-10 01:05:31+00:00
ERCO,2023-11-10,2023-11-10 13:00:18+00:00,2023-11-10 23:42:42+00:00,2023-11-10 18:21:30+00:00,38544,2023-11-10 12:36:03+00:00,2023-11-11 00:06:58+00:00,2023-11-10 12:06:51+00:00,2023-11-11 00:36:10+00:00,2023-11-10 11:38:03+00:00,2023-11-11 01:04:58+00:00
ERCO,2023-11-11,2023-11-11 13:01:10+00:00,2023-11-11 23:42:03+00:00,2023-11-11 18:21:37+00:00,38453,2023-11-11 12:36:52+00:00,2023-11-12 00:06:21+00:00,2023-11-11 12:07:37+00:00,2023-11-12 00:35:36+00:00,2023-11-11 11:38:47+00:00,2023-11-12 01:04:26+00:00
ERCO,2023-11-12,2023-11-12 13:02:02+00:00,2023-11-12 23:41:26+00:00,2023-11-12 18:21:44+00:00,38364,2023-11-12 12:37:41+00:00,2023-11-13 00:05:47+00:00,2023-11-12 12:08:24+00:00,2023-11-13 00:35:04+00:00,2023-11-12 11:39:32+00:00,2023-11-13 01:03:56+00:00
ERCO,2023-11-13,2023-11-13 13:02:54+00:00,2023-11-13 23:40:50+00:00,2023-11-13 18:21:52+00:00,38276,2023-11-13 12:38:31+00:00,2023-11-14 00:05:14+00:00,2023-11-13 12:09:10+00:00,2023-11-14 00:34:34+00:00,2023-11-13 11:40:17+00:00,2023-11-14 01:03:28+00:00
ERCO,2023-11-14,2023-11-14 13:03:47+00:00,2023-11-14 23:40:16+00:00,2023-11-14 18:22:01+00:00,38189,2023-11-14 12:39:20+00:00,2023-11-15 00:04:42+00:00,2023-11-14 12:09:57+00:00,2023-11-15 00:34:05+00:00,2023-11-14 11:41:01+00:00,2023-11-15 01:03:01+00:00
ERCO,2023-11-15,2023-11-15 13:04:39+00:00,2023-11-15 23:39:43+00:00,2023-11-15 18:22:11+00:00,38104,2023-11-15 12:40:10+00:00,2023-11-16 00:04:12+00:00,2023-11-15 12:10:44+00:00,2023-11-16 00:33:38+00:00,2023-11-15 11:41:46+00:00,2023-11-16 01:02:36+00:00
ERCO,2023-11-16,2023-11-16 13:05:31+00:00,2023-11-16 23:39:12+00:00,2023-11-16 18:22:22+00:00,38021,2023-11-16 12:41:00+00:00,2023-11-17 00:03:44+00:00,2023-11-16 12:11:31+00:00,2023-11-17 00:33:12+00:00,2023-11-16 11:42:31+00:00,2023-11-17 01:02:12+00:00
ERCO,2023-11-17,2023-11-17 13:06:24+00:00,2023-11-17 23:38:42+00:00,2023-11-17 18:22:33+00:00,37938,2023-11-17 12:41:49+00:00,2023-11-18 00:03:17+00:00,2023-11-17 12:12:18+00:00,2023-11-18 00:32:48+00:00,2023-11-17 11:43:16+00:00,2023-11-18 01:01:50+00:00
ERCO,2023-11-18,2023-11-18 13:07:16+00:00,2023-11-18 23:38:14+00:00,2023-11-18 18:22:45+00:00,37858,2023-11-18 12:42:39+00:00,2023-11-19 00:02:52+00:00,2023-11-18 12:13:05+00:00,2023-11-19 00:32:25+00:00,2023-11-18 11:44:01+00:00,2023-11-19 01:01:29+00:00
ERCO,2023-11-19,2023-11-19 13:08:09+00:00,2023-11-19 23:37:48+00:00,2023-11-19 18:22:59+00:00,37779,2023-11-19 12:43:29+00:00,2023-11-20 00:02:28+00:00,2023-11-19 12:13:53+00:00,2023-11-20 00:32:05+00:00,2023-11-19 11:44:46+00:00,2023-11-20 01:01:11+00:00
ERCO,2023-11-20,2023-11-20 13:09:01+00:00,2023-11-20 23:37:24+00:00,2023-11-20 18:23:13+00:00,37703,2023-11-20 12:44:19+00:00,2023-11-21 00:02:06+00:00,2023-11-20 12:14:40+00:00,2023-11-21 00:31:45+00:00,2023-11-20 11:45:32+00:00,2023-11-21 01:00:54+00:00
ERCO,2023-11-21,2023-11-21 13:09:54+00:00,2023-11-21 23:37:01+00:00,2023-11-21 18:23:27+00:00,37627,2023-11-21 12:45:09+00:00,2023-11-22 00:01:46+00:00,2023-11-21 12:15:27+00:00,2023-11-22 00:31:28+00:00,2023-11-21 11:46:17+00:00,2023-11-22 01:00:38+00:00
ERCO,2023-11-22,2023-11-22 13:10:46+00:00,2023-11-22 23:36:40+00:00,2023-11-22 18:23:43+00:00,37554,2023-11-22 12:45:58+00:00,2023-11-23 00:01:28+00:00,2023-11-22 12:16:14+00:00,2023-11-23 00:31:12+00:00,2023-11-22 11:47:02+00:00,2023-11-23 01:00:24+00:00
ERCO,2023-11-23,2023-11-23 13:11:38+00:00,2023-11-23 23:36:20+00:00,2023-11-23 18:23:59+00:00,37482,2023-11-23 12:46:48+00:00,2023-11-24 00:01:11+00:00,2023-11-23 12:17:01+00:00,2023-11-24 00:30:58+00:00,2023-11-23 11:47:47+00:00,2023-11-24 01:00:12+00:00
ERCO,2023-11-24,2023-11-24 13:12:30+00:00,2023-11-24 23:36:03+00:00,2023-11-24 18:24:16+00:00,37413,2023-11-24 12:47:37+00:00,2023-11-25 00:00:56+00:00,2023-11-24 12:17:48+00:00,2023-11-25 00:30:45+00:00,2023-11-24 11:48:32+00:00,2023-11-25 01:00:01+00:00
ERCO,2023-11-25,2023-11-25 13:13:22+00:00,2023-11-25 23:35:47+00:00,2023-11-25 18:24:34+00:00,37345,2023-11-25 12:48:26+00:00,2023-11-26 00:00:42+00:00,2023-11-25 12:18:35+00:00,2023-11-26 00:30:34+00:00,2023-11-25 11:49:16+00:00,2023-11-26 00:59:52+00:00
ERCO,2023-11-26,2023-11-26 13:14:13+00:00,2023-11-26 23:35:33+00:00,2023-11-26 18:24:53+00:00,37280,2023-11-26 12:49:16+00:00,2023-11-27 00:00:30+00:00,2023-11-26 12:19:21+00:00,2023-11-27 00:30:25+00:00,2023-11-26 11:50:01+00:00,2023-11-27 00:59:45+00:00
ERCO,2023-11-27,2023-11-27 13:15:04+00:00,2023-11-27 23:35:20+00:00,2023-11-27 18:25:12+00:00,37216,2023-11-27 12:50:04+00:00,2023-11-28 00:00:21+00:00,2023-11-27 12:20:08+00:00,2023-11-28 00:30:17+00:00,2023-11-27 11:50:45+00:00,2023-11-28 00:59:39+00:00
ERCO,2023-11-28,2023-11-28 13:15:55+00:00,2023-11-28 23:35:10+00:00,2023-11-28 18:25:33+00:00,37155,2023-11-28 12:50:53+00:00,2023-11-29 00:00:12+00:00,2023-11-28 12:20:54+00:00,2023-11-29 00:30:11+00:00,2023-11-28 11:51:30+00:00,2023-11-29 00:59:35+00:00
ERCO,2023-11-29,2023-11-29 13:16:46+00:00,2023-11-29 23:35:01+00:00,2023-11-29 18:25:53+00:00,37095,2023-11-29 12:51:41+00:00,2023-11-30 00:00:06+00:00,2023-11-29 12:21:40+00:00,2023-11-30 00:30:07+00:00,2023-11-29 11:52:14+00:00,2023-11-30 00:59:33+00:00
ERCO,2023-11-30,2023-11-30 13:17:36+00:00,2023-11-30 23:34:54+00:00,2023-11-30 18:26:15+00:00,37038,2023-11-30 12:52:29+00:00,2023-12-01 00:00:01+00:00,2023-11-30 12:22:25+00:00,2023-12-01 00:30:04+00:00,2023-11-30 11:52:58+00:00,2023-12-01 00:59:32+00:00
ERCO,2023-12-01,2023-12-01 13:18:25+00:00,2023-12-01 23:34:49+00:00,2023-12-01 18:26:37+00:00,36984,2023-12-01 12:53:16+00:00,2023-12-01 23:59:58+00:00,2023-12-01 12:23:10+00:00,2023-12-02 00:30:04+00:00,2023-12-01 11:53:41+00:00,2023-12-02 00:59:33+00:00
ERCO,2023-12-02,2023-12-02 13:19:14+00:00,2023-12-02 23:34:45+00:00,2023-12-02 18:27:00+00:00,36931,2023-12-02 12:54:03+00:00,2023-12-02 23:59:56+00:00,2023-12-02 12:23:55+00:00,2023-12-03 00:30:04+00:00,2023-12-02 11:54:25+00:00,2023-12-03 00:59:35+00:00
ERCO,2023-12-03,2023-12-03 13:20:03+00:00,2023-12-03 23:34:44+00:00,2023-12-03 18:27:23+00:00,36881,2023-12-03 12:54:50+00:00,2023-12-03 23:59:57+00:00,2023-12-03 12:24:40+00:00,2023-12-04 00:30:07+00:00,2023-12-03 11:55:08+00:00,2023-12-04 00:59:39+00:00
ERCO,2023-12-04,2023-12-04 13:20:51+00:00,2023-12-04 23:34:44+00:00,2023-12-04 18:27:47+00:00,36833,2023-12-04 12:55:36+00:00,2023-12-04 23:59:59+00:00,2023-12-04 12:25:24+00:00,2023-12-05 00:30:11+00:00,2023-12-04 11:55:50+00:00,2023-12-05 00:59:44+00:00
ERCO,2023-12-05,2023-12-05 13:21:38+00:00,2023-12-05 23:34:46+00:00,2023-12-05 18:28:12+00:00,36788,2023-12-05 12:56:21+00:00,2023-12-06 00:00:03+00:00,2023-12-05 12:26:08+00:00,2023-12-06 00:30:16+00:00,2023-12-05 11:56:32+00:00,2023-12-06 00:59:51+00:00
ERCO,2023-12-06,2023-12-06 13:22:24+00:00,2023-12-06 23:34:49+00:00,2023-12-06 18:28:37+00:00,36745,2023-12-06 12:57:06+00:00,2023-12-07 00:00:08+00:00,2023-12-06 12:26:51+00:00,2023-12-07 00:30:23+00:00,2023-12-06 11:57:14+00:00,2023-12-07 01:00:00+00:00
ERCO,2023-12-07,2023-12-07 13:23:10+00:00,2023-12-07 23:34:55+00:00,2023-12-07 18:29:03+00:00,36705,2023-12-07 12:57:50+00:00,2023-12-08 00:00:15+00:00,2023-12-07 12:27:33+00:00,2023-12-08 00:30:32+00:00,2023-12-07 11:57:55+00:00,2023-12-08 01:00:10+00:00
ERCO,2023-12-08,2023-12-08 13:23:55+00:00,2023-12-08 23:35:02+00:00,2023-12-08 18:29:29+00:00,36667,2023-12-08 12:58:34+00:00,2023-12-09 00:00:24+00:00,2023-12-08 12:28:15+00:00,2023-12-09 00:30:42+00:00,2023-12-08 11:58:36+00:00,2023-12-09 01:00:22+00:00
ERCO,2023-12-09,2023-12-09 13:24:40+00:00,2023-12-09 23:35:11+00:00,2023-12-09 18:29:55+00:00,36631,2023-12-09 12:59:16+00:00,2023-12-10 00:00:34+00:00,2023-12-09 12:28:57+00:00,2023-12-10 00:30:54+00:00,2023-12-09 11:59:16+00:00,2023-12-10 01:00:35+00:00
ERCO,2023-12-10,2023-12-10 13:25:23+00:00,2023-12-10 23:35:22+00:00,2023-12-10 18:30:22+00:00,36599,2023-12-10 12:59:58+00:00,2023-12-11 00:00:47+00:00,2023-12-10 12:29:37+00:00,2023-12-11 00:31:08+00:00,2023-12-10 11:59:56+00:00,2023-12-11 01:00:49+00:00
ERCO,2023-12-11,2023-12-11 13:26:05+00:00,2023-12-11 23:35:34+00:00,2023-12-11 18:30:50+00:00,36569,2023-12-11 13:00:40+00:00,2023-12-12 00:01:00+00:00,2023-12-11 12:30:17+00:00,2023-12-12 00:31:23+00:00,2023-12-11 12:00:34+00:00,2023-12-12 01:01:05+00:00
ERCO,2023-12-12,2023-12-12 13:26:47+00:00,2023-12-12 23:35:49+00:00,2023-12-12 18:31:18+00:00,36542,2023-12-12 13:01:20+00:00,2023-12-13 00:01:16+00:00,2023-12-12 12:30:56+00:00,2023-12-13 00:31:39+00:00,2023-12-12 12:01:13+00:00,2023-12-13 01:01:23+00:00
ERCO,2023-12-13,2023-12-13 13:27:27+00:00,2023-12-13 23:36:05+00:00,2023-12-13 18:31:46+00:00,36518,2023-12-13 13:01:59+00:00,2023-12-14 00:01:32+00:00,2023-12-13 12:31:35+00:00,2023-12-14 00:31:57+00:00,2023-12-13 12:01:50+00:00,2023-12-14 01:01:41+00:00
ERCO,2023-12-14,2023-12-14 13:28:07+00:00,2023-12-14 23:36:22+00:00,2023-12-14 18:32:14+00:00,36495,2023-12-14 13:02:38+00:00,2023-12-15 00:01:51+00:00,2023-12-14 12:32:12+00:00,2023-12-15 00:32:16+00:00,2023-12-14 12:02:27+00:00,2023-12-15 01:02:02+00:00
ERCO,2023-12-15,2023-12-15 13:28:45+00:00,2023-12-15 23:36:41+00:00,2023-12-15 18:32:43+00:00,36476,2023-12-15 13:03:15+00:00,2023-12-16 00:02:11+00:00,2023-12-15 12:32:49+00:00,2023-12-16 00:32:37+00:00,2023-12-15 12:03:03+00:00,2023-12-16 01:02:23+00:00
ERCO,2023-12-16,2023-12-16 13:29:22+00:00,2023-12-16 23:37:02+00:00,2023-12-16 18:33:12+00:00,36460,2023-12-16 13:03:52+00:00,2023-12-17 00:02:32+00:00,2023-12-16 12:33:25+00:00,2023-12-17 00:32:59+00:00,2023-12-16 12:03:39+00:00,2023-12-17 01:02:46+00:00
ERCO,2023-12-17,2023-12-17 13:29:58+00:00,2023-12-17 23:37:25+00:00,2023-12-17 18:33:41+00:00,36447,2023-12-17 13:04:27+00:00,2023-12-18 00:02:55+00:00,2023-12-17 12:34:00+00:00,2023-12-18 00:33:23+00:00,2023-12-17 12:04:13+00:00,2023-12-18 01:03:10+00:00
ERCO,2023-12-18,2023-12-18 13:30:33+00:00,2023-12-18 23:37:49+00:00,2023-12-18 18:34:11+00:00,36436,2023-12-18 13:05:02+00:00,2023-12-19 00:03:20+00:00,2023-12-18 12:34:34+00:00,2023-12-19 00:33:48+00:00,2023-12-18 12:04:47+00:00,2023-12-19 01:03:35+00:00
ERCO,2023-12-19,2023-12-19 13:31:07+00:00,2023-12-19 23:38:14+00:00,2023-12-19 18:34:40+00:00,36427,2023-12-19 13:05:35+00:00,2023-12-20 00:03:46+00:00,2023-12-19 12:35:07+00:00,2023-12-20 00:34:14+00:00,2023-12-19 12:05:19+00:00,2023-12-20 01:04:02+00:00
ERCO,2023-12-20,2023-12-20 13:31:39+00:00,2023-12-20 23:38:41+00:00,2023-12-20 18:35:10+00:00,36422,2023-12-20 13:06:07+00:00,2023-12-21 00:04:13+00:00,2023-12-20 12:35:39+00:00,2023-12-21 00:34:42+00:00,2023-12-20 12:05:51+00:00,2023-12-21 01:04:29+00:00
ERCO,2023-12-21,2023-12-21 13:32:10+00:00,2023-12-21 23:39:10+00:00,2023-12-21 18:35:40+00:00,36420,2023-12-21 13:06:38+00:00,2023-12-22 00:04:42+00:00,2023-12-21 12:36:09+00:00,2023-12-22 00:35:11+00:00,2023-12-21 12:06:22+00:00,2023-12-22 01:04:58+00:00
ERCO,2023-12-22,2023-12-22 13:32:40+00:00,2023-12-22 23:39:40+00:00,2023-12-22 18:36:10+00:00,36420,2023-12-22 13:07:08+00:00,2023-12-23 00:05:12+00:00,2023-12-22 12:36:39+00:00,2023-12-23 00:35:41+00:00,2023-12-22 12:06:51+00:00,2023-12-23 01:05:28+00:00
ERCO,2023-12-23,2023-12-23 13:33:08+00:00,2023-12-23 23:40:11+00:00,2023-12-23 18:36:40+00:00,36423,2023-12-23 13:07:36+00:00,2023-12-24 00:05:43+00:00,2023-12-23 12:37:08+00:00,2023-12-24 00:36:12+00:00,2023-12-23 12:07:20+00:00,2023-12-24 01:05:59+00:00
ERCO,2023-12-24,2023-12-24 13:33:35+00:00,2023-12-24 23:40:44+00:00,2023-12-24 18:37:09+00:00,36429,2023-12-24 13:08:03+00:00,2023-12-25 00:06:16+00:00,2023-12-24 12:37:35+00:00,2023-12-25 00:36:44+00:00,2023-12-24 12:07:48+00:00,2023-12-25 01:06:31+00:00
ERCO,2023-12-25,2023-12-25 13:34:00+00:00,2023-12-25 23:41:18+00:00,2023-12-25 18:37:39+00:00,36438,2023-12-25 13:08:29+00:00,2023-12-26 00:06:49+00:00,2023-12-25 12:38:01+00:00,2023-12-26 00:37:17+00:00,2023-12-25 12:08:14+00:00,2023-12-26 01:07:05+00:00
ERCO,2023-12-26,2023-12-26 13:34:24+00:00,2023-12-26 23:41:54+00:00,2023-12-26 18:38:09+00:00,36450,2023-12-26 13:08:53+00:00,2023-12-27 00:07:25+00:00,2023-12-26 12:38:26+00:00,2023-12-27 00:37:52+00:00,2023-12-26 12:08:39+00:00,2023-12-27 01:07:39+00:00
ERCO,2023-12-27,2023-12-27 13:34:46+00:00,2023-12-27 23:42:31+00:00,2023-12-27 18:38:38+00:00,36465,2023-12-27 13:09:16+00:00,2023-12-28 00:08:01+00:00,2023-12-27 12:38:49+00:00,2023-12-28 00:38:28+00:00,2023-12-27 12:09:03+00:00,2023-12-28 01:08:14+00:00
ERCO,2023-12-28,2023-12-28 13:35:07+00:00,2023-12-28 23:43:09+00:00,2023-12-28 18:39:08+00:00,36482,2023-12-28 13:09:38+00:00,2023-12-29 00:08:38+00:00,2023-12-28 12:39:12+00:00,2023-12-29 00:39:04+00:00,2023-12-28 12:09:26+00:00,2023-12-29 01:08:50+00:00
ERCO,2023-12-29,2023-12-29 13:35:26+00:00,2023-12-29 23:43:48+00:00,2023-12-29 18:39:37+00:00,36502,2023-12-29 13:09:58+00:00,2023-12-30 00:09:16+00:00,2023-12-29 12:39:33+00:00,2023-12-30 00:39:42+00:00,2023-12-29 12:09:48+00:00,2023-12-30 01:09:27+00:00
ERCO,2023-12-30,2023-12-30 13:35:44+00:00,2023-12-30 23:44:28+00:00,2023-12-30 18:40:06+00:00,36524,2023-12-30 13:10:16+00:00,2023-12-31 00:09:56+00:00,2023-12-30 12:39:52+00:00,2023-12-31 00:40:20+00:00,2023-12-30 12:10:08+00:00,2023-12-31 01:10:04+00:00
ERCO,2023-12-31,2023-12-31 13:36:00+00:00,2023-12-31 23:45:10+00:00,2023-12-31 18:40:35+00:00,36550,2023-12-31 13:10:33+00:00,2024-01-01 00:10:36+00:00,2023-12-31 12:40:10+00:00,2024-01-01 00:40:59+00:00,2023-12-31 12:10:27+00:00,2024-01-01 01:10:43+00:00
ERCO,2024-01-01,2024-01-01 13:36:14+00:00,2024-01-01 23:45:52+00:00,2024-01-01 18:41:03+00:00,36578,2024-01-01 13:10:49+00:00,2024-01-02 00:11:17+00:00,2024-01-01 12:40:27+00:00,2024-01-02 00:41:40+00:00,2024-01-01 12:10:45+00:00,2024-01-02 01:11:22+00:00
ERCO,2024-01-02,2024-01-02 13:36:27+00:00,2024-01-02 23:46:36+00:00,2024-01-02 18:41:31+00:00,36609,2024-01-02 13:11:03+00:00,2024-01-03 00:12:00+00:00,2024-01-02 12:40:42+00:00,2024-01-03 00:42:21+00:00,2024-01-02 12:11:01+00:00,2024-01-03 01:12:02+00:00
ERCO,2024-01-03,2024-01-03 13:36:38+00:00,2024-01-03 23:47:20+00:00,2024-01-03 18:41:59+00:00,36642,2024-01-03 13:11:15+00:00,2024-01-04 00:12:43+00:00,2024-01-03 12:40:56+00:00,2024-01-04 00:43:02+00:00,2024-01-03 12:11:16+00:00,2024-01-04 01:12:43+00:00
ERCO,2024-01-04,2024-01-04 13:36:47+00:00,2024-01-04 23:48:06+00:00,2024-01-04 18:42:27+00:00,36679,2024-01-04 13:11:26+00:00,2024-01-05 00:13:27+00:00,2024-01-04 12:41:08+00:00,2024-01-05 00:43:45+00:00,2024-01-04 12:11:29+00:00,2024-01-05 01:13:24+00:00
ERCO,2024-01-05,2024-01-05 13:36:55+00:00,2024-01-05 23:48:52+00:00,2024-01-05 18:42:54+00:00,36717,2024-01-05 13:11:35+00:00,2024-01-06 00:14:12+00:00,2024-01-05 12:41:19+00:00,2024-01-06 00:44:28+00:00,2024-01-05 12:11:41+00:00,2024-01-06 01:14:06+00:00
ERCO,2024-01-06,2024-01-06 13:37:01+00:00,2024-01-06 23:49:39+00:00,2024-01-06 18:43:20+00:00,36758,2024-01-06 13:11:43+00:00,2024-01-07 00:14:57+00:00,2024-01-06 12:41:28+00:00,2024-01-07 00:45:12+00:00,2024-01-06 12:11:52+00:00,2024-01-07 01:14:48+00:00
ERCO,2024-01-07,2024-01-07 13:37:05+00:00,2024-01-07 23:50:27+00:00,2024-01-07 18:43:46+00:00,36802,2024-01-07 13:11:49+00:00,2024-01-08 00:15:43+00:00,2024-01-07 12:41:36+00:00,2024-01-08 00:45:56+00:00,2024-01-07 12:12:01+00:00,2024-01-08 01:15:31+00:00
ERCO,2024-01-08,2024-01-08 13:37:08+00:00,2024-01-08 23:51:16+00:00,2024-01-08 18:44:12+00:00,36848,2024-01-08 13:11:53+00:00,2024-01-09 00:16:30+00:00,2024-01-08 12:41:42+00:00,2024-01-09 00:46:41+00:00,2024-01-08 12:12:09+00:00,2024-01-09 01:16:15+00:00
ERCO,2024-01-09,2024-01-09 13:37:08+00:00,2024-01-09 23:52:06+00:00,2024-01-09 18:44:37+00:00,36898,2024-01-09 13:11:56+00:00,2024-01-10 00:17:18+00:00,2024-01-09 12:41:47+00:00,2024-01-10 00:47:27+00:00,2024-01-09 12:12:15+00:00,2024-01-10 01:16:59+00:00
ERCO,2024-01-10,2024-01-10 13:37:07+00:00,2024-01-10 23:52:56+00:00,2024-01-10 18:45:01+00:00,36949,2024-01-10 13:11:57+00:00,2024-01-11 00:18:06+00:00,2024-01-10 12:41:50+00:00,2024-01-11 00:48:13+00:00,2024-01-10 12:12:20+00:00,2024-01-11 01:17:43+00:00
ERCO,2024-01-11,2024-01-11 13:37:04+00:00,2024-01-11 23:53:46+00:00,2024-01-11 18:45:25+00:00,37002,2024-01-11 13:11:56+00:00,2024-01-12 00:18:55+00:00,2024-01-11 12:41:51+00:00,2024-01-12 00:49:00+00:00,2024-01-11 12:12:23+00:00,2024-01-12 01:18:28+00:00
ERCO,2024-01-12,2024-01-12 13:37:00+00:00,2024-01-12 23:54:38+00:00,2024-01-12 18:45:49+00:00,37058,2024-01-12 13:11:54+00:00,2024-01-13 00:19:44+00:00,2024-01-12 12:41:51+00:00,2024-01-13 00:49:47+00:00,2024-01-12 12:12:24+00:00,2024-01-13 01:19:13+00:00
ERCO,2024-01-13,2024-01-13 13:36:54+00:00,2024-01-13 23:55:30+00:00,2024-01-13 18:46:12+00:00,37116,2024-01-13 13:11:50+00:00,2024-01-14 00:20:33+00:00,2024-01-13 12:41:49+00:00,2024-01-14 00:50:34+00:00,2024-01-13 12:12:24+00:00,2024-01-14 01:19:59+00:00
ERCO,2024-01-14,2024-01-14 13:36:46+00:00,2024-01-14 23:56:22+00:00,2024-01-14 18:46:34+00:00,37176,2024-01-14 13:11:44+00:00,2024-01-15 00:21:23+00:00,2024-01-14 12:41:46+00:00,2024-01-15 00:51:22+00:00,2024-01-14 12:12:23+00:00,2024-01-15 01:20:45+00:00
ERCO,2024-01-15,2024-01-15 13:36:36+00:00,2024-01-15 23:57:15+00:00,2024-01-15 18:46:55+00:00,37239,2024-01-15 13:11:37+00:00,2024-01-16 00:22:14+00:00,2024-01-15 12:41:41+00:00,2024-01-16 00:52:10+00:00,2024-01-15 12:12:19+00:00,2024-01-16 01:21:31+00:00
ERCO,2024-01-16,2024-01-16 13:36:24+00:00,2024-01-16 23:58:08+00:00,2024-01-16 18:47:16+00:00,37304,2024-01-16 13:11:28+00:00,2024-01-17 00:23:04+00:00,2024-01-16 12:41:34+00:00,2024-01-17 00:52:58+00:00,2024-01-16 12:12:15+00:00,2024-01-17 01:22:17+00:00
ERCO,2024-01-17,2024-01-17 13:36:11+00:00,2024-01-17 23:59:01+00:00,2024-01-17 18:47:36+00:00,37370,2024-01-17 13:11:17+00:00,2024-01-18 00:23:56+00:00,2024-01-17 12:41:26+00:00,2024-01-18 00:53:47+00:00,2024-01-17 12:12:08+00:00,2024-01-18 01:23:04+00:00
ERCO,2024-01-18,2024-01-18 13:35:56+00:00,2024-01-18 23:59:55+00:00,2024-01-18 18:47:56+00:00,37439,2024-01-18 13:11:04+00:00,2024-01-19 00:24:47+00:00,2024-01-18 12:41:16+00:00,2024-01-19 00:54:35+00:00,2024-01-18 12:12:00+00:00,2024-01-19 01:23:51+00:00
ERCO,2024-01-19,2024-01-19 13:35:39+00:00,2024-01-20 00:00:49+00:00,2024-01-19 18:48:14+00:00,37510,2024-01-19 13:10:50+00:00,2024-01-20 00:25:38+00:00,2024-01-19 12:41:04+00:00,2024-01-20 00:55:24+00:00,2024-01-19 12:11:51+00:00,2024-01-20 01:24:38+00:00
ERCO,2024-01-20,2024-01-20 13:35:21+00:00,2024-01-21 00:01:44+00:00,2024-01-20 18:48:32+00:00,37583,2024-01-20 13:10:34+00:00,2024-01-21 00:26:30+00:00,2024-01-20 12:40:51+00:00,2024-01-21 00:56:14+00:00,2024-01-20 12:11:40+00:00,2024-01-21 01:25:25+00:00
ERCO,2024-01-21,2024-01-21 13:35:01+00:00,2024-01-22 00:02:38+00:00,2024-01-21 18:48:49+00:00,37657,2024-01-21 13:10:17+00:00,2024-01-22 00:27:22+00:00,2024-01-21 12:40:36+00:00,2024-01-22 00:57:03+00:00,2024-01-21 12:11:27+00:00,2024-01-22 01:26:12+00:00
ERCO,2024-01-22,2024-01-22 13:34:39+00:00,2024-01-23 00:03:33+00:00,2024-01-22 18:49:06+00:00,37734,2024-01-22 13:09:58+00:00,2024-01-23 00:28:14+00:00,2024-01-22 12:40:20+00:00,2024-01-23 00:57:52+00:00,2024-01-22 12:11:12+00:00,2024-01-23 01:27:00+00:00
ERCO,2024-01-23,2024-01-23 13:34:15+00:00,2024-01-24 00:04:28+00:00,2024-01-23 18:49:22+00:00,37813,2024-01-23 13:09:37+00:00,2024-01-24 00:29:06+00:00,2024-01-23 12:40:02+00:00,2024-01-24 00:58:42+00:00,2024-01-23 12:10:56+00:00,2024-01-24 01:27:47+00:00
ERCO,2024-01-24,2024-01-24 13:33:50+00:00,2024-01-25 00:05:23+00:00,2024-01-24 18:49:37+00:00,37893,2024-01-24 13:09:15+00:00,2024-01-25 00:29:59+00:00,2024-01-24 12:39:42+00:00,2024-01-25 00:59:31+00:00,2024-01-24 12:10:39+00:00,2024-01-25 01:28:35+00:00
ERCO,2024-01-25,2024-01-25 13:33:23+00:00,2024-01-26 00:06:18+00:00,2024-01-25 18:49:51+00:00,37975,2024-01-25 13:08:51+00:00,2024-01-26 00:30:51+00:00,2024-01-25 12:39:20+00:00,2024-01-26 01:00:21+00:00,2024-01-25 12:10:19+00:00,2024-01-26 01:29:22+00:00
ERCO,2024-01-26,2024-01-26 13:32:55+00:00,2024-01-27 00:07:13+00:00,2024-01-26 18:50:04+00:00,38058,2024-01-26 13:08:25+00:00,2024-01-27 00:31:43+00:00,2024-01-26 12:38:58+00:00,2024-01-27 01:01:11+00:00,2024-01-26 12:09:59+00:00,2024-01-27 01:30:10+00:00
ERCO,2024-01-27,2024-01-27 13:32:25+00:00,2024-01-28 00:08:08+00:00,2024-01-27 18:50:17+00:00,38143,2024-01-27 13:07:58+00:00,2024-01-28 00:32:36+00:00,2024-01-27 12:38:33+00:00,2024-01-28 01:02:00+00:00,2024-01-27 12:09:36+00:00,2024-01-28 01:30:57+00:00
ERCO,2024-01-28,2024-01-28 13:31:53+00:00,2024-01-29 00:09:03+00:00,2024-01-28 18:50:28+00:00,38230,2024-01-28 13:07:29+00:00,2024-01-29 00:33:28+00:00,2024-01-28 12:38:07+00:00,2024-01-29 01:02:50+00:00,2024-01-28 12:09:12+00:00,2024-01-29 01:31:44+00:00
ERCO,2024-01-29,2024-01-29 13:31:20+00:00,2024-01-30 00:09:58+00:00,2024-01-29 18:50:39+00:00,38318,2024-01-29 13:06:58+00:00,2024-01-30 00:34:20+00:00,2024-01-29 12:37:39+00:00,2024-01-30 01:03:39+00:00,2024-01-29 12:08:47+00:00,2024-01-30 01:32:32+00:00
ERCO,2024-01-30,2024-01-30 13:30:46+00:00,2024-01-31 00:10:53+00:00,2024-01-30 18:50:49+00:00,38407,2024-01-30 13:06:27+00:00,2024-01-31 00:35:12+00:00,2024-01-30 12:37:10+00:00,2024-01-31 01:04:29+00:00,2024-01-30 12:08:19+00:00,2024-01-31 01:33:19+00:00
ERCO,2024-01-31,2024-01-31 13:30:09+00:00,2024-02-01 00:11:48+00:00,2024-01-31 18:50:59+00:00,38499,2024-01-31 13:05:53+00:00,2024-02-01 00:36:04+00:00,2024-01-31 12:36:39+00:00,2024-02-01 01:05:18+00:00,2024-01-31 12:07:51+00:00,2024-02-01 01:34:07+00:00
ERCO,2024-02-01,2024-02-01 13:29:32+00:00,2024-02-02 00:12:43+00:00,2024-02-01 18:51:07+00:00,38591,2024-02-01 13:05:18+00:00,2024-02-02 00:36:56+00:00,2024-02-01 12:36:07+00:00,2024-02-02 01:06:07+00:00,2024-02-01 12:07:20+00:00,2024-02-02 01:34:54+00:00
ERCO,2024-02-02,2024-02-02 13:28:52+00:00,2024-02-03 00:13:37+00:00,2024-02-02 18:51:15+00:00,38685,2024-02-02 13:04:42+00:00,2024-02-03 00:37:48+00:00,2024-02-02 12:35:33+00:00,2024-02-03 01:06:56+00:00,2024-02-02 12:06:49+00:00,2024-02-03 01:35:41+00:00
ERCO,2024-02-03,2024-02-03 13:28:12+00:00,2024-02-04 00:14:31+00:00,2024-02-03 18:51:22+00:00,38779,2024-02-03 13:04:04+00:00,2024-02-04 00:38:39+00:00,2024-02-03 12:34:58+00:00,2024-02-04 01:07:45+00:00,2024-02-03 12:06:15+00:00,2024-02-04 01:36:28+00:00
ERCO,2024-02-04,2024-02-04 13:27:30+00:00,2024-02-05 00:15:26+00:00,2024-02-04 18:51:28+00:00,38876,2024-02-04 13:03:25+00:00,2024-02-05 00:39:31+00:00,2024-02-04 12:34:21+00:00,2024-02-05 01:08:34+00:00,2024-02-04 12:05:41+00:00,2024-02-05 01:37:15+00:00
ERCO,2024-02-05,2024-02-05 13:26:46+00:00,2024-02-06 00:16:19+00:00,2024-02-05 18:51:33+00:00,38973,2024-02-05 13:02:44+00:00,2024-02-06 00:40:22+00:00,2024-02-05 12:33:43+00:00,2024-02-06 01:09:23+00:00,2024-02-05 12:05:04+00:00,2024-02-06 01:38:02+00:00
ERCO,2024-02-06,2024-02-06 13:26:01+00:00,2024-02-07 00:17:13+00:00,2024-02-06 18:51:37+00:00,39072,2024-02-06 13:02:02+00:00,2024-02-07 00:41:13+00:00,2024-02-06 12:33:03+00:00,2024-02-07 01:10:11+00:00,2024-02-06 12:04:26+00:00,2024-02-07 01:38:48+00:00
ERCO,2024-02-07,2024-02-07 13:25:15+00:00,2024-02-08 00:18:07+00:00,2024-02-07 18:51:41+00:00,39172,2024-02-07 13:01:18+00:00,2024-02-08 00:42:04+00:00,2024-02-07 12:32:22+00:00,2024-02-08 01:10:59+00:00,2024-02-07 12:03:47+00:00,2024-02-08 01:39:35+00:00
ERCO,2024-02-08,2024-02-08 13:24:28+00:00,2024-02-09 00:19:00+00:00,2024-02-08 18:51:44+00:00,39272,2024-02-08 13:00:33+00:00,2024-02-09 00:42:54+00:00,2024-02-08 12:31:40+00:00,2024-02-09 01:11:47+00:00,2024-02-08 12:03:06+00:00,2024-02-09 01:40:21+00:00
ERCO,2024-02-09,2024-02-09 13:23:39+00:00,2024-02-10 00:19:53+00:00,2024-02-09 18:51:46+00:00,39374,2024-02-09 12:59:47+00:00,2024-02-10 00:43:45+00:00,2024-02-09 12:30:56+00:00,2024-02-10 01:12:35+00:00,2024-02-09 12:02:24+00:00,2024-02-10 01:41:07+00:00
ERCO,2024-02-10,2024-02-10 13:22:49+00:00,2024-02-11 00:20:45+00:00,2024-02-10 18:51:47+00:00,39476,2024-02-10 12:58:59+00:00,2024-02-11 00:44:35+00:00,2024-02-10 12:30:11+00:00,2024-02-11 01:13:23+00:00,2024-02-10 12:01:41+00:00,2024-02-11 01:41:53+00:00
ERCO,2024-02-11,2024-02-11 13:21:58+00:00,2024-02-12 00:21:37+00:00,2024-02-11 18:51:47+00:00,39579,2024-02-11 12:58:10+00:00,2024-02-12 00:45:24+00:00,2024-02-11 12:29:24+00:00,2024-02-12 01:14:11+00:00,2024-02-11 12:00:56+00:00,2024-02-12 01:42:39+00:00
ERCO,2024-02-12,2024-02-12 13:21:05+00:00,2024-02-13 00:22:29+00:00,2024-02-12 18:51:47+00:00,39684,2024-02-12 12:57:20+00:00,2024-02-13 00:46:14+00:00,2024-02-12 12:28:37+00:00,2024-02-13 01:14:58+00:00,2024-02-12 12:00:09+00:00,2024-02-13 01:43:25+00:00
ERCO,2024-02-13,2024-02-13 13:20:11+00:00,2024-02-14 00:23:21+00:00,2024-02-13 18:51:46+00:00,39790,2024-02-13 12:56:29+00:00,2024-02-14 00:47:03+00:00,2024-02-13 12:27:47+00:00,2024-02-14 01:15:45+00:00,2024-02-13 11:59:21+00:00,2024-02-14 01:44:11+00:00
ERCO,2024-02-14,2024-02-14 13:19:16+00:00,2024-02-15 00:24:12+00:00,2024-02-14 18:51:44+00:00,39896,2024-02-14 12:55:37+00:00,2024-02-15 00:47:52+00:00,2024-02-14 12:26:57+00:00,2024-02-15 01:16:32+00:00,2024-02-14 11:58:32+00:00,2024-02-15 01:44:56+00:00
ERCO,2024-02-15,2024-02-15 13:18:21+00:00,2024-02-16 00:25:03+00:00,2024-02-15 18:51:42+00:00,40002,2024-02-15 12:54:43+00:00,2024-02-16 00:48:41+00:00,2024-02-15 12:26:05+00:00,2024-02-16 01:17:18+00:00,2024-02-15 11:57:42+00:00,2024-02-16 01:45:42+00:00
ERCO,2024-02-16,2024-02-16 13:17:23+00:00,2024-02-17 00:25:54+00:00,2024-02-16 18:51:39+00:00,40111,2024-02-16 12:53:48+00:00,2024-02-17 00:49:29+00:00,2024-02-16 12:25:12+00:00,2024-02-17 01:18:05+00:00,2024-02-16 11:56:50+00:00,2024-02-17 01:46:27+00:00
ERCO,2024-02-17,2024-02-17 13:16:25+00:00,2024-02-18 00:26:44+00:00,2024-02-17 18:51:35+00:00,40219,2024-02-17 12:52:52+00:00,2024-02-18 00:50:17+00:00,2024-02-17 12:24:18+00:00,2024-02-18 01:18:51+00:00,2024-02-17 11:55:57+00:00,2024-02-18 01:47:12+00:00
ERCO,2024-02-18,2024-02-18 13:15:26+00:00,2024-02-19 00:27:34+00:00,2024-02-18 18:51:30+00:00,40328,2024-02-18 12:51:55+00:00,2024-02-19 00:51:05+00:00,2024-02-18 12:23:23+00:00,2024-02-19 01:19:37+00:00,2024-02-18 11:55:03+00:00,2024-02-19 01:47:57+00:00
ERCO,2024-02-19,2024-02-19 13:14:26+00:00,2024-02-20 00:28:23+00:00,2024-02-19 18:51:25+00:00,40437,2024-02-19 12:50:57+00:00,2024-02-20 00:51:52+00:00,2024-02-19 12:22:27+00:00,2024-02-20 01:20:22+00:00,2024-02-19 11:54:08+00:00,2024-02-20 01:48:41+00:00
ERCO,2024-02-20,2024-02-20 13:13:25+00:00,2024-02-21 00:29:12+00:00,2024-02-20 18:51:19+00:00,40547,2024-02-20 12:49:58+00:00,2024-02-21 00:52:40+00:00,2024-02-20 12:21:29+00:00,2024-02-21 01:21:08+00:00,2024-02-20 11:53:11+00:00,2024-02-21 01:49:26+00:00
ERCO,2024-02-21,2024-02-21 13:12:23+00:00,2024-02-22 00:30:01+00:00,2024-02-21 18:51:12+00:00,40658,2024-02-21 12:48:57+00:00,2024-02-22 00:53:26+00:00,2024-02-21 12:20:31+00:00,2024-02-22 01:21:53+00:00,2024-02-21 11:52:13+00:00,2024-02-22 01:50:11+00:00
ERCO,2024-02-22,2024-02-22 13:11:20+00:00,2024-02-23 00:30:50+00:00,2024-02-22 18:51:05+00:00,40770,2024-02-22 12:47:56+00:00,2024-02-23 00:54:13+00:00,2024-02-22 12:19:31+00:00,2024-02-23 01:22:38+00:00,2024-02-22 11:51:14+00:00,2024-02-23 01:50:55+00:00
ERCO,2024-02-23,2024-02-23 13:10:16+00:00,2024-02-24 00:31:38+00:00,2024-02-23 18:50:57+00:00,40882,2024-02-23 12:46:54+00:00,2024-02-24 00:54:59+00:00,2024-02-23 12:18:30+00:00,2024-02-24 01:23:23+00:00,2024-02-23 11:50:14+00:00,2024-02-24 01:51:39+00:00
ERCO,2024-02-24,2024-02-24 13:09:11+00:00,2024-02-25 00:32:25+00:00,2024-02-24 18:50:48+00:00,40994,2024-02-24 12:45:51+00:00,2024-02-25 00:55:45+00:00,2024-02-24 12:17:28+00:00,2024-02-25 01:24:08+00:00,2024-02-24 11:49:13+00:00,2024-02-25 01:52:23+00:00
ERCO,2024-02-25,2024-02-25 13:08:05+00:00,2024-02-26 00:33:13+00:00,2024-02-25 18:50:39+00:00,41108,2024-02-25 12:44:47+00:00,2024-02-26 00:56:31+00:00,2024-02-25 12:16:26+00:00,2024-02-26 01:24:52+00:00,2024-02-25 11:48:10+00:00,2024-02-26 01:53:08+00:00
ERCO,2024-02-26,2024-02-26 13:06:59+00:00,2024-02-27 00:34:00+00:00,2024-02-26 18:50:29+00:00,41221,2024-02-26 12:43:42+00:00,2024-02-27 00:57:16+00:00,2024-02-26 12:15:22+00:00,2024-02-27 01:25:37+00:00,2024-02-26 11:47:07+00:00,2024-02-27 01:53:52+00:00
ERCO,2024-02-27,2024-02-27 13:05:52+00:00,2024-02-28 00:34:46+00:00,2024-02-27 18:50:19+00:00,41334,2024-02-27 12:42:36+00:00,2024-02-28 00:58:02+00:00,2024-02-27 12:14:17+00:00,2024-02-28 01:26:21+00:00,2024-02-27 11:46:02+00:00,2024-02-28 01:54:36+00:00
ERCO,2024-02-28,2024-02-28 13:04:44+00:00,2024-02-29 00:35:32+00:00,2024-02-28 18:50:08+00:00,41448,2024-02-28 12:41:30+00:00,2024-02-29 00:58:46+00:00,2024-02-28 12:13:12+00:00,2024-02-29 01:27:05+00:00,2024-02-28 11:44:57+00:00,2024-02-29 01:55:19+00:00
ERCO,2024-02-29,2024-02-29 13:03:35+00:00,2024-03-01 00:36:18+00:00,2024-02-29 18:49:57+00:00,41563,2024-02-29 12:40:23+00:00,2024-03-01 00:59:31+00:00,2024-02-29 12:12:05+00:00,2024-03-01 01:27:49+00:00,2024-02-29 11:43:50+00:00,2024-03-01 01:56:03+00:00
ERCO,2024-03-01,2024-03-01 13:02:26+00:00,2024-03-02 00:37:04+00:00,2024-03-01 18:49:45+00:00,41678,2024-03-01 12:39:14+00:00,2024-03-02 01:00:15+00:00,2024-03-01 12:10:58+00:00,2024-03-02 01:28:32+00:00,2024-03-01 11:42:43+00:00,2024-03-02 01:56:47+00:00
ERCO,2024-03-02,2024-03-02 13:01:16+00:00,2024-03-03 00:37:49+00:00,2024-03-02 18:49:33+00:00,41793,2024-03-02 12:38:06+00:00,2024-03-03 01:01:00+00:00,2024-03-02 12:09:50+00:00,2024-03-03 01:29:16+00:00,2024-03-02 11:41:34+00:00,2024-03-03 01:57:31+00:00
ERCO,2024-03-03,2024-03-03 13:00:05+00:00,2024-03-04 00:38:34+00:00,2024-03-03 18:49:20+00:00,41909,2024-03-03 12:36:56+00:00,2024-03-04 01:01:44+00:00,2024-03-03 12:08:41+00:00,2024-03-04 01:29:59+00:00,2024-03-03 11:40:25+00:00,2024-03-04 01:58:15+00:00
ERCO,2024-03-04,2024-03-04 12:58:54+00:00,2024-03-05 00:39:19+00:00,2024-03-04 18:49:07+00:00,42025,2024-03-04 12:35:46+00:00,2024-03-05 01:02:27+00:00,2024-03-04 12:07:31+00:00,2024-03-05 01:30:42+00:00,2024-03-04 11:39:15+00:00,2024-03-05 01:58:58+00:00
ERCO,2024-03-05,2024-03-05 12:57:43+00:00,2024-03-06 00:40:03+00:00,2024-03-05 18:48:53+00:00,42140,2024-03-05 12:34:35+00:00,2024-03-06 01:03:11+00:00,2024-03-05 12:06:20+00:00,2024-03-06 01:31:26+00:00,2024-03-05 11:38:04+00:00,2024-03-06 01:59:42+00:00
ERCO,2024-03-06,2024-03-06 12:56:30+00:00,2024-03-07 00:40:47+00:00,2024-03-06 18:48:39+00:00,42257,2024-03-06 12:33:24+00:00,2024-03-07 01:03:54+00:00,2024-03-06 12:05:09+00:00,2024-03-07 01:32:09+00:00,2024-03-06 11:36:52+00:00,2024-03-07 02:00:26+00:00
ERCO,2024-03-07,2024-03-07 12:55:18+00:00,2024-03-08 00:41:31+00:00,2024-03-07 18:48:24+00:00,42373,2024-03-07 12:32:12+00:00,2024-03-08 01:04:37+00:00,2024-03-07 12:03:57+00:00,2024-03-08 01:32:52+00:00,2024-03-07 11:35:39+00:00,2024-03-08 02:01:10+00:00
ERCO,2024-03-08,2024-03-08 12:54:04+00:00,2024-03-09 00:42:15+00:00,2024-03-08 18:48:09+00:00,42491,2024-03-08 12:30:59+00:00,2024-03-09 01:05:20+00:00,2024-03-08 12:02:44+00:00,2024-03-09 01:33:34+00:00,2024-03-08 11:34:26+00:00,2024-03-09 02:01:53+00:00
ERCO,2024-03-09,2024-03-09 12:52:51+00:00,2024-03-10 00:42:58+00:00,2024-03-09 18:47:54+00:00,42607,2024-03-09 12:29:46+00:00,2024-03-10 01:06:03+00:00,2024-03-09 12:01:31+00:00,2024-03-10 01:34:17+00:00,2024-03-09 11:33:11+00:00,2024-03-10 02:02:37+00:00
ERCO,2024-03-10,2024-03-10 12:51:37+00:00,2024-03-11 00:43:41+00:00,2024-03-10 18:47:39+00:00,42724,2024-03-10 12:28:32+00:00,2024-03-11 01:06:45+00:00,2024-03-10 12:00:17+00:00,2024-03-11 01:35:00+00:00,2024-03-10 11:31:56+00:00,2024-03-11 02:03:21+00:00
ERCO,2024-03-11,2024-03-11 12:50:22+00:00,2024-03-12 00:44:23+00:00,2024-03-11 18:47:23+00:00,42841,2024-03-11 12:27:18+00:00,2024-03-12 01:07:27+00:00,2024-03-11 11:59:03+00:00,2024-03-12 01:35:43+00:00,2024-03-11 11:30:40+00:00,2024-03-12 02:04:05+00:00
ERCO,2024-03-12,2024-03-12 12:49:08+00:00,2024-03-13 00:45:06+00:00,2024-03-12 18:47:07+00:00,42958,2024-03-12 12:26:04+00:00,2024-03-13 01:08:10+00:00,2024-03-12 11:57:48+00:00,2024-03-13 01:36:26+00:00,2024-03-12 11:29:24+00:00,2024-03-13 02:04:50+00:00
ERCO,2024-03-13,2024-03-13 12:47:52+00:00,2024-03-14 00:45:48+00:00,2024-03-13 18:46:50+00:00,43076,2024-03-13 12:24:49+00:00,2024-03-14 01:08:52+00:00,2024-03-13 11:56:32+00:00,2024-03-14 01:37:08+00:00,2024-03-13 11:28:07+00:00,2024-03-14 02:05:34+00:00
ERCO,2024-03-14,2024-03-14 12:46:37+00:00,2024-03-15 00:46:30+00:00,2024-03-14 18:46:34+00:00,43193,2024-03-14 12:23:34+00:00,2024-03-15 01:09:34+00:00,2024-03-14 11:55:16+00:00,2024-03-15 01:37:51+00:00,2024-03-14 11:26:49+00:00,2024-03-15 02:06:18+00:00
ERCO,2024-03-15,2024-03-15 12:45:21+00:00,2024-03-16 00:47:12+00:00,2024-03-15 18:46:17+00:00,43311,2024-03-15 12:22:18+00:00,2024-03-16 01:10:16+00:00,2024-03-15 11:54:00+00:00,2024-03-16 01:38:34+00:00,2024-03-15 11:25:31+00:00,2024-03-16 02:07:03+00:00
ERCO,2024-03-16,2024-03-16 12:44:05+00:00,2024-03-17 00:47:54+00:00,2024-03-16 18:46:00+00:00,43429,2024-03-16 12:21:02+00:00,2024-03-17 01:10:57+00:00,2024-03-16 11:52:43+00:00,2024-03-17 01:39:16+00:00,2024-03-16 11:24:12+00:00,2024-03-17 02:07:47+00:00
ERCO,2024-03-17,2024-03-17 12:42:49+00:00,2024-03-18 00:48:35+00:00,2024-03-17 18:45:42+00:00,43546,2024-03-17 12:19:45+00:00,2024-03-18 01:11:39+00:00,2024-03-17 11:51:26+00:00,2024-03-18 01:39:59+00:00,2024-03-17 11:22:52+00:00,2024-03-18 02:08:32+00:00
ERCO,2024-03-18,2024-03-18 12:41:33+00:00,2024-03-19 00:49:17+00:00,2024-03-18 18:45:25+00:00,43664,2024-03-18 12:18:29+00:00,2024-03-19 01:12:21+00:00,2024-03-18 11:50:08+00:00,2024-03-19 01:40:42+00:00,2024-03-18 11:21:32+00:00,2024-03-19 02:09:17+00:00
ERCO,2024-03-19,2024-03-19 12:40:17+00:00,2024-03-20 00:49:58+00:00,2024-03-19 18:45:07+00:00,43781,2024-03-19 12:17:12+00:00,2024-03-20 01:13:02+00:00,2024-03-19 11:48:50+00:00,2024-03-20 01:41:25+00:00,2024-03-19 11:20:12+00:00,2024-03-20 02:10:02+00:00
ERCO,2024-03-20,2024-03-20 12:39:00+00:00,2024-03-21 00:50:39+00:00,2024-03-20 18:44:49+00:00,43899,2024-03-20 12:15:55+00:00,2024-03-21 01:13:44+00:00,2024-03-20 11:47:31+00:00,2024-03-21 01:42:08+00:00,2024-03-20 11:18:51+00:00,2024-03-21 02:10:48+00:00
ERCO,2024-03-21,2024-03-21 12:37:43+00:00,2024-03-22 00:51:20+00:00,2024-03-21 18:44:32+00:00,44017,2024-03-21 12:14:38+00:00,2024-03-22 01:14:25+00:00,2024-03-21 11:46:12+00:00,2024-03-22 01:42:51+00:00,2024-03-21 11:17:30+00:00,2024-03-22 02:11:34+00:00
ERCO,2024-03-22,2024-03-22 12:36:27+00:00,2024-03-23 00:52:01+00:00,2024-03-22 18:44:14+00:00,44134,2024-03-22 12:13:20+00:00,2024-03-23 01:15:07+00:00,2024-03-22 11:44:53+00:00,2024-03-23 01:43:34+00:00,2024-03-22 11:16:08+00:00,2024-03-23 02:12:19+00:00
ERCO,2024-03-23,2024-03-23 12:35:10+00:00,2024-03-24 00:52:41+00:00,2024-03-23 18:43:56+00:00,44251,2024-03-23 12:12:03+00:00,2024-03-24 01:15:48+00:00,2024-03-23 11:43:34+00:00,2024-03-24 01:44:17+00:00,2024-03-23 11:14:46+00:00,2024-03-24 02:13:06+00:00
ERCO,2024-03-24,2024-03-24 12:33:53+00:00,2024-03-25 00:53:22+00:00,2024-03-24 18:43:37+00:00,44369,2024-03-24 12:10:45+00:00,2024-03-25 01:16:30+00:00,2024-03-24 11:42:15+00:00,2024-03-25 01:45:00+00:00,2024-03-24 11:13:23+00:00,2024-03-25 02:13:52+00:00
ERCO,2024-03-25,2024-03-25 12:32:36+00:00,2024-03-26 00:54:02+00:00,2024-03-25 18:43:19+00:00,44486,2024-03-25 12:09:28+00:00,2024-03-26 01:17:11+00:00,2024-03-25 11:40:55+00:00,2024-03-26 01:45:44+00:00,2024-03-25 11:12:00+00:00,2024-03-26 02:14:39+00:00
ERCO,2024-03-26,2024-03-26 12:31:20+00:00,2024-03-27 00:54:43+00:00,2024-03-26 18:43:01+00:00,44603,2024-03-26 12:08:10+00:00,2024-03-27 01:17:52+00:00,2024-03-26 11:39:35+00:00,2024-03-27 01:46:27+00:00,2024-03-26 11:10:37+00:00,2024-03-27 02:15:25+00:00
ERCO,2024-03-27,2024-03-27 12:30:03+00:00,2024-03-28 00:55:23+00:00,2024-03-27 18:42:43+00:00,44720,2024-03-27 12:06:52+00:00,2024-03-28 01:18:34+00:00,2024-03-27 11:38:15+00:00,2024-03-28 01:47:11+00:00,2024-03-27 11:09:14+00:00,2024-03-28 02:16:13+00:00
ERCO,2024-03-28,2024-03-28 12:28:47+00:00,2024-03-29 00:56:04+00:00,2024-03-28 18:42:25+00:00,44837,2024-03-28 12:05:35+00:00,2024-03-29 01:19:16+00:00,2024-03-28 11:36:55+00:00,2024-03-29 01:47:55+00:00,2024-03-28 11:07:50+00:00,2024-03-29 02:17:00+00:00
ERCO,2024-03-29,2024-03-29 12:27:30+00:00,2024-03-30 00:56:44+00:00,2024-03-29 18:42:07+00:00,44954,2024-03-29 12:04:17+00:00,2024-03-30 01:19:57+00:00,2024-03-29 11:35:35+00:00,2024-03-30 01:48:39+00:00,2024-03-29 11:06:26+00:00,2024-03-30 02:17:48+00:00
ERCO,2024-03-30,2024-03-30 12:26:14+00:00,2024-03-31 00:57:24+00:00,2024-03-30 18:41:49+00:00,45070,2024-03-30 12:02:59+00:00,2024-03-31 01:20:39+00:00,2024-03-30 11:34:15+00:00,2024-03-31 01:49:23+00:00,2024-03-30 11:05:02+00:00,2024-03-31 02:18:36+00:00
ERCO,2024-03-31,2024-03-31 12:24:58+00:00,2024-04-01 00:58:04+00:00,2024-03-31 18:41:31+00:00,45186,2024-03-31 12:01:42+00:00,2024-04-01 01:21:21+00:00,2024-03-31 11:32:55+00:00,2024-04-01 01:50:08+00:00,2024-03-31 11:03:38+00:00,2024-04-01 02:19:25+00:00
ERCO,2024-04-01,2024-04-01 12:23:42+00:00,2024-04-02 00:58:45+00:00,2024-04-01 18:41:13+00:00,45303,2024-04-01 12:00:25+00:00,2024-04-02 01:22:02+00:00,2024-04-01 11:31:34+00:00,2024-04-02 01:50:52+00:00,2024-04-01 11:02:14+00:00,2024-04-02 02:20:13+00:00
ERCO,2024-04-02,2024-04-02 12:22:27+00:00,2024-04-03 00:59:25+00:00,2024-04-02 18:40:56+00:00,45418,2024-04-02 11:59:07+00:00,2024-04-03 01:22:44+00:00,2024-04-02 11:30:14+00:00,2024-04-03 01:51:37+00:00,2024-04-02 11:00:49+00:00,2024-04-03 02:21:03+00:00
ERCO,2024-04-03,2024-04-03 12:21:11+00:00,2024-04-04 01:00:05+00:00,2024-04-03 18:40:38+00:00,45534,2024-04-03 11:57:50+00:00,2024-04-04 01:23:26+00:00,2024-04-03 11:28:54+00:00,2024-04-04 01:52:22+00:00,2024-04-03 10:59:25+00:00,2024-04-04 02:21:52+00:00
ERCO,2024-04-04,2024-04-04 12:19:57+00:00,2024-04-05 01:00:46+00:00,2024-04-04 18:40:21+00:00,45649,2024-04-04 11:56:34+00:00,2024-04-05 01:24:08+00:00,2024-04-04 11:27:34+00:00,2024-04-05 01:53:08+00:00,2024-04-04 10:58:00+00:00,2024-04-05 02:22:42+00:00
ERCO,2024-04-05,2024-04-05 12:18:42+00:00,2024-04-06 01:01:26+00:00,2024-04-05 18:40:04+00:00,45764,2024-04-05 11:55:17+00:00,2024-04-06 01:24:51+00:00,2024-04-05 11:26:15+00:00,2024-04-06 01:53:53+00:00,2024-04-05 10:56:36+00:00,2024-04-06 02:23:32+00:00
ERCO,2024-04-06,2024-04-06 12:17:28+00:00,2024-04-07 01:02:06+00:00,2024-04-06 18:39:47+00:00,45878,2024-04-06 11:54:01+00:00,2024-04-07 01:25:33+00:00,2024-04-06 11:24:55+00:00,2024-04-07 01:54:39+00:00,2024-04-06 10:55:11+00:00,2024-04-07 02:24:23+00:00
ERCO,2024-04-07,2024-04-07 12:16:14+00:00,2024-04-08 01:02:47+00:00,2024-04-07 18:39:30+00:00,45993,2024-04-07 11:52:45+00:00,2024-04-08 01:26:16+00:00,2024-04-07 11:23:35+00:00,2024-04-08 01:55:25+00:00,2024-04-07 10:53:47+00:00,2024-04-08 02:25:14+00:00
ERCO,2024-04-08,2024-04-08 12:15:00+00:00,2024-04-09 01:03:27+00:00,2024-04-08 18:39:14+00:00,46107,2024-04-08 11:51:29+00:00,2024-04-09 01:26:58+00:00,2024-04-08 11:22:16+00:00,2024-04-09 01:56:11+00:00,2024-04-08 10:52:22+00:00,2024-04-09 02:26:05+00:00
ERCO,2024-04-09,2024-04-09 12:13:47+00:00,2024-04-10 01:04:08+00:00,2024-04-09 18:38:58+00:00,46221,2024-04-09 11:50:14+00:00,2024-04-10 01:27:41+00:00,2024-04-09 11:20:57+00:00,2024-04-10 01:56:58+00:00,2024-04-09 10:50:58+00:00,2024-04-10 02:26:57+00:00
ERCO,2024-04-10,2024-04-10 12:12:35+00:00,2024-04-11 01:04:49+00:00,2024-04-10 18:38:42+00:00,46334,2024-04-10 11:48:59+00:00,2024-04-11 01:28:24+00:00,2024-04-10 11:19:39+00:00,2024-04-11 01:57:45+00:00,2024-04-10 10:49:34+00:00,2024-04-11 02:27:49+00:00
ERCO,2024-04-11,2024-04-11 12:11:23+00:00,2024-04-12 01:05:29+00:00,2024-04-11 18:38:26+00:00,46446,2024-04-11 11:47:45+00:00,2024-04-12 01:29:07+00:00,2024-04-11 11:18:20+00:00,2024-04-12 01:58:32+00:00,2024-04-11 10:48:10+00:00,2024-04-12 02:28:42+00:00
ERCO,2024-04-12,2024-04-12 12:10:11+00:00,2024-04-13 01:06:10+00:00,2024-04-12 18:38:11+00:00,46559,2024-04-12 11:46:31+00:00,2024-04-13 01:29:50+00:00,2024-04-12 11:17:02+00:00,2024-04-13 01:59:19+00:00,2024-04-12 10:46:47+00:00,2024-04-13 02:29:35+00:00
ERCO,2024-04-13,2024-04-13 12:09:00+00:00,2024-04-14 01:06:51+00:00,2024-04-13 18:37:56+00:00,46671,2024-04-13 11:45:18+00:00,2024-04-14 01:30:34+00:00,2024-04-13 11:15:45+00:00,2024-04-14 02:00:07+00:00,2024-04-13 10:45:23+00:00,2024-04-14 02:30:28+00:00
ERCO,2024-04-14,2024-04-14 12:07:50+00:00,2024-04-15 01:07:32+00:00,2024-04-14 18:37:41+00:00,46782,2024-04-14 11:44:05+00:00,2024-04-15 01:31:17+00:00,2024-04-14 11:14:27+00:00,2024-04-15 02:00:55+00:00,2024-04-14 10:44:00+00:00,2024-04-15 02:31:22+00:00
ERCO,2024-04-15,2024-04-15 12:06:40+00:00,2024-04-16 01:08:13+00:00,2024-04-15 18:37:27+00:00,46893,2024-04-15 11:42:52+00:00,2024-04-16 01:32:01+00:00,2024-04-15 11:13:11+00:00,2024-04-16 02:01:43+00:00,2024-04-15 10:42:37+00:00,2024-04-16 02:32:16+00:00
ERCO,2024-04-16,2024-04-16 12:05:31+00:00,2024-04-17 01:08:54+00:00,2024-04-16 18:37:13+00:00,47003,2024-04-16 11:41:40+00:00,2024-04-17 01:32:45+00:00,2024-04-16 11:11:54+00:00,2024-04-17 02:02:31+00:00,2024-04-16 10:41:15+00:00,2024-04-17 02:33:11+00:00
ERCO,2024-04-17,2024-04-17 12:04:23+00:00,2024-04-18 01:09:36+00:00,2024-04-17 18:36:59+00:00,47113,2024-04-17 11:40:29+00:00,2024-04-18 01:33:29+00:00,2024-04-17 11:10:39+00:00,2024-04-18 02:03:20+00:00,2024-04-17 10:39:53+00:00,2024-04-18 02:34:06+00:00
ERCO,2024-04-18,2024-04-18 12:03:15+00:00,2024-04-19 01:10:17+00:00,2024-04-18 18:36:46+00:00,47222,2024-04-18 11:39:18+00:00,2024-04-19 01:34:14+00:00,2024-04-18 11:09:23+00:00,2024-04-19 02:04:09+00:00,2024-04-18 10:38:31+00:00,2024-04-19 02:35:01+00:00
ERCO,2024-04-19,2024-04-19 12:02:08+00:00,2024-04-20 01:10:58+00:00,2024-04-19 18:36:33+00:00,47330,2024-04-19 11:38:09+00:00,2024-04-20 01:34:58+00:00,2024-04-19 11:08:09+00:00,2024-04-20 02:04:58+00:00,2024-04-19 10:37:10+00:00,2024-04-20 02:35:57+00:00
ERCO,2024-04-20,2024-04-20 12:01:02+00:00,2024-04-21 01:11:40+00:00,2024-04-20 18:36:21+00:00,47438,2024-04-20 11:36:59+00:00,2024-04-21 01:35:43+00:00,2024-04-20 11:06:54+00:00,2024-04-21 02:05:47+00:00,2024-04-20 10:35:49+00:00,2024-04-21 02:36:53+00:00
ERCO,2024-04-21,2024-04-21 11:59:56+00:00,2024-04-22 01:12:22+00:00,2024-04-21 18:36:09+00:00,47546,2024-04-21 11:35:51+00:00,2024-04-22 01:36:27+00:00,2024-04-21 11:05:41+00:00,2024-04-22 02:06:37+00:00,2024-04-21 10:34:29+00:00,2024-04-22 02:37:49+00:00
ERCO,2024-04-22,2024-04-22 11:58:52+00:00,2024-04-23 01:13:03+00:00,2024-04-22 18:35:58+00:00,47651,2024-04-22 11:34:43+00:00,2024-04-23 01:37:12+00:00,2024-04-22 11:04:28+00:00,2024-04-23 02:07:27+00:00,2024-04-22 10:33:09+00:00,2024-04-23 02:38:46+00:00
ERCO,2024-04-23,2024-04-23 11:57:48+00:00,2024-04-24 01:13:45+00:00,2024-04-23 18:35:47+00:00,47757,2024-04-23 11:33:36+00:00,2024-04-24 01:37:57+00:00,2024-04-23 11:03:16+00:00,2024-04-24 02:08:17+00:00,2024-04-23 10:31:50+00:00,2024-04-24 02:39:43+00:00
ERCO,2024-04-24,2024-04-24 11:56:45+00:00,2024-04-25 01:14:27+00:00,2024-04-24 18:35:36+00:00,47862,2024-04-24 11:32:30+00:00,2024-04-25 01:38:42+00:00,2024-04-24 11:02:05+00:00,2024-04-25 02:09:07+00:00,2024-04-24 10:30:32+00:00,2024-04-25 02:40:40+00:00
ERCO,2024-04-25,2024-04-25 11:55:43+00:00,2024-04-26 01:15:09+00:00,2024-04-25 18:35:26+00:00,47966,2024-04-25 11:31:24+00:00,2024-04-26 01:39:28+00:00,2024-04-25 11:00:54+00:00,2024-04-26 02:09:58+00:00,2024-04-25 10:29:14+00:00,2024-04-26 02:41:38+00:00
ERCO,2024-04-26,2024-04-26 11:54:41+00:00,2024-04-27 01:15:51+00:00,2024-04-26 18:35:16+00:00,48070,2024-04-26 11:30:20+00:00,2024-04-27 01:40:13+00:00,2024-04-26 10:59:44+00:00,2024-04-27 02:10:49+00:00,2024-04-26 10:27:57+00:00,2024-04-27 02:42:36+00:00
ERCO,2024-04-27,2024-04-27 11:53:41+00:00,2024-04-28 01:16:34+00:00,2024-04-27 18:35:07+00:00,48173,2024-04-27 11:29:16+00:00,2024-04-28 01:40:59+00:00,2024-04-27 10:58:35+00:00,2024-04-28 02:11:40+00:00,2024-04-27 10:26:41+00:00,2024-04-28 02:43:34+00:00
ERCO,2024-04-28,2024-04-28 11:52:42+00:00,2024-04-29 01:17:16+00:00,2024-04-28 18:34:59+00:00,48274,2024-04-28 11:28:13+00:00,2024-04-29 01:41:44+00:00,2024-04-28 10:57:27+00:00,2024-04-29 02:12:31+00:00,2024-04-28 10:25:25+00:00,2024-04-29 02:44:33+00:00
ERCO,2024-04-29,2024-04-29 11:51:44+00:00,2024-04-30 01:17:58+00:00,2024-04-29 18:34:51+00:00,48374,2024-04-29 11:27:12+00:00,2024-04-30 01:42:30+00:00,2024-04-29 10:56:20+00:00,2024-04-30 02:13:22+00:00,2024-04-29 10:24:10+00:00,2024-04-30 02:45:31+00:00
ERCO,2024-04-30,2024-04-30 11:50:46+00:00,2024-05-01 01:18:41+00:00,2024-04-30 18:34:43+00:00,48475,2024-04-30 11:26:11+00:00,2024-05-01 01:43:16+00:00,2024-04-30 10:55:14+00:00,2024-05-01 02:14:13+00:00,2024-04-30 10:22:56+00:00,2024-05-01 02:46:30+00:00
ERCO,2024-05-01,2024-05-01 11:49:50+00:00,2024-05-02 01:19:23+00:00,2024-05-01 18:34:36+00:00,48573,2024-05-01 11:25:11+00:00,2024-05-02 01:44:02+00:00,2024-05-01 10:54:08+00:00,2024-05-02 02:15:05+00:00,2024-05-01 10:21:43+00:00,2024-05-02 02:47:30+00:00
ERCO,2024-05-02,2024-05-02 11:48:55+00:00,2024-05-03 01:20:05+00:00,2024-05-02 18:34:30+00:00,48670,2024-05-02 11:24:12+00:00,2024-05-03 01:44:48+00:00,2024-05-02 10:53:04+00:00,2024-05-03 02:15:56+00:00,2024-05-02 10:20:31+00:00,2024-05-03 02:48:29+00:00
ERCO,2024-05-03,2024-05-03 11:48:01+00:00,2024-05-04 01:20:48+00:00,2024-05-03 18:34:24+00:00,48767,2024-05-03 11:23:14+00:00,2024-05-04 01:45:34+00:00,2024-05-03 10:52:00+00:00,2024-05-04 02:16:48+00:00,2024-05-03 10:19:20+00:00,2024-05-04 02:49:28+00:00
ERCO,2024-05-04,2024-05-04 11:47:08+00:00,2024-05-05 01:21:30+00:00,2024-05-04 18:34:19+00:00,48862,2024-05-04 11:22:18+00:00,2024-05-05 01:46:20+00:00,2024-05-04 10:50:58+00:00,2024-05-05 02:17:40+00:00,2024-05-04 10:18:10+00:00,2024-05-05 02:50:28+00:00
ERCO,2024-05-05,2024-05-05 11:46:16+00:00,2024-05-06 01:22:13+00:00,2024-05-05 18:34:14+00:00,48957,2024-05-05 11:21:22+00:00,2024-05-06 01:47:06+00:00,2024-05-05 10:49:57+00:00,2024-05-06 02:18:32+00:00,2024-05-05 10:17:01+00:00,2024-05-06 02:51:28+00:00
ERCO,2024-05-06,2024-05-06 11:45:25+00:00,2024-05-07 01:22:55+00:00,2024-05-06 18:34:10+00:00,49050,2024-05-06 11:20:28+00:00,2024-05-07 01:47:52+00:00,2024-05-06 10:48:57+00:00,2024-05-07 02:19:23+00:00,2024-05-06 10:15:53+00:00,2024-05-07 02:52:27+00:00
ERCO,2024-05-07,2024-05-07 11:44:35+00:00,2024-05-08 01:23:38+00:00,2024-05-07 18:34:06+00:00,49143,2024-05-07 11:19:35+00:00,2024-05-08 01:48:38+00:00,2024-05-07 10:47:58+00:00,2024-05-08 02:20:15+00:00,2024-05-07 10:14:46+00:00,2024-05-08 02:53:27+00:00
ERCO,2024-05-08,2024-05-08 11:43:47+00:00,2024-05-09 01:24:20+00:00,2024-05-08 18:34:03+00:00,49233,2024-05-08 11:18:43+00:00,2024-05-09 01:49:24+00:00,2024-05-08 10:47:00+00:00,2024-05-09 02:21:07+00:00,2024-05-08 10:13:40+00:00,2024-05-09 02:54:27+00:00
ERCO,2024-05-09,2024-05-09 11:43:00+00:00,2024-05-10 01:25:02+00:00,2024-05-09 18:34:01+00:00,49322,2024-05-09 11:17:52+00:00,2024-05-10 01:50:10+00:00,2024-05-09 10:46:03+00:00,2024-05-10 02:21:59+00:00,2024-05-09 10:12:35+00:00,2024-05-10 02:55:27+00:00
ERCO,2024-05-10,2024-05-10 11:42:14+00:00,2024-05-11 01:25:44+00:00,2024-05-10 18:33:59+00:00,49410,2024-05-10 11:17:02+00:00,2024-05-11 01:50:56+00:00,2024-05-10 10:45:08+00:00,2024-05-11 02:22:50+00:00,2024-05-10 10:11:32+00:00,2024-05-11 02:56:26+00:00
ERCO,2024-05-11,2024-05-11 11:41:29+00:00,2024-05-12 01:26:26+00:00,2024-05-11 18:33:58+00:00,49497,2024-05-11 11:16:14+00:00,2024-05-12 01:51:41+00:00,2024-05-11 10:44:14+00:00,2024-05-12 02:23:42+00:00,2024-05-11 10:10:30+00:00,2024-05-12 02:57:26+00:00
ERCO,2024-05-12,2024-05-12 11:40:46+00:00,2024-05-13 01:27:08+00:00,2024-05-12 18:33:57+00:00,49582,2024-05-12 11:15:27+00:00,2024-05-13 01:52:27+00:00,2024-05-12 10:43:21+00:00,2024-05-13 02:24:33+00:00,2024-05-12 10:09:29+00:00,2024-05-13 02:58:25+00:00
ERCO,2024-05-13,2024-05-13 11:40:04+00:00,2024-05-14 01:27:50+00:00,2024-05-13 18:33:57+00:00,49666,2024-05-13 11:14:41+00:00,2024-05-14 01:53:12+00:00,2024-05-13 10:42:30+00:00,2024-05-14 02:25:24+00:00,2024-05-13 10:08:30+00:00,2024-05-14 02:59:24+00:00
ERCO,2024-05-14,2024-05-14 11:39:23+00:00,2024-05-15 01:28:31+00:00,2024-05-14 18:33:57+00:00,49748,2024-05-14 11:13:57+00:00,2024-05-15 01:53:57+00:00,2024-05-14 10:41:40+00:00,2024-05-15 02:26:15+00:00,2024-05-14 10:07:31+00:00,2024-05-15 03:00:23+00:00
ERCO,2024-05-15,2024-05-15 11:38:44+00:00,2024-05-16 01:29:13+00:00,2024-05-15 18:33:58+00:00,49829,2024-05-15 11:13:14+00:00,2024-05-16 01:54:42+00:00,2024-05-15 10:40:51+00:00,2024-05-16 02:27:05+00:00,2024-05-15 10:06:35+00:00,2024-05-16 03:01:22+00:00
ERCO,2024-05-16,2024-05-16 11:38:05+00:00,2024-05-17 01:29:54+00:00,2024-05-16 18:34:00+00:00,49909,2024-05-16 11:12:32+00:00,2024-05-17 01:55:27+00:00,2024-05-16 10:40:04+00:00,2024-05-17 02:27:56+00:00,2024-05-16 10:05:40+00:00,2024-05-17 03:02:20+00:00
ERCO,2024-05-17,2024-05-17 11:37:29+00:00,2024-05-18 01:30:35+00:00,2024-05-17 18:34:02+00:00,49986,2024-05-17 11:11:52+00:00,2024-05-18 01:56:11+00:00,2024-05-17 10:39:18+00:00,2024-05-18 02:28:46+00:00,2024-05-17 10:04:46+00:00,2024-05-18 03:03:18+00:00
ERCO,2024-05-18,2024-05-18 11:36:53+00:00,2024-05-19 01:31:15+00:00,2024-05-18 18:34:04+00:00,50062,2024-05-18 11:11:13+00:00,2024-05-19 01:56:56+00:00,2024-05-18 10:38:33+00:00,2024-05-19 02:29:35+00:00,2024-05-18 10:03:54+00:00,2024-05-19 03:04:15+00:00
ERCO,2024-05-19,2024-05-19 11:36:20+00:00,2024-05-20 01:31:56+00:00,2024-05-19 18:34:08+00:00,50136,2024-05-19 11:10:36+00:00,2024-05-20 01:57:39+00:00,2024-05-19 10:37:51+00:00,2024-05-20 02:30:25+00:00,2024-05-19 10:03:03+00:00,2024-05-20 03:05:12+00:00
ERCO,2024-05-20,2024-05-20 11:35:47+00:00,2024-05-21 01:32:36+00:00,2024-05-20 18:34:11+00:00,50209,2024-05-20 11:10:00+00:00,2024-05-21 01:58:23+00:00,2024-05-20 10:37:09+00:00,2024-05-21 02:31:13+00:00,2024-05-20 10:02:14+00:00,2024-05-21 03:06:09+00:00
ERCO,2024-05-21,2024-05-21 11:35:16+00:00,2024-05-22 01:33:15+00:00,2024-05-21 18:34:16+00:00,50279,2024-05-21 11:09:26+00:00,2024-05-22 01:59:06+00:00,2024-05-21 10:36:30+00:00,2024-05-22 02:32:02+00:00,2024-05-21 10:01:27+00:00,2024-05-22 03:07:04+00:00
ERCO,2024-05-22,2024-05-22 11:34:46+00:00,2024-05-23 01:33:54+00:00,2024-05-22 18:34:20+00:00,50348,2024-05-22 11:08:53+00:00,2024-05-23 01:59:48+00:00,2024-05-22 10:35:51+00:00,2024-05-23 02:32:49+00:00,2024-05-22 10:00:41+00:00,2024-05-23 03:08:00+00:00
ERCO,2024-05-23,2024-05-23 11:34:18+00:00,2024-05-24 01:34:33+00:00,2024-05-23 18:34:26+00:00,50415,2024-05-23 11:08:21+00:00,2024-05-24 02:00:30+00:00,2024-05-23 10:35:15+00:00,2024-05-24 02:33:36+00:00,2024-05-23 09:59:57+00:00,2024-05-24 03:08:54+00:00
ERCO,2024-05-24,2024-05-24 11:33:51+00:00,2024-05-25 01:35:11+00:00,2024-05-24 18:34:31+00:00,50480,2024-05-24 11:07:51+00:00,2024-05-25 02:01:11+00:00,2024-05-24 10:34:40+00:00,2024-05-25 02:34:23+00:00,2024-05-24 09:59:15+00:00,2024-05-25 03:09:48+00:00
ERCO,2024-05-25,2024-05-25 11:33:26+00:00,2024-05-26 01:35:49+00:00,2024-05-25 18:34:38+00:00,50543,2024-05-25 11:07:23+00:00,2024-05-26 02:01:52+00:00,2024-05-25 10:34:06+00:00,2024-05-26 02:35:09+00:00,2024-05-25 09:58:34+00:00,2024-05-26 03:10:41+00:00
ERCO,2024-05-26,2024-05-26 11:33:02+00:00,2024-05-27 01:36:26+00:00,2024-05-26 18:34:44+00:00,50604,2024-05-26 11:06:56+00:00,2024-05-27 02:02:33+00:00,2024-05-26 10:33:35+00:00,2024-05-27 02:35:54+00:00,2024-05-26 09:57:56+00:00,2024-05-27 03:11:33+00:00
ERCO,2024-05-27,2024-05-27 11:32:40+00:00,2024-05-28 01:37:03+00:00,2024-05-27 18:34:52+00:00,50663,2024-05-27 11:06:31+00:00,2024-05-28 02:03:12+00:00,2024-05-27 10:33:05+00:00,2024-05-28 02:36:39+00:00,2024-05-27 09:57:19+00:00,2024-05-28 03:12:25+00:00
ERCO,2024-05-28,2024-05-28 11:32:19+00:00,2024-05-29 01:37:39+00:00,2024-05-28 18:34:59+00:00,50720,2024-05-28 11:06:07+00:00,2024-05-29 02:03:52+00:00,2024-05-28 10:32:36+00:00,2024-05-29 02:37:22+00:00,2024-05-28 09:56:44+00:00,2024-05-29 03:13:15+00:00
ERCO,2024-05-29,2024-05-29 11:32:00+00:00,2024-05-30 01:38:15+00:00,2024-05-29 18:35:08+00:00,50775,2024-05-29 11:05:45+00:00,2024-05-30 02:04:30+00:00,2024-05-29 10:32:10+00:00,2024-05-30 02:38:05+00:00,2024-05-29 09:56:11+00:00,2024-05-30 03:14:04+00:00
ERCO,2024-05-30,2024-05-30 11:31:42+00:00,2024-05-31 01:38:50+00:00,2024-05-30 18:35:16+00:00,50828,2024-05-30 11:05:25+00:00,2024-05-31 02:05:08+00:00,2024-05-30 10:31:45+00:00,2024-05-31 02:38:47+00:00,2024-05-30 09:55:40+00:00,2024-05-31 03:14:52+00:00
ERCO,2024-05-31,2024-05-31 11:31:26+00:00,2024-06-01 01:39:24+00:00,2024-05-31 18:35:25+00:00,50878,2024-05-31 11:05:06+00:00,2024-06-01 02:05:44+00:00,2024-05-31 10:31:22+00:00,2024-06-01 02:39:28+00:00,2024-05-31 09:55:11+00:00,2024-06-01 03:15:40+00:00
ERCO,2024-06-01,2024-06-01 11:31:11+00:00,2024-06-02 01:39:58+00:00,2024-06-01 18:35:34+00:00,50927,2024-06-01 11:04:48+00:00,2024-06-02 02:06:20+00:00,2024-06-01 10:31:01+00:00,2024-06-02 02:40:08+00:00,2024-06-01 09:54:43+00:00,2024-06-02 03:16:25+00:00
ERCO,2024-06-02,2024-06-02 11:30:58+00:00,2024-06-03 01:40:30+00:00,2024-06-02 18:35:44+00:00,50972,2024-06-02 11:04:33+00:00,2024-06-03 02:06:56+00:00,2024-06-02 10:30:41+00:00,2024-06-03 02:40:47+00:00,2024-06-02 09:54:18+00:00,2024-06-03 03:17:10+00:00
ERCO,2024-06-03,2024-06-03 11:30:46+00:00,2024-06-04 01:41:02+00:00,2024-06-03 18:35:54+00:00,51016,2024-06-03 11:04:19+00:00,2024-06-04 02:07:30+00:00,2024-06-03 10:30:23+00:00,2024-06-04 02:41:25+00:00,2024-06-03 09:53:55+00:00,2024-06-04 03:17:54+00:00
ERCO,2024-06-04,2024-06-04 11:30:36+00:00,2024-06-05 01:41:33+00:00,2024-06-04 18:36:05+00:00,51057,2024-06-04 11:04:06+00:00,2024-06-05 02:08:03+00:00,2024-06-04 10:30:07+00:00,2024-06-05 02:42:02+00:00,2024-06-04 09:53:34+00:00,2024-06-05 03:18:36+00:00
ERCO,2024-06-05,2024-06-05 11:30:27+00:00,2024-06-06 01:42:04+00:00,2024-06-05 18:36:15+00:00,51097,2024-06-05 11:03:55+00:00,2024-06-06 02:08:36+00:00,2024-06-05 10:29:53+00:00,2024-06-06 02:42:38+00:00,2024-06-05 09:53:15+00:00,2024-06-06 03:19:16+00:00
ERCO,2024-06-06,2024-06-06 11:30:20+00:00,2024-06-07 01:42:33+00:00,2024-06-06 18:36:27+00:00,51133,2024-06-06 11:03:46+00:00,2024-06-07 02:09:07+00:00,2024-06-06 10:29:40+00:00,2024-06-07 02:43:13+00:00,2024-06-06 09:52:58+00:00,2024-06-07 03:19:56+00:00
ERCO,2024-06-07,2024-06-07 11:30:14+00:00,2024-06-08 01:43:02+00:00,2024-06-07 18:36:38+00:00,51168,2024-06-07 11:03:38+00:00,2024-06-08 02:09:38+00:00,2024-06-07 10:29:30+00:00,2024-06-08 02:43:46+00:00,2024-06-07 09:52:42+00:00,2024-06-08 03:20:33+00:00
ERCO,2024-06-08,2024-06-08 11:30:10+00:00,2024-06-09 01:43:29+00:00,2024-06-08 18:36:50+00:00,51199,2024-06-08 11:03:32+00:00,2024-06-09 02:10:07+00:00,2024-06-08 10:29:21+00:00,2024-06-09 02:44:18+00:00,2024-06-08 09:52:30+00:00,2024-06-09 03:21:10+00:00
ERCO,2024-06-09,2024-06-09 11:30:07+00:00,2024-06-10 01:43:56+00:00,2024-06-09 18:37:01+00:00,51229,2024-06-09 11:03:28+00:00,2024-06-10 02:10:35+00:00,2024-06-09 10:29:14+00:00,2024-06-10 02:44:49+00:00,2024-06-09 09:52:19+00:00,2024-06-10 03:21:44+00:00
ERCO,2024-06-10,2024-06-10 11:30:06+00:00,2024-06-11 01:44:22+00:00,2024-06-10 18:37:14+00:00,51256,2024-06-10 11:03:25+00:00,2024-06-11 02:11:02+00:00,2024-06-10 10:29:09+00:00,2024-06-11 02:45:18+00:00,2024-06-10 09:52:10+00:00,2024-06-11 03:22:17+00:00
ERCO,2024-06-11,2024-06-11 11:30:06+00:00,2024-06-12 01:44:46+00:00,2024-06-11 18:37:26+00:00,51280,2024-06-11 11:03:24+00:00,2024-06-12 02:11:28+00:00,2024-06-11 10:29:05+00:00,2024-06-12 02:45:46+00:00,2024-06-11 09:52:03+00:00,2024-06-12 03:22:48+00:00
ERCO,2024-06-12,2024-06-12 11:30:07+00:00,2024-06-13 01:45:10+00:00,2024-06-12 18:37:38+00:00,51303,2024-06-12 11:03:24+00:00,2024-06-13 02:11:53+00:00,2024-06-12 10:29:03+00:00,2024-06-13 02:46:13+00:00,2024-06-12 09:51:59+00:00,2024-06-13 03:23:18+00:00
ERCO,2024-06-13,2024-06-13 11:30:10+00:00,2024-06-14 01:45:32+00:00,2024-06-13 18:37:51+00:00,51322,2024-06-13 11:03:26+00:00,2024-06-14 02:12:16+00:00,2024-06-13 10:29:04+00:00,2024-06-14 02:46:38+00:00,2024-06-13 09:51:56+00:00,2024-06-14 03:23:46+00:00
ERCO,2024-06-14,2024-06-14 11:30:14+00:00,2024-06-15 01:45:53+00:00,2024-06-14 18:38:04+00:00,51339,2024-06-14 11:03:29+00:00,2024-06-15 02:12:38+00:00,2024-06-14 10:29:05+00:00,2024-06-15 02:47:02+00:00,2024-06-14 09:51:56+00:00,2024-06-15 03:24:11+00:00
ERCO,2024-06-15,2024-06-15 11:30:20+00:00,2024-06-16 01:46:13+00:00,2024-06-15 18:38:17+00:00,51353,2024-06-15 11:03:34+00:00,2024-06-16 02:12:59+00:00,2024-06-15 10:29:09+00:00,2024-06-16 02:47:24+00:00,2024-06-15 09:51:58+00:00,2024-06-16 03:24:36+00:00
ERCO,2024-06-16,2024-06-16 11:30:27+00:00,2024-06-17 01:46:32+00:00,2024-06-16 18:38:30+00:00,51365,2024-06-16 11:03:40+00:00,2024-06-17 02:13:19+00:00,2024-06-16 10:29:14+00:00,2024-06-17 02:47:45+00:00,2024-06-16 09:52:01+00:00,2024-06-17 03:24:58+00:00
ERCO,2024-06-17,2024-06-17 11:30:35+00:00,2024-06-18 01:46:50+00:00,2024-06-17 18:38:43+00:00,51375,2024-06-17 11:03:48+00:00,2024-06-18 02:13:37+00:00,2024-06-17 10:29:21+00:00,2024-06-18 02:48:04+00:00,2024-06-17 09:52:07+00:00,2024-06-18 03:25:18+00:00
ERCO,2024-06-18,2024-06-18 11:30:45+00:00,2024-06-19 01:47:06+00:00,2024-06-18 18:38:56+00:00,51381,2024-06-18 11:03:58+00:00,2024-06-19 02:13:54+00:00,2024-06-18 10:29:30+00:00,2024-06-19 02:48:21+00:00,2024-06-18 09:52:15+00:00,2024-06-19 03:25:36+00:00
ERCO,2024-06-19,2024-06-19 11:30:56+00:00,2024-06-20 01:47:21+00:00,2024-06-19 18:39:09+00:00,51385,2024-06-19 11:04:08+00:00,2024-06-20 02:14:09+00:00,2024-06-19 10:29:41+00:00,2024-06-20 02:48:37+00:00,2024-06-19 09:52:25+00:00,2024-06-20 03:25:52+00:00
ERCO,2024-06-20,2024-06-20 11:31:09+00:00,2024-06-21 01:47:35+00:00,2024-06-20 18:39:22+00:00,51386,2024-06-20 11:04:21+00:00,2024-06-21 02:14:23+00:00,2024-06-20 10:29:53+00:00,2024-06-21 02:48:51+00:00,2024-06-20 09:52:37+00:00,2024-06-21 03:26:07+00:00
ERCO,2024-06-21,2024-06-21 11:31:22+00:00,2024-06-22 01:47:48+00:00,2024-06-21 18:39:35+00:00,51386,2024-06-21 11:04:34+00:00,2024-06-22 02:14:35+00:00,2024-06-21 10:30:06+00:00,2024-06-22 02:49:03+00:00,2024-06-21 09:52:51+00:00,2024-06-22 03:26:19+00:00
ERCO,2024-06-22,2024-06-22 11:31:37+00:00,2024-06-23 01:47:59+00:00,2024-06-22 18:39:48+00:00,51382,2024-06-22 11:04:49+00:00,2024-06-23 02:14:46+00:00,2024-06-22 10:30:22+00:00,2024-06-23 02:49:14+00:00,2024-06-22 09:53:07+00:00,2024-06-23 03:26:29+00:00
ERCO,2024-06-23,2024-06-23 11:31:53+00:00,2024-06-24 01:48:09+00:00,2024-06-23 18:40:01+00:00,51376,2024-06-23 11:05:06+00:00,2024-06-24 02:14:56+00:00,2024-06-23 10:30:39+00:00,2024-06-24 02:49:23+00:00,2024-06-23 09:53:24+00:00,2024-06-24 03:26:37+00:00
ERCO,2024-06-24,2024-06-24 11:32:10+00:00,2024-06-25 01:48:17+00:00,2024-06-24 18:40:14+00:00,51367,2024-06-24 11:05:23+00:00,2024-06-25 02:15:04+00:00,2024-06-24 10:30:57+00:00,2024-06-25 02:49:30+00:00,2024-06-24 09:53:44+00:00,2024-06-25 03:26:43+00:00
ERCO,2024-06-25,2024-06-25 11:32:29+00:00,2024-06-26 01:48:24+00:00,2024-06-25 18:40:26+00:00,51355,2024-06-25 11:05:42+00:00,2024-06-26 02:15:10+00:00,2024-06-25 10:31:17+00:00,2024-06-26 02:49:35+00:00,2024-06-25 09:54:06+00:00,2024-06-26 03:26:47+00:00
ERCO,2024-06-26,2024-06-26 11:32:48+00:00,2024-06-27 01:48:30+00:00,2024-06-26 18:40:39+00:00,51342,2024-06-26 11:06:03+00:00,2024-06-27 02:15:15+00:00,2024-06-26 10:31:39+00:00,2024-06-27 02:49:39+00:00,2024-06-26 09:54:29+00:00,2024-06-27 03:26:49+00:00
ERCO,2024-06-27,2024-06-27 11:33:09+00:00,2024-06-28 01:48:34+00:00,2024-06-27 18:40:51+00:00,51325,2024-06-27 11:06:24+00:00,2024-06-28 02:15:18+00:00,2024-06-27 10:32:02+00:00,2024-06-28 02:49:41+00:00,2024-06-27 09:54:54+00:00,2024-06-28 03:26:48+00:00
ERCO,2024-06-28,2024-06-28 11:33:30+00:00,2024-06-29 01:48:36+00:00,2024-06-28 18:41:03+00:00,51306,2024-06-28 11:06:47+00:00,2024-06-29 02:15:20+00:00,2024-06-28 10:32:26+00:00,2024-06-29 02:49:41+00:00,2024-06-28 09:55:21+00:00,2024-06-29 03:26:46+00:00
ERCO,2024-06-29,2024-06-29 11:33:53+00:00,2024-06-30 01:48:38+00:00,2024-06-29 18:41:15+00:00,51285,2024-06-29 11:07:11+00:00,2024-06-30 02:15:20+00:00,2024-06-29 10:32:52+00:00,2024-06-30 02:49:39+00:00,2024-06-29 09:55:50+00:00,2024-06-30 03:26:41+00:00
ERCO,2024-06-30,2024-06-30 11:34:17+00:00,2024-07-01 01:48:37+00:00,2024-06-30 18:41:27+00:00,51260,2024-06-30 11:07:36+00:00,2024-07-01 02:15:18+00:00,2024-06-30 10:33:19+00:00,2024-07-01 02:49:35+00:00,2024-06-30 09:56:20+00:00,2024-07-01 03:26:34+00:00
ERCO,2024-07-01,2024-07-01 11:34:42+00:00,2024-07-02 01:48:36+00:00,2024-07-01 18:41:39+00:00,51234,2024-07-01 11:08:02+00:00,2024-07-02 02:15:15+00:00,2024-07-01 10:33:48+00:00,2024-07-02 02:49:29+00:00,2024-07-01 09:56:52+00:00,2024-07-02 03:26:25+00:00
ERCO,2024-07-02,2024-07-02 11:35:07+00:00,2024-07-03 01:48:32+00:00,2024-07-02 18:41:50+00:00,51205,2024-07-02 11:08:29+00:00,2024-07-03 02:15:10+00:00,2024-07-02 10:34:17+00:00,2024-07-03 02:49:22+00:00,2024-07-02 09:57:25+00:00,2024-07-03 03:26:14+00:00
ERCO,2024-07-03,2024-07-03 11:35:34+00:00,2024-07-04 01:48:27+00:00,2024-07-03 18:42:01+00:00,51173,2024-07-03 11:08:57+00:00,2024-07-04 02:15:04+00:00,2024-07-03 10:34:48+00:00,2024-07-04 02:49:13+00:00,2024-07-03 09:58:00+00:00,2024-07-04 03:26:01+00:00
ERCO,2024-07-04,2024-07-04 11:36:01+00:00,2024-07-05 01:48:21+00:00,2024-07-04 18:42:11+00:00,51140,2024-07-04 11:09:27+00:00,2024-07-05 02:14:56+00:00,2024-07-04 10:35:21+00:00,2024-07-05 02:49:02+00:00,2024-07-04 09:58:37+00:00,2024-07-05 03:25:45+00:00
ERCO,2024-07-05,2024-07-05 11:36:29+00:00,2024-07-06 01:48:13+00:00,2024-07-05 18:42:21+00:00,51104,2024-07-05 11:09:57+00:00,2024-07-06 02:14:46+00:00,2024-07-05 10:35:54+00:00,2024-07-06 02:48:49+00:00,2024-07-05 09:59:15+00:00,2024-07-06 03:25:28+00:00
ERCO,2024-07-06,2024-07-06 11:36:59+00:00,2024-07-07 01:48:04+00:00,2024-07-06 18:42:31+00:00,51065,2024-07-06 11:10:28+00:00,2024-07-07 02:14:34+00:00,2024-07-06 10:36:28+00:00,2024-07-07 02:48:34+00:00,2024-07-06 09:59:54+00:00,2024-07-07 03:25:08+00:00
ERCO,2024-07-07,2024-07-07 11:37:28+00:00,2024-07-08 01:47:53+00:00,2024-07-07 18:42:41+00:00,51025,2024-07-07 11:11:00+00:00,2024-07-08 02:14:21+00:00,2024-07-07 10:37:04+00:00,2024-07-08 02:48:17+00:00,2024-07-07 10:00:35+00:00,2024-07-08 03:24:47+00:00
ERCO,2024-07-08,2024-07-08 11:37:59+00:00,2024-07-09 01:47:40+00:00,2024-07-08 18:42:50+00:00,50981,2024-07-08 11:11:33+00:00,2024-07-09 02:14:06+00:00,2024-07-08 10:37:41+00:00,2024-07-09 02:47:59+00:00,2024-07-08 10:01:17+00:00,2024-07-09 03:24:23+00:00
ERCO,2024-07-09,2024-07-09 11:38:30+00:00,2024-07-10 01:47:26+00:00,2024-07-09 18:42:58+00:00,50936,2024-07-09 11:12:07+00:00,2024-07-10 02:13:50+00:00,2024-07-09 10:38:18+00:00,2024-07-10 02:47:39+00:00,2024-07-09 10:02:00+00:00,2024-07-10 03:23:57+00:00
ERCO,2024-07-10,2024-07-10 11:39:02+00:00,2024-07-11 01:47:11+00:00,2024-07-10 18:43:07+00:00,50889,2024-07-10 11:12:41+00:00,2024-07-11 02:13:32+00:00,2024-07-10 10:38:57+00:00,2024-07-11 02:47:17+00:00,2024-07-10 10:02:44+00:00,2024-07-11 03:23:29+00:00
ERCO,2024-07-11,2024-07-11 11:39:35+00:00,2024-07-12 01:46:54+00:00,2024-07-11 18:43:14+00:00,50839,2024-07-11 11:13:17+00:00,2024-07-12 02:13:12+00:00,2024-07-11 10:39:36+00:00,2024-07-12 02:46:53+00:00,2024-07-11 10:03:29+00:00,2024-07-12 03:23:00+00:00
ERCO,2024-07-12,2024-07-12 11:40:08+00:00,2024-07-13 01:46:35+00:00,2024-07-12 18:43:22+00:00,50787,2024-07-12 11:13:53+00:00,2024-07-13 02:12:51+00:00,2024-07-12 10:40:16+00:00,2024-07-13 02:46:27+00:00,2024-07-12 10:04:16+00:00,2024-07-13 03:22:28+00:00
ERCO,2024-07-13,2024-07-13 11:40:42+00:00,2024-07-14 01:46:15+00:00,2024-07-13 18:43:29+00:00,50733,2024-07-13 11:14:29+00:00,2024-07-14 02:12:28+00:00,2024-07-13 10:40:57+00:00,2024-07-14 02:46:00+00:00,2024-07-13 10:05:03+00:00,2024-07-14 03:21:54+00:00
ERCO,2024-07-14,2024-07-14 11:41:17+00:00,2024-07-15 01:45:53+00:00,2024-07-14 18:43:35+00:00,50676,2024-07-14 11:15:06+00:00,2024-07-15 02:12:04+00:00,2024-07-14 10:41:39+00:00,2024-07-15 02:45:31+00:00,2024-07-14 10:05:52+00:00,2024-07-15 03:21:18+00:00
ERCO,2024-07-15,2024-07-15 11:41:52+00:00,2024-07-16 01:45:30+00:00,2024-07-15 18:43:41+00:00,50618,2024-07-15 11:15:44+00:00,2024-07-16 02:11:37+00:00,2024-07-15 10:42:22+00:00,2024-07-16 02:45:00+00:00,2024-07-15 10:06:41+00:00,2024-07-16 03:20:41+00:00
ERCO,2024-07-16,2024-07-16 11:42:27+00:00,2024-07-17 01:45:05+00:00,2024-07-16 18:43:46+00:00,50558,2024-07-16 11:16:23+00:00,2024-07-17 02:11:10+00:00,2024-07-16 10:43:05+00:00,2024-07-17 02:44:27+00:00,2024-07-16 10:07:31+00:00,2024-07-17 03:20:01+00:00
ERCO,2024-07-17,2024-07-17 11:43:03+00:00,2024-07-18 01:44:39+00:00,2024-07-17 18:43:51+00:00,50496,2024-07-17 11:17:02+00:00,2024-07-18 02:10:40+00:00,2024-07-17 10:43:49+00:00,2024-07-18 02:43:53+00:00,2024-07-17 10:08:22+00:00,2024-07-18 03:19:20+00:00
ERCO,2024-07-18,2024-07-18 11:43:39+00:00,2024-07-19 01:44:11+00:00,2024-07-18 18:43:55+00:00,50432,2024-07-18 11:17:41+00:00,2024-07-19 02:10:09+00:00,2024-07-18 10:44:33+00:00,2024-07-19 02:43:17+00:00,2024-07-18 10:09:13+00:00,2024-07-19 03:18:37+00:00
ERCO,2024-07-19,2024-07-19 11:44:16+00:00,2024-07-20 01:43:42+00:00,2024-07-19 18:43:59+00:00,50366,2024-07-19 11:18:21+00:00,2024-07-20 02:09:37+00:00,2024-07-19 10:45:18+00:00,2024-07-20 02:42:40+00:00,2024-07-19 10:10:06+00:00,2024-07-20 03:17:52+00:00
ERCO,2024-07-20,2024-07-20 11:44:53+00:00,2024-07-21 01:43:11+00:00,2024-07-20 18:44:02+00:00,50298,2024-07-20 11:19:01+00:00,2024-07-21 02:09:03+00:00,2024-07-20 10:46:04+00:00,2024-07-21 02:42:00+00:00,2024-07-20 10:10:59+00:00,2024-07-21 03:17:05+00:00
ERCO,2024-07-21,2024-07-21 11:45:30+00:00,2024-07-22 01:42:39+00:00,2024-07-21 18:44:05+00:00,50229,2024-07-21 11:19:42+00:00,2024-07-22 02:08:27+00:00,2024-07-21 10:46:50+00:00,2024-07-22 02:41:20+00:00,2024-07-21 10:11:52+00:00,2024-07-22 03:16:17+00:00
ERCO,2024-07-22,2024-07-22 11:46:08+00:00,2024-07-23 01:42:05+00:00,2024-07-22 18:44:07+00:00,50157,2024-07-22 11:20:23+00:00,2024-07-23 02:07:50+00:00,2024-07-22 10:47:36+00:00,2024-07-23 02:40:37+00:00,2024-07-22 10:12:46+00:00,2024-07-23 03:15:27+00:00
ERCO,2024-07-23,2024-07-23 11:46:46+00:00,2024-07-24 01:41:30+00:00,2024-07-23 18:44:08+00:00,50084,2024-07-23 11:21:04+00:00,2024-07-24 02:07:12+00:00,2024-07-23 10:48:23+00:00,2024-07-24 02:39:53+00:00,2024-07-23 10:13:41+00:00,2024-07-24 03:14:35+00:00
ERCO,2024-07-24,2024-07-24 11:47:24+00:00,2024-07-25 01:40:54+00:00,2024-07-24 18:44:09+00:00,50010,2024-07-24 11:21:46+00:00,2024-07-25 02:06:32+00:00,2024-07-24 10:49:10+00:00,2024-07-25 02:39:08+00:00,2024-07-24 10:14:36+00:00,2024-07-25 03:13:42+00:00
ERCO,2024-07-25,2024-07-25 11:48:03+00:00,2024-07-26 01:40:16+00:00,2024-07-25 18:44:09+00:00,49933,2024-07-25 11:22:28+00:00,2024-07-26 02:05:50+00:00,2024-07-25 10:49:57+00:00,2024-07-26 02:38:21+00:00,2024-07-25 10:15:31+00:00,2024-07-26 03:12:47+00:00
ERCO,2024-07-26,2024-07-26 11:48:41+00:00,2024-07-27 01:39:36+00:00,2024-07-26 18:44:09+00:00,49855,2024-07-26 11:23:10+00:00,2024-07-27 02:05:08+00:00,2024-07-26 10:50:45+00:00,2024-07-27 02:37:32+00:00,2024-07-26 10:16:26+00:00,2024-07-27 03:11:51+00:00
ERCO,2024-07-27,2024-07-27 11:49:20+00:00,2024-07-28 01:38:56+00:00,2024-07-27 18:44:08+00:00,49776,2024-07-27 11:23:52+00:00,2024-07-28 02:04:23+00:00,2024-07-27 10:51:33+00:00,2024-07-28 02:36:42+00:00,2024-07-27 10:17:22+00:00,2024-07-28 03:10:53+00:00
ERCO,2024-07-28,2024-07-28 11:49:59+00:00,2024-07-29 01:38:13+00:00,2024-07-28 18:44:06+00:00,49694,2024-07-28 11:24:35+00:00,2024-07-29 02:03:38+00:00,2024-07-28 10:52:21+00:00,2024-07-29 02:35:51+00:00,2024-07-28 10:18:18+00:00,2024-07-29 03:09:54+00:00
ERCO,2024-07-29,2024-07-29 11:50:38+00:00,2024-07-30 01:37:30+00:00,2024-07-29 18:44:04+00:00,49612,2024-07-29 11:25:18+00:00,2024-07-30 02:02:51+00:00,2024-07-29 10:53:10+00:00,2024-07-30 02:34:58+00:00,2024-07-29 10:19:15+00:00,2024-07-30 03:08:54+00:00
ERCO,2024-07-30,2024-07-30 11:51:17+00:00,2024-07-31 01:36:45+00:00,2024-07-30 18:44:01+00:00,49528,2024-07-30 11:26:00+00:00,2024-07-31 02:02:02+00:00,2024-07-30 10:53:58+00:00,2024-07-31 02:34:04+00:00,2024-07-30 10:20:11+00:00,2024-07-31 03:07:52+00:00
ERCO,2024-07-31,2024-07-31 11:51:57+00:00,2024-08-01 01:35:59+00:00,2024-07-31 18:43:58+00:00,49442,2024-07-31 11:26:43+00:00,2024-08-01 02:01:13+00:00,2024-07-31 10:54:47+00:00,2024-08-01 02:33:09+00:00,2024-07-31 10:21:08+00:00,2024-08-01 03:06:48+00:00
ERCO,2024-08-01,2024-08-01 11:52:36+00:00,2024-08-02 01:35:12+00:00,2024-08-01 18:43:54+00:00,49356,2024-08-01 11:27:26+00:00,2024-08-02 02:00:22+00:00,2024-08-01 10:55:35+00:00,2024-08-02 02:32:12+00:00,2024-08-01 10:22:04+00:00,2024-08-02 03:05:44+00:00
ERCO,2024-08-02,2024-08-02 11:53:15+00:00,2024-08-03 01:34:23+00:00,2024-08-02 18:43:49+00:00,49268,2024-08-02 11:28:09+00:00,2024-08-03 01:59:29+00:00,2024-08-02 10:56:24+00:00,2024-08-03 02:31:15+00:00,2024-08-02 10:23:01+00:00,2024-08-03 03:04:38+00:00
ERCO,2024-08-03,2024-08-03 11:53:55+00:00,2024-08-04 01:33:34+00:00,2024-08-03 18:43:44+00:00,49179,2024-08-03 11:28:52+00:00,2024-08-04 01:58:36+00:00,2024-08-03 10:57:13+00:00,2024-08-04 02:30:15+00:00,2024-08-03 10:23:58+00:00,2024-08-04 03:03:31+00:00
ERCO,2024-08-04,2024-08-04 11:54:34+00:00,2024-08-05 01:32:42+00:00,2024-08-04 18:43:38+00:00,49088,2024-08-04 11:29:35+00:00,2024-08-05 01:57:41+00:00,2024-08-04 10:58:02+00:00,2024-08-05 02:29:15+00:00,2024-08-04 10:24:54+00:00,2024-08-05 03:02:22+00:00
ERCO,2024-08-05,2024-08-05 11:55:14+00:00,2024-08-06 01:31:50+00:00,2024-08-05 18:43:32+00:00,48996,2024-08-05 11:30:18+00:00,2024-08-06 01:56:46+00:00,2024-08-05 10:58:50+00:00,2024-08-06 02:28:13+00:00,2024-08-05 10:25:51+00:00,2024-08-06 03:01:13+00:00
ERCO,2024-08-06,2024-08-06 11:55:53+00:00,2024-08-07 01:30:57+00:00,2024-08-06 18:43:25+00:00,48904,2024-08-06 11:31:01+00:00,2024-08-07 01:55:49+00:00,2024-08-06 10:59:39+00:00,2024-08-07 02:27:11+00:00,2024-08-06 10:26:47+00:00,2024-08-07 03:00:02+00:00
ERCO,2024-08-07,2024-08-07 11:56:32+00:00,2024-08-08 01:30:02+00:00,2024-08-07 18:43:17+00:00,48810,2024-08-07 11:31:44+00:00,2024-08-08 01:54:50+00:00,2024-08-07 11:00:28+00:00,2024-08-08 02:26:07+00:00,2024-08-07 10:27:44+00:00,2024-08-08 02:58:51+00:00
ERCO,2024-08-08,2024-08-08 11:57:12+00:00,2024-08-09 01:29:07+00:00,2024-08-08 18:43:09+00:00,48715,2024-08-08 11:32:27+00:00,2024-08-09 01:53:51+00:00,2024-08-08 11:01:16+00:00,2024-08-09 02:25:02+00:00,2024-08-08 10:28:40+00:00,2024-08-09 02:57:38+00:00
ERCO,2024-08-09,2024-08-09 11:57:51+00:00,2024-08-10 01:28:10+00:00,2024-08-09 18:43:00+00:00,48619,2024-08-09 11:33:10+00:00,2024-08-10 01:52:51+00:00,2024-08-09 11:02:04+00:00,2024-08-10 02:23:56+00:00,2024-08-09 10:29:36+00:00,2024-08-10 02:56:25+00:00
ERCO,2024-08-10,2024-08-10 11:58:30+00:00,2024-08-11 01:27:12+00:00,2024-08-10 18:42:51+00:00,48522,2024-08-10 11:33:53+00:00,2024-08-11 01:51:49+00:00,2024-08-10 11:02:53+00:00,2024-08-11 02:22:49+00:00,2024-08-10 10:30:32+00:00,2024-08-11 02:55:10+00:00
ERCO,2024-08-11,2024-08-11 11:59:09+00:00,2024-08-12 01:26:13+00:00,2024-08-11 18:42:41+00:00,48424,2024-08-11 11:34:35+00:00,2024-08-12 01:50:47+00:00,2024-08-11 11:03:41+00:00,2024-08-12 02:21:42+00:00,2024-08-11 10:31:27+00:00,2024-08-12 02:53:55+00:00
ERCO,2024-08-12,2024-08-12 11:59:48+00:00,2024-08-13 01:25:13+00:00,2024-08-12 18:42:31+00:00,48325,2024-08-12 11:35:18+00:00,2024-08-13 01:49:44+00:00,2024-08-12 11:04:29+00:00,2024-08-13 02:20:33+00:00,2024-08-12 10:32:23+00:00,2024-08-13 02:52:39+00:00
ERCO,2024-08-13,2024-08-13 12:00:27+00:00,2024-08-14 01:24:12+00:00,2024-08-13 18:42:20+00:00,48225,2024-08-13 11:36:00+00:00,2024-08-14 01:48:39+00:00,2024-08-13 11:05:16+00:00,2024-08-14 02:19:23+00:00,2024-08-13 10:33:18+00:00,2024-08-14 02:51:21+00:00
ERCO,2024-08-14,2024-08-14 12:01:06+00:00,2024-08-15 01:23:10+00:00,2024-08-14 18:42:08+00:00,48124,2024-08-14 11:36:42+00:00,2024-08-15 01:47:34+00:00,2024-08-14 11:06:04+00:00,2024-08-15 02:18:12+00:00,2024-08-14 10:34:13+00:00,2024-08-15 02:50:04+00:00
ERCO,2024-08-15,2024-08-15 12:01:45+00:00,2024-08-16 01:22:07+00:00,2024-08-15 18:41:56+00:00,48022,2024-08-15 11:37:24+00:00,2024-08-16 01:46:28+00:00,2024-08-15 11:06:51+00:00,2024-08-16 02:17:01+00:00,2024-08-15 10:35:07+00:00,2024-08-16 02:48:45+00:00
ERCO,2024-08-16,2024-08-16 12:02:24+00:00,2024-08-17 01:21:03+00:00,2024-08-16 18:41:43+00:00,47919,2024-08-16 11:38:06+00:00,2024-08-17 01:45:21+00:00,2024-08-16 11:07:38+00:00,2024-08-17 02:15:49+00:00,2024-08-16 10:36:01+00:00,2024-08-17 02:47:26+00:00
ERCO,2024-08-17,2024-08-17 12:03:02+00:00,2024-08-18 01:19:59+00:00,2024-08-17 18:41:30+00:00,47817,2024-08-17 11:38:48+00:00,2024-08-18 01:44:13+00:00,2024-08-17 11:08:25+00:00,2024-08-18 02:14:36+00:00,2024-08-17 10:36:55+00:00,2024-08-18 02:46:05+00:00
ERCO,2024-08-18,2024-08-18 12:03:40+00:00,2024-08-19 01:18:53+00:00,2024-08-18 18:41:17+00:00,47713,2024-08-18 11:39:29+00:00,2024-08-19 01:43:04+00:00,2024-08-18 11:09:12+00:00,2024-08-19 02:13:22+00:00,2024-08-18 10:37:49+00:00,2024-08-19 02:44:45+00:00
ERCO,2024-08-19,2024-08-19 12:04:19+00:00,2024-08-20 01:17:47+00:00,2024-08-19 18:41:03+00:00,47608,2024-08-19 11:40:11+00:00,2024-08-20 01:41:55+00:00,2024-08-19 11:09:58+00:00,2024-08-20 02:12:07+00:00,2024-08-19 10:38:42+00:00,2024-08-20 02:43:23+00:00
ERCO,2024-08-20,2024-08-20 12:04:57+00:00,2024-08-21 01:16:39+00:00,2024-08-20 18:40:48+00:00,47502,2024-08-20 11:40:52+00:00,2024-08-21 01:40:44+00:00,2024-08-20 11:10:44+00:00,2024-08-21 02:10:52+00:00,2024-08-20 10:39:35+00:00,2024-08-21 02:42:01+00:00
ERCO,2024-08-21,2024-08-21 12:05:35+00:00,2024-08-22 01:15:31+00:00,2024-08-21 18:40:33+00:00,47396,2024-08-21 11:41:33+00:00,2024-08-22 01:39:33+00:00,2024-08-21 11:11:30+00:00,2024-08-22 02:09:36+00:00,2024-08-21 10:40:27+00:00,2024-08-22 02:40:39+00:00
ERCO,2024-08-22,2024-08-22 12:06:13+00:00,2024-08-23 01:14:23+00:00,2024-08-22 18:40:18+00:00,47290,2024-08-22 11:42:14+00:00,2024-08-23 01:38:22+00:00,2024-08-22 11:12:15+00:00,2024-08-23 02:08:20+00:00,2024-08-22 10:41:19+00:00,2024-08-23 02:39:16+00:00
ERCO,2024-08-23,2024-08-23 12:06:50+00:00,2024-08-24 01:13:13+00:00,2024-08-23 18:40:02+00:00,47183,2024-08-23 11:42:54+00:00,2024-08-24 01:37:09+00:00,2024-08-23 11:13:00+00:00,2024-08-24 02:07:03+00:00,2024-08-23 10:42:11+00:00,2024-08-24 02:37:53+00:00
ERCO,2024-08-24,2024-08-24 12:07:28+00:00,2024-08-25 01:12:03+00:00,2024-08-24 18:39:45+00:00,47075,2024-08-24 11:43:34+00:00,2024-08-25 01:35:56+00:00,2024-08-24 11:13:45+00:00,2024-08-25 02:05:45+00:00,2024-08-24 10:43:02+00:00,2024-08-25 02:36:29+00:00
ERCO,2024-08-25,2024-08-25 12:08:05+00:00,2024-08-26 01:10:52+00:00,2024-08-25 18:39:28+00:00,46967,2024-08-25 11:44:15+00:00,2024-08-26 01:34:42+00:00,2024-08-25 11:14:30+00:00,2024-08-26 02:04:27+00:00,2024-08-25 10:43:53+00:00,2024-08-26 02:35:04+00:00
ERCO,2024-08-26,2024-08-26 12:08:43+00:00,2024-08-27 01:09:40+00:00,2024-08-26 18:39:11+00:00,46857,2024-08-26 11:44:55+00:00,2024-08-27 01:33:28+00:00,2024-08-26 11:15:14+00:00,2024-08-27 02:03:08+00:00,2024-08-26 10:44:43+00:00,2024-08-27 02:33:40+00:00
ERCO,2024-08-27,2024-08-27 12:09:20+00:00,2024-08-28 01:08:28+00:00,2024-08-27 18:38:54+00:00,46748,2024-08-27 11:45:34+00:00,2024-08-28 01:32:13+00:00,2024-08-27 11:15:59+00:00,2024-08-28 02:01:49+00:00,2024-08-27 10:45:33+00:00,2024-08-28 02:32:15+00:00
ERCO,2024-08-28,2024-08-28 12:09:57+00:00,2024-08-29 01:07:15+00:00,2024-08-28 18:38:36+00:00,46638,2024-08-28 11:46:14+00:00,2024-08-29 01:30:58+00:00,2024-08-28 11:16:42+00:00,2024-08-29 02:00:30+00:00,2024-08-28 10:46:23+00:00,2024-08-29 02:30:49+00:00
ERCO,2024-08-29,2024-08-29 12:10:34+00:00,2024-08-30 01:06:02+00:00,2024-08-29 18:38:18+00:00,46528,2024-08-29 11:46:54+00:00,2024-08-30 01:29:42+00:00,2024-08-29 11:17:26+00:00,2024-08-30 01:59:10+00:00,2024-08-29 10:47:12+00:00,2024-08-30 02:29:24+00:00
ERCO,2024-08-30,2024-08-30 12:11:11+00:00,2024-08-31 01:04:48+00:00,2024-08-30 18:37:59+00:00,46417,2024-08-30 11:47:33+00:00,2024-08-31 01:28:25+00:00,2024-08-30 11:18:09+00:00,2024-08-31 01:57:49+00:00,2024-08-30 10:48:00+00:00,2024-08-31 02:27:58+00:00
ERCO,2024-08-31,2024-08-31 12:11:47+00:00,2024-09-01 01:03:33+00:00,2024-08-31 18:37:40+00:00,46306,2024-08-31 11:48:12+00:00,2024-09-01 01:27:09+00:00,2024-08-31 11:18:52+00:00,2024-09-01 01:56:28+00:00,2024-08-31 10:48:49+00:00,2024-09-01 02:26:32+00:00
ERCO,2024-09-01,2024-09-01 12:12:24+00:00,2024-09-02 01:02:18+00:00,2024-09-01 18:37:21+00:00,46194,2024-09-01 11:48:51+00:00,2024-09-02 01:25:51+00:00,2024-09-01 11:19:35+00:00,2024-09-02 01:55:07+00:00,2024-09-01 10:49:37+00:00,2024-09-02 02:25:05+00:00
ERCO,2024-09-02,2024-09-02 12:13:01+00:00,2024-09-03 01:01:03+00:00,2024-09-02 18:37:02+00:00,46082,2024-09-02 11:49:29+00:00,2024-09-03 01:24:34+00:00,2024-09-02 11:20:17+00:00,2024-09-03 01:53:46+00:00,2024-09-02 10:50:24+00:00,2024-09-03 02:23:39+00:00
ERCO,2024-09-03,2024-09-03 12:13:37+00:00,2024-09-04 00:59:47+00:00,2024-09-03 18:36:42+00:00,45970,2024-09-03 11:50:08+00:00,2024-09-04 01:23:16+00:00,2024-09-03 11:20:59+00:00,2024-09-04 01:52:25+00:00,2024-09-03 10:51:11+00:00,2024-09-04 02:22:12+00:00
ERCO,2024-09-04,2024-09-04 12:14:13+00:00,2024-09-05 00:58:30+00:00,2024-09-04 18:36:22+00:00,45857,2024-09-04 11:50:46+00:00,2024-09-05 01:21:57+00:00,2024-09-04 11:21:41+00:00,2024-09-05 01:51:03+00:00,2024-09-04 10:51:58+00:00,2024-09-05 02:20:46+00:00
ERCO,2024-09-05,2024-09-05 12:14:50+00:00,2024-09-06 00:57:14+00:00,2024-09-05 18:36:02+00:00,45744,2024-09-05 11:51:25+00:00,2024-09-06 01:20:39+00:00,2024-09-05 11:22:23+00:00,2024-09-06 01:49:41+00:00,2024-09-05 10:52:44+00:00,2024-09-06 02:19:19+00:00
ERCO,2024-09-06,2024-09-06 12:15:26+00:00,2024-09-07 00:55:57+00:00,2024-09-06 18:35:41+00:00,45631,2024-09-06 11:52:03+00:00,2024-09-07 01:19:20+00:00,2024-09-06 11:23:04+00:00,2024-09-07 01:48:19+00:00,2024-09-06 10:53:30+00:00,2024-09-07 02:17:52+00:00
ERCO,2024-09-07,2024-09-07 12:16:02+00:00,2024-09-08 00:54:39+00:00,2024-09-07 18:35:21+00:00,45517,2024-09-07 11:52:41+00:00,2024-09-08 01:18:01+00:00,2024-09-07 11:23:45+00:00,2024-09-08 01:46:56+00:00,2024-09-07 10:54:16+00:00,2024-09-08 02:16:25+00:00
ERCO,2024-09-08,2024-09-08 12:16:38+00:00,2024-09-09 00:53:22+00:00,2024-09-08 18:35:00+00:00,45404,2024-09-08 11:53:19+00:00,2024-09-09 01:16:41+00:00,2024-09-08 11:24:26+00:00,2024-09-09 01:45:34+00:00,2024-09-08 10:55:01+00:00,2024-09-09 02:14:59+00:00
ERCO,2024-09-09,2024-09-09 12:17:14+00:00,2024-09-10 00:52:04+00:00,2024-09-09 18:34:39+00:00,45290,2024-09-09 11:53:56+00:00,2024-09-10 01:15:22+00:00,2024-09-09 11:25:07+00:00,2024-09-10 01:44:11+00:00,2024-09-09 10:55:46+00:00,2024-09-10 02:13:32+00:00
ERCO,2024-09-10,2024-09-10 12:17:51+00:00,2024-09-11 00:50:45+00:00,2024-09-10 18:34:18+00:00,45174,2024-09-10 11:54:34+00:00,2024-09-11 01:14:02+00:00,2024-09-10 11:25:47+00:00,2024-09-11 01:42:49+00:00,2024-09-10 10:56:31+00:00,2024-09-11 02:12:05+00:00
ERCO,2024-09-11,2024-09-11 12:18:27+00:00,2024-09-12 00:49:27+00:00,2024-09-11 18:33:57+00:00,45060,2024-09-11 11:55:12+00:00,2024-09-12 01:12:42+00:00,2024-09-11 11:26:27+00:00,2024-09-12 01:41:26+00:00,2024-09-11 10:57:15+00:00,2024-09-12 02:10:39+00:00
ERCO,2024-09-12,2024-09-12 12:19:03+00:00,2024-09-13 00:48:08+00:00,2024-09-12 18:33:36+00:00,44945,2024-09-12 11:55:49+00:00,2024-09-13 01:11:22+00:00,2024-09-12 11:27:07+00:00,2024-09-13 01:40:04+00:00,2024-09-12 10:57:59+00:00,2024-09-13 02:09:13+00:00
ERCO,2024-09-13,2024-09-13 12:19:39+00:00,2024-09-14 00:46:50+00:00,2024-09-13 18:33:14+00:00,44831,2024-09-13 11:56:26+00:00,2024-09-14 01:10:02+00:00,2024-09-13 11:27:47+00:00,2024-09-14 01:38:41+00:00,2024-09-13 10:58:42+00:00,2024-09-14 02:07:46+00:00
ERCO,2024-09-14,2024-09-14 12:20:15+00:00,2024-09-15 00:45:31+00:00,2024-09-14 18:32:53+00:00,44716,2024-09-14 11:57:04+00:00,2024-09-15 01:08:42+00:00,2024-09-14 11:28:27+00:00,2024-09-15 01:37:19+00:00,2024-09-14 10:59:25+00:00,2024-09-15 02:06:20+00:00
ERCO,2024-09-15,2024-09-15 12:20:51+00:00,2024-09-16 00:44:12+00:00,2024-09-15 18:32:31+00:00,44601,2024-09-15 11:57:41+00:00,2024-09-16 01:07:22+00:00,2024-09-15 11:29:06+00:00,2024-09-16 01:35:57+00:00,2024-09-15 11:00:08+00:00,2024-09-16 02:04:55+00:00
ERCO,2024-09-16,2024-09-16 12:21:27+00:00,2024-09-17 00:42:52+00:00,2024-09-16 18:32:10+00:00,44485,2024-09-16 11:58:18+00:00,2024-09-17 01:06:02+00:00,2024-09-16 11:29:45+00:00,2024-09-17 01:34:34+00:00,2024-09-16 11:00:51+00:00,2024-09-17 02:03:29+00:00
ERCO,2024-09-17,2024-09-17 12:22:04+00:00,2024-09-18 00:41:33+00:00,2024-09-17 18:31:48+00:00,44369,2024-09-17 11:58:55+00:00,2024-09-18 01:04:42+00:00,2024-09-17 11:30:25+00:00,2024-09-18 01:33:12+00:00,2024-09-17 11:01:33+00:00,2024-09-18 02:02:04+00:00
ERCO,2024-09-18,2024-09-18 12:22:40+00:00,2024-09-19 00:40:14+00:00,2024-09-18 18:31:27+00:00,44254,2024-09-18 11:59:33+00:00,2024-09-19 01:03:22+00:00,2024-09-18 11:31:04+00:00,2024-09-19 01:31:50+00:00,2024-09-18 11:02:15+00:00,2024-09-19 02:00:39+00:00
ERCO,2024-09-19,2024-09-19 12:23:16+00:00,2024-09-20 00:38:55+00:00,2024-09-19 18:31:06+00:00,44139,2024-09-19 12:00:10+00:00,2024-09-20 01:02:02+00:00,2024-09-19 11:31:43+00:00,2024-09-20 01:30:29+00:00,2024-09-19 11:02:57+00:00,2024-09-20 01:59:15+00:00
ERCO,2024-09-20,2024-09-20 12:23:53+00:00,2024-09-21 00:37:36+00:00,2024-09-20 18:30:44+00:00,44023,2024-09-20 12:00:47+00:00,2024-09-21 01:00:42+00:00,2024-09-20 11:32:21+00:00,2024-09-21 01:29:07+00:00,2024-09-20 11:03:38+00:00,2024-09-21 01:57:50+00:00
ERCO,2024-09-21,2024-09-21 12:24:30+00:00,2024-09-22 00:36:17+00:00,2024-09-21 18:30:23+00:00,43907,2024-09-21 12:01:24+00:00,2024-09-22 00:59:22+00:00,2024-09-21 11:33:00+00:00,2024-09-22 01:27:46+00:00,2024-09-21 11:04:20+00:00,2024-09-22 01:56:27+00:00
ERCO,2024-09-22,2024-09-22 12:25:06+00:00,2024-09-23 00:34:58+00:00,2024-09-22 18:30:02+00:00,43792,2024-09-22 12:02:01+00:00,2024-09-23 00:58:03+00:00,2024-09-22 11:33:39+00:00,2024-09-23 01:26:25+00:00,2024-09-22 11:05:01+00:00,2024-09-23 01:55:03+00:00
ERCO,2024-09-23,2024-09-23 12:25:43+00:00,2024-09-24 00:33:39+00:00,2024-09-23 18:29:41+00:00,43676,2024-09-23 12:02:39+00:00,2024-09-24 00:56:43+00:00,2024-09-23 11:34:17+00:00,2024-09-24 01:25:05+00:00,2024-09-23 11:05:42+00:00,2024-09-24 01:53:40+00:00
ERCO,2024-09-24,2024-09-24 12:26:20+00:00,2024-09-25 00:32:20+00:00,2024-09-24 18:29:20+00:00,43560,2024-09-24 12:03:16+00:00,2024-09-25 00:55:24+00:00,2024-09-24 11:34:56+00:00,2024-09-25 01:23:44+00:00,2024-09-24 11:06:22+00:00,2024-09-25 01:52:18+00:00
ERCO,2024-09-25,2024-09-25 12:26:58+00:00,2024-09-26 00:31:01+00:00,2024-09-25 18:28:59+00:00,43443,2024-09-25 12:03:53+00:00,2024-09-26 00:54:05+00:00,2024-09-25 11:35:34+00:00,2024-09-26 01:22:25+00:00,2024-09-25 11:07:03+00:00,2024-09-26 01:50:56+00:00
ERCO,2024-09-26,2024-09-26 12:27:35+00:00,2024-09-27 00:29:43+00:00,2024-09-26 18:28:39+00:00,43328,2024-09-26 12:04:31+00:00,2024-09-27 00:52:47+00:00,2024-09-26 11:36:13+00:00,2024-09-27 01:21:05+00:00,2024-09-26 11:07:43+00:00,2024-09-27 01:49:34+00:00
ERCO,2024-09-27,2024-09-27 12:28:13+00:00,2024-09-28 00:28:25+00:00,2024-09-27 18:28:19+00:00,43212,2024-09-27 12:05:09+00:00,2024-09-28 00:51:29+00:00,2024-09-27 11:36:51+00:00,2024-09-28 01:19:46+00:00,2024-09-27 11:08:24+00:00,2024-09-28 01:48:14+00:00
ERCO,2024-09-28,2024-09-28 12:28:50+00:00,2024-09-29 00:27:07+00:00,2024-09-28 18:27:59+00:00,43097,2024-09-28 12:05:46+00:00,2024-09-29 00:50:11+00:00,2024-09-28 11:37:30+00:00,2024-09-29 01:18:27+00:00,2024-09-28 11:09:04+00:00,2024-09-29 01:46:53+00:00
ERCO,2024-09-29,2024-09-29 12:29:28+00:00,2024-09-30 00:25:49+00:00,2024-09-29 18:27:39+00:00,42981,2024-09-29 12:06:24+00:00,2024-09-30 00:48:53+00:00,2024-09-29 11:38:08+00:00,2024-09-30 01:17:09+00:00,2024-09-29 11:09:44+00:00,2024-09-30 01:45:34+00:00
ERCO,2024-09-30,2024-09-30 12:30:07+00:00,2024-10-01 00:24:32+00:00,2024-09-30 18:27:19+00:00,42865,2024-09-30 12:07:02+00:00,2024-10-01 00:47:36+00:00,2024-09-30 11:38:47+00:00,2024-10-01 01:15:52+00:00,2024-09-30 11:10:24+00:00,2024-10-01 01:44:15+00:00
ERCO,2024-10-01,2024-10-01 12:30:45+00:00,2024-10-02 00:23:15+00:00,2024-10-01 18:27:00+00:00,42750,2024-10-01 12:07:40+00:00,2024-10-02 00:46:20+00:00,2024-10-01 11:39:25+00:00,2024-10-02 01:14:35+00:00,2024-10-01 11:11:04+00:00,2024-10-02 01:42:56+00:00
ERCO,2024-10-02,2024-10-02 12:31:24+00:00,2024-10-03 00:21:58+00:00,2024-10-02 18:26:41+00:00,42634,2024-10-02 12:08:19+00:00,2024-10-03 00:45:04+00:00,2024-10-02 11:40:04+00:00,2024-10-03 01:13:18+00:00,2024-10-02 11:11:43+00:00,2024-10-03 01:41:39+00:00
ERCO,2024-10-03,2024-10-03 12:32:03+00:00,2024-10-04 00:20:42+00:00,2024-10-03 18:26:22+00:00,42519,2024-10-03 12:08:57+00:00,2024-10-04 00:43:48+00:00,2024-10-03 11:40:42+00:00,2024-10-04 01:12:03+00:00,2024-10-03 11:12:23+00:00,2024-10-04 01:40:22+00:00
ERCO,2024-10-04,2024-10-04 12:32:42+00:00,2024-10-05 00:19:26+00:00,2024-10-04 18:26:04+00:00,42404,2024-10-04 12:09:36+00:00,2024-10-05 00:42:33+00:00,2024-10-04 11:41:21+00:00,2024-10-05 01:10:47+00:00,2024-10-04 11:13:03+00:00,2024-10-05 01:39:06+00:00
ERCO,2024-10-05,2024-10-05 12:33:21+00:00,2024-10-06 00:18:11+00:00,2024-10-05 18:25:46+00:00,42290,2024-10-05 12:10:14+00:00,2024-10-06 00:41:18+00:00,2024-10-05 11:42:00+00:00,2024-10-06 01:09:33+00:00,2024-10-05 11:13:42+00:00,2024-10-06 01:37:50+00:00
ERCO,2024-10-06,2024-10-06 12:34:01+00:00,2024-10-07 00:16:56+00:00,2024-10-06 18:25:29+00:00,42175,2024-10-06 12:10:53+00:00,2024-10-07 00:40:04+00:00,2024-10-06 11:42:39+00:00,2024-10-07 01:08:19+00:00,2024-10-06 11:14:22+00:00,2024-10-07 01:36:35+00:00
ERCO,2024-10-07,2024-10-07 12:34:41+00:00,2024-10-08 00:15:42+00:00,2024-10-07 18:25:12+00:00,42061,2024-10-07 12:11:33+00:00,2024-10-08 00:38:50+00:00,2024-10-07 11:43:18+00:00,2024-10-08 01:07:06+00:00,2024-10-07 11:15:02+00:00,2024-10-08 01:35:22+00:00
ERCO,2024-10-08,2024-10-08 12:35:22+00:00,2024-10-09 00:14:28+00:00,2024-10-08 18:24:55+00:00,41946,2024-10-08 12:12:12+00:00,2024-10-09 00:37:38+00:00,2024-10-08 11:43:57+00:00,2024-10-09 01:05:53+00:00,2024-10-08 11:15:41+00:00,2024-10-09 01:34:09+00:00
ERCO,2024-10-09,2024-10-09 12:36:02+00:00,2024-10-10 00:13:15+00:00,2024-10-09 18:24:39+00:00,41833,2024-10-09 12:12:52+00:00,2024-10-10 00:36:25+00:00,2024-10-09 11:44:36+00:00,2024-10-10 01:04:41+00:00,2024-10-09 11:16:21+00:00,2024-10-10 01:32:57+00:00
ERCO,2024-10-10,2024-10-10 12:36:44+00:00,2024-10-11 00:12:02+00:00,2024-10-10 18:24:23+00:00,41718,2024-10-10 12:13:32+00:00,2024-10-11 00:35:14+00:00,2024-10-10 11:45:15+00:00,2024-10-11 01:03:31+00:00,2024-10-10 11:17:00+00:00,2024-10-11 01:31:45+00:00
ERCO,2024-10-11,2024-10-11 12:37:25+00:00,2024-10-12 00:10:50+00:00,2024-10-11 18:24:08+00:00,41605,2024-10-11 12:14:12+00:00,2024-10-12 00:34:03+00:00,2024-10-11 11:45:55+00:00,2024-10-12 01:02:20+00:00,2024-10-11 11:17:40+00:00,2024-10-12 01:30:35+00:00
ERCO,2024-10-12,2024-10-12 12:38:07+00:00,2024-10-13 00:09:39+00:00,2024-10-12 18:23:53+00:00,41492,2024-10-12 12:14:53+00:00,2024-10-13 00:32:53+00:00,2024-10-12 11:46:35+00:00,2024-10-13 01:01:11+00:00,2024-10-12 11:18:20+00:00,2024-10-13 01:29:26+00:00
ERCO,2024-10-13,2024-10-13 12:38:49+00:00,2024-10-14 00:08:29+00:00,2024-10-13 18:23:39+00:00,41380,2024-10-13 12:15:33+00:00,2024-10-14 00:31:44+00:00,2024-10-13 11:47:15+00:00,2024-10-14 01:00:03+00:00,2024-10-13 11:19:00+00:00,2024-10-14 01:28:17+00:00
ERCO,2024-10-14,2024-10-14 12:39:31+00:00,2024-10-15 00:07:19+00:00,2024-10-14 18:23:25+00:00,41268,2024-10-14 12:16:14+00:00,2024-10-15 00:30:35+00:00,2024-10-14 11:47:55+00:00,2024-10-15 00:58:55+00:00,2024-10-14 11:19:40+00:00,2024-10-15 01:27:10+00:00
ERCO,2024-10-15,2024-10-15 12:40:14+00:00,2024-10-16 00:06:10+00:00,2024-10-15 18:23:12+00:00,41156,2024-10-15 12:16:56+00:00,2024-10-16 00:29:28+00:00,2024-10-15 11:48:35+00:00,2024-10-16 00:57:49+00:00,2024-10-15 11:20:20+00:00,2024-10-16 01:26:04+00:00
ERCO,2024-10-16,2024-10-16 12:40:57+00:00,2024-10-17 00:05:01+00:00,2024-10-16 18:22:59+00:00,41044,2024-10-16 12:17:37+00:00,2024-10-17 00:28:21+00:00,2024-10-16 11:49:15+00:00,2024-10-17 00:56:43+00:00,2024-10-16 11:21:00+00:00,2024-10-17 01:24:58+00:00
ERCO,2024-10-17,2024-10-17 12:41:41+00:00,2024-10-18 00:03:54+00:00,2024-10-17 18:22:47+00:00,40933,2024-10-17 12:18:19+00:00,2024-10-18 00:27:15+00:00,2024-10-17 11:49:56+00:00,2024-10-18 00:55:38+00:00,2024-10-17 11:21:40+00:00,2024-10-18 01:23:54+00:00
ERCO,2024-10-18,2024-10-18 12:42:25+00:00,2024-10-19 00:02:47+00:00,2024-10-18 18:22:36+00:00,40822,2024-10-18 12:19:02+00:00,2024-10-19 00:26:10+00:00,2024-10-18 11:50:37+00:00,2024-10-19 00:54:35+00:00,2024-10-18 11:22:21+00:00,2024-10-19 01:22:51+00:00
ERCO,2024-10-19,2024-10-19 12:43:09+00:00,2024-10-20 00:01:41+00:00,2024-10-19 18:22:25+00:00,40712,2024-10-19 12:19:44+00:00,2024-10-20 00:25:06+00:00,2024-10-19 11:51:18+00:00,2024-10-20 00:53:32+00:00,2024-10-19 11:23:01+00:00,2024-10-20 01:21:49+00:00
ERCO,2024-10-20,2024-10-20 12:43:54+00:00,2024-10-21 00:00:36+00:00,2024-10-20 18:22:15+00:00,40602,2024-10-20 12:20:27+00:00,2024-10-21 00:24:03+00:00,2024-10-20 11:52:00+00:00,2024-10-21 00:52:31+00:00,2024-10-20 11:23:42+00:00,2024-10-21 01:20:48+00:00
ERCO,2024-10-21,2024-10-21 12:44:39+00:00,2024-10-21 23:59:32+00:00,2024-10-21 18:22:06+00:00,40493,2024-10-21 12:21:10+00:00,2024-10-22 00:23:01+00:00,2024-10-21 11:52:41+00:00,2024-10-22 00:51:30+00:00,2024-10-21 11:24:23+00:00,2024-10-22 01:19:49+00:00
ERCO,2024-10-22,2024-10-22 12:45:25+00:00,2024-10-22 23:58:29+00:00,2024-10-22 18:21:57+00:00,40384,2024-10-22 12:21:54+00:00,2024-10-23 00:22:00+00:00,2024-10-22 11:53:23+00:00,2024-10-23 00:50:31+00:00,2024-10-22 11:25:04+00:00,2024-10-23 01:18:50+00:00
ERCO,2024-10-23,2024-10-23 12:46:10+00:00,2024-10-23 23:57:27+00:00,2024-10-23 18:21:49+00:00,40277,2024-10-23 12:22:38+00:00,2024-10-24 00:21:00+00:00,2024-10-23 11:54:05+00:00,2024-10-24 00:49:33+00:00,2024-10-23 11:25:45+00:00,2024-10-24 01:17:53+00:00
ERCO,2024-10-24,2024-10-24 12:46:57+00:00,2024-10-24 23:56:26+00:00,2024-10-24 18:21:41+00:00,40169,2024-10-24 12:23:22+00:00,2024-10-25 00:20:01+00:00,2024-10-24 11:54:47+00:00,2024-10-25 00:48:35+00:00,2024-10-24 11:26:26+00:00,2024-10-25 01:16:57+00:00
ERCO,2024-10-25,2024-10-25 12:47:43+00:00,2024-10-25 23:55:26+00:00,2024-10-25 18:21:35+00:00,40063,2024-10-25 12:24:07+00:00,2024-10-26 00:19:03+00:00,2024-10-25 11:55:30+00:00,2024-10-26 00:47:40+00:00,2024-10-25 11:27:08+00:00,2024-10-26 01:16:02+00:00
ERCO,2024-10-26,2024-10-26 12:48:30+00:00,2024-10-26 23:54:27+00:00,2024-10-26 18:21:29+00:00,39957,2024-10-26 12:24:51+00:00,2024-10-27 00:18:06+00:00,2024-10-26 11:56:13+00:00,2024-10-27 00:46:45+00:00,2024-10-26 11:27:49+00:00,2024-10-27 01:15:09+00:00
ERCO,2024-10-27,2024-10-27 12:49:18+00:00,2024-10-27 23:53:30+00:00,2024-10-27 18:21:24+00:00,39852,2024-10-27 12:25:37+00:00,2024-10-28 00:17:11+00:00,2024-10-27 11:56:56+00:00,2024-10-28 00:45:51+00:00,2024-10-27 11:28:31+00:00,2024-10-28 01:14:16+00:00
ERCO,2024-10-28,2024-10-28 12:50:06+00:00,2024-10-28 23:52:33+00:00,2024-10-28 18:21:19+00:00,39747,2024-10-28 12:26:22+00:00,2024-10-29 00:16:17+00:00,2024-10-28 11:57:40+00:00,2024-10-29 00:44:59+00:00,2024-10-28 11:29:13+00:00,2024-10-29 01:13:26+00:00
ERCO,2024-10-29,2024-10-29 12:50:54+00:00,2024-10-29 23:51:37+00:00,2024-10-29 18:21:16+00:00,39643,2024-10-29 12:27:08+00:00,2024-10-30 00:15:23+00:00,2024-10-29 11:58:23+00:00,2024-10-30 00:44:08+00:00,2024-10-29 11:29:55+00:00,2024-10-30 01:12:36+00:00
ERCO,2024-10-30,2024-10-30 12:51:43+00:00,2024-10-30 23:50:43+00:00,2024-10-30 18:21:13+00:00,39540,2024-10-30 12:27:54+00:00,2024-10-31 00:14:32+00:00,2024-10-30 11:59:07+00:00,2024-10-31 00:43:19+00:00,2024-10-30 11:30:38+00:00,2024-10-31 01:11:48+00:00
ERCO,2024-10-31,2024-10-31 12:52:31+00:00,2024-10-31 23:49:50+00:00,2024-10-31 18:21:11+00:00,39439,2024-10-31 12:28:41+00:00,2024-11-01 00:13:41+00:00,2024-10-31 11:59:51+00:00,2024-11-01 00:42:30+00:00,2024-10-31 11:31:20+00:00,2024-11-01 01:11:01+00:00
ERCO,2024-11-01,2024-11-01 12:53:21+00:00,2024-11-01 23:48:58+00:00,2024-11-01 18:21:09+00:00,39337,2024-11-01 12:29:27+00:00,2024-11-02 00:12:52+00:00,2024-11-01 12:00:36+00:00,2024-11-02 00:41:43+00:00,2024-11-01 11:32:03+00:00,2024-11-02 01:10:16+00:00
ERCO,2024-11-02,2024-11-02 12:54:10+00:00,2024-11-02 23:48:08+00:00,2024-11-02 18:21:09+00:00,39238,2024-11-02 12:30:14+00:00,2024-11-03 00:12:04+00:00,2024-11-02 12:01:20+00:00,2024-11-03 00:40:58+00:00,2024-11-02 11:32:46+00:00,2024-11-03 01:09:32+00:00
ERCO,2024-11-03,2024-11-03 12:55:00+00:00,2024-11-03 23:47:18+00:00,2024-11-03 18:21:09+00:00,39138,2024-11-03 12:31:02+00:00,2024-11-04 00:11:17+00:00,2024-11-03 12:02:05+00:00,2024-11-04 00:40:13+00:00,2024-11-03 11:33:29+00:00,2024-11-04 01:08:49+00:00
ERCO,2024-11-04,2024-11-04 12:55:50+00:00,2024-11-04 23:46:31+00:00,2024-11-04 18:21:10+00:00,39041,2024-11-04 12:31:49+00:00,2024-11-05 00:10:32+00:00,2024-11-04 12:02:50+00:00,2024-11-05 00:39:31+00:00,2024-11-04 11:34:13+00:00,2024-11-05 01:08:08+00:00
ERCO,2024-11-05,2024-11-05 12:56:41+00:00,2024-11-05 23:45:44+00:00,2024-11-05 18:21:12+00:00,38943,2024-11-05 12:32:37+00:00,2024-11-06 00:09:48+00:00,2024-11-05 12:03:36+00:00,2024-11-06 00:38:49+00:00,2024-11-05 11:34:56+00:00,2024-11-06 01:07:29+00:00
ERCO,2024-11-06,2024-11-06 12:57:32+00:00,2024-11-06 23:44:59+00:00,2024-11-06 18:21:15+00:00,38847,2024-11-06 12:33:25+00:00,2024-11-07 00:09:05+00:00,2024-11-06 12:04:21+00:00,2024-11-07 00:38:09+00:00,2024-11-06 11:35:40+00:00,2024-11-07 01:06:51+00:00
ERCO,2024-11-07,2024-11-07 12:58:23+00:00,2024-11-07 23:44:15+00:00,2024-11-07 18:21:19+00:00,38752,2024-11-07 12:34:14+00:00,2024-11-08 00:08:24+00:00,2024-11-07 12:05:07+00:00,2024-11-08 00:37:31+00:00,2024-11-07 11:36:24+00:00,2024-11-08 01:06:14+00:00
ERCO,2024-11-08,2024-11-08 12:59:14+00:00,2024-11-08 23:43:33+00:00,2024-11-08 18:21:24+00:00,38659,2024-11-08 12:35:02+00:00,2024-11-09 00:07:45+00:00,2024-11-08 12:05:53+00:00,2024-11-09 00:36:54+00:00,2024-11-08 11:37:08+00:00,2024-11-09 01:05:39+00:00
ERCO,2024-11-09,2024-11-09 13:00:06+00:00,2024-11-09 23:42:52+00:00,2024-11-09 18:21:29+00:00,38566,2024-11-09 12:35:51+00:00,2024-11-10 00:07:07+00:00,2024-11-09 12:06:39+00:00,2024-11-10 00:36:18+00:00,2024-11-09 11:37:52+00:00,2024-11-10 01:05:05+00:00
ERCO,2024-11-10,2024-11-10 13:00:57+00:00,2024-11-10 23:42:13+00:00,2024-11-10 18:21:35+00:00,38476,2024-11-10 12:36:40+00:00,2024-11-11 00:06:30+00:00,2024-11-10 12:07:26+00:00,2024-11-11 00:35:44+00:00,2024-11-10 11:38:37+00:00,2024-11-11 01:04:34+00:00
ERCO,2024-11-11,2024-11-11 13:01:49+00:00,2024-11-11 23:41:35+00:00,2024-11-11 18:21:42+00:00,38386,2024-11-11 12:37:29+00:00,2024-11-12 00:05:55+00:00,2024-11-11 12:08:12+00:00,2024-11-12 00:35:12+00:00,2024-11-11 11:39:21+00:00,2024-11-12 01:04:03+00:00
ERCO,2024-11-12,2024-11-12 13:02:41+00:00,2024-11-12 23:40:59+00:00,2024-11-12 18:21:50+00:00,38298,2024-11-12 12:38:19+00:00,2024-11-13 00:05:21+00:00,2024-11-12 12:08:59+00:00,2024-11-13 00:34:41+00:00,2024-11-12 11:40:06+00:00,2024-11-13 01:03:34+00:00
ERCO,2024-11-13,2024-11-13 13:03:34+00:00,2024-11-13 23:40:24+00:00,2024-11-13 18:21:59+00:00,38210,2024-11-13 12:39:08+00:00,2024-11-14 00:04:49+00:00,2024-11-13 12:09:46+00:00,2024-11-14 00:34:12+00:00,2024-11-13 11:40:51+00:00,2024-11-14 01:03:07+00:00
ERCO,2024-11-14,2024-11-14 13:04:26+00:00,2024-11-14 23:39:51+00:00,2024-11-14 18:22:08+00:00,38125,2024-11-14 12:39:58+00:00,2024-11-15 00:04:19+00:00,2024-11-14 12:10:33+00:00,2024-11-15 00:33:44+00:00,2024-11-14 11:41:35+00:00,2024-11-15 01:02:41+00:00
ERCO,2024-11-15,2024-11-15 13:05:19+00:00,2024-11-15 23:39:19+00:00,2024-11-15 18:22:19+00:00,38040,2024-11-15 12:40:48+00:00,2024-11-16 00:03:50+00:00,2024-11-15 12:11:20+00:00,2024-11-16 00:33:18+00:00,2024-11-15 11:42:20+00:00,2024-11-16 01:02:17+00:00
ERCO,2024-11-16,2024-11-16 13:06:11+00:00,2024-11-16 23:38:49+00:00,2024-11-16 18:22:30+00:00,37958,2024-11-16 12:41:37+00:00,2024-11-17 00:03:23+00:00,2024-11-16 12:12:07+00:00,2024-11-17 00:32:54+00:00,2024-11-16 11:43:05+00:00,2024-11-17 01:01:55+00:00
ERCO,2024-11-17,2024-11-17 13:07:04+00:00,2024-11-17 23:38:21+00:00,2024-11-17 18:22:42+00:00,37877,2024-11-17 12:42:27+00:00,2024-11-18 00:02:57+00:00,2024-11-17 12:12:54+00:00,2024-11-18 00:32:31+00:00,2024-11-17 11:43:50+00:00,2024-11-18 01:01:34+00:00
ERCO,2024-11-18,2024-11-18 13:07:56+00:00,2024-11-18 23:37:54+00:00,2024-11-18 18:22:55+00:00,37798,2024-11-18 12:43:17+00:00,2024-11-19 00:02:34+00:00,2024-11-18 12:13:41+00:00,2024-11-19 00:32:09+00:00,2024-11-18 11:44:35+00:00,2024-11-19 01:01:15+00:00
ERCO,2024-11-19,2024-11-19 13:08:49+00:00,2024-11-19 23:37:29+00:00,2024-11-19 18:23:09+00:00,37720,2024-11-19 12:44:07+00:00,2024-11-20 00:02:11+00:00,2024-11-19 12:14:28+00:00,2024-11-20 00:31:50+00:00,2024-11-19 11:45:20+00:00,2024-11-20 01:00:57+00:00
ERCO,2024-11-20,2024-11-20 13:09:41+00:00,2024-11-20 23:37:06+00:00,2024-11-20 18:23:24+00:00,37645,2024-11-20 12:44:56+00:00,2024-11-21 00:01:51+00:00,2024-11-20 12:15:15+00:00,2024-11-21 00:31:32+00:00,2024-11-20 11:46:06+00:00,2024-11-21 01:00:42+00:00
ERCO,2024-11-21,2024-11-21 13:10:33+00:00,2024-11-21 23:36:45+00:00,2024-11-21 18:23:39+00:00,37572,2024-11-21 12:45:46+00:00,2024-11-22 00:01:32+00:00,2024-11-21 12:16:02+00:00,2024-11-22 00:31:16+00:00,2024-11-21 11:46:51+00:00,2024-11-22 01:00:27+00:00
ERCO,2024-11-22,2024-11-22 13:11:25+00:00,2024-11-22 23:36:25+00:00,2024-11-22 18:23:55+00:00,37500,2024-11-22 12:46:36+00:00,2024-11-23 00:01:15+00:00,2024-11-22 12:16:49+00:00,2024-11-23 00:31:01+00:00,2024-11-22 11:47:36+00:00,2024-11-23 01:00:15+00:00
ERCO,2024-11-23,2024-11-23 13:12:17+00:00,2024-11-23 23:36:07+00:00,2024-11-23 18:24:12+00:00,37430,2024-11-23 12:47:25+00:00,2024-11-24 00:00:59+00:00,2024-11-23 12:17:36+00:00,2024-11-24 00:30:48+00:00,2024-11-23 11:48:21+00:00,2024-11-24 01:00:04+00:00
ERCO,2024-11-24,2024-11-24 13:13:09+00:00,2024-11-24 23:35:50+00:00,2024-11-24 18:24:30+00:00,37361,2024-11-24 12:48:14+00:00,2024-11-25 00:00:45+00:00,2024-11-24 12:18:23+00:00,2024-11-25 00:30:37+00:00,2024-11-24 11:49:05+00:00,2024-11-25 00:59:54+00:00
ERCO,2024-11-25,2024-11-25 13:14:01+00:00,2024-11-25 23:35:36+00:00,2024-11-25 18:24:48+00:00,37295,2024-11-25 12:49:04+00:00,2024-11-26 00:00:33+00:00,2024-11-25 12:19:10+00:00,2024-11-26 00:30:27+00:00,2024-11-25 11:49:50+00:00,2024-11-26 00:59:47+00:00
ERCO,2024-11-26,2024-11-26 13:14:52+00:00,2024-11-26 23:35:23+00:00,2024-11-26 18:25:08+00:00,37231,2024-11-26 12:49:52+00:00,2024-11-27 00:00:23+00:00,2024-11-26 12:19:56+00:00,2024-11-27 00:30:19+00:00,2024-11-26 11:50:35+00:00,2024-11-27 00:59:40+00:00
ERCO,2024-11-27,2024-11-27 13:15:43+00:00,2024-11-27 23:35:12+00:00,2024-11-27 18:25:27+00:00,37169,2024-11-27 12:50:41+00:00,2024-11-28 00:00:14+00:00,2024-11-27 12:20:42+00:00,2024-11-28 00:30:13+00:00,2024-11-27 11:51:19+00:00,2024-11-28 00:59:36+00:00
ERCO,2024-11-28,2024-11-28 13:16:33+00:00,2024-11-28 23:35:03+00:00,2024-11-28 18:25:48+00:00,37110,2024-11-28 12:51:29+00:00,2024-11-29 00:00:07+00:00,2024-11-28 12:21:28+00:00,2024-11-29 00:30:08+00:00,2024-11-28 11:52:03+00:00,2024-11-29 00:59:33+00:00
ERCO,2024-11-29,2024-11-29 13:17:24+00:00,2024-11-29 23:34:55+00:00,2024-11-29 18:26:09+00:00,37051,2024-11-29 12:52:17+00:00,2024-11-30 00:00:02+00:00,2024-11-29 12:22:14+00:00,2024-11-30 00:30:05+00:00,2024-11-29 11:52:47+00:00,2024-11-30 00:59:32+00:00
ERCO,2024-11-30,2024-11-30 13:18:13+00:00,2024-11-30 23:34:50+00:00,2024-11-30 18:26:31+00:00,36997,2024-11-30 12:53:05+00:00,2024-11-30 23:59:58+00:00,2024-11-30 12:22:59+00:00,2024-12-01 00:30:04+00:00,2024-11-30 11:53:31+00:00,2024-12-01 00:59:32+00:00
ERCO,2024-12-01,2024-12-01 13:19:02+00:00,2024-12-01 23:34:46+00:00,2024-12-01 18:26:54+00:00,36944,2024-12-01 12:53:52+00:00,2024-12-01 23:59:57+00:00,2024-12-01 12:23:44+00:00,2024-12-02 00:30:04+00:00,2024-12-01 11:54:14+00:00,2024-12-02 00:59:34+00:00
ERCO,2024-12-02,2024-12-02 13:19:51+00:00,2024-12-02 23:34:44+00:00,2024-12-02 18:27:17+00:00,36893,2024-12-02 12:54:38+00:00,2024-12-02 23:59:56+00:00,2024-12-02 12:24:29+00:00,2024-12-03 00:30:06+00:00,2024-12-02 11:54:57+00:00,2024-12-03 00:59:38+00:00
ERCO,2024-12-03,2024-12-03 13:20:39+00:00,2024-12-03 23:34:44+00:00,2024-12-03 18:27:41+00:00,36845,2024-12-03 12:55:24+00:00,2024-12-03 23:59:58+00:00,2024-12-03 12:25:13+00:00,2024-12-04 00:30:09+00:00,2024-12-03 11:55:40+00:00,2024-12-04 00:59:43+00:00
ERCO,2024-12-04,2024-12-04 13:21:26+00:00,2024-12-04 23:34:45+00:00,2024-12-04 18:28:06+00:00,36799,2024-12-04 12:56:10+00:00,2024-12-05 00:00:01+00:00,2024-12-04 12:25:57+00:00,2024-12-05 00:30:14+00:00,2024-12-04 11:56:22+00:00,2024-12-05 00:59:50+00:00
ERCO,2024-12-05,2024-12-05 13:22:13+00:00,2024-12-05 23:34:48+00:00,2024-12-05 18:28:31+00:00,36755,2024-12-05 12:56:55+00:00,2024-12-06 00:00:06+00:00,2024-12-05 12:26:40+00:00,2024-12-06 00:30:21+00:00,2024-12-05 11:57:04+00:00,2024-12-06 00:59:58+00:00
ERCO,2024-12-06,2024-12-06 13:22:59+00:00,2024-12-06 23:34:53+00:00,2024-12-06 18:28:56+00:00,36714,2024-12-06 12:57:39+00:00,2024-12-07 00:00:13+00:00,2024-12-06 12:27:23+00:00,2024-12-07 00:30:30+00:00,2024-12-06 11:57:45+00:00,2024-12-07 01:00:07+00:00
ERCO,2024-12-07,2024-12-07 13:23:44+00:00,2024-12-07 23:35:00+00:00,2024-12-07 18:29:22+00:00,36676,2024-12-07 12:58:23+00:00,2024-12-08 00:00:22+00:00,2024-12-07 12:28:05+00:00,2024-12-08 00:30:40+00:00,2024-12-07 11:58:26+00:00,2024-12-08 01:00:19+00:00
ERCO,2024-12-08,2024-12-08 13:24:29+00:00,2024-12-08 23:35:09+00:00,2024-12-08 18:29:49+00:00,36640,2024-12-08 12:59:06+00:00,2024-12-09 00:00:32+00:00,2024-12-08 12:28:46+00:00,2024-12-09 00:30:51+00:00,2024-12-08 11:59:06+00:00,2024-12-09 01:00:31+00:00
ERCO,2024-12-09,2024-12-09 13:25:12+00:00,2024-12-09 23:35:19+00:00,2024-12-09 18:30:16+00:00,36607,2024-12-09 12:59:48+00:00,2024-12-10 00:00:43+00:00,2024-12-09 12:29:27+00:00,2024-12-10 00:31:04+00:00,2024-12-09 11:59:46+00:00,2024-12-10 01:00:46+00:00
ERCO,2024-12-10,2024-12-10 13:25:55+00:00,2024-12-10 23:35:31+00:00,2024-12-10 18:30:43+00:00,36576,2024-12-10 13:00:30+00:00,2024-12-11 00:00:57+00:00,2024-12-10 12:30:07+00:00,2024-12-11 00:31:19+00:00,2024-12-10 12:00:25+00:00,2024-12-11 01:01:01+00:00
ERCO,2024-12-11,2024-12-11 13:26:37+00:00,2024-12-11 23:35:45+00:00,2024-12-11 18:31:11+00:00,36548,2024-12-11 13:01:10+00:00,2024-12-12 00:01:12+00:00,2024-12-11 12:30:47+00:00,2024-12-12 00:31:35+00:00,2024-12-11 12:01:03+00:00,2024-12-12 01:01:18+00:00
ERCO,2024-12-12,2024-12-12 13:27:17+00:00,2024-12-12 23:36:00+00:00,2024-12-12 18:31:39+00:00,36523,2024-12-12 13:01:50+00:00,2024-12-13 00:01:28+00:00,2024-12-12 12:31:25+00:00,2024-12-13 00:31:52+00:00,2024-12-12 12:01:41+00:00,2024-12-13 01:01:37+00:00
ERCO,2024-12-13,2024-12-13 13:27:57+00:00,2024-12-13 23:36:18+00:00,2024-12-13 18:32:07+00:00,36501,2024-12-13 13:02:29+00:00,2024-12-14 00:01:46+00:00,2024-12-13 12:32:03+00:00,2024-12-14 00:32:12+00:00,2024-12-13 12:02:18+00:00,2024-12-14 01:01:56+00:00
ERCO,2024-12-14,2024-12-14 13:28:36+00:00,2024-12-14 23:36:36+00:00,2024-12-14 18:32:36+00:00,36480,2024-12-14 13:03:06+00:00,2024-12-15 00:02:06+00:00,2024-12-14 12:32:40+00:00,2024-12-15 00:32:32+00:00,2024-12-14 12:02:55+00:00,2024-12-15 01:02:18+00:00
ERCO,2024-12-15,2024-12-15 13:29:13+00:00,2024-12-15 23:36:57+00:00,2024-12-15 18:33:05+00:00,36464,2024-12-15 13:03:43+00:00,2024-12-16 00:02:27+00:00,2024-12-15 12:33:16+00:00,2024-12-16 00:32:54+00:00,2024-12-15 12:03:30+00:00,2024-12-16 01:02:40+00:00
ERCO,2024-12-16,2024-12-16 13:29:50+00:00,2024-12-16 23:37:19+00:00,2024-12-16 18:33:34+00:00,36449,2024-12-16 13:04:19+00:00,2024-12-17 00:02:50+00:00,2024-12-16 12:33:51+00:00,2024-12-17 00:33:17+00:00,2024-12-16 12:04:05+00:00,2024-12-17 01:03:04+00:00
ERCO,2024-12-17,2024-12-17 13:30:25+00:00,2024-12-17 23:37:42+00:00,2024-12-17 18:34:04+00:00,36437,2024-12-17 13:04:53+00:00,2024-12-18 00:03:14+00:00,2024-12-17 12:34:26+00:00,2024-12-18 00:33:42+00:00,2024-12-17 12:04:38+00:00,2024-12-18 01:03:29+00:00
ERCO,2024-12-18,2024-12-18 13:30:59+00:00,2024-12-18 23:38:08+00:00,2024-12-18 18:34:33+00:00,36429,2024-12-18 13:05:27+00:00,2024-12-19 00:03:39+00:00,2024-12-18 12:34:59+00:00,2024-12-19 00:34:08+00:00,2024-12-18 12:05:11+00:00,2024-12-19 01:03:55+00:00
ERCO,2024-12-19,2024-12-19 13:31:31+00:00,2024-12-19 23:38:34+00:00,2024-12-19 18:35:03+00:00,36423,2024-12-19 13:05:59+00:00,2024-12-20 00:04:06+00:00,2024-12-19 12:35:31+00:00,2024-12-20 00:34:35+00:00,2024-12-19 12:05:43+00:00,2024-12-20 01:04:22+00:00
ERCO,2024-12-20,2024-12-20 13:32:03+00:00,2024-12-20 23:39:03+00:00,2024-12-20 18:35:33+00:00,36420,2024-12-20 13:06:31+00:00,2024-12-21 00:04:35+00:00,2024-12-20 12:36:02+00:00,2024-12-21 00:35:03+00:00,2024-12-20 12:06:14+00:00,2024-12-21 01:04:51+00:00
ERCO,2024-12-21,2024-12-21 13:32:33+00:00,2024-12-21 23:39:32+00:00,2024-12-21 18:36:02+00:00,36419,2024-12-21 13:07:01+00:00,2024-12-22 00:05:04+00:00,2024-12-21 12:36:32+00:00,2024-12-22 00:35:33+00:00,2024-12-21 12:06:44+00:00,2024-12-22 01:05:21+00:00
ERCO,2024-12-22,2024-12-22 13:33:01+00:00,2024-12-22 23:40:03+00:00,2024-12-22 18:36:32+00:00,36422,2024-12-22 13:07:29+00:00,2024-12-23 00:05:35+00:00,2024-12-22 12:37:01+00:00,2024-12-23 00:36:04+00:00,2024-12-22 12:07:13+00:00,2024-12-23 01:05:52+00:00
ERCO,2024-12-23,2024-12-23 13:33:28+00:00,2024-12-23 23:40:36+00:00,2024-12-23 18:37:02+00:00,36428,2024-12-23 13:07:57+00:00,2024-12-24 00:06:08+00:00,2024-12-23 12:37:28+00:00,2024-12-24 00:36:36+00:00,2024-12-23 12:07:41+00:00,2024-12-24 01:06:23+00:00
ERCO,2024-12-24,2024-12-24 13:33:54+00:00,2024-12-24 23:41:10+00:00,2024-12-24 18:37:32+00:00,36436,2024-12-24 13:08:23+00:00,2024-12-25 00:06:41+00:00,2024-12-24 12:37:55+00:00,2024-12-25 00:37:09+00:00,2024-12-24 12:08:07+00:00,2024-12-25 01:06:56+00:00
ERCO,2024-12-25,2024-12-25 13:34:18+00:00,2024-12-25 23:41:45+00:00,2024-12-25 18:38:02+00:00,36447,2024-12-25 13:08:47+00:00,2024-12-26 00:07:16+00:00,2024-12-25 12:38:20+00:00,2024-12-26 00:37:43+00:00,2024-12-25 12:08:33+00:00,2024-12-26 01:07:30+00:00
ERCO,2024-12-26,2024-12-26 13:34:41+00:00,2024-12-26 23:42:21+00:00,2024-12-26 18:38:31+00:00,36460,2024-12-26 13:09:11+00:00,2024-12-27 00:07:52+00:00,2024-12-26 12:38:44+00:00,2024-12-27 00:38:19+00:00,2024-12-26 12:08:57+00:00,2024-12-27 01:08:05+00:00
ERCO,2024-12-27,2024-12-27 13:35:02+00:00,2024-12-27 23:42:59+00:00,2024-12-27 18:39:01+00:00,36477,2024-12-27 13:09:33+00:00,2024-12-28 00:08:29+00:00,2024-12-27 12:39:06+00:00,2024-12-28 00:38:55+00:00,2024-12-27 12:09:20+00:00,2024-12-28 01:08:41+00:00
ERCO,2024-12-28,2024-12-28 13:35:22+00:00,2024-12-28 23:43:38+00:00,2024-12-28 18:39:30+00:00,36496,2024-12-28 13:09:53+00:00,2024-12-29 00:09:07+00:00,2024-12-28 12:39:27+00:00,2024-12-29 00:39:32+00:00,2024-12-28 12:09:42+00:00,2024-12-29 01:09:17+00:00
ERCO,2024-12-29,2024-12-29 13:35:40+00:00,2024-12-29 23:44:18+00:00,2024-12-29 18:39:59+00:00,36518,2024-12-29 13:10:12+00:00,2024-12-30 00:09:46+00:00,2024-12-29 12:39:47+00:00,2024-12-30 00:40:11+00:00,2024-12-29 12:10:03+00:00,2024-12-30 01:09:55+00:00
ERCO,2024-12-30,2024-12-30 13:35:56+00:00,2024-12-30 23:44:59+00:00,2024-12-30 18:40:28+00:00,36543,2024-12-30 13:10:29+00:00,2024-12-31 00:10:26+00:00,2024-12-30 12:40:06+00:00,2024-12-31 00:40:50+00:00,2024-12-30 12:10:22+00:00,2024-12-31 01:10:33+00:00
ERCO,2024-12-31,2024-12-31 13:36:11+00:00,2024-12-31 23:45:42+00:00,2024-12-31 18:40:56+00:00,36571,2024-12-31 13:10:45+00:00,2025-01-01 00:11:07+00:00,2024-12-31 12:40:23+00:00,2025-01-01 00:41:30+00:00,2024-12-31 12:10:40+00:00,2025-01-01 01:11:12+00:00
ERCO,2025-01-01,2025-01-01 13:36:24+00:00,2025-01-01 23:46:25+00:00,2025-01-01 18:41:24+00:00,36601,2025-01-01 13:11:00+00:00,2025-01-02 00:11:49+00:00,2025-01-01 12:40:38+00:00,2025-01-02 00:42:10+00:00,2025-01-01 12:10:57+00:00,2025-01-02 01:11:52+00:00
ERCO,2025-01-02,2025-01-02 13:36:35+00:00,2025-01-02 23:47:09+00:00,2025-01-02 18:41:52+00:00,36634,2025-01-02 13:11:12+00:00,2025-01-03 00:12:32+00:00,2025-01-02 12:40:53+00:00,2025-01-03 00:42:52+00:00,2025-01-02 12:11:12+00:00,2025-01-03 01:12:32+00:00
ERCO,2025-01-03,2025-01-03 13:36:45+00:00,2025-01-03 23:47:54+00:00,2025-01-03 18:42:20+00:00,36669,2025-01-03 13:11:24+00:00,2025-01-04 00:13:16+00:00,2025-01-03 12:41:05+00:00,2025-01-04 00:43:34+00:00,2025-01-03 12:11:26+00:00,2025-01-04 01:13:14+00:00
ERCO,2025-01-04,2025-01-04 13:36:53+00:00,2025-01-04 23:48:41+00:00,2025-01-04 18:42:47+00:00,36708,2025-01-04 13:11:33+00:00,2025-01-05 00:14:01+00:00,2025-01-04 12:41:16+00:00,2025-01-05 00:44:17+00:00,2025-01-04 12:11:38+00:00,2025-01-05 01:13:55+00:00
ERCO,2025-01-05,2025-01-05 13:36:59+00:00,2025-01-05 23:49:28+00:00,2025-01-05 18:43:14+00:00,36749,2025-01-05 13:11:41+00:00,2025-01-06 00:14:46+00:00,2025-01-05 12:41:26+00:00,2025-01-06 00:45:01+00:00,2025-01-05 12:11:49+00:00,2025-01-06 01:14:38+00:00
ERCO,2025-01-06,2025-01-06 13:37:04+00:00,2025-01-06 23:50:15+00:00,2025-01-06 18:43:40+00:00,36791,2025-01-06 13:11:48+00:00,2025-01-07 00:15:32+00:00,2025-01-06 12:41:34+00:00,2025-01-07 00:45:45+00:00,2025-01-06 12:11:59+00:00,2025-01-07 01:15:21+00:00
ERCO,2025-01-07,2025-01-07 13:37:07+00:00,2025-01-07 23:51:04+00:00,2025-01-07 18:44:05+00:00,36837,2025-01-07 13:11:52+00:00,2025-01-08 00:16:19+00:00,2025-01-07 12:41:41+00:00,2025-01-08 00:46:30+00:00,2025-01-07 12:12:07+00:00,2025-01-08 01:16:04+00:00
ERCO,2025-01-08,2025-01-08 13:37:08+00:00,2025-01-08 23:51:53+00:00,2025-01-08 18:44:31+00:00,36885,2025-01-08 13:11:55+00:00,2025-01-09 00:17:06+00:00,2025-01-08 12:41:46+00:00,2025-01-09 00:47:16+00:00,2025-01-08 12:12:13+00:00,2025-01-09 01:16:48+00:00
ERCO,2025-01-09,2025-01-09 13:37:07+00:00,2025-01-09 23:52:43+00:00,2025-01-09 18:44:55+00:00,36936,2025-01-09 13:11:57+00:00,2025-01-10 00:17:54+00:00,2025-01-09 12:41:49+00:00,2025-01-10 00:48:02+00:00,2025-01-09 12:12:18+00:00,2025-01-10 01:17:32+00:00
ERCO,2025-01-10,2025-01-10 13:37:05+00:00,2025-01-10 23:53:34+00:00,2025-01-10 18:45:19+00:00,36989,2025-01-10 13:11:56+00:00,2025-01-11 00:18:43+00:00,2025-01-10 12:41:51+00:00,2025-01-11 00:48:48+00:00,2025-01-10 12:12:22+00:00,2025-01-11 01:18:17+00:00
ERCO,2025-01-11,2025-01-11 13:37:01+00:00,2025-01-11 23:54:25+00:00,2025-01-11 18:45:43+00:00,37044,2025-01-11 13:11:54+00:00,2025-01-12 00:19:32+00:00,2025-01-11 12:41:51+00:00,2025-01-12 00:49:35+00:00,2025-01-11 12:12:24+00:00,2025-01-12 01:19:02+00:00
ERCO,2025-01-12,2025-01-12 13:36:55+00:00,2025-01-12 23:55:17+00:00,2025-01-12 18:46:06+00:00,37102,2025-01-12 13:11:51+00:00,2025-01-13 00:20:21+00:00,2025-01-12 12:41:50+00:00,2025-01-13 00:50:22+00:00,2025-01-12 12:12:24+00:00,2025-01-13 01:19:48+00:00
ERCO,2025-01-13,2025-01-13 13:36:47+00:00,2025-01-13 23:56:09+00:00,2025-01-13 18:46:28+00:00,37162,2025-01-13 13:11:45+00:00,2025-01-14 00:21:11+00:00,2025-01-13 12:41:47+00:00,2025-01-14 00:51:10+00:00,2025-01-13 12:12:23+00:00,2025-01-14 01:20:34+00:00
ERCO,2025-01-14,2025-01-14 13:36:38+00:00,2025-01-14 23:57:02+00:00,2025-01-14 18:46:50+00:00,37224,2025-01-14 13:11:38+00:00,2025-01-15 00:22:01+00:00,2025-01-14 12:41:42+00:00,2025-01-15 00:51:58+00:00,2025-01-14 12:12:20+00:00,2025-01-15 01:21:20+00:00
ERCO,2025-01-15,2025-01-15 13:36:27+00:00,2025-01-15 23:57:55+00:00,2025-01-15 18:47:11+00:00,37288,2025-01-15 13:11:30+00:00,2025-01-16 00:22:52+00:00,2025-01-15 12:41:36+00:00,2025-01-16 00:52:46+00:00,2025-01-15 12:12:16+00:00,2025-01-16 01:22:06+00:00
ERCO,2025-01-16,2025-01-16 13:36:14+00:00,2025-01-16 23:58:48+00:00,2025-01-16 18:47:31+00:00,37354,2025-01-16 13:11:19+00:00,2025-01-17 00:23:43+00:00,2025-01-16 12:41:28+00:00,2025-01-17 00:53:35+00:00,2025-01-16 12:12:10+00:00,2025-01-17 01:22:53+00:00
ERCO,2025-01-17,2025-01-17 13:36:00+00:00,2025-01-17 23:59:42+00:00,2025-01-17 18:47:51+00:00,37422,2025-01-17 13:11:07+00:00,2025-01-18 00:24:34+00:00,2025-01-17 12:41:18+00:00,2025-01-18 00:54:23+00:00,2025-01-17 12:12:02+00:00,2025-01-18 01:23:39+00:00
ERCO,2025-01-18,2025-01-18 13:35:43+00:00,2025-01-19 00:00:36+00:00,2025-01-18 18:48:10+00:00,37493,2025-01-18 13:10:54+00:00,2025-01-19 00:25:26+00:00,2025-01-18 12:41:07+00:00,2025-01-19 00:55:12+00:00,2025-01-18 12:11:53+00:00,2025-01-19 01:24:26+00:00
ERCO,2025-01-19,2025-01-19 13:35:25+00:00,2025-01-20 00:01:30+00:00,2025-01-19 18:48:28+00:00,37565,2025-01-19 13:10:38+00:00,2025-01-20 00:26:17+00:00,2025-01-19 12:40:54+00:00,2025-01-20 00:56:01+00:00,2025-01-19 12:11:42+00:00,2025-01-20 01:25:13+00:00
ERCO,2025-01-20,2025-01-20 13:35:05+00:00,2025-01-21 00:02:25+00:00,2025-01-20 18:48:45+00:00,37640,2025-01-20 13:10:21+00:00,2025-01-21 00:27:09+00:00,2025-01-20 12:40:40+00:00,2025-01-21 00:56:51+00:00,2025-01-20 12:11:30+00:00,2025-01-21 01:26:01+00:00
ERCO,2025-01-21,2025-01-21 13:34:44+00:00,2025-01-22 00:03:20+00:00,2025-01-21 18:49:02+00:00,37716,2025-01-21 13:10:02+00:00,2025-01-22 00:28:01+00:00,2025-01-21 12:40:24+00:00,2025-01-22 00:57:40+00:00,2025-01-21 12:11:16+00:00,2025-01-22 01:26:48+00:00
ERCO,2025-01-22,2025-01-22 13:34:21+00:00,2025-01-23 00:04:15+00:00,2025-01-22 18:49:18+00:00,37794,2025-01-22 13:09:42+00:00,2025-01-23 00:28:54+00:00,2025-01-22 12:40:06+00:00,2025-01-23 00:58:30+00:00,2025-01-22 12:11:00+00:00,2025-01-23 01:27:35+00:00
ERCO,2025-01-23,2025-01-23 13:33:56+00:00,2025-01-24 00:05:10+00:00,2025-01-23 18:49:33+00:00,37874,2025-01-23 13:09:20+00:00,2025-01-24 00:29:46+00:00,2025-01-23 12:39:47+00:00,2025-01-24 00:59:19+00:00,2025-01-23 12:10:43+00:00,2025-01-24 01:28:23+00:00
ERCO,2025-01-24,2025-01-24 13:33:30+00:00,2025-01-25 00:06:05+00:00,2025-01-24 18:49:47+00:00,37955,2025-01-24 13:08:56+00:00,2025-01-25 00:30:38+00:00,2025-01-24 12:39:26+00:00,2025-01-25 01:00:09+00:00,2025-01-24 12:10:24+00:00,2025-01-25 01:29:10+00:00
ERCO,2025-01-25,2025-01-25 13:33:02+00:00,2025-01-26 00:07:00+00:00,2025-01-25 18:50:01+00:00,38038,2025-01-25 13:08:31+00:00,2025-01-26 00:31:30+00:00,2025-01-25 12:39:03+00:00,2025-01-26 01:00:58+00:00,2025-01-25 12:10:04+00:00,2025-01-26 01:29:58+00:00
ERCO,2025-01-26,2025-01-26 13:32:32+00:00,2025-01-27 00:07:55+00:00,2025-01-26 18:50:13+00:00,38123,2025-01-26 13:08:04+00:00,2025-01-27 00:32:23+00:00,2025-01-26 12:38:39+00:00,2025-01-27 01:01:48+00:00,2025-01-26 12:09:42+00:00,2025-01-27 01:30:45+00:00
ERCO,2025-01-27,2025-01-27 13:32:01+00:00,2025-01-28 00:08:50+00:00,2025-01-27 18:50:25+00:00,38209,2025-01-27 13:07:36+00:00,2025-01-28 00:33:15+00:00,2025-01-27 12:38:13+00:00,2025-01-28 01:02:38+00:00,2025-01-27 12:09:18+00:00,2025-01-28 01:31:33+00:00
ERCO,2025-01-28,2025-01-28 13:31:28+00:00,2025-01-29 00:09:45+00:00,2025-01-28 18:50:37+00:00,38297,2025-01-28 13:07:06+00:00,2025-01-29 00:34:07+00:00,2025-01-28 12:37:46+00:00,2025-01-29 01:03:27+00:00,2025-01-28 12:08:53+00:00,2025-01-29 01:32:20+00:00
ERCO,2025-01-29,2025-01-29 13:30:54+00:00,2025-01-30 00:10:40+00:00,2025-01-29 18:50:47+00:00,38386,2025-01-29 13:06:34+00:00,2025-01-30 00:34:59+00:00,2025-01-29 12:37:17+00:00,2025-01-30 01:04:16+00:00,2025-01-29 12:08:26+00:00,2025-01-30 01:33:08+00:00
ERCO,2025-01-30,2025-01-30 13:30:18+00:00,2025-01-31 00:11:35+00:00,2025-01-30 18:50:56+00:00,38477,2025-01-30 13:06:01+00:00,2025-01-31 00:35:51+00:00,2025-01-30 12:36:47+00:00,2025-01-31 01:05:06+00:00,2025-01-30 12:07:58+00:00,2025-01-31 01:33:55+00:00
ERCO,2025-01-31,2025-01-31 13:29:41+00:00,2025-02-01 00:12:29+00:00,2025-01-31 18:51:05+00:00,38568,2025-01-31 13:05:27+00:00,2025-02-01 00:36:43+00:00,2025-01-31 12:36:15+00:00,2025-02-01 01:05:55+00:00,2025-01-31 12:07:28+00:00,2025-02-01 01:34:42+00:00
ERCO,2025-02-01,2025-02-01 13:29:02+00:00,2025-02-02 00:13:24+00:00,2025-02-01 18:51:13+00:00,38662,2025-02-01 13:04:51+00:00,2025-02-02 00:37:35+00:00,2025-02-01 12:35:42+00:00,2025-02-02 01:06:44+00:00,2025-02-01 12:06:56+00:00,2025-02-02 01:35:29+00:00
ERCO,2025-02-02,2025-02-02 13:28:22+00:00,2025-02-03 00:14:18+00:00,2025-02-02 18:51:20+00:00,38756,2025-02-02 13:04:13+00:00,2025-02-03 00:38:27+00:00,2025-02-02 12:35:07+00:00,2025-02-03 01:07:33+00:00,2025-02-02 12:06:23+00:00,2025-02-03 01:36:16+00:00
ERCO,2025-02-03,2025-02-03 13:27:40+00:00,2025-02-04 00:15:12+00:00,2025-02-03 18:51:26+00:00,38852,2025-02-03 13:03:34+00:00,2025-02-04 00:39:18+00:00,2025-02-03 12:34:30+00:00,2025-02-04 01:08:22+00:00,2025-02-03 12:05:49+00:00,2025-02-04 01:37:03+00:00
ERCO,2025-02-04,2025-02-04 13:26:57+00:00,2025-02-05 00:16:06+00:00,2025-02-04 18:51:32+00:00,38949,2025-02-04 13:02:54+00:00,2025-02-05 00:40:09+00:00,2025-02-04 12:33:52+00:00,2025-02-05 01:09:11+00:00,2025-02-04 12:05:13+00:00,2025-02-05 01:37:50+00:00
ERCO,2025-02-05,2025-02-05 13:26:12+00:00,2025-02-06 00:17:00+00:00,2025-02-05 18:51:36+00:00,39048,2025-02-05 13:02:12+00:00,2025-02-06 00:41:01+00:00,2025-02-05 12:33:13+00:00,2025-02-06 01:09:59+00:00,2025-02-05 12:04:36+00:00,2025-02-06 01:38:37+00:00
ERCO,2025-02-06,2025-02-06 13:25:26+00:00,2025-02-07 00:17:53+00:00,2025-02-06 18:51:40+00:00,39147,2025-02-06 13:01:29+00:00,2025-02-07 00:41:51+00:00,2025-02-06 12:32:32+00:00,2025-02-07 01:10:48+00:00,2025-02-06 12:03:57+00:00,2025-02-07 01:39:23+00:00
ERCO,2025-02-07,2025-02-07 13:24:39+00:00,2025-02-08 00:18:47+00:00,2025-02-07 18:51:43+00:00,39248,2025-02-07 13:00:44+00:00,2025-02-08 00:42:42+00:00,2025-02-07 12:31:50+00:00,2025-02-08 01:11:36+00:00,2025-02-07 12:03:16+00:00,2025-02-08 01:40:10+00:00
ERCO,2025-02-08,2025-02-08 13:23:51+00:00,2025-02-09 00:19:40+00:00,2025-02-08 18:51:45+00:00,39349,2025-02-08 12:59:58+00:00,2025-02-09 00:43:32+00:00,2025-02-08 12:31:07+00:00,2025-02-09 01:12:24+00:00,2025-02-08 12:02:34+00:00,2025-02-09 01:40:56+00:00
ERCO,2025-02-09,2025-02-09 13:23:01+00:00,2025-02-10 00:20:32+00:00,2025-02-09 18:51:47+00:00,39451,2025-02-09 12:59:11+00:00,2025-02-10 00:44:22+00:00,2025-02-09 12:30:22+00:00,2025-02-10 01:13:11+00:00,2025-02-09 12:01:51+00:00,2025-02-10 01:41:42+00:00
ERCO,2025-02-10,2025-02-10 13:22:10+00:00,2025-02-11 00:21:25+00:00,2025-02-10 18:51:47+00:00,39555,2025-02-10 12:58:22+00:00,2025-02-11 00:45:12+00:00,2025-02-10 12:29:36+00:00,2025-02-11 01:13:59+00:00,2025-02-10 12:01:06+00:00,2025-02-11 01:42:28+00:00
ERCO,2025-02-11,2025-02-11 13:21:18+00:00,2025-02-12 00:22:17+00:00,2025-02-11 18:51:47+00:00,39659,2025-02-11 12:57:33+00:00,2025-02-12 00:46:02+00:00,2025-02-11 12:28:48+00:00,2025-02-12 01:14:46+00:00,2025-02-11 12:00:20+00:00,2025-02-12 01:43:14+00:00
ERCO,2025-02-12,2025-02-12 13:20:24+00:00,2025-02-13 00:23:08+00:00,2025-02-12 18:51:46+00:00,39764,2025-02-12 12:56:42+00:00,2025-02-13 00:46:51+00:00,2025-02-12 12:27:59+00:00,2025-02-13 01:15:33+00:00,2025-02-12 11:59:33+00:00,2025-02-13 01:44:00+00:00
ERCO,2025-02-13,2025-02-13 13:19:30+00:00,2025-02-14 00:24:00+00:00,2025-02-13 18:51:45+00:00,39870,2025-02-13 12:55:49+00:00,2025-02-14 00:47:40+00:00,2025-02-13 12:27:09+00:00,2025-02-14 01:16:20+00:00,2025-02-13 11:58:44+00:00,2025-02-14 01:44:45+00:00
ERCO,2025-02-14,2025-02-14 13:18:34+00:00,2025-02-15 00:24:51+00:00,2025-02-14 18:51:42+00:00,39977,2025-02-14 12:54:56+00:00,2025-02-15 00:48:29+00:00,2025-02-14 12:26:18+00:00,2025-02-15 01:17:07+00:00,2025-02-14 11:57:54+00:00,2025-02-15 01:45:30+00:00
ERCO,2025-02-15,2025-02-15 13:17:37+00:00,2025-02-16 00:25:41+00:00,2025-02-15 18:51:39+00:00,40084,2025-02-15 12:54:01+00:00,2025-02-16 00:49:17+00:00,2025-02-15 12:25:25+00:00,2025-02-16 01:17:53+00:00,2025-02-15 11:57:03+00:00,2025-02-16 01:46:16+00:00
ERCO,2025-02-16,2025-02-16 13:16:39+00:00,2025-02-17 00:26:32+00:00,2025-02-16 18:51:35+00:00,40193,2025-02-16 12:53:06+00:00,2025-02-17 00:50:05+00:00,2025-02-16 12:24:31+00:00,2025-02-17 01:18:40+00:00,2025-02-16 11:56:10+00:00,2025-02-17 01:47:01+00:00
ERCO,2025-02-17,2025-02-17 13:15:40+00:00,2025-02-18 00:27:22+00:00,2025-02-17 18:51:31+00:00,40302,2025-02-17 12:52:09+00:00,2025-02-18 00:50:53+00:00,2025-02-17 12:23:36+00:00,2025-02-18 01:19:26+00:00,2025-02-17 11:55:16+00:00,2025-02-18 01:47:46+00:00
ERCO,2025-02-18,2025-02-18 13:14:41+00:00,2025-02-19 00:28:11+00:00,2025-02-18 18:51:26+00:00,40410,2025-02-18 12:51:11+00:00,2025-02-19 00:51:41+00:00,2025-02-18 12:22:40+00:00,2025-02-19 01:20:11+00:00,2025-02-18 11:54:21+00:00,2025-02-19 01:48:30+00:00
ERCO,2025-02-19,2025-02-19 13:13:40+00:00,2025-02-20 00:29:00+00:00,2025-02-19 18:51:20+00:00,40520,2025-02-19 12:50:12+00:00,2025-02-20 00:52:28+00:00,2025-02-19 12:21:43+00:00,2025-02-20 01:20:57+00:00,2025-02-19 11:53:25+00:00,2025-02-20 01:49:15+00:00
ERCO,2025-02-20,2025-02-20 13:12:38+00:00,2025-02-21 00:29:49+00:00,2025-02-20 18:51:13+00:00,40631,2025-02-20 12:49:12+00:00,2025-02-21 00:53:15+00:00,2025-02-20 12:20:45+00:00,2025-02-21 01:21:42+00:00,2025-02-20 11:52:27+00:00,2025-02-21 01:50:00+00:00
ERCO,2025-02-21,2025-02-21 13:11:35+00:00,2025-02-22 00:30:38+00:00,2025-02-21 18:51:06+00:00,40743,2025-02-21 12:48:11+00:00,2025-02-22 00:54:02+00:00,2025-02-21 12:19:45+00:00,2025-02-22 01:22:27+00:00,2025-02-21 11:51:28+00:00,2025-02-22 01:50:44+00:00
ERCO,2025-02-22,2025-02-22 13:10:31+00:00,2025-02-23 00:31:26+00:00,2025-02-22 18:50:59+00:00,40855,2025-02-22 12:47:09+00:00,2025-02-23 00:54:48+00:00,2025-02-22 12:18:45+00:00,2025-02-23 01:23:12+00:00,2025-02-22 11:50:29+00:00,2025-02-23 01:51:28+00:00
ERCO,2025-02-23,2025-02-23 13:09:27+00:00,2025-02-24 00:32:14+00:00,2025-02-23 18:50:50+00:00,40967,2025-02-23 12:46:06+00:00,2025-02-24 00:55:34+00:00,2025-02-23 12:17:43+00:00,2025-02-24 01:23:57+00:00,2025-02-23 11:49:28+00:00,2025-02-24 01:52:13+00:00
ERCO,2025-02-24,2025-02-24 13:08:21+00:00,2025-02-25 00:33:01+00:00,2025-02-24 18:50:41+00:00,41080,2025-02-24 12:45:02+00:00,2025-02-25 00:56:20+00:00,2025-02-24 12:16:41+00:00,2025-02-25 01:24:42+00:00,2025-02-24 11:48:25+00:00,2025-02-25 01:52:57+00:00
ERCO,2025-02-25,2025-02-25 13:07:15+00:00,2025-02-26 00:33:48+00:00,2025-02-25 18:50:32+00:00,41193,2025-02-25 12:43:58+00:00,2025-02-26 00:57:05+00:00,2025-02-25 12:15:37+00:00,2025-02-26 01:25:26+00:00,2025-02-25 11:47:22+00:00,2025-02-26 01:53:41+00:00
ERCO,2025-02-26,2025-02-26 13:06:08+00:00,2025-02-27 00:34:35+00:00,2025-02-26 18:50:21+00:00,41307,2025-02-26 12:42:52+00:00,2025-02-27 00:57:51+00:00,2025-02-26 12:14:33+00:00,2025-02-27 01:26:10+00:00,2025-02-26 11:46:18+00:00,2025-02-27 01:54:25+00:00
ERCO,2025-02-27,2025-02-27 13:05:00+00:00,2025-02-28 00:35:21+00:00,2025-02-27 18:50:11+00:00,41421,2025-02-27 12:41:46+00:00,2025-02-28 00:58:36+00:00,2025-02-27 12:13:27+00:00,2025-02-28 01:26:54+00:00,2025-02-27 11:45:13+00:00,2025-02-28 01:55:09+00:00
ERCO,2025-02-28,2025-02-28 13:03:52+00:00,2025-03-01 00:36:07+00:00,2025-02-28 18:50:00+00:00,41535,2025-02-28 12:40:39+00:00,2025-03-01 00:59:20+00:00,2025-02-28 12:12:21+00:00,2025-03-01 01:27:38+00:00,2025-02-28 11:44:06+00:00,2025-03-01 01:55:53+00:00
ERCO,2025-03-01,2025-03-01 13:02:43+00:00,2025-03-02 00:36:53+00:00,2025-03-01 18:49:48+00:00,41650,2025-03-01 12:39:31+00:00,2025-03-02 01:00:05+00:00,2025-03-01 12:11:14+00:00,2025-03-02 01:28:22+00:00,2025-03-01 11:42:59+00:00,2025-03-02 01:56:36+00:00
ERCO,2025-03-02,2025-03-02 13:01:33+00:00,2025-03-03 00:37:38+00:00,2025-03-02 18:49:36+00:00,41765,2025-03-02 12:38:22+00:00,2025-03-03 01:00:49+00:00,2025-03-02 12:10:06+00:00,2025-03-03 01:29:05+00:00,2025-03-02 11:41:51+00:00,2025-03-03 01:57:20+00:00
ERCO,2025-03-03,2025-03-03 13:00:23+00:00,2025-03-04 00:38:23+00:00,2025-03-03 18:49:23+00:00,41880,2025-03-03 12:37:13+00:00,2025-03-04 01:01:33+00:00,2025-03-03 12:08:57+00:00,2025-03-04 01:29:49+00:00,2025-03-03 11:40:42+00:00,2025-03-04 01:58:04+00:00
ERCO,2025-03-04,2025-03-04 12:59:12+00:00,2025-03-05 00:39:08+00:00,2025-03-04 18:49:10+00:00,41996,2025-03-04 12:36:03+00:00,2025-03-05 01:02:17+00:00,2025-03-04 12:07:48+00:00,2025-03-05 01:30:32+00:00,2025-03-04 11:39:32+00:00,2025-03-05 01:58:48+00:00
ERCO,2025-03-05,2025-03-05 12:58:00+00:00,2025-03-06 00:39:52+00:00,2025-03-05 18:48:56+00:00,42112,2025-03-05 12:34:52+00:00,2025-03-06 01:03:00+00:00,2025-03-05 12:06:37+00:00,2025-03-06 01:31:15+00:00,2025-03-05 11:38:21+00:00,2025-03-06 01:59:31+00:00
ERCO,2025-03-06,2025-03-06 12:56:48+00:00,2025-03-07 00:40:37+00:00,2025-03-06 18:48:42+00:00,42229,2025-03-06 12:33:41+00:00,2025-03-07 01:03:43+00:00,2025-03-06 12:05:26+00:00,2025-03-07 01:31:58+00:00,2025-03-06 11:37:09+00:00,2025-03-07 02:00:15+00:00
ERCO,2025-03-07,2025-03-07 12:55:35+00:00,2025-03-08 00:41:20+00:00,2025-03-07 18:48:28+00:00,42345,2025-03-07 12:32:29+00:00,2025-03-08 01:04:26+00:00,2025-03-07 12:04:15+00:00,2025-03-08 01:32:41+00:00,2025-03-07 11:35:57+00:00,2025-03-08 02:00:59+00:00
ERCO,2025-03-08,2025-03-08 12:54:22+00:00,2025-03-09 00:42:04+00:00,2025-03-08 18:48:13+00:00,42462,2025-03-08 12:31:17+00:00,2025-03-09 01:05:09+00:00,2025-03-08 12:03:02+00:00,2025-03-09 01:33:24+00:00,2025-03-08 11:34:43+00:00,2025-03-09 02:01:43+00:00
ERCO,2025-03-09,2025-03-09 12:53:09+00:00,2025-03-10 00:42:47+00:00,2025-03-09 18:47:58+00:00,42578,2025-03-09 12:30:04+00:00,2025-03-10 01:05:52+00:00,2025-03-09 12:01:49+00:00,2025-03-10 01:34:07+00:00,2025-03-09 11:33:29+00:00,2025-03-10 02:02:27+00:00
ERCO,2025-03-10,2025-03-10 12:51:55+00:00,2025-03-11 00:43:30+00:00,2025-03-10 18:47:42+00:00,42695,2025-03-10 12:28:50+00:00,2025-03-11 01:06:35+00:00,2025-03-10 12:00:35+00:00,2025-03-11 01:34:50+00:00,2025-03-10 11:32:14+00:00,2025-03-11 02:03:11+00:00
ERCO,2025-03-11,2025-03-11 12:50:40+00:00,2025-03-12 00:44:13+00:00,2025-03-11 18:47:27+00:00,42813,2025-03-11 12:27:36+00:00,2025-03-12 01:07:17+00:00,2025-03-11 11:59:21+00:00,2025-03-12 01:35:32+00:00,2025-03-11 11:30:59+00:00,2025-03-12 02:03:55+00:00
ERCO,2025-03-12,2025-03-12 12:49:26+00:00,2025-03-13 00:44:56+00:00,2025-03-12 18:47:11+00:00,42930,2025-03-12 12:26:22+00:00,2025-03-13 01:07:59+00:00,2025-03-12 11:58:06+00:00,2025-03-13 01:36:15+00:00,2025-03-12 11:29:42+00:00,2025-03-13 02:04:39+00:00
ERCO,2025-03-13,2025-03-13 12:48:11+00:00,2025-03-14 00:45:38+00:00,2025-03-13 18:46:54+00:00,43047,2025-03-13 12:25:07+00:00,2025-03-14 01:08:42+00:00,2025-03-13 11:56:51+00:00,2025-03-14 01:36:58+00:00,2025-03-13 11:28:25+00:00,2025-03-14 02:05:23+00:00
ERCO,2025-03-14,2025-03-14 12:46:55+00:00,2025-03-15 00:46:20+00:00,2025-03-14 18:46:38+00:00,43165,2025-03-14 12:23:52+00:00,2025-03-15 01:09:24+00:00,2025-03-14 11:55:35+00:00,2025-03-15 01:37:40+00:00,2025-03-14 11:27:08+00:00,2025-03-15 02:06:07+00:00
ERCO,2025-03-15,2025-03-15 12:45:40+00:00,2025-03-16 00:47:02+00:00,2025-03-15 18:46:21+00:00,43282,2025-03-15 12:22:36+00:00,2025-03-16 01:10:05+00:00,2025-03-15 11:54:18+00:00,2025-03-16 01:38:23+00:00,2025-03-15 11:25:50+00:00,2025-03-16 02:06:52+00:00
ERCO,2025-03-16,2025-03-16 12:44:24+00:00,2025-03-17 00:47:44+00:00,2025-03-16 18:46:04+00:00,43400,2025-03-16 12:21:20+00:00,2025-03-17 01:10:47+00:00,2025-03-16 11:53:02+00:00,2025-03-17 01:39:06+00:00,2025-03-16 11:24:31+00:00,2025-03-17 02:07:36+00:00
ERCO,2025-03-17,2025-03-17 12:43:08+00:00,2025-03-18 00:48:25+00:00,2025-03-17 18:45:46+00:00,43517,2025-03-17 12:20:04+00:00,2025-03-18 01:11:29+00:00,2025-03-17 11:51:44+00:00,2025-03-18 01:39:49+00:00,2025-03-17 11:23:12+00:00,2025-03-18 02:08:21+00:00
ERCO,2025-03-18,2025-03-18 12:41:51+00:00,2025-03-19 00:49:07+00:00,2025-03-18 18:45:29+00:00,43636,2025-03-18 12:18:47+00:00,2025-03-19 01:12:11+00:00,2025-03-18 11:50:27+00:00,2025-03-19 01:40:31+00:00,2025-03-18 11:21:52+00:00,2025-03-19 02:09:06+00:00
ERCO,2025-03-19,2025-03-19 12:40:35+00:00,2025-03-20 00:49:48+00:00,2025-03-19 18:45:11+00:00,43753,2025-03-19 12:17:31+00:00,2025-03-20 01:12:52+00:00,2025-03-19 11:49:09+00:00,2025-03-20 01:41:14+00:00,2025-03-19 11:20:31+00:00,2025-03-20 02:09:51+00:00
ERCO,2025-03-20,2025-03-20 12:39:19+00:00,2025-03-21 00:50:29+00:00,2025-03-20 18:44:54+00:00,43870,2025-03-20 12:16:14+00:00,2025-03-21 01:13:34+00:00,2025-03-20 11:47:50+00:00,2025-03-21 01:41:57+00:00,2025-03-20 11:19:11+00:00,2025-03-21 02:10:37+00:00
ERCO,2025-03-21,2025-03-21 12:38:02+00:00,2025-03-22 00:51:10+00:00,2025-03-21 18:44:36+00:00,43988,2025-03-21 12:14:57+00:00,2025-03-22 01:14:15+00:00,2025-03-21 11:46:32+00:00,2025-03-22 01:42:40+00:00,2025-03-21 11:17:49+00:00,2025-03-22 02:11:22+00:00
ERCO,2025-03-22,2025-03-22 12:36:45+00:00,2025-03-23 00:51:51+00:00,2025-03-22 18:44:18+00:00,44106,2025-03-22 12:13:39+00:00,2025-03-23 01:14:57+00:00,2025-03-22 11:45:13+00:00,2025-03-23 01:43:23+00:00,2025-03-22 11:16:28+00:00,2025-03-23 02:12:08+00:00
ERCO,2025-03-23,2025-03-23 12:35:28+00:00,2025-03-24 00:52:31+00:00,2025-03-23 18:44:00+00:00,44223,2025-03-23 12:12:22+00:00,2025-03-24 01:15:38+00:00,2025-03-23 11:43:53+00:00,2025-03-24 01:44:06+00:00,2025-03-23 11:15:05+00:00,2025-03-24 02:12:54+00:00
ERCO,2025-03-24,2025-03-24 12:34:12+00:00,2025-03-25 00:53:12+00:00,2025-03-24 18:43:42+00:00,44340,2025-03-24 12:11:04+00:00,2025-03-25 01:16:19+00:00,2025-03-24 11:42:34+00:00,2025-03-25 01:44:50+00:00,2025-03-24 11:13:43+00:00,2025-03-25 02:13:41+00:00
ERCO,2025-03-25,2025-03-25 12:32:55+00:00,2025-03-26 00:53:52+00:00,2025-03-25 18:43:24+00:00,44457,2025-03-25 12:09:47+00:00,2025-03-26 01:17:01+00:00,2025-03-25 11:41:14+00:00,2025-03-26 01:45:33+00:00,2025-03-25 11:12:20+00:00,2025-03-26 02:14:27+00:00
ERCO,2025-03-26,2025-03-26 12:31:38+00:00,2025-03-27 00:54:33+00:00,2025-03-26 18:43:06+00:00,44575,2025-03-26 12:08:29+00:00,2025-03-27 01:17:42+00:00,2025-03-26 11:39:55+00:00,2025-03-27 01:46:17+00:00,2025-03-26 11:10:57+00:00,2025-03-27 02:15:14+00:00
ERCO,2025-03-27,2025-03-27 12:30:22+00:00,2025-03-28 00:55:13+00:00,2025-03-27 18:42:47+00:00,44691,2025-03-27 12:07:11+00:00,2025-03-28 01:18:24+00:00,2025-03-27 11:38:35+00:00,2025-03-28 01:47:00+00:00,2025-03-27 11:09:34+00:00,2025-03-28 02:16:01+00:00
ERCO,2025-03-28,2025-03-28 12:29:05+00:00,2025-03-29 00:55:54+00:00,2025-03-28 18:42:29+00:00,44809,2025-03-28 12:05:53+00:00,2025-03-29 01:19:05+00:00,2025-03-28 11:37:15+00:00,2025-03-29 01:47:44+00:00,2025-03-28 11:08:10+00:00,2025-03-29 02:16:49+00:00
ERCO,2025-03-29,2025-03-29 12:27:49+00:00,2025-03-30 00:56:34+00:00,2025-03-29 18:42:11+00:00,44925,2025-03-29 12:04:36+00:00,2025-03-30 01:19:47+00:00,2025-03-29 11:35:54+00:00,2025-03-30 01:48:28+00:00,2025-03-29 11:06:46+00:00,2025-03-30 02:17:36+00:00
ERCO,2025-03-30,2025-03-30 12:26:32+00:00,2025-03-31 00:57:14+00:00,2025-03-30 18:41:53+00:00,45042,2025-03-30 12:03:18+00:00,2025-03-31 01:20:29+00:00,2025-03-30 11:34:34+00:00,2025-03-31 01:49:13+00:00,2025-03-30 11:05:22+00:00,2025-03-31 02:18:24+00:00
ERCO,2025-03-31,2025-03-31 12:25:16+00:00,2025-04-01 00:57:55+00:00,2025-03-31 18:41:36+00:00,45159,2025-03-31 12:02:01+00:00,2025-04-01 01:21:10+00:00,2025-03-31 11:33:14+00:00,2025-04-01 01:49:57+00:00,2025-03-31 11:03:58+00:00,2025-04-01 02:19:13+00:00
ERCO,2025-04-01,2025-04-01 12:24:01+00:00,2025-04-02 00:58:35+00:00,2025-04-01 18:41:18+00:00,45274,2025-04-01 12:00:43+00:00,2025-04-02 01:21:52+00:00,2025-04-01 11:31:54+00:00,2025-04-02 01:50:42+00:00,2025-04-01 11:02:34+00:00,2025-04-02 02:20:02+00:00
ERCO,2025-04-02,2025-04-02 12:22:45+00:00,2025-04-03 00:59:15+00:00,2025-04-02 18:41:00+00:00,45390,2025-04-02 11:59:26+00:00,2025-04-03 01:22:34+00:00,2025-04-02 11:30:34+00:00,2025-04-03 01:51:26+00:00,2025-04-02 11:01:10+00:00,2025-04-03 02:20:51+00:00
ERCO,2025-04-03,2025-04-03 12:21:30+00:00,2025-04-04 00:59:56+00:00,2025-04-03 18:40:43+00:00,45506,2025-04-03 11:58:09+00:00,2025-04-04 01:23:16+00:00,2025-04-03 11:29:14+00:00,2025-04-04 01:52:11+00:00,2025-04-03 10:59:45+00:00,2025-04-04 02:21:40+00:00
ERCO,2025-04-04,2025-04-04 12:20:15+00:00,2025-04-05 01:00:36+00:00,2025-04-04 18:40:25+00:00,45621,2025-04-04 11:56:52+00:00,2025-04-05 01:23:58+00:00,2025-04-04 11:27:54+00:00,2025-04-05 01:52:57+00:00,2025-04-04 10:58:21+00:00,2025-04-05 02:22:30+00:00
ERCO,2025-04-05,2025-04-05 12:19:00+00:00,2025-04-06 01:01:16+00:00,2025-04-05 18:40:08+00:00,45736,2025-04-05 11:55:36+00:00,2025-04-06 01:24:40+00:00,2025-04-05 11:26:34+00:00,2025-04-06 01:53:42+00:00,2025-04-05 10:56:56+00:00,2025-04-06 02:23:20+00:00
ERCO,2025-04-06,2025-04-06 12:17:46+00:00,2025-04-07 01:01:57+00:00,2025-04-06 18:39:51+00:00,45851,2025-04-06 11:54:19+00:00,2025-04-07 01:25:23+00:00,2025-04-06 11:25:14+00:00,2025-04-07 01:54:28+00:00,2025-04-06 10:55:32+00:00,2025-04-07 02:24:11+00:00
ERCO,2025-04-07,2025-04-07 12:16:32+00:00,2025-04-08 01:02:37+00:00,2025-04-07 18:39:34+00:00,45965,2025-04-07 11:53:03+00:00,2025-04-08 01:26:05+00:00,2025-04-07 11:23:55+00:00,2025-04-08 01:55:14+00:00,2025-04-07 10:54:07+00:00,2025-04-08 02:25:02+00:00
ERCO,2025-04-08,2025-04-08 12:15:18+00:00,2025-04-09 01:03:18+00:00,2025-04-08 18:39:18+00:00,46080,2025-04-08 11:51:48+00:00,2025-04-09 01:26:48+00:00,2025-04-08 11:22:35+00:00,2025-04-09 01:56:00+00:00,2025-04-08 10:52:43+00:00,2025-04-09 02:25:53+00:00
ERCO,2025-04-09,2025-04-09 12:14:05+00:00,2025-04-10 01:03:58+00:00,2025-04-09 18:39:02+00:00,46193,2025-04-09 11:50:32+00:00,2025-04-10 01:27:31+00:00,2025-04-09 11:21:16+00:00,2025-04-10 01:56:47+00:00,2025-04-09 10:51:19+00:00,2025-04-10 02:26:45+00:00
ERCO,2025-04-10,2025-04-10 12:12:52+00:00,2025-04-11 01:04:39+00:00,2025-04-10 18:38:46+00:00,46307,2025-04-10 11:49:17+00:00,2025-04-11 01:28:14+00:00,2025-04-10 11:19:58+00:00,2025-04-11 01:57:33+00:00,2025-04-10 10:49:55+00:00,2025-04-11 02:27:37+00:00
ERCO,2025-04-11,2025-04-11 12:11:40+00:00,2025-04-12 01:05:19+00:00,2025-04-11 18:38:30+00:00,46419,2025-04-11 11:48:03+00:00,2025-04-12 01:28:57+00:00,2025-04-11 11:18:39+00:00,2025-04-12 01:58:20+00:00,2025-04-11 10:48:31+00:00,2025-04-12 02:28:29+00:00
ERCO,2025-04-12,2025-04-12 12:10:29+00:00,2025-04-13 01:06:00+00:00,2025-04-12 18:38:14+00:00,46531,2025-04-12 11:46:49+00:00,2025-04-13 01:29:40+00:00,2025-04-12 11:17:21+00:00,2025-04-13 01:59:08+00:00,2025-04-12 10:47:07+00:00,2025-04-13 02:29:22+00:00
ERCO,2025-04-13,2025-04-13 12:09:18+00:00,2025-04-14 01:06:41+00:00,2025-04-13 18:37:59+00:00,46643,2025-04-13 11:45:35+00:00,2025-04-14 01:30:23+00:00,2025-04-13 11:16:03+00:00,2025-04-14 01:59:55+00:00,2025-04-13 10:45:43+00:00,2025-04-14 02:30:15+00:00
ERCO,2025-04-14,2025-04-14 12:08:07+00:00,2025-04-15 01:07:22+00:00,2025-04-14 18:37:45+00:00,46755,2025-04-14 11:44:22+00:00,2025-04-15 01:31:07+00:00,2025-04-14 11:14:46+00:00,2025-04-15 02:00:43+00:00,2025-04-14 10:44:20+00:00,2025-04-15 02:31:09+00:00
ERCO,2025-04-15,2025-04-15 12:06:57+00:00,2025-04-16 01:08:03+00:00,2025-04-15 18:37:30+00:00,46866,2025-04-15 11:43:10+00:00,2025-04-16 01:31:51+00:00,2025-04-15 11:13:29+00:00,2025-04-16 02:01:31+00:00,2025-04-15 10:42:57+00:00,2025-04-16 02:32:03+00:00
ERCO,2025-04-16,2025-04-16 12:05:48+00:00,2025-04-17 01:08:44+00:00,2025-04-16 18:37:16+00:00,46976,2025-04-16 11:41:58+00:00,2025-04-17 01:32:35+00:00,2025-04-16 11:12:13+00:00,2025-04-17 02:02:19+00:00,2025-04-16 10:41:35+00:00,2025-04-17 02:32:57+00:00
ERCO,2025-04-17,2025-04-17 12:04:39+00:00,2025-04-18 01:09:26+00:00,2025-04-17 18:37:02+00:00,47087,2025-04-17 11:40:46+00:00,2025-04-18 01:33:19+00:00,2025-04-17 11:10:57+00:00,2025-04-18 02:03:08+00:00,2025-04-17 10:40:13+00:00,2025-04-18 02:33:52+00:00
ERCO,2025-04-18,2025-04-18 12:03:31+00:00,2025-04-19 01:10:07+00:00,2025-04-18 18:36:49+00:00,47196,2025-04-18 11:39:36+00:00,2025-04-19 01:34:03+00:00,2025-04-18 11:09:41+00:00,2025-04-19 02:03:57+00:00,2025-04-18 10:38:51+00:00,2025-04-19 02:34:47+00:00
ERCO,2025-04-19,2025-04-19 12:02:24+00:00,2025-04-20 01:10:48+00:00,2025-04-19 18:36:36+00:00,47304,2025-04-19 11:38:25+00:00,2025-04-20 01:34:47+00:00,2025-04-19 11:08:27+00:00,2025-04-20 02:04:46+00:00,2025-04-19 10:37:30+00:00,2025-04-20 02:35:43+00:00
ERCO,2025-04-20,2025-04-20 12:01:18+00:00,2025-04-21 01:11:30+00:00,2025-04-20 18:36:24+00:00,47412,2025-04-20 11:37:16+00:00,2025-04-21 01:35:32+00:00,2025-04-20 11:07:12+00:00,2025-04-21 02:05:35+00:00,2025-04-20 10:36:09+00:00,2025-04-21 02:36:39+00:00
ERCO,2025-04-21,2025-04-21 12:00:12+00:00,2025-04-22 01:12:12+00:00,2025-04-21 18:36:12+00:00,47520,2025-04-21 11:36:07+00:00,2025-04-22 01:36:16+00:00,2025-04-21 11:05:59+00:00,2025-04-22 02:06:25+00:00,2025-04-21 10:34:48+00:00,2025-04-22 02:37:35+00:00
ERCO,2025-04-22,2025-04-22 11:59:07+00:00,2025-04-23 01:12:53+00:00,2025-04-22 18:36:00+00:00,47626,2025-04-22 11:34:59+00:00,2025-04-23 01:37:01+00:00,2025-04-22 11:04:46+00:00,2025-04-23 02:07:15+00:00,2025-04-22 10:33:29+00:00,2025-04-23 02:38:32+00:00
ERCO,2025-04-23,2025-04-23 11:58:03+00:00,2025-04-24 01:13:35+00:00,2025-04-23 18:35:49+00:00,47732,2025-04-23 11:33:52+00:00,2025-04-24 01:37:46+00:00,2025-04-23 11:03:34+00:00,2025-04-24 02:08:05+00:00,2025-04-23 10:32:09+00:00,2025-04-24 02:39:29+00:00
ERCO,2025-04-24,2025-04-24 11:57:00+00:00,2025-04-25 01:14:17+00:00,2025-04-24 18:35:39+00:00,47837,2025-04-24 11:32:46+00:00,2025-04-25 01:38:31+00:00,2025-04-24 11:02:22+00:00,2025-04-25 02:08:55+00:00,2025-04-24 10:30:51+00:00,2025-04-25 02:40:26+00:00
ERCO,2025-04-25,2025-04-25 11:55:58+00:00,2025-04-26 01:14:59+00:00,2025-04-25 18:35:28+00:00,47941,2025-04-25 11:31:40+00:00,2025-04-26 01:39:17+00:00,2025-04-25 11:01:11+00:00,2025-04-26 02:09:46+00:00,2025-04-25 10:29:33+00:00,2025-04-26 02:41:24+00:00
ERCO,2025-04-26,2025-04-26 11:54:56+00:00,2025-04-27 01:15:41+00:00,2025-04-26 18:35:19+00:00,48045,2025-04-26 11:30:35+00:00,2025-04-27 01:40:02+00:00,2025-04-26 11:00:01+00:00,2025-04-27 02:10:36+00:00,2025-04-26 10:28:16+00:00,2025-04-27 02:42:22+00:00
ERCO,2025-04-27,2025-04-27 11:53:56+00:00,2025-04-28 01:16:23+00:00,2025-04-27 18:35:10+00:00,48147,2025-04-27 11:29:31+00:00,2025-04-28 01:40:48+00:00,2025-04-27 10:58:52+00:00,2025-04-28 02:11:27+00:00,2025-04-27 10:26:59+00:00,2025-04-28 02:43:20+00:00
ERCO,2025-04-28,2025-04-28 11:52:56+00:00,2025-04-29 01:17:06+00:00,2025-04-28 18:35:01+00:00,48250,2025-04-28 11:28:29+00:00,2025-04-29 01:41:33+00:00,2025-04-28 10:57:44+00:00,2025-04-29 02:12:18+00:00,2025-04-28 10:25:43+00:00,2025-04-29 02:44:19+00:00
ERCO,2025-04-29,2025-04-29 11:51:58+00:00,2025-04-30 01:17:48+00:00,2025-04-29 18:34:53+00:00,48350,2025-04-29 11:27:26+00:00,2025-04-30 01:42:19+00:00,2025-04-29 10:56:36+00:00,2025-04-30 02:13:10+00:00,2025-04-29 10:24:28+00:00,2025-04-30 02:45:17+00:00
ERCO,2025-04-30,2025-04-30 11:51:00+00:00,2025-05-01 01:18:30+00:00,2025-04-30 18:34:45+00:00,48450,2025-04-30 11:26:25+00:00,2025-05-01 01:43:05+00:00,2025-04-30 10:55:30+00:00,2025-05-01 02:14:01+00:00,2025-04-30 10:23:14+00:00,2025-05-01 02:46:16+00:00
ERCO,2025-05-01,2025-05-01 11:50:04+00:00,2025-05-02 01:19:13+00:00,2025-05-01 18:34:38+00:00,48549,2025-05-01 11:25:25+00:00,2025-05-02 01:43:51+00:00,2025-05-01 10:54:24+00:00,2025-05-02 02:14:52+00:00,2025-05-01 10:22:01+00:00,2025-05-02 02:47:15+00:00
ERCO,2025-05-02,2025-05-02 11:49:08+00:00,2025-05-03 01:19:55+00:00,2025-05-02 18:34:32+00:00,48647,2025-05-02 11:24:26+00:00,2025-05-03 01:44:37+00:00,2025-05-02 10:53:19+00:00,2025-05-03 02:15:44+00:00,2025-05-02 10:20:49+00:00,2025-05-03 02:48:15+00:00
ERCO,2025-05-03,2025-05-03 11:48:14+00:00,2025-05-04 01:20:38+00:00,2025-05-03 18:34:26+00:00,48744,2025-05-03 11:23:28+00:00,2025-05-04 01:45:23+00:00,2025-05-03 10:52:16+00:00,2025-05-04 02:16:36+00:00,2025-05-03 10:19:37+00:00,2025-05-04 02:49:14+00:00
ERCO,2025-05-04,2025-05-04 11:47:20+00:00,2025-05-05 01:21:20+00:00,2025-05-04 18:34:20+00:00,48840,2025-05-04 11:22:31+00:00,2025-05-05 01:46:09+00:00,2025-05-04 10:51:13+00:00,2025-05-05 02:17:27+00:00,2025-05-04 10:18:27+00:00,2025-05-05 02:50:14+00:00
ERCO,2025-05-05,2025-05-05 11:46:28+00:00,2025-05-06 01:22:03+00:00,2025-05-05 18:34:15+00:00,48935,2025-05-05 11:21:36+00:00,2025-05-06 01:46:55+00:00,2025-05-05 10:50:12+00:00,2025-05-06 02:18:19+00:00,2025-05-05 10:17:17+00:00,2025-05-06 02:51:13+00:00
ERCO,2025-05-06,2025-05-06 11:45:37+00:00,2025-05-07 01:22:45+00:00,2025-05-06 18:34:11+00:00,49028,2025-05-06 11:20:41+00:00,2025-05-07 01:47:41+00:00,2025-05-06 10:49:11+00:00,2025-05-07 02:19:11+00:00,2025-05-06 10:16:09+00:00,2025-05-07 02:52:13+00:00
ERCO,2025-05-07,2025-05-07 11:44:47+00:00,2025-05-08 01:23:27+00:00,2025-05-07 18:34:07+00:00,49120,2025-05-07 11:19:48+00:00,2025-05-08 01:48:27+00:00,2025-05-07 10:48:12+00:00,2025-05-08 02:20:03+00:00,2025-05-07 10:15:02+00:00,2025-05-08 02:53:13+00:00
ERCO,2025-05-08,2025-05-08 11:43:59+00:00,2025-05-09 01:24:10+00:00,2025-05-08 18:34:04+00:00,49211,2025-05-08 11:18:55+00:00,2025-05-09 01:49:13+00:00,2025-05-08 10:47:14+00:00,2025-05-09 02:20:54+00:00,2025-05-08 10:13:56+00:00,2025-05-09 02:54:12+00:00
ERCO,2025-05-09,2025-05-09 11:43:11+00:00,2025-05-10 01:24:52+00:00,2025-05-09 18:34:02+00:00,49301,2025-05-09 11:18:04+00:00,2025-05-10 01:49:59+00:00,2025-05-09 10:46:17+00:00,2025-05-10 02:21:46+00:00,2025-05-09 10:12:51+00:00,2025-05-10 02:55:12+00:00
ERCO,2025-05-10,2025-05-10 11:42:25+00:00,2025-05-11 01:25:34+00:00,2025-05-10 18:34:00+00:00,49389,2025-05-10 11:17:14+00:00,2025-05-11 01:50:45+00:00,2025-05-10 10:45:21+00:00,2025-05-11 02:22:38+00:00,2025-05-10 10:11:47+00:00,2025-05-11 02:56:12+00:00
ERCO,2025-05-11,2025-05-11 11:41:40+00:00,2025-05-12 01:26:16+00:00,2025-05-11 18:33:58+00:00,49476,2025-05-11 11:16:26+00:00,2025-05-12 01:51:30+00:00,2025-05-11 10:44:27+00:00,2025-05-12 02:23:29+00:00,2025-05-11 10:10:45+00:00,2025-05-12 02:57:11+00:00
ERCO,2025-05-12,2025-05-12 11:40:56+00:00,2025-05-13 01:26:58+00:00,2025-05-12 18:33:57+00:00,49562,2025-05-12 11:15:38+00:00,2025-05-13 01:52:16+00:00,2025-05-12 10:43:34+00:00,2025-05-13 02:24:20+00:00,2025-05-12 10:09:44+00:00,2025-05-13 02:58:11+00:00
ERCO,2025-05-13,2025-05-13 11:40:14+00:00,2025-05-14 01:27:40+00:00,2025-05-13 18:33:57+00:00,49646,2025-05-13 11:14:52+00:00,2025-05-14 01:53:01+00:00,2025-05-13 10:42:42+00:00,2025-05-14 02:25:12+00:00,2025-05-13 10:08:44+00:00,2025-05-14 02:59:10+00:00
ERCO,2025-05-14,2025-05-14 11:39:33+00:00,2025-05-15 01:28:21+00:00,2025-05-14 18:33:57+00:00,49728,2025-05-14 11:14:08+00:00,2025-05-15 01:53:47+00:00,2025-05-14 10:41:52+00:00,2025-05-15 02:26:03+00:00,2025-05-14 10:07:45+00:00,2025-05-15 03:00:09+00:00
ERCO,2025-05-15,2025-05-15 11:38:53+00:00,2025-05-16 01:29:03+00:00,2025-05-15 18:33:58+00:00,49810,2025-05-15 11:13:24+00:00,2025-05-16 01:54:32+00:00,2025-05-15 10:41:03+00:00,2025-05-16 02:26:53+00:00,2025-05-15 10:06:48+00:00,2025-05-16 03:01:07+00:00
ERCO,2025-05-16,2025-05-16 11:38:15+00:00,2025-05-17 01:29:44+00:00,2025-05-16 18:33:59+00:00,49889,2025-05-16 11:12:42+00:00,2025-05-17 01:55:16+00:00,2025-05-16 10:40:15+00:00,2025-05-17 02:27:44+00:00,2025-05-16 10:05:53+00:00,2025-05-17 03:02:06+00:00
ERCO,2025-05-17,2025-05-17 11:37:38+00:00,2025-05-18 01:30:25+00:00,2025-05-17 18:34:01+00:00,49967,2025-05-17 11:12:02+00:00,2025-05-18 01:56:01+00:00,2025-05-17 10:39:29+00:00,2025-05-18 02:28:34+00:00,2025-05-17 10:04:59+00:00,2025-05-18 03:03:04+00:00
ERCO,2025-05-18,2025-05-18 11:37:02+00:00,2025-05-19 01:31:06+00:00,2025-05-18 18:34:04+00:00,50044,2025-05-18 11:11:23+00:00,2025-05-19 01:56:45+00:00,2025-05-18 10:38:44+00:00,2025-05-19 02:29:23+00:00,2025-05-18 10:04:06+00:00,2025-05-19 03:04:01+00:00
ERCO,2025-05-19,2025-05-19 11:36:28+00:00,2025-05-20 01:31:46+00:00,2025-05-19 18:34:07+00:00,50118,2025-05-19 11:10:45+00:00,2025-05-20 01:57:29+00:00,2025-05-19 10:38:01+00:00,2025-05-20 02:30:13+00:00,2025-05-19 10:03:15+00:00,2025-05-20 03:04:58+00:00
ERCO,2025-05-20,2025-05-20 11:35:55+00:00,2025-05-21 01:32:26+00:00,2025-05-20 18:34:10+00:00,50191,2025-05-20 11:10:09+00:00,2025-05-21 01:58:12+00:00,2025-05-20 10:37:19+00:00,2025-05-21 02:31:02+00:00,2025-05-20 10:02:26+00:00,2025-05-21 03:05:55+00:00
ERCO,2025-05-21,2025-05-21 11:35:23+00:00,2025-05-22 01:33:06+00:00,2025-05-21 18:34:15+00:00,50263,2025-05-21 11:09:34+00:00,2025-05-22 01:58:55+00:00,2025-05-21 10:36:39+00:00,2025-05-22 02:31:50+00:00,2025-05-21 10:01:38+00:00,2025-05-22 03:06:51+00:00
ERCO,2025-05-22,2025-05-22 11:34:54+00:00,2025-05-23 01:33:45+00:00,2025-05-22 18:34:19+00:00,50331,2025-05-22 11:09:01+00:00,2025-05-23 01:59:38+00:00,2025-05-22 10:36:01+00:00,2025-05-23 02:32:38+00:00,2025-05-22 10:00:52+00:00,2025-05-23 03:07:46+00:00
ERCO,2025-05-23,2025-05-23 11:34:25+00:00,2025-05-24 01:34:24+00:00,2025-05-23 18:34:24+00:00,50399,2025-05-23 11:08:29+00:00,2025-05-24 02:00:20+00:00,2025-05-23 10:35:24+00:00,2025-05-24 02:33:25+00:00,2025-05-23 10:00:08+00:00,2025-05-24 03:08:41+00:00
ERCO,2025-05-24,2025-05-24 11:33:58+00:00,2025-05-25 01:35:02+00:00,2025-05-24 18:34:30+00:00,50464,2025-05-24 11:07:59+00:00,2025-05-25 02:01:02+00:00,2025-05-24 10:34:48+00:00,2025-05-25 02:34:12+00:00,2025-05-24 09:59:25+00:00,2025-05-25 03:09:35+00:00
ERCO,2025-05-25,2025-05-25 11:33:32+00:00,2025-05-26 01:35:40+00:00,2025-05-25 18:34:36+00:00,50528,2025-05-25 11:07:30+00:00,2025-05-26 02:01:43+00:00,2025-05-25 10:34:14+00:00,2025-05-26 02:34:58+00:00,2025-05-25 09:58:44+00:00,2025-05-26 03:10:28+00:00
ERCO,2025-05-26,2025-05-26 11:33:08+00:00,2025-05-27 01:36:18+00:00,2025-05-26 18:34:43+00:00,50590,2025-05-26 11:07:03+00:00,2025-05-27 02:02:23+00:00,2025-05-26 10:33:42+00:00,2025-05-27 02:35:43+00:00,2025-05-26 09:58:05+00:00,2025-05-27 03:11:21+00:00
ERCO,2025-05-27,2025-05-27 11:32:46+00:00,2025-05-28 01:36:54+00:00,2025-05-27 18:34:50+00:00,50648,2025-05-27 11:06:37+00:00,2025-05-28 02:03:03+00:00,2025-05-27 10:33:12+00:00,2025-05-28 02:36:28+00:00,2025-05-27 09:57:28+00:00,2025-05-28 03:12:12+00:00
ERCO,2025-05-28,2025-05-28 11:32:24+00:00,2025-05-29 01:37:31+00:00,2025-05-28 18:34:58+00:00,50707,2025-05-28 11:06:13+00:00,2025-05-29 02:03:42+00:00,2025-05-28 10:32:43+00:00,2025-05-29 02:37:12+00:00,2025-05-28 09:56:52+00:00,2025-05-29 03:13:03+00:00
ERCO,2025-05-29,2025-05-29 11:32:05+00:00,2025-05-30 01:38:06+00:00,2025-05-29 18:35:06+00:00,50761,2025-05-29 11:05:50+00:00,2025-05-30 02:04:21+00:00,2025-05-29 10:32:16+00:00,2025-05-30 02:37:55+00:00,2025-05-29 09:56:19+00:00,2025-05-30 03:13:52+00:00
ERCO,2025-05-30,2025-05-30 11:31:47+00:00,2025-05-31 01:38:42+00:00,2025-05-30 18:35:14+00:00,50815,2025-05-30 11:05:30+00:00,2025-05-31 02:04:59+00:00,2025-05-30 10:31:51+00:00,2025-05-31 02:38:37+00:00,2025-05-30 09:55:47+00:00,2025-05-31 03:14:41+00:00
ERCO,2025-05-31,2025-05-31 11:31:30+00:00,2025-06-01 01:39:16+00:00,2025-05-31 18:35:23+00:00,50866,2025-05-31 11:05:10+00:00,2025-06-01 02:05:36+00:00,2025-05-31 10:31:27+00:00,2025-06-01 02:39:18+00:00,2025-05-31 09:55:18+00:00,2025-06-01 03:15:28+00:00
ERCO,2025-06-01,2025-06-01 11:31:15+00:00,2025-06-02 01:39:50+00:00,2025-06-01 18:35:32+00:00,50915,2025-06-01 11:04:53+00:00,2025-06-02 02:06:12+00:00,2025-06-01 10:31:06+00:00,2025-06-02 02:39:59+00:00,2025-06-01 09:54:50+00:00,2025-06-02 03:16:15+00:00
ERCO,2025-06-02,2025-06-02 11:31:01+00:00,2025-06-03 01:40:23+00:00,2025-06-02 18:35:42+00:00,50962,2025-06-02 11:04:36+00:00,2025-06-03 02:06:47+00:00,2025-06-02 10:30:46+00:00,2025-06-03 02:40:38+00:00,2025-06-02 09:54:24+00:00,2025-06-03 03:17:00+00:00
ERCO,2025-06-03,2025-06-03 11:30:49+00:00,2025-06-04 01:40:55+00:00,2025-06-03 18:35:52+00:00,51006,2025-06-03 11:04:22+00:00,2025-06-04 02:07:22+00:00,2025-06-03 10:30:27+00:00,2025-06-04 02:41:16+00:00,2025-06-03 09:54:00+00:00,2025-06-04 03:17:43+00:00
ERCO,2025-06-04,2025-06-04 11:30:38+00:00,2025-06-05 01:41:26+00:00,2025-06-04 18:36:02+00:00,51048,2025-06-04 11:04:09+00:00,2025-06-05 02:07:55+00:00,2025-06-04 10:30:11+00:00,2025-06-05 02:41:54+00:00,2025-06-04 09:53:39+00:00,2025-06-05 03:18:26+00:00
ERCO,2025-06-05,2025-06-05 11:30:29+00:00,2025-06-06 01:41:57+00:00,2025-06-05 18:36:13+00:00,51088,2025-06-05 11:03:58+00:00,2025-06-06 02:08:28+00:00,2025-06-05 10:29:56+00:00,2025-06-06 02:42:30+00:00,2025-06-05 09:53:19+00:00,2025-06-06 03:19:07+00:00
ERCO,2025-06-06,2025-06-06 11:30:22+00:00,2025-06-07 01:42:26+00:00,2025-06-06 18:36:24+00:00,51124,2025-06-06 11:03:48+00:00,2025-06-07 02:09:00+00:00,2025-06-06 10:29:43+00:00,2025-06-07 02:43:05+00:00,2025-06-06 09:53:02+00:00,2025-06-07 03:19:46+00:00
ERCO,2025-06-07,2025-06-07 11:30:16+00:00,2025-06-08 01:42:55+00:00,2025-06-07 18:36:35+00:00,51159,2025-06-07 11:03:40+00:00,2025-06-08 02:09:30+00:00,2025-06-07 10:29:32+00:00,2025-06-08 02:43:38+00:00,2025-06-07 09:52:46+00:00,2025-06-08 03:20:24+00:00
ERCO,2025-06-08,2025-06-08 11:30:11+00:00,2025-06-09 01:43:23+00:00,2025-06-08 18:36:47+00:00,51192,2025-06-08 11:03:34+00:00,2025-06-09 02:10:00+00:00,2025-06-08 10:29:23+00:00,2025-06-09 02:44:11+00:00,2025-06-08 09:52:33+00:00,2025-06-09 03:21:01+00:00
ERCO,2025-06-09,2025-06-09 11:30:08+00:00,2025-06-10 01:43:50+00:00,2025-06-09 18:36:59+00:00,51222,2025-06-09 11:03:29+00:00,2025-06-10 02:10:28+00:00,2025-06-09 10:29:16+00:00,2025-06-10 02:44:42+00:00,2025-06-09 09:52:21+00:00,2025-06-10 03:21:36+00:00
ERCO,2025-06-10,2025-06-10 11:30:06+00:00,2025-06-11 01:44:16+00:00,2025-06-10 18:37:11+00:00,51250,2025-06-10 11:03:26+00:00,2025-06-11 02:10:56+00:00,2025-06-10 10:29:10+00:00,2025-06-11 02:45:12+00:00,2025-06-10 09:52:12+00:00,2025-06-11 03:22:09+00:00
ERCO,2025-06-11,2025-06-11 11:30:06+00:00,2025-06-12 01:44:40+00:00,2025-06-11 18:37:23+00:00,51274,2025-06-11 11:03:24+00:00,2025-06-12 02:11:22+00:00,2025-06-11 10:29:06+00:00,2025-06-12 02:45:40+00:00,2025-06-11 09:52:05+00:00,2025-06-12 03:22:41+00:00
ERCO,2025-06-12,2025-06-12 11:30:07+00:00,2025-06-13 01:45:04+00:00,2025-06-12 18:37:35+00:00,51297,2025-06-12 11:03:24+00:00,2025-06-13 02:11:47+00:00,2025-06-12 10:29:04+00:00,2025-06-13 02:46:07+00:00,2025-06-12 09:52:00+00:00,2025-06-13 03:23:11+00:00
ERCO,2025-06-13,2025-06-13 11:30:09+00:00,2025-06-14 01:45:27+00:00,2025-06-13 18:37:48+00:00,51318,2025-06-13 11:03:25+00:00,2025-06-14 02:12:11+00:00,2025-06-13 10:29:04+00:00,2025-06-14 02:46:32+00:00,2025-06-13 09:51:57+00:00,2025-06-14 03:23:39+00:00
ERCO,2025-06-14,2025-06-14 11:30:13+00:00,2025-06-15 01:45:48+00:00,2025-06-14 18:38:01+00:00,51335,2025-06-14 11:03:28+00:00,2025-06-15 02:12:33+00:00,2025-06-14 10:29:05+00:00,2025-06-15 02:46:56+00:00,2025-06-14 09:51:56+00:00,2025-06-15 03:24:05+00:00
ERCO,2025-06-15,2025-06-15 11:30:19+00:00,2025-06-16 01:46:09+00:00,2025-06-15 18:38:14+00:00,51350,2025-06-15 11:03:33+00:00,2025-06-16 02:12:54+00:00,2025-06-15 10:29:08+00:00,2025-06-16 02:47:19+00:00,2025-06-15 09:51:57+00:00,2025-06-16 03:24:30+00:00
ERCO,2025-06-16,2025-06-16 11:30:25+00:00,2025-06-17 01:46:28+00:00,2025-06-16 18:38:27+00:00,51363,2025-06-16 11:03:39+00:00,2025-06-17 02:13:14+00:00,2025-06-16 10:29:13+00:00,2025-06-17 02:47:40+00:00,2025-06-16 09:52:00+00:00,2025-06-17 03:24:53+00:00
ERCO,2025-06-17,2025-06-17 11:30:33+00:00,2025-06-18 01:46:46+00:00,2025-06-17 18:38:40+00:00,51373,2025-06-17 11:03:46+00:00,2025-06-18 02:13:33+00:00,2025-06-17 10:29:20+00:00,2025-06-18 02:47:59+00:00,2025-06-17 09:52:06+00:00,2025-06-18 03:25:13+00:00
ERCO,2025-06-18,2025-06-18 11:30:43+00:00,2025-06-19 01:47:02+00:00,2025-06-18 18:38:53+00:00,51379,2025-06-18 11:03:55+00:00,2025-06-19 02:13:50+00:00,2025-06-18 10:29:28+00:00,2025-06-19 02:48:17+00:00,2025-06-18 09:52:13+00:00,2025-06-19 03:25:32+00:00
ERCO,2025-06-19,2025-06-19 11:30:54+00:00,2025-06-20 01:47:18+00:00,2025-06-19 18:39:06+00:00,51384,2025-06-19 11:04:06+00:00,2025-06-20 02:14:06+00:00,2025-06-19 10:29:38+00:00,2025-06-20 02:48:33+00:00,2025-06-19 09:52:23+00:00,2025-06-20 03:25:49+00:00
ERCO,2025-06-20,2025-06-20 11:31:06+00:00,2025-06-21 01:47:32+00:00,2025-06-20 18:39:19+00:00,51386,2025-06-20 11:04:18+00:00,2025-06-21 02:14:20+00:00,2025-06-20 10:29:50+00:00,2025-06-21 02:48:48+00:00,2025-06-20 09:52:34+00:00,2025-06-21 03:26:04+00:00
ERCO,2025-06-21,2025-06-21 11:31:19+00:00,2025-06-22 01:47:45+00:00,2025-06-21 18:39:32+00:00,51386,2025-06-21 11:04:31+00:00,2025-06-22 02:14:33+00:00,2025-06-21 10:30:03+00:00,2025-06-22 02:49:01+00:00,2025-06-21 09:52:47+00:00,2025-06-22 03:26:16+00:00
ERCO,2025-06-22,2025-06-22 11:31:33+00:00,2025-06-23 01:47:56+00:00,2025-06-22 18:39:45+00:00,51383,2025-06-22 11:04:46+00:00,2025-06-23 02:14:44+00:00,2025-06-22 10:30:18+00:00,2025-06-23 02:49:12+00:00,2025-06-22 09:53:03+00:00,2025-06-23 03:26:27+00:00
ERCO,2025-06-23,2025-06-23 11:31:49+00:00,2025-06-24 01:48:06+00:00,2025-06-23 18:39:58+00:00,51377,2025-06-23 11:05:02+00:00,2025-06-24 02:14:54+00:00,2025-06-23 10:30:35+00:00,2025-06-24 02:49:21+00:00,2025-06-23 09:53:20+00:00,2025-06-24 03:26:35+00:00
ERCO,2025-06-24,2025-06-24 11:32:06+00:00,2025-06-25 01:48:15+00:00,2025-06-24 18:40:11+00:00,51369,2025-06-24 11:05:19+00:00,2025-06-25 02:15:02+00:00,2025-06-24 10:30:53+00:00,2025-06-25 02:49:28+00:00,2025-06-24 09:53:39+00:00,2025-06-25 03:26:42+00:00
ERCO,2025-06-25,2025-06-25 11:32:24+00:00,2025-06-26 01:48:23+00:00,2025-06-25 18:40:23+00:00,51359,2025-06-25 11:05:38+00:00,2025-06-26 02:15:09+00:00,2025-06-25 10:31:12+00:00,2025-06-26 02:49:34+00:00,2025-06-25 09:54:00+00:00,2025-06-26 03:26:46+00:00
ERCO,2025-06-26,2025-06-26 11:32:43+00:00,2025-06-27 01:48:28+00:00,2025-06-26 18:40:36+00:00,51345,2025-06-26 11:05:58+00:00,2025-06-27 02:15:14+00:00,2025-06-26 10:31:34+00:00,2025-06-27 02:49:38+00:00,2025-06-26 09:54:23+00:00,2025-06-27 03:26:49+00:00
ERCO,2025-06-27,2025-06-27 11:33:04+00:00,2025-06-28 01:48:33+00:00,2025-06-27 18:40:48+00:00,51329,2025-06-27 11:06:19+00:00,2025-06-28 02:15:18+00:00,2025-06-27 10:31:56+00:00,2025-06-28 02:49:40+00:00,2025-06-27 09:54:48+00:00,2025-06-28 03:26:49+00:00
ERCO,2025-06-28,2025-06-28 11:33:25+00:00,2025-06-29 01:48:36+00:00,2025-06-28 18:41:01+00:00,51311,2025-06-28 11:06:42+00:00,2025-06-29 02:15:20+00:00,2025-06-28 10:32:20+00:00,2025-06-29 02:49:41+00:00,2025-06-28 09:55:15+00:00,2025-06-29 03:26:47+00:00
ERCO,2025-06-29,2025-06-29 11:33:48+00:00,2025-06-30 01:48:38+00:00,2025-06-29 18:41:13+00:00,51290,2025-06-29 11:07:05+00:00,2025-06-30 02:15:20+00:00,2025-06-29 10:32:46+00:00,2025-06-30 02:49:39+00:00,2025-06-29 09:55:43+00:00,2025-06-30 03:26:42+00:00
ERCO,2025-06-30,2025-06-30 11:34:11+00:00,2025-07-01 01:48:38+00:00,2025-06-30 18:41:24+00:00,51267,2025-06-30 11:07:30+00:00,2025-07-01 02:15:19+00:00,2025-06-30 10:33:13+00:00,2025-07-01 02:49:36+00:00,2025-06-30 09:56:13+00:00,2025-07-01 03:26:36+00:00
ERCO,2025-07-01,2025-07-01 11:34:36+00:00,2025-07-02 01:48:36+00:00,2025-07-01 18:41:36+00:00,51240,2025-07-01 11:07:56+00:00,2025-07-02 02:15:16+00:00,2025-07-01 10:33:41+00:00,2025-07-02 02:49:31+00:00,2025-07-01 09:56:44+00:00,2025-07-02 03:26:28+00:00
ERCO,2025-07-02,2025-07-02 11:35:01+00:00,2025-07-03 01:48:33+00:00,2025-07-02 18:41:47+00:00,51212,2025-07-02 11:08:23+00:00,2025-07-03 02:15:12+00:00,2025-07-02 10:34:10+00:00,2025-07-03 02:49:24+00:00,2025-07-02 09:57:17+00:00,2025-07-03 03:26:17+00:00
ERCO,2025-07-03,2025-07-03 11:35:27+00:00,2025-07-04 01:48:29+00:00,2025-07-03 18:41:58+00:00,51182,2025-07-03 11:08:51+00:00,2025-07-04 02:15:05+00:00,2025-07-03 10:34:41+00:00,2025-07-04 02:49:15+00:00,2025-07-03 09:57:52+00:00,2025-07-04 03:26:04+00:00
ERCO,2025-07-04,2025-07-04 11:35:55+00:00,2025-07-05 01:48:23+00:00,2025-07-04 18:42:09+00:00,51148,2025-07-04 11:09:20+00:00,2025-07-05 02:14:58+00:00,2025-07-04 10:35:13+00:00,2025-07-05 02:49:05+00:00,2025-07-04 09:58:28+00:00,2025-07-05 03:25:50+00:00
ERCO,2025-07-05,2025-07-05 11:36:23+00:00,2025-07-06 01:48:15+00:00,2025-07-05 18:42:19+00:00,51112,2025-07-05 11:09:50+00:00,2025-07-06 02:14:48+00:00,2025-07-05 10:35:46+00:00,2025-07-06 02:48:52+00:00,2025-07-05 09:59:06+00:00,2025-07-06 03:25:33+00:00
ERCO,2025-07-06,2025-07-06 11:36:52+00:00,2025-07-07 01:48:06+00:00,2025-07-06 18:42:29+00:00,51074,2025-07-06 11:10:21+00:00,2025-07-07 02:14:37+00:00,2025-07-06 10:36:20+00:00,2025-07-07 02:48:38+00:00,2025-07-06 09:59:45+00:00,2025-07-07 03:25:13+00:00
ERCO,2025-07-07,2025-07-07 11:37:21+00:00,2025-07-08 01:47:56+00:00,2025-07-07 18:42:39+00:00,51035,2025-07-07 11:10:53+00:00,2025-07-08 02:14:25+00:00,2025-07-07 10:36:55+00:00,2025-07-08 02:48:22+00:00,2025-07-07 10:00:25+00:00,2025-07-08 03:24:52+00:00
ERCO,2025-07-08,2025-07-08 11:37:52+00:00,2025-07-09 01:47:44+00:00,2025-07-08 18:42:48+00:00,50992,2025-07-08 11:11:25+00:00,2025-07-09 02:14:10+00:00,2025-07-08 10:37:32+00:00,2025-07-09 02:48:04+00:00,2025-07-08 10:01:06+00:00,2025-07-09 03:24:29+00:00
ERCO,2025-07-09,2025-07-09 11:38:23+00:00,2025-07-10 01:47:30+00:00,2025-07-09 18:42:57+00:00,50947,2025-07-09 11:11:59+00:00,2025-07-10 02:13:54+00:00,2025-07-09 10:38:09+00:00,2025-07-10 02:47:44+00:00,2025-07-09 10:01:49+00:00,2025-07-10 03:24:04+00:00
ERCO,2025-07-10,2025-07-10 11:38:55+00:00,2025-07-11 01:47:15+00:00,2025-07-10 18:43:05+00:00,50900,2025-07-10 11:12:33+00:00,2025-07-11 02:13:37+00:00,2025-07-10 10:38:47+00:00,2025-07-11 02:47:22+00:00,2025-07-10 10:02:33+00:00,2025-07-11 03:23:36+00:00
ERCO,2025-07-11,2025-07-11 11:39:27+00:00,2025-07-12 01:46:58+00:00,2025-07-11 18:43:13+00:00,50851,2025-07-11 11:13:08+00:00,2025-07-12 02:13:17+00:00,2025-07-11 10:39:27+00:00,2025-07-12 02:46:59+00:00,2025-07-11 10:03:18+00:00,2025-07-12 03:23:07+00:00
ERCO,2025-07-12,2025-07-12 11:40:00+00:00,2025-07-13 01:46:40+00:00,2025-07-12 18:43:20+00:00,50800,2025-07-12 11:13:44+00:00,2025-07-13 02:12:56+00:00,2025-07-12 10:40:07+00:00,2025-07-13 02:46:34+00:00,2025-07-12 10:04:05+00:00,2025-07-13 03:22:36+00:00
ERCO,2025-07-13,2025-07-13 11:40:34+00:00,2025-07-14 01:46:20+00:00,2025-07-13 18:43:27+00:00,50746,2025-07-13 11:14:20+00:00,2025-07-14 02:12:34+00:00,2025-07-13 10:40:47+00:00,2025-07-14 02:46:07+00:00,2025-07-13 10:04:52+00:00,2025-07-14 03:22:02+00:00
ERCO,2025-07-14,2025-07-14 11:41:08+00:00,2025-07-15 01:45:59+00:00,2025-07-14 18:43:34+00:00,50691,2025-07-14 11:14:57+00:00,2025-07-15 02:12:10+00:00,2025-07-14 10:41:29+00:00,2025-07-15 02:45:38+00:00,2025-07-14 10:05:40+00:00,2025-07-15 03:21:27+00:00
ERCO,2025-07-15,2025-07-15 11:41:43+00:00,2025-07-16 01:45:36+00:00,2025-07-15 18:43:40+00:00,50633,2025-07-15 11:15:35+00:00,2025-07-16 02:11:44+00:00,2025-07-15 10:42:11+00:00,2025-07-16 02:45:08+00:00,2025-07-15 10:06:29+00:00,2025-07-16 03:20:50+00:00
ERCO,2025-07-16,2025-07-16 11:42:19+00:00,2025-07-17 01:45:11+00:00,2025-07-16 18:43:45+00:00,50572,2025-07-16 11:16:13+00:00,2025-07-17 02:11:17+00:00,2025-07-16 10:42:55+00:00,2025-07-17 02:44:36+00:00,2025-07-16 10:07:19+00:00,2025-07-17 03:20:11+00:00
ERCO,2025-07-17,2025-07-17 11:42:54+00:00,2025-07-18 01:44:46+00:00,2025-07-17 18:43:50+00:00,50512,2025-07-17 11:16:52+00:00,2025-07-18 02:10:48+00:00,2025-07-17 10:43:38+00:00,2025-07-18 02:44:02+00:00,2025-07-17 10:08:10+00:00,2025-07-18 03:19:30+00:00
ERCO,2025-07-18,2025-07-18 11:43:31+00:00,2025-07-19 01:44:18+00:00,2025-07-18 18:43:54+00:00,50447,2025-07-18 11:17:32+00:00,2025-07-19 02:10:17+00:00,2025-07-18 10:44:23+00:00,2025-07-19 02:43:26+00:00,2025-07-18 10:09:01+00:00,2025-07-19 03:18:48+00:00
ERCO,2025-07-19,2025-07-19 11:44:07+00:00,2025-07-20 01:43:49+00:00,2025-07-19 18:43:58+00:00,50382,2025-07-19 11:18:11+00:00,2025-07-20 02:09:45+00:00,2025-07-19 10:45:07+00:00,2025-07-20 02:42:49+00:00,2025-07-19 10:09:53+00:00,2025-07-20 03:18:03+00:00
ERCO,2025-07-20,2025-07-20 11:44:44+00:00,2025-07-21 01:43:19+00:00,2025-07-20 18:44:01+00:00,50315,2025-07-20 11:18:52+00:00,2025-07-21 02:09:11+00:00,2025-07-20 10:45:53+00:00,2025-07-21 02:42:10+00:00,2025-07-20 10:10:46+00:00,2025-07-21 03:17:17+00:00
ERCO,2025-07-21,2025-07-21 11:45:21+00:00,2025-07-22 01:42:47+00:00,2025-07-21 18:44:04+00:00,50246,2025-07-21 11:19:32+00:00,2025-07-22 02:08:36+00:00,2025-07-21 10:46:39+00:00,2025-07-22 02:41:30+00:00,2025-07-21 10:11:39+00:00,2025-07-22 03:16:29+00:00
ERCO,2025-07-22,2025-07-22 11:45:59+00:00,2025-07-23 01:42:14+00:00,2025-07-22 18:44:06+00:00,50175,2025-07-22 11:20:13+00:00,2025-07-23 02:08:00+00:00,2025-07-22 10:47:25+00:00,2025-07-23 02:40:48+00:00,2025-07-22 10:12:33+00:00,2025-07-23 03:15:39+00:00
ERCO,2025-07-23,2025-07-23 11:46:37+00:00,2025-07-24 01:41:39+00:00,2025-07-23 18:44:08+00:00,50102,2025-07-23 11:20:54+00:00,2025-07-24 02:07:21+00:00,2025-07-23 10:48:12+00:00,2025-07-24 02:40:04+00:00,2025-07-23 10:13:28+00:00,2025-07-24 03:14:48+00:00
ERCO,2025-07-24,2025-07-24 11:47:15+00:00,2025-07-25 01:41:03+00:00,2025-07-24 18:44:09+00:00,50028,2025-07-24 11:21:36+00:00,2025-07-25 02:06:42+00:00,2025-07-24 10:48:59+00:00,2025-07-25 02:39:19+00:00,2025-07-24 10:14:22+00:00,2025-07-25 03:13:55+00:00
ERCO,2025-07-25,2025-07-25 11:47:53+00:00,2025-07-26 01:40:25+00:00,2025-07-25 18:44:09+00:00,49952,2025-07-25 11:22:18+00:00,2025-07-26 02:06:01+00:00,2025-07-25 10:49:46+00:00,2025-07-26 02:38:32+00:00,2025-07-25 10:15:18+00:00,2025-07-26 03:13:01+00:00
ERCO,2025-07-26,2025-07-26 11:48:32+00:00,2025-07-27 01:39:46+00:00,2025-07-26 18:44:09+00:00,49874,2025-07-26 11:23:00+00:00,2025-07-27 02:05:18+00:00,2025-07-26 10:50:34+00:00,2025-07-27 02:37:44+00:00,2025-07-26 10:16:13+00:00,2025-07-27 03:12:05+00:00
ERCO,2025-07-27,2025-07-27 11:49:11+00:00,2025-07-28 01:39:06+00:00,2025-07-27 18:44:08+00:00,49795,2025-07-27 11:23:42+00:00,2025-07-28 02:04:34+00:00,2025-07-27 10:51:22+00:00,2025-07-28 02:36:55+00:00,2025-07-27 10:17:09+00:00,2025-07-28 03:11:08+00:00
ERCO,2025-07-28,2025-07-28 11:49:50+00:00,2025-07-29 01:38:24+00:00,2025-07-28 18:44:07+00:00,49714,2025-07-28 11:24:25+00:00,2025-07-29 02:03:49+00:00,2025-07-28 10:52:10+00:00,2025-07-29 02:36:04+00:00,2025-07-28 10:18:05+00:00,2025-07-29 03:10:09+00:00
ERCO,2025-07-29,2025-07-29 11:50:29+00:00,2025-07-30 01:37:41+00:00,2025-07-29 18:44:05+00:00,49632,2025-07-29 11:25:07+00:00,2025-07-30 02:03:02+00:00,2025-07-29 10:52:58+00:00,2025-07-30 02:35:11+00:00,2025-07-29 10:19:01+00:00,2025-07-30 03:09:08+00:00
ERCO,2025-07-30,2025-07-30 11:51:08+00:00,2025-07-31 01:36:56+00:00,2025-07-30 18:44:02+00:00,49548,2025-07-30 11:25:50+00:00,2025-07-31 02:02:14+00:00,2025-07-30 10:53:47+00:00,2025-07-31 02:34:18+00:00,2025-07-30 10:19:58+00:00,2025-07-31 03:08:07+00:00
ERCO,2025-07-31,2025-07-31 11:51:47+00:00,2025-08-01 01:36:11+00:00,2025-07-31 18:43:59+00:00,49464,2025-07-31 11:26:33+00:00,2025-08-01 02:01:25+00:00,2025-07-31 10:54:35+00:00,2025-08-01 02:33:23+00:00,2025-07-31 10:20:54+00:00,2025-08-01 03:07:04+00:00
ERCO,2025-08-01,2025-08-01 11:52:27+00:00,2025-08-02 01:35:24+00:00,2025-08-01 18:43:55+00:00,49377,2025-08-01 11:27:16+00:00,2025-08-02 02:00:34+00:00,2025-08-01 10:55:24+00:00,2025-08-02 02:32:26+00:00,2025-08-01 10:21:51+00:00,2025-08-02 03:05:59+00:00
ERCO,2025-08-02,2025-08-02 11:53:06+00:00,2025-08-03 01:34:35+00:00,2025-08-02 18:43:51+00:00,49289,2025-08-02 11:27:59+00:00,2025-08-03 01:59:42+00:00,2025-08-02 10:56:13+00:00,2025-08-03 02:31:29+00:00,2025-08-02 10:22:47+00:00,2025-08-03 03:04:54+00:00
ERCO,2025-08-03,2025-08-03 11:53:45+00:00,2025-08-04 01:33:46+00:00,2025-08-03 18:43:46+00:00,49201,2025-08-03 11:28:42+00:00,2025-08-04 01:58:49+00:00,2025-08-03 10:57:01+00:00,2025-08-04 02:30:30+00:00,2025-08-03 10:23:44+00:00,2025-08-04 03:03:47+00:00
ERCO,2025-08-04,2025-08-04 11:54:25+00:00,2025-08-05 01:32:55+00:00,2025-08-04 18:43:40+00:00,49110,2025-08-04 11:29:25+00:00,2025-08-05 01:57:55+00:00,2025-08-04 10:57:50+00:00,2025-08-05 02:29:30+00:00,2025-08-04 10:24:41+00:00,2025-08-05 03:02:39+00:00
ERCO,2025-08-05,2025-08-05 11:55:04+00:00,2025-08-06 01:32:03+00:00,2025-08-05 18:43:34+00:00,49019,2025-08-05 11:30:08+00:00,2025-08-06 01:56:59+00:00,2025-08-05 10:58:39+00:00,2025-08-06 02:28:29+00:00,2025-08-05 10:25:37+00:00,2025-08-06 03:01:30+00:00
ERCO,2025-08-06,2025-08-06 11:55:44+00:00,2025-08-07 01:31:10+00:00,2025-08-06 18:43:27+00:00,48926,2025-08-06 11:30:51+00:00,2025-08-07 01:56:03+00:00,2025-08-06 10:59:27+00:00,2025-08-07 02:27:26+00:00,2025-08-06 10:26:34+00:00,2025-08-07 03:00:20+00:00
ERCO,2025-08-07,2025-08-07 11:56:23+00:00,2025-08-08 01:30:16+00:00,2025-08-07 18:43:19+00:00,48833,2025-08-07 11:31:34+00:00,2025-08-08 01:55:05+00:00,2025-08-07 11:00:16+00:00,2025-08-08 02:26:23+00:00,2025-08-07 10:27:30+00:00,2025-08-08 02:59:08+00:00
ERCO,2025-08-08,2025-08-08 11:57:02+00:00,2025-08-09 01:29:20+00:00,2025-08-08 18:43:11+00:00,48738,2025-08-08 11:32:17+00:00,2025-08-09 01:54:06+00:00,2025-08-08 11:01:05+00:00,2025-08-09 02:25:18+00:00,2025-08-08 10:28:27+00:00,2025-08-09 02:57:56+00:00
ERCO,2025-08-09,2025-08-09 11:57:42+00:00,2025-08-10 01:28:24+00:00,2025-08-09 18:43:03+00:00,48642,2025-08-09 11:33:00+00:00,2025-08-10 01:53:06+00:00,2025-08-09 11:01:53+00:00,2025-08-10 02:24:12+00:00,2025-08-09 10:29:23+00:00,2025-08-10 02:56:43+00:00
ERCO,2025-08-10,2025-08-10 11:58:21+00:00,2025-08-11 01:27:26+00:00,2025-08-10 18:42:53+00:00,48545,2025-08-10 11:33:42+00:00,2025-08-11 01:52:05+00:00,2025-08-10 11:02:41+00:00,2025-08-11 02:23:06+00:00,2025-08-10 10:30:18+00:00,2025-08-11 02:55:28+00:00
ERCO,2025-08-11,2025-08-11 11:59:00+00:00,2025-08-12 01:26:27+00:00,2025-08-11 18:42:44+00:00,48447,2025-08-11 11:34:25+00:00,2025-08-12 01:51:02+00:00,2025-08-11 11:03:29+00:00,2025-08-12 02:21:58+00:00,2025-08-11 10:31:14+00:00,2025-08-12 02:54:13+00:00
ERCO,2025-08-12,2025-08-12 11:59:39+00:00,2025-08-13 01:25:28+00:00,2025-08-12 18:42:33+00:00,48349,2025-08-12 11:35:08+00:00,2025-08-13 01:49:59+00:00,2025-08-12 11:04:17+00:00,2025-08-13 02:20:50+00:00,2025-08-12 10:32:10+00:00,2025-08-13 02:52:57+00:00
ERCO,2025-08-13,2025-08-13 12:00:18+00:00,2025-08-14 01:24:27+00:00,2025-08-13 18:42:23+00:00,48249,2025-08-13 11:35:50+00:00,2025-08-14 01:48:55+00:00,2025-08-13 11:05:05+00:00,2025-08-14 02:19:40+00:00,2025-08-13 10:33:05+00:00,2025-08-14 02:51:40+00:00
ERCO,2025-08-14,2025-08-14 12:00:57+00:00,2025-08-15 01:23:25+00:00,2025-08-14 18:42:11+00:00,48148,2025-08-14 11:36:32+00:00,2025-08-15 01:47:50+00:00,2025-08-14 11:05:53+00:00,2025-08-15 02:18:30+00:00,2025-08-14 10:34:00+00:00,2025-08-15 02:50:23+00:00
ERCO,2025-08-15,2025-08-15 12:01:36+00:00,2025-08-16 01:22:23+00:00,2025-08-15 18:41:59+00:00,48047,2025-08-15 11:37:14+00:00,2025-08-16 01:46:44+00:00,2025-08-15 11:06:40+00:00,2025-08-16 02:17:18+00:00,2025-08-15 10:34:54+00:00,2025-08-16 02:49:04+00:00
ERCO,2025-08-16,2025-08-16 12:02:14+00:00,2025-08-17 01:21:19+00:00,2025-08-16 18:41:47+00:00,47945,2025-08-16 11:37:56+00:00,2025-08-17 01:45:37+00:00,2025-08-16 11:07:27+00:00,2025-08-17 02:16:06+00:00,2025-08-16 10:35:48+00:00,2025-08-17 02:47:45+00:00
ERCO,2025-08-17,2025-08-17 12:02:53+00:00,2025-08-18 01:20:14+00:00,2025-08-17 18:41:34+00:00,47841,2025-08-17 11:38:38+00:00,2025-08-18 01:44:30+00:00,2025-08-17 11:08:14+00:00,2025-08-18 02:14:53+00:00,2025-08-17 10:36:42+00:00,2025-08-18 02:46:25+00:00
ERCO,2025-08-18,2025-08-18 12:03:31+00:00,2025-08-19 01:19:09+00:00,2025-08-18 18:41:20+00:00,47738,2025-08-18 11:39:19+00:00,2025-08-19 01:43:21+00:00,2025-08-18 11:09:00+00:00,2025-08-19 02:13:40+00:00,2025-08-18 10:37:36+00:00,2025-08-19 02:45:04+00:00
ERCO,2025-08-19,2025-08-19 12:04:09+00:00,2025-08-20 01:18:03+00:00,2025-08-19 18:41:06+00:00,47634,2025-08-19 11:40:01+00:00,2025-08-20 01:42:12+00:00,2025-08-19 11:09:47+00:00,2025-08-20 02:12:26+00:00,2025-08-19 10:38:29+00:00,2025-08-20 02:43:43+00:00
ERCO,2025-08-20,2025-08-20 12:04:48+00:00,2025-08-21 01:16:56+00:00,2025-08-20 18:40:52+00:00,47528,2025-08-20 11:40:42+00:00,2025-08-21 01:41:01+00:00,2025-08-20 11:10:33+00:00,2025-08-21 02:11:10+00:00,2025-08-20 10:39:22+00:00,2025-08-21 02:42:21+00:00
ERCO,2025-08-21,2025-08-21 12:05:26+00:00,2025-08-22 01:15:48+00:00,2025-08-21 18:40:37+00:00,47422,2025-08-21 11:41:23+00:00,2025-08-22 01:39:51+00:00,2025-08-21 11:11:19+00:00,2025-08-22 02:09:55+00:00,2025-08-21 10:40:14+00:00,2025-08-22 02:40:59+00:00
ERCO,2025-08-22,2025-08-22 12:06:03+00:00,2025-08-23 01:14:39+00:00,2025-08-22 18:40:21+00:00,47316,2025-08-22 11:42:04+00:00,2025-08-23 01:38:39+00:00,2025-08-22 11:12:04+00:00,2025-08-23 02:08:38+00:00,2025-08-22 10:41:07+00:00,2025-08-23 02:39:36+00:00
ERCO,2025-08-23,2025-08-23 12:06:41+00:00,2025-08-24 01:13:30+00:00,2025-08-23 18:40:06+00:00,47209,2025-08-23 11:42:44+00:00,2025-08-24 01:37:27+00:00,2025-08-23 11:12:50+00:00,2025-08-24 02:07:21+00:00,2025-08-23 10:41:58+00:00,2025-08-24 02:38:13+00:00
ERCO,2025-08-24,2025-08-24 12:07:19+00:00,2025-08-25 01:12:20+00:00,2025-08-24 18:39:49+00:00,47101,2025-08-24 11:43:25+00:00,2025-08-25 01:36:14+00:00,2025-08-24 11:13:35+00:00,2025-08-25 02:06:04+00:00,2025-08-24 10:42:50+00:00,2025-08-25 02:36:49+00:00
ERCO,2025-08-25,2025-08-25 12:07:56+00:00,2025-08-26 01:11:09+00:00,2025-08-25 18:39:33+00:00,46993,2025-08-25 11:44:05+00:00,2025-08-26 01:35:00+00:00,2025-08-25 11:14:19+00:00,2025-08-26 02:04:46+00:00,2025-08-25 10:43:40+00:00,2025-08-26 02:35:25+00:00
ERCO,2025-08-26,2025-08-26 12:08:34+00:00,2025-08-27 01:09:58+00:00,2025-08-26 18:39:16+00:00,46884,2025-08-26 11:44:45+00:00,2025-08-27 01:33:46+00:00,2025-08-26 11:15:04+00:00,2025-08-27 02:03:27+00:00,2025-08-26 10:44:31+00:00,2025-08-27 02:34:00+00:00
ERCO,2025-08-27,2025-08-27 12:09:11+00:00,2025-08-28 01:08:46+00:00,2025-08-27 18:38:58+00:00,46775,2025-08-27 11:45:25+00:00,2025-08-28 01:32:31+00:00,2025-08-27 11:15:48+00:00,2025-08-28 02:02:08+00:00,2025-08-27 10:45:21+00:00,2025-08-28 02:32:35+00:00
ERCO,2025-08-28,2025-08-28 12:09:48+00:00,2025-08-29 01:07:33+00:00,2025-08-28 18:38:40+00:00,46665,2025-08-28 11:46:05+00:00,2025-08-29 01:31:16+00:00,2025-08-28 11:16:32+00:00,2025-08-29 02:00:49+00:00,2025-08-28 10:46:11+00:00,2025-08-29 02:31:10+00:00
ERCO,2025-08-29,2025-08-29 12:10:25+00:00,2025-08-30 01:06:20+00:00,2025-08-29 18:38:22+00:00,46555,2025-08-29 11:46:44+00:00,2025-08-30 01:30:00+00:00,2025-08-29 11:17:15+00:00,2025-08-30 01:59:29+00:00,2025-08-29 10:47:00+00:00,2025-08-30 02:29:44+00:00
ERCO,2025-08-30,2025-08-30 12:11:02+00:00,2025-08-31 01:05:06+00:00,2025-08-30 18:38:04+00:00,46444,2025-08-30 11:47:23+00:00,2025-08-31 01:28:44+00:00,2025-08-30 11:17:59+00:00,2025-08-31 01:58:09+00:00,2025-08-30 10:47:49+00:00,2025-08-31 02:28:19+00:00
ERCO,2025-08-31,2025-08-31 12:11:39+00:00,2025-09-01 01:03:51+00:00,2025-08-31 18:37:45+00:00,46332,2025-08-31 11:48:02+00:00,2025-09-01 01:27:27+00:00,2025-08-31 11:18:42+00:00,2025-09-01 01:56:48+00:00,2025-08-31 10:48:37+00:00,2025-09-01 02:26:53+00:00
ERCO,2025-09-01,2025-09-01 12:12:15+00:00,2025-09-02 01:02:36+00:00,2025-09-01 18:37:26+00:00,46221,2025-09-01 11:48:41+00:00,2025-09-02 01:26:10+00:00,2025-09-01 11:19:24+00:00,2025-09-02 01:55:27+00:00,2025-09-01 10:49:25+00:00,2025-09-02 02:25:26+00:00
ERCO,2025-09-02,2025-09-02 12:12:52+00:00,2025-09-03 01:01:21+00:00,2025-09-02 18:37:06+00:00,46109,2025-09-02 11:49:20+00:00,2025-09-03 01:24:53+00:00,2025-09-02 11:20:07+00:00,2025-09-03 01:54:06+00:00,2025-09-02 10:50:13+00:00,2025-09-03 02:24:00+00:00
ERCO,2025-09-03,2025-09-03 12:13:28+00:00,2025-09-04 01:00:05+00:00,2025-09-03 18:36:47+00:00,45997,2025-09-03 11:49:59+00:00,2025-09-04 01:23:35+00:00,2025-09-03 11:20:49+00:00,2025-09-04 01:52:44+00:00,2025-09-03 10:51:00+00:00,2025-09-04 02:22:33+00:00
ERCO,2025-09-04,2025-09-04 12:14:05+00:00,2025-09-05 00:58:49+00:00,2025-09-04 18:36:27+00:00,45884,2025-09-04 11:50:37+00:00,2025-09-05 01:22:16+00:00,2025-09-04 11:21:31+00:00,2025-09-05 01:51:23+00:00,2025-09-04 10:51:47+00:00,2025-09-05 02:21:07+00:00
ERCO,2025-09-05,2025-09-05 12:14:41+00:00,2025-09-06 00:57:32+00:00,2025-09-05 18:36:07+00:00,45771,2025-09-05 11:51:15+00:00,2025-09-06 01:20:58+00:00,2025-09-05 11:22:13+00:00,2025-09-06 01:50:01+00:00,2025-09-05 10:52:33+00:00,2025-09-06 02:19:40+00:00
ERCO,2025-09-06,2025-09-06 12:15:17+00:00,2025-09-07 00:56:15+00:00,2025-09-06 18:35:46+00:00,45658,2025-09-06 11:51:54+00:00,2025-09-07 01:19:39+00:00,2025-09-06 11:22:54+00:00,2025-09-07 01:48:39+00:00,2025-09-06 10:53:19+00:00,2025-09-07 02:18:13+00:00
ERCO,2025-09-07,2025-09-07 12:15:53+00:00,2025-09-08 00:54:58+00:00,2025-09-07 18:35:26+00:00,45545,2025-09-07 11:52:32+00:00,2025-09-08 01:18:20+00:00,2025-09-07 11:23:35+00:00,2025-09-08 01:47:16+00:00,2025-09-07 10:54:05+00:00,2025-09-08 02:16:46+00:00
ERCO,2025-09-08,2025-09-08 12:16:30+00:00,2025-09-09 00:53:40+00:00,2025-09-08 18:35:05+00:00,45430,2025-09-08 11:53:10+00:00,2025-09-09 01:17:01+00:00,2025-09-08 11:24:16+00:00,2025-09-09 01:45:54+00:00,2025-09-08 10:54:50+00:00,2025-09-09 02:15:20+00:00
ERCO,2025-09-09,2025-09-09 12:17:06+00:00,2025-09-10 00:52:23+00:00,2025-09-09 18:34:44+00:00,45317,2025-09-09 11:53:47+00:00,2025-09-10 01:15:41+00:00,2025-09-09 11:24:57+00:00,2025-09-10 01:44:31+00:00,2025-09-09 10:55:35+00:00,2025-09-10 02:13:53+00:00
ERCO,2025-09-10,2025-09-10 12:17:42+00:00,2025-09-11 00:51:04+00:00,2025-09-10 18:34:23+00:00,45202,2025-09-10 11:54:25+00:00,2025-09-11 01:14:21+00:00,2025-09-10 11:25:37+00:00,2025-09-11 01:43:09+00:00,2025-09-10 10:56:20+00:00,2025-09-11 02:12:26+00:00
ERCO,2025-09-11,2025-09-11 12:18:18+00:00,2025-09-12 00:49:46+00:00,2025-09-11 18:34:02+00:00,45088,2025-09-11 11:55:03+00:00,2025-09-12 01:13:01+00:00,2025-09-11 11:26:18+00:00,2025-09-12 01:41:46+00:00,2025-09-11 10:57:04+00:00,2025-09-12 02:11:00+00:00
ERCO,2025-09-12,2025-09-12 12:18:54+00:00,2025-09-13 00:48:27+00:00,2025-09-12 18:33:41+00:00,44973,2025-09-12 11:55:40+00:00,2025-09-13 01:11:42+00:00,2025-09-12 11:26:58+00:00,2025-09-13 01:40:24+00:00,2025-09-12 10:57:48+00:00,2025-09-13 02:09:33+00:00
ERCO,2025-09-13,2025-09-13 12:19:30+00:00,2025-09-14 00:47:09+00:00,2025-09-13 18:33:19+00:00,44859,2025-09-13 11:56:17+00:00,2025-09-14 01:10:21+00:00,2025-09-13 11:27:37+00:00,2025-09-14 01:39:01+00:00,2025-09-13 10:58:32+00:00,2025-09-14 02:08:07+00:00
ERCO,2025-09-14,2025-09-14 12:20:06+00:00,2025-09-15 00:45:50+00:00,2025-09-14 18:32:58+00:00,44744,2025-09-14 11:56:55+00:00,2025-09-15 01:09:01+00:00,2025-09-14 11:28:17+00:00,2025-09-15 01:37:39+00:00,2025-09-14 10:59:15+00:00,2025-09-15 02:06:41+00:00
ERCO,2025-09-15,2025-09-15 12:20:42+00:00,2025-09-16 00:44:31+00:00,2025-09-15 18:32:37+00:00,44629,2025-09-15 11:57:32+00:00,2025-09-16 01:07:41+00:00,2025-09-15 11:28:57+00:00,2025-09-16 01:36:17+00:00,2025-09-15 10:59:58+00:00,2025-09-16 02:05:15+00:00
ERCO,2025-09-16,2025-09-16 12:21:19+00:00,2025-09-17 00:43:12+00:00,2025-09-16 18:32:15+00:00,44513,2025-09-16 11:58:09+00:00,2025-09-17 01:06:21+00:00,2025-09-16 11:29:36+00:00,2025-09-17 01:34:54+00:00,2025-09-16 11:00:40+00:00,2025-09-17 02:03:50+00:00
ERCO,2025-09-17,2025-09-17 12:21:55+00:00,2025-09-18 00:41:52+00:00,2025-09-17 18:31:54+00:00,44397,2025-09-17 11:58:46+00:00,2025-09-18 01:05:01+00:00,2025-09-17 11:30:15+00:00,2025-09-18 01:33:32+00:00,2025-09-17 11:01:23+00:00,2025-09-18 02:02:25+00:00
ERCO,2025-09-18,2025-09-18 12:22:31+00:00,2025-09-19 00:40:33+00:00,2025-09-18 18:31:32+00:00,44282,2025-09-18 11:59:24+00:00,2025-09-19 01:03:41+00:00,2025-09-18 11:30:54+00:00,2025-09-19 01:32:10+00:00,2025-09-18 11:02:05+00:00,2025-09-19 02:01:00+00:00
ERCO,2025-09-19,2025-09-19 12:23:08+00:00,2025-09-20 00:39:14+00:00,2025-09-19 18:31:11+00:00,44166,2025-09-19 12:00:01+00:00,2025-09-20 01:02:21+00:00,2025-09-19 11:31:33+00:00,2025-09-20 01:30:48+00:00,2025-09-19 11:02:47+00:00,2025-09-20 01:59:35+00:00
ERCO,2025-09-20,2025-09-20 12:23:44+00:00,2025-09-21 00:37:55+00:00,2025-09-20 18:30:50+00:00,44051,2025-09-20 12:00:38+00:00,2025-09-21 01:01:01+00:00,2025-09-20 11:32:12+00:00,2025-09-21 01:29:27+00:00,2025-09-20 11:03:28+00:00,2025-09-21 01:58:11+00:00
ERCO,2025-09-21,2025-09-21 12:24:21+00:00,2025-09-22 00:36:36+00:00,2025-09-21 18:30:28+00:00,43935,2025-09-21 12:01:15+00:00,2025-09-22 00:59:41+00:00,2025-09-21 11:32:51+00:00,2025-09-22 01:28:06+00:00,2025-09-21 11:04:10+00:00,2025-09-22 01:56:47+00:00
ERCO,2025-09-22,2025-09-22 12:24:58+00:00,2025-09-23 00:35:17+00:00,2025-09-22 18:30:07+00:00,43819,2025-09-22 12:01:52+00:00,2025-09-23 00:58:22+00:00,2025-09-22 11:33:30+00:00,2025-09-23 01:26:45+00:00,2025-09-22 11:04:51+00:00,2025-09-23 01:55:23+00:00
ERCO,2025-09-23,2025-09-23 12:25:34+00:00,2025-09-24 00:33:58+00:00,2025-09-23 18:29:46+00:00,43704,2025-09-23 12:02:30+00:00,2025-09-24 00:57:03+00:00,2025-09-23 11:34:08+00:00,2025-09-24 01:25:24+00:00,2025-09-23 11:05:32+00:00,2025-09-24 01:54:00+00:00
ERCO,2025-09-24,2025-09-24 12:26:11+00:00,2025-09-25 00:32:39+00:00,2025-09-24 18:29:25+00:00,43588,2025-09-24 12:03:07+00:00,2025-09-25 00:55:43+00:00,2025-09-24 11:34:47+00:00,2025-09-25 01:24:04+00:00,2025-09-24 11:06:13+00:00,2025-09-25 01:52:38+00:00
ERCO,2025-09-25,2025-09-25 12:26:49+00:00,2025-09-26 00:31:20+00:00,2025-09-25 18:29:04+00:00,43471,2025-09-25 12:03:44+00:00,2025-09-26 00:54:25+00:00,2025-09-25 11:35:25+00:00,2025-09-26 01:22:44+00:00,2025-09-25 11:06:53+00:00,2025-09-26 01:51:16+00:00
ERCO,2025-09-26,2025-09-26 12:27:26+00:00,2025-09-27 00:30:02+00:00,2025-09-26 18:28:44+00:00,43356,2025-09-26 12:04:22+00:00,2025-09-27 00:53:06+00:00,2025-09-26 11:36:04+00:00,2025-09-27 01:21:24+00:00,2025-09-26 11:07:34+00:00,2025-09-27 01:49:54+00:00
ERCO,2025-09-27,2025-09-27 12:28:04+00:00,2025-09-28 00:28:44+00:00,2025-09-27 18:28:24+00:00,43240,2025-09-27 12:04:59+00:00,2025-09-28 00:51:48+00:00,2025-09-27 11:36:42+00:00,2025-09-28 01:20:05+00:00,2025-09-27 11:08:14+00:00,2025-09-28 01:48:33+00:00
ERCO,2025-09-28,2025-09-28 12:28:41+00:00,2025-09-29 00:27:26+00:00,2025-09-28 18:28:03+00:00,43125,2025-09-28 12:05:37+00:00,2025-09-29 00:50:30+00:00,2025-09-28 11:37:20+00:00,2025-09-29 01:18:46+00:00,2025-09-28 11:08:54+00:00,2025-09-29 01:47:13+00:00
ERCO,2025-09-29,2025-09-29 12:29:19+00:00,2025-09-30 00:26:08+00:00,2025-09-29 18:27:44+00:00,43009,2025-09-29 12:06:15+00:00,2025-09-30 00:49:12+00:00,2025-09-29 11:37:59+00:00,2025-09-30 01:17:28+00:00,2025-09-29 11:09:34+00:00,2025-09-30 01:45:53+00:00
ERCO,2025-09-30,2025-09-30 12:29:57+00:00,2025-10-01 00:24:51+00:00,2025-09-30 18:27:24+00:00,42894,2025-09-30 12:06:53+00:00,2025-10-01 00:47:55+00:00,2025-09-30 11:38:37+00:00,2025-10-01 01:16:11+00:00,2025-09-30 11:10:14+00:00,2025-10-01 01:44:34+00:00
ERCO,2025-10-01,2025-10-01 12:30:36+00:00,2025-10-02 00:23:34+00:00,2025-10-01 18:27:05+00:00,42778,2025-10-01 12:07:31+00:00,2025-10-02 00:46:38+00:00,2025-10-01 11:39:16+00:00,2025-10-02 01:14:53+00:00,2025-10-01 11:10:54+00:00,2025-10-02 01:43:15+00:00
ERCO,2025-10-02,2025-10-02 12:31:14+00:00,2025-10-03 00:22:17+00:00,2025-10-02 18:26:46+00:00,42663,2025-10-02 12:08:09+00:00,2025-10-03 00:45:22+00:00,2025-10-02 11:39:54+00:00,2025-10-03 01:13:37+00:00,2025-10-02 11:11:34+00:00,2025-10-03 01:41:57+00:00
ERCO,2025-10-03,2025-10-03 12:31:53+00:00,2025-10-04 00:21:01+00:00,2025-10-03 18:26:27+00:00,42548,2025-10-03 12:08:48+00:00,2025-10-04 00:44:06+00:00,2025-10-03 11:40:33+00:00,2025-10-04 01:12:21+00:00,2025-10-03 11:12:13+00:00,2025-10-04 01:40:40+00:00
ERCO,2025-10-04,2025-10-04 12:32:32+00:00,2025-10-05 00:19:45+00:00,2025-10-04 18:26:09+00:00,42433,2025-10-04 12:09:26+00:00,2025-10-05 00:42:51+00:00,2025-10-04 11:41:12+00:00,2025-10-05 01:11:05+00:00,2025-10-04 11:12:53+00:00,2025-10-05 01:39:24+00:00
ERCO,2025-10-05,2025-10-05 12:33:12+00:00,2025-10-06 00:18:29+00:00,2025-10-05 18:25:51+00:00,42317,2025-10-05 12:10:05+00:00,2025-10-06 00:41:36+00:00,2025-10-05 11:41:50+00:00,2025-10-06 01:09:51+00:00,2025-10-05 11:13:33+00:00,2025-10-06 01:38:08+00:00
ERCO,2025-10-06,2025-10-06 12:33:52+00:00,2025-10-07 00:17:14+00:00,2025-10-06 18:25:33+00:00,42202,2025-10-06 12:10:44+00:00,2025-10-07 00:40:22+00:00,2025-10-06 11:42:29+00:00,2025-10-07 01:08:37+00:00,2025-10-06 11:14:12+00:00,2025-10-07 01:36:53+00:00
ERCO,2025-10-07,2025-10-07 12:34:32+00:00,2025-10-08 00:16:00+00:00,2025-10-07 18:25:16+00:00,42088,2025-10-07 12:11:23+00:00,2025-10-08 00:39:08+00:00,2025-10-07 11:43:08+00:00,2025-10-08 01:07:23+00:00,2025-10-07 11:14:52+00:00,2025-10-08 01:35:39+00:00
ERCO,2025-10-08,2025-10-08 12:35:12+00:00,2025-10-09 00:14:46+00:00,2025-10-08 18:24:59+00:00,41974,2025-10-08 12:12:03+00:00,2025-10-09 00:37:55+00:00,2025-10-08 11:43:47+00:00,2025-10-09 01:06:11+00:00,2025-10-08 11:15:32+00:00,2025-10-09 01:34:26+00:00
ERCO,2025-10-09,2025-10-09 12:35:53+00:00,2025-10-10 00:13:33+00:00,2025-10-09 18:24:43+00:00,41860,2025-10-09 12:12:42+00:00,2025-10-10 00:36:43+00:00,2025-10-09 11:44:26+00:00,2025-10-10 01:04:59+00:00,2025-10-09 11:16:11+00:00,2025-10-10 01:33:14+00:00
ERCO,2025-10-10,2025-10-10 12:36:34+00:00,2025-10-11 00:12:20+00:00,2025-10-10 18:24:27+00:00,41746,2025-10-10 12:13:22+00:00,2025-10-11 00:35:31+00:00,2025-10-10 11:45:06+00:00,2025-10-11 01:03:48+00:00,2025-10-10 11:16:51+00:00,2025-10-11 01:32:03+00:00
ERCO,2025-10-11,2025-10-11 12:37:15+00:00,2025-10-12 00:11:08+00:00,2025-10-11 18:24:11+00:00,41633,2025-10-11 12:14:02+00:00,2025-10-12 00:34:20+00:00,2025-10-11 11:45:45+00:00,2025-10-12 01:02:37+00:00,2025-10-11 11:17:31+00:00,2025-10-12 01:30:52+00:00
ERCO,2025-10-12,2025-10-12 12:37:57+00:00,2025-10-13 00:09:56+00:00,2025-10-12 18:23:56+00:00,41519,2025-10-12 12:14:43+00:00,2025-10-13 00:33:10+00:00,2025-10-12 11:46:25+00:00,2025-10-13 01:01:28+00:00,2025-10-12 11:18:10+00:00,2025-10-13 01:29:43+00:00
ERCO,2025-10-13,2025-10-13 12:38:39+00:00,2025-10-14 00:08:46+00:00,2025-10-13 18:23:42+00:00,41407,2025-10-13 12:15:24+00:00,2025-10-14 00:32:01+00:00,2025-10-13 11:47:05+00:00,2025-10-14 01:00:19+00:00,2025-10-13 11:18:50+00:00,2025-10-14 01:28:34+00:00
ERCO,2025-10-14,2025-10-14 12:39:21+00:00,2025-10-15 00:07:35+00:00,2025-10-14 18:23:28+00:00,41294,2025-10-14 12:16:04+00:00,2025-10-15 00:30:52+00:00,2025-10-14 11:47:45+00:00,2025-10-15 00:59:12+00:00,2025-10-14 11:19:30+00:00,2025-10-15 01:27:26+00:00
ERCO,2025-10-15,2025-10-15 12:40:04+00:00,2025-10-16 00:06:26+00:00,2025-10-15 18:23:15+00:00,41182,2025-10-15 12:16:46+00:00,2025-10-16 00:29:44+00:00,2025-10-15 11:48:25+00:00,2025-10-16 00:58:05+00:00,2025-10-15 11:20:10+00:00,2025-10-16 01:26:20+00:00
ERCO,2025-10-16,2025-10-16 12:40:47+00:00,2025-10-17 00:05:18+00:00,2025-10-16 18:23:02+00:00,41071,2025-10-16 12:17:27+00:00,2025-10-17 00:28:37+00:00,2025-10-16 11:49:06+00:00,2025-10-17 00:56:59+00:00,2025-10-16 11:20:50+00:00,2025-10-17 01:25:14+00:00
ERCO,2025-10-17,2025-10-17 12:41:30+00:00,2025-10-18 00:04:10+00:00,2025-10-17 18:22:50+00:00,40960,2025-10-17 12:18:09+00:00,2025-10-18 00:27:31+00:00,2025-10-17 11:49:46+00:00,2025-10-18 00:55:54+00:00,2025-10-17 11:21:30+00:00,2025-10-18 01:24:10+00:00
ERCO,2025-10-18,2025-10-18 12:42:14+00:00,2025-10-19 00:03:03+00:00,2025-10-18 18:22:39+00:00,40849,2025-10-18 12:18:51+00:00,2025-10-19 00:26:26+00:00,2025-10-18 11:50:27+00:00,2025-10-19 00:54:50+00:00,2025-10-18 11:22:11+00:00,2025-10-19 01:23:06+00:00
ERCO,2025-10-19,2025-10-19 12:42:58+00:00,2025-10-20 00:01:57+00:00,2025-10-19 18:22:28+00:00,40739,2025-10-19 12:19:34+00:00,2025-10-20 00:25:21+00:00,2025-10-19 11:51:08+00:00,2025-10-20 00:53:47+00:00,2025-10-19 11:22:51+00:00,2025-10-20 01:22:04+00:00
ERCO,2025-10-20,2025-10-20 12:43:43+00:00,2025-10-21 00:00:52+00:00,2025-10-20 18:22:17+00:00,40629,2025-10-20 12:20:17+00:00,2025-10-21 00:24:18+00:00,2025-10-20 11:51:49+00:00,2025-10-21 00:52:45+00:00,2025-10-20 11:23:32+00:00,2025-10-21 01:21:03+00:00
ERCO,2025-10-21,2025-10-21 12:44:28+00:00,2025-10-21 23:59:48+00:00,2025-10-21 18:22:08+00:00,40520,2025-10-21 12:21:00+00:00,2025-10-22 00:23:16+00:00,2025-10-21 11:52:31+00:00,2025-10-22 00:51:45+00:00,2025-10-21 11:24:13+00:00,2025-10-22 01:20:03+00:00
ERCO,2025-10-22,2025-10-22 12:45:13+00:00,2025-10-22 23:58:44+00:00,2025-10-22 18:21:59+00:00,40411,2025-10-22 12:21:43+00:00,2025-10-23 00:22:15+00:00,2025-10-22 11:53:13+00:00,2025-10-23 00:50:45+00:00,2025-10-22 11:24:54+00:00,2025-10-23 01:19:04+00:00
ERCO,2025-10-23,2025-10-23 12:45:59+00:00,2025-10-23 23:57:42+00:00,2025-10-23 18:21:51+00:00,40303,2025-10-23 12:22:27+00:00,2025-10-24 00:21:14+00:00,2025-10-23 11:53:55+00:00,2025-10-24 00:49:47+00:00,2025-10-23 11:25:35+00:00,2025-10-24 01:18:07+00:00
ERCO,2025-10-24,2025-10-24 12:46:45+00:00,2025-10-24 23:56:41+00:00,2025-10-24 18:21:43+00:00,40196,2025-10-24 12:23:11+00:00,2025-10-25 00:20:15+00:00,2025-10-24 11:54:37+00:00,2025-10-25 00:48:49+00:00,2025-10-24 11:26:16+00:00,2025-10-25 01:17:10+00:00
ERCO,2025-10-25,2025-10-25 12:47:32+00:00,2025-10-25 23:55:41+00:00,2025-10-25 18:21:36+00:00,40089,2025-10-25 12:23:56+00:00,2025-10-26 00:19:17+00:00,2025-10-25 11:55:20+00:00,2025-10-26 00:47:53+00:00,2025-10-25 11:26:57+00:00,2025-10-26 01:16:15+00:00
ERCO,2025-10-26,2025-10-26 12:48:19+00:00,2025-10-26 23:54:41+00:00,2025-10-26 18:21:30+00:00,39982,2025-10-26 12:24:40+00:00,2025-10-27 00:18:20+00:00,2025-10-26 11:56:03+00:00,2025-10-27 00:46:58+00:00,2025-10-26 11:27:39+00:00,2025-10-27 01:15:21+00:00
ERCO,2025-10-27,2025-10-27 12:49:06+00:00,2025-10-27 23:53:43+00:00,2025-10-27 18:21:25+00:00,39877,2025-10-27 12:25:26+00:00,2025-10-28 00:17:24+00:00,2025-10-27 11:56:46+00:00,2025-10-28 00:46:04+00:00,2025-10-27 11:28:21+00:00,2025-10-28 01:14:29+00:00
ERCO,2025-10-28,2025-10-28 12:49:54+00:00,2025-10-28 23:52:46+00:00,2025-10-28 18:21:20+00:00,39772,2025-10-28 12:26:11+00:00,2025-10-29 00:16:30+00:00,2025-10-28 11:57:29+00:00,2025-10-29 00:45:12+00:00,2025-10-28 11:29:03+00:00,2025-10-29 01:13:38+00:00
ERCO,2025-10-29,2025-10-29 12:50:42+00:00,2025-10-29 23:51:51+00:00,2025-10-29 18:21:16+00:00,39669,2025-10-29 12:26:57+00:00,2025-10-30 00:15:36+00:00,2025-10-29 11:58:13+00:00,2025-10-30 00:44:20+00:00,2025-10-29 11:29:45+00:00,2025-10-30 01:12:48+00:00
ERCO,2025-10-30,2025-10-30 12:51:31+00:00,2025-10-30 23:50:56+00:00,2025-10-30 18:21:13+00:00,39565,2025-10-30 12:27:43+00:00,2025-10-31 00:14:44+00:00,2025-10-30 11:58:56+00:00,2025-10-31 00:43:30+00:00,2025-10-30 11:30:27+00:00,2025-10-31 01:11:59+00:00
ERCO,2025-10-31,2025-10-31 12:52:19+00:00,2025-10-31 23:50:03+00:00,2025-10-31 18:21:11+00:00,39464,2025-10-31 12:28:29+00:00,2025-11-01 00:13:53+00:00,2025-10-31 11:59:40+00:00,2025-11-01 00:42:42+00:00,2025-10-31 11:31:10+00:00,2025-11-01 01:11:12+00:00
ERCO,2025-11-01,2025-11-01 12:53:09+00:00,2025-11-01 23:49:11+00:00,2025-11-01 18:21:10+00:00,39362,2025-11-01 12:29:16+00:00,2025-11-02 00:13:03+00:00,2025-11-01 12:00:25+00:00,2025-11-02 00:41:54+00:00,2025-11-01 11:31:53+00:00,2025-11-02 01:10:27+00:00
ERCO,2025-11-02,2025-11-02 12:53:58+00:00,2025-11-02 23:48:20+00:00,2025-11-02 18:21:09+00:00,39262,2025-11-02 12:30:03+00:00,2025-11-03 00:12:15+00:00,2025-11-02 12:01:09+00:00,2025-11-03 00:41:08+00:00,2025-11-02 11:32:36+00:00,2025-11-03 01:09:42+00:00
ERCO,2025-11-03,2025-11-03 12:54:48+00:00,2025-11-03 23:47:30+00:00,2025-11-03 18:21:09+00:00,39162,2025-11-03 12:30:50+00:00,2025-11-04 00:11:28+00:00,2025-11-03 12:01:54+00:00,2025-11-04 00:40:24+00:00,2025-11-03 11:33:19+00:00,2025-11-04 01:08:59+00:00
ERCO,2025-11-04,2025-11-04 12:55:38+00:00,2025-11-04 23:46:42+00:00,2025-11-04 18:21:10+00:00,39064,2025-11-04 12:31:38+00:00,2025-11-05 00:10:43+00:00,2025-11-04 12:02:39+00:00,2025-11-05 00:39:41+00:00,2025-11-04 11:34:02+00:00,2025-11-05 01:08:18+00:00
ERCO,2025-11-05,2025-11-05 12:56:29+00:00,2025-11-05 23:45:55+00:00,2025-11-05 18:21:12+00:00,38966,2025-11-05 12:32:25+00:00,2025-11-06 00:09:58+00:00,2025-11-05 12:03:25+00:00,2025-11-06 00:38:59+00:00,2025-11-05 11:34:46+00:00,2025-11-06 01:07:38+00:00
ERCO,2025-11-06,2025-11-06 12:57:19+00:00,2025-11-06 23:45:10+00:00,2025-11-06 18:21:15+00:00,38871,2025-11-06 12:33:14+00:00,2025-11-07 00:09:15+00:00,2025-11-06 12:04:10+00:00,2025-11-07 00:38:19+00:00,2025-11-06 11:35:29+00:00,2025-11-07 01:07:00+00:00
ERCO,2025-11-07,2025-11-07 12:58:10+00:00,2025-11-07 23:44:26+00:00,2025-11-07 18:21:18+00:00,38776,2025-11-07 12:34:02+00:00,2025-11-08 00:08:34+00:00,2025-11-07 12:04:56+00:00,2025-11-08 00:37:40+00:00,2025-11-07 11:36:13+00:00,2025-11-08 01:06:23+00:00
ERCO,2025-11-08,2025-11-08 12:59:02+00:00,2025-11-08 23:43:43+00:00,2025-11-08 18:21:22+00:00,38681,2025-11-08 12:34:50+00:00,2025-11-09 00:07:54+00:00,2025-11-08 12:05:42+00:00,2025-11-09 00:37:03+00:00,2025-11-08 11:36:57+00:00,2025-11-09 01:05:47+00:00
ERCO,2025-11-09,2025-11-09 12:59:53+00:00,2025-11-09 23:43:02+00:00,2025-11-09 18:21:27+00:00,38589,2025-11-09 12:35:39+00:00,2025-11-10 00:07:16+00:00,2025-11-09 12:06:28+00:00,2025-11-10 00:36:27+00:00,2025-11-09 11:37:41+00:00,2025-11-10 01:05:13+00:00
ERCO,2025-11-10,2025-11-10 13:00:45+00:00,2025-11-10 23:42:22+00:00,2025-11-10 18:21:33+00:00,38497,2025-11-10 12:36:28+00:00,2025-11-11 00:06:39+00:00,2025-11-10 12:07:14+00:00,2025-11-11 00:35:52+00:00,2025-11-10 11:38:26+00:00,2025-11-11 01:04:41+00:00
ERCO,2025-11-11,2025-11-11 13:01:37+00:00,2025-11-11 23:41:44+00:00,2025-11-11 18:21:40+00:00,38407,2025-11-11 12:37:17+00:00,2025-11-12 00:06:03+00:00,2025-11-11 12:08:01+00:00,2025-11-12 00:35:20+00:00,2025-11-11 11:39:10+00:00,2025-11-12 01:04:10+00:00
ERCO,2025-11-12,2025-11-12 13:02:29+00:00,2025-11-12 23:41:07+00:00,2025-11-12 18:21:48+00:00,38318,2025-11-12 12:38:07+00:00,2025-11-13 00:05:29+00:00,2025-11-12 12:08:48+00:00,2025-11-13 00:34:48+00:00,2025-11-12 11:39:55+00:00,2025-11-13 01:03:41+00:00
ERCO,2025-11-13,2025-11-13 13:03:21+00:00,2025-11-13 23:40:32+00:00,2025-11-13 18:21:57+00:00,38231,2025-11-13 12:38:56+00:00,2025-11-14 00:04:57+00:00,2025-11-13 12:09:34+00:00,2025-11-14 00:34:19+00:00,2025-11-13 11:40:40+00:00,2025-11-14 01:03:13+00:00
ERCO,2025-11-14,2025-11-14 13:04:13+00:00,2025-11-14 23:39:59+00:00,2025-11-14 18:22:06+00:00,38146,2025-11-14 12:39:46+00:00,2025-11-15 00:04:26+00:00,2025-11-14 12:10:21+00:00,2025-11-15 00:33:51+00:00,2025-11-14 11:41:24+00:00,2025-11-15 01:02:47+00:00
ERCO,2025-11-15,2025-11-15 13:05:06+00:00,2025-11-15 23:39:27+00:00,2025-11-15 18:22:16+00:00,38061,2025-11-15 12:40:35+00:00,2025-11-16 00:03:57+00:00,2025-11-15 12:11:08+00:00,2025-11-16 00:33:24+00:00,2025-11-15 11:42:09+00:00,2025-11-16 01:02:23+00:00
ERCO,2025-11-16,2025-11-16 13:05:58+00:00,2025-11-16 23:38:56+00:00,2025-11-16 18:22:27+00:00,37978,2025-11-16 12:41:25+00:00,2025-11-17 00:03:29+00:00,2025-11-16 12:11:55+00:00,2025-11-17 00:32:59+00:00,2025-11-16 11:42:54+00:00,2025-11-17 01:02:00+00:00
ERCO,2025-11-17,2025-11-17 13:06:51+00:00,2025-11-17 23:38:28+00:00,2025-11-17 18:22:39+00:00,37897,2025-11-17 12:42:15+00:00,2025-11-18 00:03:03+00:00,2025-11-17 12:12:42+00:00,2025-11-18 00:32:36+00:00,2025-11-17 11:43:39+00:00,2025-11-18 01:01:39+00:00
ERCO,2025-11-18,2025-11-18 13:07:43+00:00,2025-11-18 23:38:01+00:00,2025-11-18 18:22:52+00:00,37818,2025-11-18 12:43:05+00:00,2025-11-19 00:02:39+00:00,2025-11-18 12:13:29+00:00,2025-11-19 00:32:14+00:00,2025-11-18 11:44:24+00:00,2025-11-19 01:01:19+00:00
ERCO,2025-11-19,2025-11-19 13:08:36+00:00,2025-11-19 23:37:35+00:00,2025-11-19 18:23:05+00:00,37739,2025-11-19 12:43:55+00:00,2025-11-20 00:02:16+00:00,2025-11-19 12:14:17+00:00,2025-11-20 00:31:54+00:00,2025-11-19 11:45:09+00:00,2025-11-20 01:01:02+00:00
ERCO,2025-11-20,2025-11-20 13:09:28+00:00,2025-11-20 23:37:12+00:00,2025-11-20 18:23:20+00:00,37664,2025-11-20 12:44:44+00:00,2025-11-21 00:01:55+00:00,2025-11-20 12:15:04+00:00,2025-11-21 00:31:36+00:00,2025-11-20 11:45:55+00:00,2025-11-21 01:00:45+00:00
ERCO,2025-11-21,2025-11-21 13:10:20+00:00,2025-11-21 23:36:50+00:00,2025-11-21 18:23:35+00:00,37590,2025-11-21 12:45:34+00:00,2025-11-22 00:01:36+00:00,2025-11-21 12:15:51+00:00,2025-11-22 00:31:19+00:00,2025-11-21 11:46:40+00:00,2025-11-22 01:00:31+00:00
ERCO,2025-11-22,2025-11-22 13:11:13+00:00,2025-11-22 23:36:29+00:00,2025-11-22 18:23:51+00:00,37516,2025-11-22 12:46:24+00:00,2025-11-23 00:01:18+00:00,2025-11-22 12:16:38+00:00,2025-11-23 00:31:04+00:00,2025-11-22 11:47:25+00:00,2025-11-23 01:00:18+00:00
ERCO,2025-11-23,2025-11-23 13:12:05+00:00,2025-11-23 23:36:11+00:00,2025-11-23 18:24:08+00:00,37446,2025-11-23 12:47:13+00:00,2025-11-24 00:01:03+00:00,2025-11-23 12:17:25+00:00,2025-11-24 00:30:51+00:00,2025-11-23 11:48:10+00:00,2025-11-24 01:00:06+00:00
ERCO,2025-11-24,2025-11-24 13:12:57+00:00,2025-11-24 23:35:54+00:00,2025-11-24 18:24:25+00:00,37377,2025-11-24 12:48:02+00:00,2025-11-25 00:00:48+00:00,2025-11-24 12:18:12+00:00,2025-11-25 00:30:39+00:00,2025-11-24 11:48:54+00:00,2025-11-25 00:59:56+00:00
ERCO,2025-11-25,2025-11-25 13:13:48+00:00,2025-11-25 23:35:39+00:00,2025-11-25 18:24:44+00:00,37311,2025-11-25 12:48:52+00:00,2025-11-26 00:00:36+00:00,2025-11-25 12:18:58+00:00,2025-11-26 00:30:29+00:00,2025-11-25 11:49:39+00:00,2025-11-26 00:59:48+00:00
ERCO,2025-11-26,2025-11-26 13:14:39+00:00,2025-11-26 23:35:26+00:00,2025-11-26 18:25:03+00:00,37247,2025-11-26 12:49:40+00:00,2025-11-27 00:00:25+00:00,2025-11-26 12:19:45+00:00,2025-11-27 00:30:21+00:00,2025-11-26 11:50:24+00:00,2025-11-27 00:59:42+00:00
ERCO,2025-11-27,2025-11-27 13:15:30+00:00,2025-11-27 23:35:15+00:00,2025-11-27 18:25:22+00:00,37185,2025-11-27 12:50:29+00:00,2025-11-28 00:00:16+00:00,2025-11-27 12:20:31+00:00,2025-11-28 00:30:14+00:00,2025-11-27 11:51:08+00:00,2025-11-28 00:59:37+00:00
ERCO,2025-11-28,2025-11-28 13:16:21+00:00,2025-11-28 23:35:05+00:00,2025-11-28 18:25:43+00:00,37124,2025-11-28 12:51:17+00:00,2025-11-29 00:00:09+00:00,2025-11-28 12:21:17+00:00,2025-11-29 00:30:09+00:00,2025-11-28 11:51:52+00:00,2025-11-29 00:59:34+00:00
ERCO,2025-11-29,2025-11-29 13:17:11+00:00,2025-11-29 23:34:57+00:00,2025-11-29 18:26:04+00:00,37066,2025-11-29 12:52:05+00:00,2025-11-30 00:00:03+00:00,2025-11-29 12:22:03+00:00,2025-11-30 00:30:05+00:00,2025-11-29 11:52:36+00:00,2025-11-30 00:59:32+00:00
ERCO,2025-11-30,2025-11-30 13:18:01+00:00,2025-11-30 23:34:51+00:00,2025-11-30 18:26:26+00:00,37010,2025-11-30 12:52:53+00:00,2025-11-30 23:59:59+00:00,2025-11-30 12:22:48+00:00,2025-12-01 00:30:04+00:00,2025-11-30 11:53:20+00:00,2025-12-01 00:59:32+00:00
ERCO,2025-12-01,2025-12-01 13:18:50+00:00,2025-12-01 23:34:47+00:00,2025-12-01 18:26:48+00:00,36957,2025-12-01 12:53:40+00:00,2025-12-01 23:59:57+00:00,2025-12-01 12:23:33+00:00,2025-12-02 00:30:04+00:00,2025-12-01 11:54:03+00:00,2025-12-02 00:59:34+00:00
ERCO,2025-12-02,2025-12-02 13:19:39+00:00,2025-12-02 23:34:44+00:00,2025-12-02 18:27:12+00:00,36905,2025-12-02 12:54:27+00:00,2025-12-02 23:59:56+00:00,2025-12-02 12:24:18+00:00,2025-12-03 00:30:05+00:00,2025-12-02 11:54:46+00:00,2025-12-03 00:59:37+00:00
ERCO,2025-12-03,2025-12-03 13:20:27+00:00,2025-12-03 23:34:43+00:00,2025-12-03 18:27:35+00:00,36856,2025-12-03 12:55:13+00:00,2025-12-03 23:59:57+00:00,2025-12-03 12:25:02+00:00,2025-12-04 00:30:08+00:00,2025-12-03 11:55:29+00:00,2025-12-04 00:59:41+00:00
ERCO,2025-12-04,2025-12-04 13:21:15+00:00,2025-12-04 23:34:44+00:00,2025-12-04 18:28:00+00:00,36809,2025-12-04 12:55:59+00:00,2025-12-05 00:00:00+00:00,2025-12-04 12:25:46+00:00,2025-12-05 00:30:13+00:00,2025-12-04 11:56:12+00:00,2025-12-05 00:59:48+00:00
ERCO,2025-12-05,2025-12-05 13:22:02+00:00,2025-12-05 23:34:47+00:00,2025-12-05 18:28:24+00:00,36765,2025-12-05 12:56:44+00:00,2025-12-06 00:00:05+00:00,2025-12-05 12:26:30+00:00,2025-12-06 00:30:19+00:00,2025-12-05 11:56:53+00:00,2025-12-06 00:59:56+00:00
ERCO,2025-12-06,2025-12-06 13:22:48+00:00,2025-12-06 23:34:52+00:00,2025-12-06 18:28:50+00:00,36724,2025-12-06 12:57:28+00:00,2025-12-07 00:00:11+00:00,2025-12-06 12:27:12+00:00,2025-12-07 00:30:27+00:00,2025-12-06 11:57:35+00:00,2025-12-07 01:00:05+00:00
ERCO,2025-12-07,2025-12-07 13:23:33+00:00,2025-12-07 23:34:58+00:00,2025-12-07 18:29:16+00:00,36685,2025-12-07 12:58:12+00:00,2025-12-08 00:00:19+00:00,2025-12-07 12:27:55+00:00,2025-12-08 00:30:37+00:00,2025-12-07 11:58:16+00:00,2025-12-08 01:00:16+00:00
ERCO,2025-12-08,2025-12-08 13:24:18+00:00,2025-12-08 23:35:06+00:00,2025-12-08 18:29:42+00:00,36648,2025-12-08 12:58:55+00:00,2025-12-09 00:00:29+00:00,2025-12-08 12:28:36+00:00,2025-12-09 00:30:48+00:00,2025-12-08 11:58:56+00:00,2025-12-09 01:00:28+00:00
ERCO,2025-12-09,2025-12-09 13:25:02+00:00,2025-12-09 23:35:16+00:00,2025-12-09 18:30:09+00:00,36614,2025-12-09 12:59:38+00:00,2025-12-10 00:00:40+00:00,2025-12-09 12:29:17+00:00,2025-12-10 00:31:01+00:00,2025-12-09 11:59:36+00:00,2025-12-10 01:00:42+00:00
ERCO,2025-12-10,2025-12-10 13:25:45+00:00,2025-12-10 23:35:28+00:00,2025-12-10 18:30:36+00:00,36583,2025-12-10 13:00:19+00:00,2025-12-11 00:00:53+00:00,2025-12-10 12:29:58+00:00,2025-12-11 00:31:15+00:00,2025-12-10 12:00:15+00:00,2025-12-11 01:00:57+00:00
ERCO,2025-12-11,2025-12-11 13:26:27+00:00,2025-12-11 23:35:41+00:00,2025-12-11 18:31:04+00:00,36554,2025-12-11 13:01:00+00:00,2025-12-12 00:01:08+00:00,2025-12-11 12:30:37+00:00,2025-12-12 00:31:31+00:00,2025-12-11 12:00:54+00:00,2025-12-12 01:01:14+00:00
ERCO,2025-12-12,2025-12-12 13:27:08+00:00,2025-12-12 23:35:56+00:00,2025-12-12 18:31:32+00:00,36528,2025-12-12 13:01:40+00:00,2025-12-13 00:01:24+00:00,2025-12-12 12:31:16+00:00,2025-12-13 00:31:48+00:00,2025-12-12 12:01:32+00:00,2025-12-13 01:01:32+00:00
ERCO,2025-12-13,2025-12-13 13:27:47+00:00,2025-12-13 23:36:13+00:00,2025-12-13 18:32:00+00:00,36506,2025-12-13 13:02:19+00:00,2025-12-14 00:01:42+00:00,2025-12-13 12:31:54+00:00,2025-12-14 00:32:07+00:00,2025-12-13 12:02:09+00:00,2025-12-14 01:01:51+00:00
ERCO,2025-12-14,2025-12-14 13:28:26+00:00,2025-12-14 23:36:32+00:00,2025-12-14 18:32:29+00:00,36486,2025-12-14 13:02:57+00:00,2025-12-15 00:02:01+00:00,2025-12-14 12:32:31+00:00,2025-12-15 00:32:27+00:00,2025-12-14 12:02:46+00:00,2025-12-15 01:02:12+00:00
ERCO,2025-12-15,2025-12-15 13:29:04+00:00,2025-12-15 23:36:52+00:00,2025-12-15 18:32:58+00:00,36468,2025-12-15 13:03:34+00:00,2025-12-16 00:02:22+00:00,2025-12-15 12:33:07+00:00,2025-12-16 00:32:48+00:00,2025-12-15 12:03:21+00:00,2025-12-16 01:02:34+00:00
ERCO,2025-12-16,2025-12-16 13:29:41+00:00,2025-12-16 23:37:13+00:00,2025-12-16 18:33:27+00:00,36452,2025-12-16 13:04:10+00:00,2025-12-17 00:02:44+00:00,2025-12-16 12:33:43+00:00,2025-12-17 00:33:11+00:00,2025-12-16 12:03:56+00:00,2025-12-17 01:02:58+00:00
ERCO,2025-12-17,2025-12-17 13:30:16+00:00,2025-12-17 23:37:36+00:00,2025-12-17 18:33:56+00:00,36440,2025-12-17 13:04:45+00:00,2025-12-18 00:03:08+00:00,2025-12-17 12:34:17+00:00,2025-12-18 00:33:36+00:00,2025-12-17 12:04:30+00:00,2025-12-18 01:03:23+00:00
ERCO,2025-12-18,2025-12-18 13:30:50+00:00,2025-12-18 23:38:01+00:00,2025-12-18 18:34:26+00:00,36431,2025-12-18 13:05:19+00:00,2025-12-19 00:03:33+00:00,2025-12-18 12:34:51+00:00,2025-12-19 00:34:01+00:00,2025-12-18 12:05:03+00:00,2025-12-19 01:03:48+00:00
ERCO,2025-12-19,2025-12-19 13:31:23+00:00,2025-12-19 23:38:28+00:00,2025-12-19 18:34:55+00:00,36425,2025-12-19 13:05:52+00:00,2025-12-20 00:03:59+00:00,2025-12-19 12:35:23+00:00,2025-12-20 00:34:28+00:00,2025-12-19 12:05:35+00:00,2025-12-20 01:04:16+00:00
ERCO,2025-12-20,2025-12-20 13:31:55+00:00,2025-12-20 23:38:55+00:00,2025-12-20 18:35:25+00:00,36420,2025-12-20 13:06:23+00:00,2025-12-21 00:04:27+00:00,2025-12-20 12:35:54+00:00,2025-12-21 00:34:56+00:00,2025-12-20 12:06:07+00:00,2025-12-21 01:04:44+00:00
ERCO,2025-12-21,2025-12-21 13:32:25+00:00,2025-12-21 23:39:25+00:00,2025-12-21 18:35:55+00:00,36420,2025-12-21 13:06:53+00:00,2025-12-22 00:04:57+00:00,2025-12-21 12:36:24+00:00,2025-12-22 00:35:26+00:00,2025-12-21 12:06:37+00:00,2025-12-22 01:05:13+00:00
ERCO,2025-12-22,2025-12-22 13:32:54+00:00,2025-12-22 23:39:56+00:00,2025-12-22 18:36:25+00:00,36422,2025-12-22 13:07:22+00:00,2025-12-23 00:05:28+00:00,2025-12-22 12:36:54+00:00,2025-12-23 00:35:56+00:00,2025-12-22 12:07:06+00:00,2025-12-23 01:05:44+00:00
ERCO,2025-12-23,2025-12-23 13:33:22+00:00,2025-12-23 23:40:28+00:00,2025-12-23 18:36:55+00:00,36426,2025-12-23 13:07:50+00:00,2025-12-24 00:05:59+00:00,2025-12-23 12:37:21+00:00,2025-12-24 00:36:28+00:00,2025-12-23 12:07:34+00:00,2025-12-24 01:06:15+00:00
ERCO,2025-12-24,2025-12-24 13:33:48+00:00,2025-12-24 23:41:01+00:00,2025-12-24 18:37:25+00:00,36433,2025-12-24 13:08:16+00:00,2025-12-25 00:06:33+00:00,2025-12-24 12:37:48+00:00,2025-12-25 00:37:01+00:00,2025-12-24 12:08:01+00:00,2025-12-25 01:06:48+00:00
ERCO,2025-12-25,2025-12-25 13:34:12+00:00,2025-12-25 23:41:36+00:00,2025-12-25 18:37:54+00:00,36444,2025-12-25 13:08:41+00:00,2025-12-26 00:07:07+00:00,2025-12-25 12:38:14+00:00,2025-12-26 00:37:35+00:00,2025-12-25 12:08:27+00:00,2025-12-26 01:07:22+00:00
ERCO,2025-12-26,2025-12-26 13:34:35+00:00,2025-12-26 23:42:12+00:00,2025-12-26 18:38:24+00:00,36457,2025-12-26 13:09:05+00:00,2025-12-27 00:07:43+00:00,2025-12-26 12:38:38+00:00,2025-12-27 00:38:10+00:00,2025-12-26 12:08:51+00:00,2025-12-27 01:07:56+00:00
ERCO,2025-12-27,2025-12-27 13:34:57+00:00,2025-12-27 23:42:50+00:00,2025-12-27 18:38:53+00:00,36473,2025-12-27 13:09:27+00:00,2025-12-28 00:08:19+00:00,2025-12-27 12:39:01+00:00,2025-12-28 00:38:46+00:00,2025-12-27 12:09:15+00:00,2025-12-28 01:08:32+00:00
ERCO,2025-12-28,2025-12-28 13:35:17+00:00,2025-12-28 23:43:28+00:00,2025-12-28 18:39:23+00:00,36491,2025-12-28 13:09:48+00:00,2025-12-29 00:08:57+00:00,2025-12-28 12:39:22+00:00,2025-12-29 00:39:23+00:00,2025-12-28 12:09:37+00:00,2025-12-29 01:09:08+00:00
ERCO,2025-12-29,2025-12-29 13:35:35+00:00,2025-12-29 23:44:08+00:00,2025-12-29 18:39:52+00:00,36513,2025-12-29 13:10:07+00:00,2025-12-30 00:09:36+00:00,2025-12-29 12:39:42+00:00,2025-12-30 00:40:01+00:00,2025-12-29 12:09:58+00:00,2025-12-30 01:09:46+00:00
ERCO,2025-12-30,2025-12-30 13:35:52+00:00,2025-12-30 23:44:49+00:00,2025-12-30 18:40:21+00:00,36537,2025-12-30 13:10:25+00:00,2025-12-31 00:10:16+00:00,2025-12-30 12:40:01+00:00,2025-12-31 00:40:40+00:00,2025-12-30 12:10:18+00:00,2025-12-31 01:10:24+00:00
ERCO,2025-12-31,2025-12-31 13:36:07+00:00,2025-12-31 23:45:31+00:00,2025-12-31 18:40:49+00:00,36564,2025-12-31 13:10:41+00:00,2026-01-01 00:10:57+00:00,2025-12-31 12:40:19+00:00,2026-01-01 00:41:20+00:00,2025-12-31 12:10:36+00:00,2026-01-01 01:11:03+00:00
ERCO,2026-01-01,2026-01-01 13:36:21+00:00,2026-01-01 23:46:14+00:00,2026-01-01 18:41:17+00:00,36593,2026-01-01 13:10:56+00:00,2026-01-02 00:11:39+00:00,2026-01-01 12:40:35+00:00,2026-01-02 00:42:00+00:00,2026-01-01 12:10:53+00:00,2026-01-02 01:11:42+00:00
ERCO,2026-01-02,2026-01-02 13:36:33+00:00,2026-01-02 23:46:58+00:00,2026-01-02 18:41:45+00:00,36625,2026-01-02 13:11:09+00:00,2026-01-03 00:12:22+00:00,2026-01-02 12:40:49+00:00,2026-01-03 00:42:42+00:00,2026-01-02 12:11:08+00:00,2026-01-03 01:12:22+00:00
ERCO,2026-01-03,2026-01-03 13:36:43+00:00,2026-01-03 23:47:43+00:00,2026-01-03 18:42:13+00:00,36660,2026-01-03 13:11:21+00:00,2026-01-04 00:13:05+00:00,2026-01-03 12:41:02+00:00,2026-01-04 00:43:24+00:00,2026-01-03 12:11:23+00:00,2026-01-04 01:13:03+00:00
ERCO,2026-01-04,2026-01-04 13:36:51+00:00,2026-01-04 23:48:29+00:00,2026-01-04 18:42:40+00:00,36698,2026-01-04 13:11:31+00:00,2026-01-05 00:13:50+00:00,2026-01-04 12:41:14+00:00,2026-01-05 00:44:07+00:00,2026-01-04 12:11:35+00:00,2026-01-05 01:13:45+00:00
ERCO,2026-01-05,2026-01-05 13:36:58+00:00,2026-01-05 23:49:16+00:00,2026-01-05 18:43:07+00:00,36738,2026-01-05 13:11:39+00:00,2026-01-06 00:14:35+00:00,2026-01-05 12:41:24+00:00,2026-01-06 00:44:50+00:00,2026-01-05 12:11:47+00:00,2026-01-06 01:14:27+00:00
ERCO,2026-01-06,2026-01-06 13:37:03+00:00,2026-01-06 23:50:04+00:00,2026-01-06 18:43:33+00:00,36781,2026-01-06 13:11:46+00:00,2026-01-07 00:15:21+00:00,2026-01-06 12:41:32+00:00,2026-01-07 00:45:34+00:00,2026-01-06 12:11:57+00:00,2026-01-07 01:15:10+00:00
ERCO,2026-01-07,2026-01-07 13:37:06+00:00,2026-01-07 23:50:52+00:00,2026-01-07 18:43:59+00:00,36826,2026-01-07 13:11:51+00:00,2026-01-08 00:16:07+00:00,2026-01-07 12:41:39+00:00,2026-01-08 00:46:19+00:00,2026-01-07 12:12:05+00:00,2026-01-08 01:15:53+00:00
ERCO,2026-01-08,2026-01-08 13:37:08+00:00,2026-01-08 23:51:41+00:00,2026-01-08 18:44:24+00:00,36873,2026-01-08 13:11:55+00:00,2026-01-09 00:16:54+00:00,2026-01-08 12:41:44+00:00,2026-01-09 00:47:04+00:00,2026-01-08 12:12:12+00:00,2026-01-09 01:16:37+00:00
ERCO,2026-01-09,2026-01-09 13:37:08+00:00,2026-01-09 23:52:31+00:00,2026-01-09 18:44:49+00:00,36923,2026-01-09 13:11:56+00:00,2026-01-10 00:17:42+00:00,2026-01-09 12:41:48+00:00,2026-01-10 00:47:50+00:00,2026-01-09 12:12:17+00:00,2026-01-10 01:17:21+00:00
ERCO,2026-01-10,2026-01-10 13:37:06+00:00,2026-01-10 23:53:21+00:00,2026-01-10 18:45:14+00:00,36975,2026-01-10 13:11:56+00:00,2026-01-11 00:18:31+00:00,2026-01-10 12:41:50+00:00,2026-01-11 00:48:37+00:00,2026-01-10 12:12:21+00:00,2026-01-11 01:18:06+00:00
ERCO,2026-01-11,2026-01-11 13:37:02+00:00,2026-01-11 23:54:12+00:00,2026-01-11 18:45:37+00:00,37030,2026-01-11 13:11:55+00:00,2026-01-12 00:19:20+00:00,2026-01-11 12:41:51+00:00,2026-01-12 00:49:23+00:00,2026-01-11 12:12:23+00:00,2026-01-12 01:18:51+00:00
ERCO,2026-01-12,2026-01-12 13:36:57+00:00,2026-01-12 23:55:04+00:00,2026-01-12 18:46:00+00:00,37087,2026-01-12 13:11:52+00:00,2026-01-13 00:20:09+00:00,2026-01-12 12:41:50+00:00,2026-01-13 00:50:11+00:00,2026-01-12 12:12:24+00:00,2026-01-13 01:19:37+00:00
ERCO,2026-01-13,2026-01-13 13:36:49+00:00,2026-01-13 23:55:56+00:00,2026-01-13 18:46:23+00:00,37147,2026-01-13 13:11:47+00:00,2026-01-14 00:20:59+00:00,2026-01-13 12:41:47+00:00,2026-01-14 00:50:58+00:00,2026-01-13 12:12:23+00:00,2026-01-14 01:20:22+00:00
ERCO,2026-01-14,2026-01-14 13:36:40+00:00,2026-01-14 23:56:49+00:00,2026-01-14 18:46:45+00:00,37209,2026-01-14 13:11:40+00:00,2026-01-15 00:21:49+00:00,2026-01-14 12:41:43+00:00,2026-01-15 00:51:46+00:00,2026-01-14 12:12:21+00:00,2026-01-15 01:21:08+00:00
ERCO,2026-01-15,2026-01-15 13:36:30+00:00,2026-01-15 23:57:42+00:00,2026-01-15 18:47:06+00:00,37272,2026-01-15 13:11:32+00:00,2026-01-16 00:22:40+00:00,2026-01-15 12:41:37+00:00,2026-01-16 00:52:34+00:00,2026-01-15 12:12:17+00:00,2026-01-16 01:21:55+00:00
ERCO,2026-01-16,2026-01-16 13:36:17+00:00,2026-01-16 23:58:35+00:00,2026-01-16 18:47:26+00:00,37338,2026-01-16 13:11:22+00:00,2026-01-17 00:23:30+00:00,2026-01-16 12:41:30+00:00,2026-01-17 00:53:23+00:00,2026-01-16 12:12:11+00:00,2026-01-17 01:22:41+00:00
ERCO,2026-01-17,2026-01-17 13:36:03+00:00,2026-01-17 23:59:29+00:00,2026-01-17 18:47:46+00:00,37406,2026-01-17 13:11:10+00:00,2026-01-18 00:24:22+00:00,2026-01-17 12:41:21+00:00,2026-01-18 00:54:11+00:00,2026-01-17 12:12:04+00:00,2026-01-18 01:23:28+00:00
ERCO,2026-01-18,2026-01-18 13:35:47+00:00,2026-01-19 00:00:23+00:00,2026-01-18 18:48:05+00:00,37476,2026-01-18 13:10:57+00:00,2026-01-19 00:25:13+00:00,2026-01-18 12:41:10+00:00,2026-01-19 00:55:00+00:00,2026-01-18 12:11:55+00:00,2026-01-19 01:24:15+00:00
ERCO,2026-01-19,2026-01-19 13:35:30+00:00,2026-01-20 00:01:17+00:00,2026-01-19 18:48:23+00:00,37547,2026-01-19 13:10:42+00:00,2026-01-20 00:26:05+00:00,2026-01-19 12:40:57+00:00,2026-01-20 00:55:49+00:00,2026-01-19 12:11:45+00:00,2026-01-20 01:25:02+00:00
ERCO,2026-01-20,2026-01-20 13:35:10+00:00,2026-01-21 00:02:12+00:00,2026-01-20 18:48:41+00:00,37622,2026-01-20 13:10:25+00:00,2026-01-21 00:26:57+00:00,2026-01-20 12:40:43+00:00,2026-01-21 00:56:39+00:00,2026-01-20 12:11:33+00:00,2026-01-21 01:25:49+00:00
ERCO,2026-01-21,2026-01-21 13:34:49+00:00,2026-01-22 00:03:06+00:00,2026-01-21 18:48:58+00:00,37697,2026-01-21 13:10:07+00:00,2026-01-22 00:27:49+00:00,2026-01-21 12:40:28+00:00,2026-01-22 00:57:28+00:00,2026-01-21 12:11:19+00:00,2026-01-22 01:26:36+00:00
ERCO,2026-01-22,2026-01-22 13:34:27+00:00,2026-01-23 00:04:01+00:00,2026-01-22 18:49:14+00:00,37774,2026-01-22 13:09:47+00:00,2026-01-23 00:28:41+00:00,2026-01-22 12:40:10+00:00,2026-01-23 00:58:18+00:00,2026-01-22 12:11:04+00:00,2026-01-23 01:27:24+00:00
ERCO,2026-01-23,2026-01-23 13:34:02+00:00,2026-01-24 00:04:56+00:00,2026-01-23 18:49:29+00:00,37854,2026-01-23 13:09:25+00:00,2026-01-24 00:29:33+00:00,2026-01-23 12:39:51+00:00,2026-01-24 00:59:07+00:00,2026-01-23 12:10:47+00:00,2026-01-24 01:28:11+00:00
ERCO,2026-01-24,2026-01-24 13:33:36+00:00,2026-01-25 00:05:51+00:00,2026-01-24 18:49:44+00:00,37935,2026-01-24 13:09:02+00:00,2026-01-25 00:30:25+00:00,2026-01-24 12:39:31+00:00,2026-01-25 00:59:57+00:00,2026-01-24 12:10:29+00:00,2026-01-25 01:28:59+00:00
ERCO,2026-01-25,2026-01-25 13:33:09+00:00,2026-01-26 00:06:46+00:00,2026-01-25 18:49:57+00:00,38017,2026-01-25 13:08:37+00:00,2026-01-26 00:31:18+00:00,2026-01-25 12:39:09+00:00,2026-01-26 01:00:46+00:00,2026-01-25 12:10:09+00:00,2026-01-26 01:29:46+00:00
ERCO,2026-01-26,2026-01-26 13:32:39+00:00,2026-01-27 00:07:41+00:00,2026-01-26 18:50:10+00:00,38102,2026-01-26 13:08:11+00:00,2026-01-27 00:32:10+00:00,2026-01-26 12:38:45+00:00,2026-01-27 01:01:36+00:00,2026-01-26 12:09:47+00:00,2026-01-27 01:30:34+00:00
ERCO,2026-01-27,2026-01-27 13:32:09+00:00,2026-01-28 00:08:36+00:00,2026-01-27 18:50:22+00:00,38187,2026-01-27 13:07:43+00:00,2026-01-28 00:33:02+00:00,2026-01-27 12:38:20+00:00,2026-01-28 01:02:25+00:00,2026-01-27 12:09:24+00:00,2026-01-28 01:31:21+00:00
ERCO,2026-01-28,2026-01-28 13:31:36+00:00,2026-01-29 00:09:31+00:00,2026-01-28 18:50:34+00:00,38275,2026-01-28 13:07:13+00:00,2026-01-29 00:33:54+00:00,2026-01-28 12:37:53+00:00,2026-01-29 01:03:15+00:00,2026-01-28 12:08:59+00:00,2026-01-29 01:32:09+00:00
ERCO,2026-01-29,2026-01-29 13:31:02+00:00,2026-01-30 00:10:26+00:00,2026-01-29 18:50:44+00:00,38364,2026-01-29 13:06:42+00:00,2026-01-30 00:34:47+00:00,2026-01-29 12:37:24+00:00,2026-01-30 01:04:04+00:00,2026-01-29 12:08:33+00:00,2026-01-30 01:32:56+00:00
ERCO,2026-01-30,2026-01-30 13:30:27+00:00,2026-01-31 00:11:21+00:00,2026-01-30 18:50:54+00:00,38454,2026-01-30 13:06:09+00:00,2026-01-31 00:35:39+00:00,2026-01-30 12:36:54+00:00,2026-01-31 01:04:54+00:00,2026-01-30 12:08:05+00:00,2026-01-31 01:33:43+00:00
ERCO,2026-01-31,2026-01-31 13:29:50+00:00,2026-02-01 00:12:16+00:00,2026-01-31 18:51:03+00:00,38546,2026-01-31 13:05:35+00:00,2026-02-01 00:36:31+00:00,2026-01-31 12:36:23+00:00,2026-02-01 01:05:43+00:00,2026-01-31 12:07:35+00:00,2026-02-01 01:34:31+00:00
ERCO,2026-02-01,2026-02-01 13:29:11+00:00,2026-02-02 00:13:10+00:00,2026-02-01 18:51:11+00:00,38639,2026-02-01 13:04:59+00:00,2026-02-02 00:37:22+00:00,2026-02-01 12:35:50+00:00,2026-02-02 01:06:32+00:00,2026-02-01 12:07:04+00:00,2026-02-02 01:35:18+00:00
ERCO,2026-02-02,2026-02-02 13:28:31+00:00,2026-02-03 00:14:05+00:00,2026-02-02 18:51:18+00:00,38734,2026-02-02 13:04:22+00:00,2026-02-03 00:38:14+00:00,2026-02-02 12:35:15+00:00,2026-02-03 01:07:21+00:00,2026-02-02 12:06:31+00:00,2026-02-03 01:36:05+00:00
ERCO,2026-02-03,2026-02-03 13:27:50+00:00,2026-02-04 00:14:59+00:00,2026-02-03 18:51:25+00:00,38829,2026-02-03 13:03:43+00:00,2026-02-04 00:39:06+00:00,2026-02-03 12:34:39+00:00,2026-02-04 01:08:10+00:00,2026-02-03 12:05:57+00:00,2026-02-04 01:36:52+00:00
ERCO,2026-02-04,2026-02-04 13:27:07+00:00,2026-02-05 00:15:53+00:00,2026-02-04 18:51:30+00:00,38926,2026-02-04 13:03:03+00:00,2026-02-05 00:39:57+00:00,2026-02-04 12:34:02+00:00,2026-02-05 01:08:59+00:00,2026-02-04 12:05:22+00:00,2026-02-05 01:37:39+00:00
ERCO,2026-02-05,2026-02-05 13:26:23+00:00,2026-02-06 00:16:47+00:00,2026-02-05 18:51:35+00:00,39024,2026-02-05 13:02:22+00:00,2026-02-06 00:40:48+00:00,2026-02-05 12:33:23+00:00,2026-02-06 01:09:47+00:00,2026-02-05 12:04:45+00:00,2026-02-06 01:38:25+00:00
ERCO,2026-02-06,2026-02-06 13:25:38+00:00,2026-02-07 00:17:40+00:00,2026-02-06 18:51:39+00:00,39122,2026-02-06 13:01:39+00:00,2026-02-07 00:41:39+00:00,2026-02-06 12:32:42+00:00,2026-02-07 01:10:36+00:00,2026-02-06 12:04:06+00:00,2026-02-07 01:39:12+00:00
ERCO,2026-02-07,2026-02-07 13:24:51+00:00,2026-02-08 00:18:34+00:00,2026-02-07 18:51:42+00:00,39223,2026-02-07 13:00:55+00:00,2026-02-08 00:42:30+00:00,2026-02-07 12:32:00+00:00,2026-02-08 01:11:24+00:00,2026-02-07 12:03:26+00:00,2026-02-08 01:39:58+00:00
ERCO,2026-02-08,2026-02-08 13:24:02+00:00,2026-02-09 00:19:27+00:00,2026-02-08 18:51:45+00:00,39325,2026-02-08 13:00:09+00:00,2026-02-09 00:43:20+00:00,2026-02-08 12:31:17+00:00,2026-02-09 01:12:12+00:00,2026-02-08 12:02:45+00:00,2026-02-09 01:40:45+00:00
ERCO,2026-02-09,2026-02-09 13:23:13+00:00,2026-02-10 00:20:19+00:00,2026-02-09 18:51:46+00:00,39426,2026-02-09 12:59:22+00:00,2026-02-10 00:44:10+00:00,2026-02-09 12:30:33+00:00,2026-02-10 01:13:00+00:00,2026-02-09 12:02:02+00:00,2026-02-10 01:41:31+00:00
ERCO,2026-02-10,2026-02-10 13:22:22+00:00,2026-02-11 00:21:12+00:00,2026-02-10 18:51:47+00:00,39530,2026-02-10 12:58:34+00:00,2026-02-11 00:45:00+00:00,2026-02-10 12:29:47+00:00,2026-02-11 01:13:47+00:00,2026-02-10 12:01:17+00:00,2026-02-11 01:42:17+00:00
ERCO,2026-02-11,2026-02-11 13:21:30+00:00,2026-02-12 00:22:04+00:00,2026-02-11 18:51:47+00:00,39634,2026-02-11 12:57:45+00:00,2026-02-12 00:45:50+00:00,2026-02-11 12:29:00+00:00,2026-02-12 01:14:35+00:00,2026-02-11 12:00:32+00:00,2026-02-12 01:43:03+00:00
ERCO,2026-02-12,2026-02-12 13:20:37+00:00,2026-02-13 00:22:56+00:00,2026-02-12 18:51:46+00:00,39739,2026-02-12 12:56:54+00:00,2026-02-13 00:46:39+00:00,2026-02-12 12:28:11+00:00,2026-02-13 01:15:22+00:00,2026-02-12 11:59:45+00:00,2026-02-13 01:43:48+00:00
ERCO,2026-02-13,2026-02-13 13:19:43+00:00,2026-02-14 00:23:47+00:00,2026-02-13 18:51:45+00:00,39844,2026-02-13 12:56:02+00:00,2026-02-14 00:47:28+00:00,2026-02-13 12:27:21+00:00,2026-02-14 01:16:09+00:00,2026-02-13 11:58:56+00:00,2026-02-14 01:44:34+00:00
ERCO,2026-02-14,2026-02-14 13:18:48+00:00,2026-02-15 00:24:38+00:00,2026-02-14 18:51:43+00:00,39950,2026-02-14 12:55:09+00:00,2026-02-15 00:48:17+00:00,2026-02-14 12:26:30+00:00,2026-02-15 01:16:55+00:00,2026-02-14 11:58:06+00:00,2026-02-15 01:45:19+00:00
ERCO,2026-02-15,2026-02-15 13:17:51+00:00,2026-02-16 00:25:29+00:00,2026-02-15 18:51:40+00:00,40058,2026-02-15 12:54:15+00:00,2026-02-16 00:49:05+00:00,2026-02-15 12:25:38+00:00,2026-02-16 01:17:42+00:00,2026-02-15 11:57:15+00:00,2026-02-16 01:46:05+00:00
ERCO,2026-02-16,2026-02-16 13:16:53+00:00,2026-02-17 00:26:19+00:00,2026-02-16 18:51:36+00:00,40166,2026-02-16 12:53:19+00:00,2026-02-17 00:49:54+00:00,2026-02-16 12:24:44+00:00,2026-02-17 01:18:28+00:00,2026-02-16 11:56:23+00:00,2026-02-17 01:46:50+00:00
ERCO,2026-02-17,2026-02-17 13:15:55+00:00,2026-02-18 00:27:09+00:00,2026-02-17 18:51:32+00:00,40274,2026-02-17 12:52:23+00:00,2026-02-18 00:50:42+00:00,2026-02-17 12:23:50+00:00,2026-02-18 01:19:14+00:00,2026-02-17 11:55:29+00:00,2026-02-18 01:47:35+00:00
ERCO,2026-02-18,2026-02-18 13:14:55+00:00,2026-02-19 00:27:59+00:00,2026-02-18 18:51:27+00:00,40384,2026-02-18 12:51:25+00:00,2026-02-19 00:51:29+00:00,2026-02-18 12:22:54+00:00,2026-02-19 01:20:00+00:00,2026-02-18 11:54:35+00:00,2026-02-19 01:48:20+00:00
ERCO,2026-02-19,2026-02-19 13:13:54+00:00,2026-02-20 00:28:48+00:00,2026-02-19 18:51:21+00:00,40494,2026-02-19 12:50:26+00:00,2026-02-20 00:52:16+00:00,2026-02-19 12:21:57+00:00,2026-02-20 01:20:46+00:00,2026-02-19 11:53:38+00:00,2026-02-20 01:49:04+00:00
ERCO,2026-02-20,2026-02-20 13:12:53+00:00,2026-02-21 00:29:37+00:00,2026-02-20 18:51:15+00:00,40604,2026-02-20 12:49:27+00:00,2026-02-21 00:53:03+00:00,2026-02-20 12:20:59+00:00,2026-02-21 01:21:31+00:00,2026-02-20 11:52:41+00:00,2026-02-21 01:49:49+00:00
ERCO,2026-02-21,2026-02-21 13:11:50+00:00,2026-02-22 00:30:26+00:00,2026-02-21 18:51:08+00:00,40716,2026-02-21 12:48:26+00:00,2026-02-22 00:53:50+00:00,2026-02-21 12:20:00+00:00,2026-02-22 01:22:16+00:00,2026-02-21 11:51:43+00:00,2026-02-22 01:50:33+00:00
ERCO,2026-02-22,2026-02-22 13:10:47+00:00,2026-02-23 00:31:14+00:00,2026-02-22 18:51:00+00:00,40827,2026-02-22 12:47:24+00:00,2026-02-23 00:54:37+00:00,2026-02-22 12:18:59+00:00,2026-02-23 01:23:01+00:00,2026-02-22 11:50:43+00:00,2026-02-23 01:51:18+00:00
ERCO,2026-02-23,2026-02-23 13:09:42+00:00,2026-02-24 00:32:02+00:00,2026-02-23 18:50:52+00:00,40940,2026-02-23 12:46:21+00:00,2026-02-24 00:55:23+00:00,2026-02-23 12:17:58+00:00,2026-02-24 01:23:46+00:00,2026-02-23 11:49:42+00:00,2026-02-24 01:52:02+00:00
ERCO,2026-02-24,2026-02-24 13:08:37+00:00,2026-02-25 00:32:49+00:00,2026-02-24 18:50:43+00:00,41052,2026-02-24 12:45:18+00:00,2026-02-25 00:56:09+00:00,2026-02-24 12:16:56+00:00,2026-02-25 01:24:31+00:00,2026-02-24 11:48:41+00:00,2026-02-25 01:52:46+00:00
ERCO,2026-02-25,2026-02-25 13:07:31+00:00,2026-02-26 00:33:37+00:00,2026-02-25 18:50:34+00:00,41166,2026-02-25 12:44:13+00:00,2026-02-26 00:56:54+00:00,2026-02-25 12:15:53+00:00,2026-02-26 01:25:15+00:00,2026-02-25 11:47:38+00:00,2026-02-26 01:53:30+00:00
