date,sunrise,sunset,solar_noon,day_length,civil_twilight_begin,civil_twilight_end,nautical_twilight_begin,nautical_twilight_end,astronomical_twilight_begin,astronomical_twilight_end
2021-02-25,2021-02-25T13:07:17+00:00,2021-02-26T00:33:47+00:00,2021-02-25T18:50:32+00:00,41190,2021-02-25T12:44:00+00:00,2021-02-26T00:57:04+00:00,2021-02-25T12:15:40+00:00,2021-02-26T01:25:25+00:00,2021-02-25T11:47:25+00:00,2021-02-26T01:53:40+00:00
2021-02-26,2021-02-26T13:06:10+00:00,2021-02-27T00:34:34+00:00,2021-02-26T18:50:22+00:00,41304,2021-02-26T12:42:55+00:00,2021-02-27T00:57:50+00:00,2021-02-26T12:14:35+00:00,2021-02-27T01:26:09+00:00,2021-02-26T11:46:20+00:00,2021-02-27T01:54:24+00:00
2021-02-27,2021-02-27T13:05:03+00:00,2021-02-28T00:35:20+00:00,2021-02-27T18:50:11+00:00,41417,2021-02-27T12:41:48+00:00,2021-02-28T00:58:35+00:00,2021-02-27T12:13:30+00:00,2021-02-28T01:26:53+00:00,2021-02-27T11:45:15+00:00,2021-02-28T01:55:08+00:00
2021-02-28,2021-02-28T13:03:54+00:00,2021-03-01T00:36:06+00:00,2021-02-28T18:50:00+00:00,41532,2021-02-28T12:40:41+00:00,2021-03-01T00:59:19+00:00,2021-02-28T12:12:24+00:00,2021-03-01T01:27:37+00:00,2021-02-28T11:44:09+00:00,2021-03-01T01:55:52+00:00
2021-03-01,2021-03-01T13:02:45+00:00,2021-03-02T00:36:52+00:00,2021-03-01T18:49:49+00:00,41647,2021-03-01T12:39:33+00:00,2021-03-02T01:00:04+00:00,2021-03-01T12:11:16+00:00,2021-03-02T01:28:21+00:00,2021-03-01T11:43:02+00:00,2021-03-02T01:56:35+00:00
2021-03-02,2021-03-02T13:01:35+00:00,2021-03-03T00:37:37+00:00,2021-03-02T18:49:36+00:00,41762,2021-03-02T12:38:25+00:00,2021-03-03T01:00:48+00:00,2021-03-02T12:10:08+00:00,2021-03-03T01:29:04+00:00,2021-03-02T11:41:53+00:00,2021-03-03T01:57:19+00:00
2021-03-03,2021-03-03T13:00:25+00:00,2021-03-04T00:38:22+00:00,2021-03-03T18:49:24+00:00,41877,2021-03-03T12:37:15+00:00,2021-03-04T01:01:32+00:00,2021-03-03T12:09:00+00:00,2021-03-04T01:29:48+00:00,2021-03-03T11:40:44+00:00,2021-03-04T01:58:03+00:00
2021-03-04,2021-03-04T12:59:14+00:00,2021-03-05T00:39:07+00:00,2021-03-04T18:49:11+00:00,41993,2021-03-04T12:36:05+00:00,2021-03-05T01:02:16+00:00,2021-03-04T12:07:50+00:00,2021-03-05T01:30:31+00:00,2021-03-04T11:39:34+00:00,2021-03-05T01:58:47+00:00
2021-03-05,2021-03-05T12:58:02+00:00,2021-03-06T00:39:51+00:00,2021-03-05T18:48:57+00:00,42109,2021-03-05T12:34:55+00:00,2021-03-06T01:02:59+00:00,2021-03-05T12:06:40+00:00,2021-03-06T01:31:14+00:00,2021-03-05T11:38:23+00:00,2021-03-06T01:59:30+00:00
2021-03-06,2021-03-06T12:56:50+00:00,2021-03-07T00:40:36+00:00,2021-03-06T18:48:43+00:00,42226,2021-03-06T12:33:44+00:00,2021-03-07T01:03:42+00:00,2021-03-06T12:05:29+00:00,2021-03-07T01:31:57+00:00,2021-03-06T11:37:12+00:00,2021-03-07T02:00:14+00:00
2021-03-07,2021-03-07T12:55:38+00:00,2021-03-08T00:41:19+00:00,2021-03-07T18:48:29+00:00,42341,2021-03-07T12:32:32+00:00,2021-03-08T01:04:25+00:00,2021-03-07T12:04:17+00:00,2021-03-08T01:32:40+00:00,2021-03-07T11:35:59+00:00,2021-03-08T02:00:58+00:00
2021-03-08,2021-03-08T12:54:25+00:00,2021-03-09T00:42:03+00:00,2021-03-08T18:48:14+00:00,42458,2021-03-08T12:31:19+00:00,2021-03-09T01:05:08+00:00,2021-03-08T12:03:05+00:00,2021-03-09T01:33:23+00:00,2021-03-08T11:34:46+00:00,2021-03-09T02:01:42+00:00
2021-03-09,2021-03-09T12:53:11+00:00,2021-03-10T00:42:46+00:00,2021-03-09T18:47:59+00:00,42575,2021-03-09T12:30:06+00:00,2021-03-10T01:05:51+00:00,2021-03-09T12:01:51+00:00,2021-03-10T01:34:06+00:00,2021-03-09T11:33:32+00:00,2021-03-10T02:02:26+00:00
2021-03-10,2021-03-10T12:51:57+00:00,2021-03-11T00:43:29+00:00,2021-03-10T18:47:43+00:00,42692,2021-03-10T12:28:53+00:00,2021-03-11T01:06:34+00:00,2021-03-10T12:00:38+00:00,2021-03-11T01:34:49+00:00,2021-03-10T11:32:17+00:00,2021-03-11T02:03:10+00:00
2021-03-11,2021-03-11T12:50:43+00:00,2021-03-12T00:44:12+00:00,2021-03-11T18:47:27+00:00,42809,2021-03-11T12:27:39+00:00,2021-03-12T01:07:16+00:00,2021-03-11T11:59:23+00:00,2021-03-12T01:35:31+00:00,2021-03-11T11:31:01+00:00,2021-03-12T02:03:54+00:00
2021-03-12,2021-03-12T12:49:28+00:00,2021-03-13T00:44:55+00:00,2021-03-12T18:47:11+00:00,42927,2021-03-12T12:26:24+00:00,2021-03-13T01:07:58+00:00,2021-03-12T11:58:09+00:00,2021-03-13T01:36:14+00:00,2021-03-12T11:29:45+00:00,2021-03-13T02:04:38+00:00
2021-03-13,2021-03-13T12:48:13+00:00,2021-03-14T00:45:37+00:00,2021-03-13T18:46:55+00:00,43044,2021-03-13T12:25:10+00:00,2021-03-14T01:08:40+00:00,2021-03-13T11:56:53+00:00,2021-03-14T01:36:57+00:00,2021-03-13T11:28:28+00:00,2021-03-14T02:05:22+00:00
2021-03-14,2021-03-14T12:46:58+00:00,2021-03-15T00:46:19+00:00,2021-03-14T18:46:38+00:00,43161,2021-03-14T12:23:54+00:00,2021-03-15T01:09:22+00:00,2021-03-14T11:55:37+00:00,2021-03-15T01:37:39+00:00,2021-03-14T11:27:10+00:00,2021-03-15T02:06:06+00:00
2021-03-15,2021-03-15T12:45:42+00:00,2021-03-16T00:47:01+00:00,2021-03-15T18:46:22+00:00,43279,2021-03-15T12:22:39+00:00,2021-03-16T01:10:04+00:00,2021-03-15T11:54:21+00:00,2021-03-16T01:38:22+00:00,2021-03-15T11:25:52+00:00,2021-03-16T02:06:51+00:00
2021-03-16,2021-03-16T12:44:26+00:00,2021-03-17T00:47:43+00:00,2021-03-16T18:46:04+00:00,43397,2021-03-16T12:21:23+00:00,2021-03-17T01:10:46+00:00,2021-03-16T11:53:04+00:00,2021-03-17T01:39:05+00:00,2021-03-16T11:24:34+00:00,2021-03-17T02:07:35+00:00
2021-03-17,2021-03-17T12:43:10+00:00,2021-03-18T00:48:24+00:00,2021-03-17T18:45:47+00:00,43514,2021-03-17T12:20:06+00:00,2021-03-18T01:11:28+00:00,2021-03-17T11:51:47+00:00,2021-03-18T01:39:48+00:00,2021-03-17T11:23:14+00:00,2021-03-18T02:08:20+00:00
2021-03-18,2021-03-18T12:41:54+00:00,2021-03-19T00:49:05+00:00,2021-03-18T18:45:30+00:00,43631,2021-03-18T12:18:50+00:00,2021-03-19T01:12:09+00:00,2021-03-18T11:50:29+00:00,2021-03-19T01:40:30+00:00,2021-03-18T11:21:54+00:00,2021-03-19T02:09:05+00:00
2021-03-19,2021-03-19T12:40:38+00:00,2021-03-20T00:49:47+00:00,2021-03-19T18:45:12+00:00,43749,2021-03-19T12:17:33+00:00,2021-03-20T01:12:51+00:00,2021-03-19T11:49:11+00:00,2021-03-20T01:41:13+00:00,2021-03-19T11:20:34+00:00,2021-03-20T02:09:50+00:00
2021-03-20,2021-03-20T12:39:21+00:00,2021-03-21T00:50:28+00:00,2021-03-20T18:44:54+00:00,43867,2021-03-20T12:16:16+00:00,2021-03-21T01:13:33+00:00,2021-03-20T11:47:53+00:00,2021-03-21T01:41:56+00:00,2021-03-20T11:19:13+00:00,2021-03-21T02:10:36+00:00
2021-03-21,2021-03-21T12:38:04+00:00,2021-03-22T00:51:09+00:00,2021-03-21T18:44:37+00:00,43985,2021-03-21T12:14:59+00:00,2021-03-22T01:14:14+00:00,2021-03-21T11:46:34+00:00,2021-03-22T01:42:39+00:00,2021-03-21T11:17:52+00:00,2021-03-22T02:11:21+00:00
2021-03-22,2021-03-22T12:36:48+00:00,2021-03-23T00:51:50+00:00,2021-03-22T18:44:19+00:00,44102,2021-03-22T12:13:42+00:00,2021-03-23T01:14:55+00:00,2021-03-22T11:45:15+00:00,2021-03-23T01:43:22+00:00,2021-03-22T11:16:30+00:00,2021-03-23T02:12:07+00:00
2021-03-23,2021-03-23T12:35:31+00:00,2021-03-24T00:52:30+00:00,2021-03-23T18:44:01+00:00,44219,2021-03-23T12:12:24+00:00,2021-03-24T01:15:37+00:00,2021-03-23T11:43:56+00:00,2021-03-24T01:44:05+00:00,2021-03-23T11:15:08+00:00,2021-03-24T02:12:53+00:00
2021-03-24,2021-03-24T12:34:14+00:00,2021-03-25T00:53:11+00:00,2021-03-24T18:43:42+00:00,44337,2021-03-24T12:11:07+00:00,2021-03-25T01:16:18+00:00,2021-03-24T11:42:37+00:00,2021-03-25T01:44:48+00:00,2021-03-24T11:13:46+00:00,2021-03-25T02:13:39+00:00
2021-03-25,2021-03-25T12:32:57+00:00,2021-03-26T00:53:51+00:00,2021-03-25T18:43:24+00:00,44454,2021-03-25T12:09:49+00:00,2021-03-26T01:17:00+00:00,2021-03-25T11:41:17+00:00,2021-03-26T01:45:32+00:00,2021-03-25T11:12:23+00:00,2021-03-26T02:14:26+00:00
2021-03-26,2021-03-26T12:31:41+00:00,2021-03-27T00:54:32+00:00,2021-03-26T18:43:06+00:00,44571,2021-03-26T12:08:31+00:00,2021-03-27T01:17:41+00:00,2021-03-26T11:39:57+00:00,2021-03-27T01:46:15+00:00,2021-03-26T11:11:00+00:00,2021-03-27T02:15:13+00:00
2021-03-27,2021-03-27T12:30:24+00:00,2021-03-28T00:55:12+00:00,2021-03-27T18:42:48+00:00,44688,2021-03-27T12:07:14+00:00,2021-03-28T01:18:23+00:00,2021-03-27T11:38:37+00:00,2021-03-28T01:46:59+00:00,2021-03-27T11:09:36+00:00,2021-03-28T02:16:00+00:00
2021-03-28,2021-03-28T12:29:08+00:00,2021-03-29T00:55:53+00:00,2021-03-28T18:42:30+00:00,44805,2021-03-28T12:05:56+00:00,2021-03-29T01:19:04+00:00,2021-03-28T11:37:17+00:00,2021-03-29T01:47:43+00:00,2021-03-28T11:08:13+00:00,2021-03-29T02:16:47+00:00
2021-03-29,2021-03-29T12:27:51+00:00,2021-03-30T00:56:33+00:00,2021-03-29T18:42:12+00:00,44922,2021-03-29T12:04:38+00:00,2021-03-30T01:19:46+00:00,2021-03-29T11:35:57+00:00,2021-03-30T01:48:27+00:00,2021-03-29T11:06:49+00:00,2021-03-30T02:17:35+00:00
2021-03-30,2021-03-30T12:26:35+00:00,2021-03-31T00:57:13+00:00,2021-03-30T18:41:54+00:00,45038,2021-03-30T12:03:21+00:00,2021-03-31T01:20:27+00:00,2021-03-30T11:34:37+00:00,2021-03-31T01:49:11+00:00,2021-03-30T11:05:25+00:00,2021-03-31T02:18:23+00:00
2021-03-31,2021-03-31T12:25:19+00:00,2021-04-01T00:57:53+00:00,2021-03-31T18:41:36+00:00,45154,2021-03-31T12:02:03+00:00,2021-04-01T01:21:09+00:00,2021-03-31T11:33:17+00:00,2021-04-01T01:49:56+00:00,2021-03-31T11:04:01+00:00,2021-04-01T02:19:11+00:00
2021-04-01,2021-04-01T12:24:03+00:00,2021-04-02T00:58:34+00:00,2021-04-01T18:41:18+00:00,45271,2021-04-01T12:00:46+00:00,2021-04-02T01:21:51+00:00,2021-04-01T11:31:56+00:00,2021-04-02T01:50:40+00:00,2021-04-01T11:02:37+00:00,2021-04-02T02:20:00+00:00
2021-04-02,2021-04-02T12:22:47+00:00,2021-04-03T00:59:14+00:00,2021-04-02T18:41:01+00:00,45387,2021-04-02T11:59:28+00:00,2021-04-03T01:22:33+00:00,2021-04-02T11:30:36+00:00,2021-04-03T01:51:25+00:00,2021-04-02T11:01:12+00:00,2021-04-03T02:20:49+00:00
2021-04-03,2021-04-03T12:21:32+00:00,2021-04-04T00:59:54+00:00,2021-04-03T18:40:43+00:00,45502,2021-04-03T11:58:11+00:00,2021-04-04T01:23:15+00:00,2021-04-03T11:29:16+00:00,2021-04-04T01:52:10+00:00,2021-04-03T10:59:48+00:00,2021-04-04T02:21:39+00:00
2021-04-04,2021-04-04T12:20:17+00:00,2021-04-05T01:00:35+00:00,2021-04-04T18:40:26+00:00,45618,2021-04-04T11:56:55+00:00,2021-04-05T01:23:57+00:00,2021-04-04T11:27:56+00:00,2021-04-05T01:52:55+00:00,2021-04-04T10:58:23+00:00,2021-04-05T02:22:28+00:00
2021-04-05,2021-04-05T12:19:02+00:00,2021-04-06T01:01:15+00:00,2021-04-05T18:40:09+00:00,45733,2021-04-05T11:55:38+00:00,2021-04-06T01:24:39+00:00,2021-04-05T11:26:36+00:00,2021-04-06T01:53:41+00:00,2021-04-05T10:56:59+00:00,2021-04-06T02:23:19+00:00
2021-04-06,2021-04-06T12:17:48+00:00,2021-04-07T01:01:55+00:00,2021-04-06T18:39:52+00:00,45847,2021-04-06T11:54:22+00:00,2021-04-07T01:25:22+00:00,2021-04-06T11:25:17+00:00,2021-04-07T01:54:27+00:00,2021-04-06T10:55:34+00:00,2021-04-07T02:24:09+00:00
2021-04-07,2021-04-07T12:16:34+00:00,2021-04-08T01:02:36+00:00,2021-04-07T18:39:35+00:00,45962,2021-04-07T11:53:06+00:00,2021-04-08T01:26:04+00:00,2021-04-07T11:23:57+00:00,2021-04-08T01:55:13+00:00,2021-04-07T10:54:10+00:00,2021-04-08T02:25:00+00:00
2021-04-08,2021-04-08T12:15:20+00:00,2021-04-09T01:03:16+00:00,2021-04-08T18:39:18+00:00,46076,2021-04-08T11:51:50+00:00,2021-04-09T01:26:47+00:00,2021-04-08T11:22:38+00:00,2021-04-09T01:55:59+00:00,2021-04-08T10:52:45+00:00,2021-04-09T02:25:51+00:00
2021-04-09,2021-04-09T12:14:07+00:00,2021-04-10T01:03:57+00:00,2021-04-09T18:39:02+00:00,46190,2021-04-09T11:50:35+00:00,2021-04-10T01:27:29+00:00,2021-04-09T11:21:19+00:00,2021-04-10T01:56:45+00:00,2021-04-09T10:51:21+00:00,2021-04-10T02:26:43+00:00
2021-04-10,2021-04-10T12:12:55+00:00,2021-04-11T01:04:37+00:00,2021-04-10T18:38:46+00:00,46302,2021-04-10T11:49:20+00:00,2021-04-11T01:28:12+00:00,2021-04-10T11:20:00+00:00,2021-04-11T01:57:32+00:00,2021-04-10T10:49:57+00:00,2021-04-11T02:27:35+00:00
2021-04-11,2021-04-11T12:11:42+00:00,2021-04-12T01:05:18+00:00,2021-04-11T18:38:30+00:00,46416,2021-04-11T11:48:05+00:00,2021-04-12T01:28:55+00:00,2021-04-11T11:18:42+00:00,2021-04-12T01:58:19+00:00,2021-04-11T10:48:33+00:00,2021-04-12T02:28:27+00:00
2021-04-12,2021-04-12T12:10:31+00:00,2021-04-13T01:05:59+00:00,2021-04-12T18:38:15+00:00,46528,2021-04-12T11:46:51+00:00,2021-04-13T01:29:39+00:00,2021-04-12T11:17:23+00:00,2021-04-13T01:59:06+00:00,2021-04-12T10:47:09+00:00,2021-04-13T02:29:20+00:00
2021-04-13,2021-04-13T12:09:20+00:00,2021-04-14T01:06:40+00:00,2021-04-13T18:38:00+00:00,46640,2021-04-13T11:45:38+00:00,2021-04-14T01:30:22+00:00,2021-04-13T11:16:06+00:00,2021-04-14T01:59:54+00:00,2021-04-13T10:45:46+00:00,2021-04-14T02:30:14+00:00
2021-04-14,2021-04-14T12:08:09+00:00,2021-04-15T01:07:21+00:00,2021-04-14T18:37:45+00:00,46752,2021-04-14T11:44:24+00:00,2021-04-15T01:31:05+00:00,2021-04-14T11:14:48+00:00,2021-04-15T02:00:42+00:00,2021-04-14T10:44:23+00:00,2021-04-15T02:31:07+00:00
2021-04-15,2021-04-15T12:06:59+00:00,2021-04-16T01:08:02+00:00,2021-04-15T18:37:31+00:00,46863,2021-04-15T11:43:12+00:00,2021-04-16T01:31:49+00:00,2021-04-15T11:13:31+00:00,2021-04-16T02:01:30+00:00,2021-04-15T10:43:00+00:00,2021-04-16T02:32:01+00:00
2021-04-16,2021-04-16T12:05:50+00:00,2021-04-17T01:08:43+00:00,2021-04-16T18:37:16+00:00,46973,2021-04-16T11:42:00+00:00,2021-04-17T01:32:33+00:00,2021-04-16T11:12:15+00:00,2021-04-17T02:02:18+00:00,2021-04-16T10:41:37+00:00,2021-04-17T02:32:56+00:00
2021-04-17,2021-04-17T12:04:41+00:00,2021-04-18T01:09:24+00:00,2021-04-17T18:37:03+00:00,47083,2021-04-17T11:40:48+00:00,2021-04-18T01:33:17+00:00,2021-04-17T11:10:59+00:00,2021-04-18T02:03:06+00:00,2021-04-17T10:40:15+00:00,2021-04-18T02:33:50+00:00
2021-04-18,2021-04-18T12:03:33+00:00,2021-04-19T01:10:06+00:00,2021-04-18T18:36:49+00:00,47193,2021-04-18T11:39:38+00:00,2021-04-19T01:34:01+00:00,2021-04-18T11:09:44+00:00,2021-04-19T02:03:55+00:00,2021-04-18T10:38:53+00:00,2021-04-19T02:34:46+00:00
2021-04-19,2021-04-19T12:02:26+00:00,2021-04-20T01:10:47+00:00,2021-04-19T18:36:37+00:00,47301,2021-04-19T11:38:27+00:00,2021-04-20T01:34:46+00:00,2021-04-19T11:08:29+00:00,2021-04-20T02:04:44+00:00,2021-04-19T10:37:32+00:00,2021-04-20T02:35:41+00:00
2021-04-20,2021-04-20T12:01:20+00:00,2021-04-21T01:11:28+00:00,2021-04-20T18:36:24+00:00,47408,2021-04-20T11:37:18+00:00,2021-04-21T01:35:30+00:00,2021-04-20T11:07:15+00:00,2021-04-21T02:05:34+00:00,2021-04-20T10:36:11+00:00,2021-04-21T02:36:37+00:00
2021-04-21,2021-04-21T12:00:14+00:00,2021-04-22T01:12:10+00:00,2021-04-21T18:36:12+00:00,47516,2021-04-21T11:36:09+00:00,2021-04-22T01:36:15+00:00,2021-04-21T11:06:01+00:00,2021-04-22T02:06:23+00:00,2021-04-21T10:34:51+00:00,2021-04-22T02:37:33+00:00
2021-04-22,2021-04-22T11:59:09+00:00,2021-04-23T01:12:52+00:00,2021-04-22T18:36:01+00:00,47623,2021-04-22T11:35:01+00:00,2021-04-23T01:37:00+00:00,2021-04-22T11:04:48+00:00,2021-04-23T02:07:13+00:00,2021-04-22T10:33:31+00:00,2021-04-23T02:38:30+00:00
2021-04-23,2021-04-23T11:58:05+00:00,2021-04-24T01:13:34+00:00,2021-04-23T18:35:49+00:00,47729,2021-04-23T11:33:54+00:00,2021-04-24T01:37:45+00:00,2021-04-23T11:03:36+00:00,2021-04-24T02:08:03+00:00,2021-04-23T10:32:12+00:00,2021-04-24T02:39:27+00:00
2021-04-24,2021-04-24T11:57:02+00:00,2021-04-25T01:14:16+00:00,2021-04-24T18:35:39+00:00,47834,2021-04-24T11:32:48+00:00,2021-04-25T01:38:30+00:00,2021-04-24T11:02:24+00:00,2021-04-25T02:08:53+00:00,2021-04-24T10:30:53+00:00,2021-04-25T02:40:24+00:00
2021-04-25,2021-04-25T11:55:59+00:00,2021-04-26T01:14:58+00:00,2021-04-25T18:35:29+00:00,47939,2021-04-25T11:31:42+00:00,2021-04-26T01:39:15+00:00,2021-04-25T11:01:13+00:00,2021-04-26T02:09:44+00:00,2021-04-25T10:29:35+00:00,2021-04-26T02:41:22+00:00
2021-04-26,2021-04-26T11:54:58+00:00,2021-04-27T01:15:40+00:00,2021-04-26T18:35:19+00:00,48042,2021-04-26T11:30:37+00:00,2021-04-27T01:40:01+00:00,2021-04-26T11:00:03+00:00,2021-04-27T02:10:35+00:00,2021-04-26T10:28:18+00:00,2021-04-27T02:42:20+00:00
2021-04-27,2021-04-27T11:53:57+00:00,2021-04-28T01:16:22+00:00,2021-04-27T18:35:10+00:00,48145,2021-04-27T11:29:33+00:00,2021-04-28T01:40:46+00:00,2021-04-27T10:58:54+00:00,2021-04-28T02:11:25+00:00,2021-04-27T10:27:01+00:00,2021-04-28T02:43:18+00:00
2021-04-28,2021-04-28T11:52:58+00:00,2021-04-29T01:17:04+00:00,2021-04-28T18:35:01+00:00,48246,2021-04-28T11:28:30+00:00,2021-04-29T01:41:32+00:00,2021-04-28T10:57:45+00:00,2021-04-29T02:12:16+00:00,2021-04-28T10:25:46+00:00,2021-04-29T02:44:16+00:00
2021-04-29,2021-04-29T11:51:59+00:00,2021-04-30T01:17:46+00:00,2021-04-29T18:34:53+00:00,48347,2021-04-29T11:27:28+00:00,2021-04-30T01:42:17+00:00,2021-04-29T10:56:38+00:00,2021-04-30T02:13:08+00:00,2021-04-29T10:24:31+00:00,2021-04-30T02:45:15+00:00
2021-04-30,2021-04-30T11:51:02+00:00,2021-05-01T01:18:29+00:00,2021-04-30T18:34:45+00:00,48447,2021-04-30T11:26:27+00:00,2021-05-01T01:43:03+00:00,2021-04-30T10:55:31+00:00,2021-05-01T02:13:59+00:00,2021-04-30T10:23:16+00:00,2021-05-01T02:46:14+00:00
2021-05-01,2021-05-01T11:50:05+00:00,2021-05-02T01:19:11+00:00,2021-05-01T18:34:38+00:00,48546,2021-05-01T11:25:27+00:00,2021-05-02T01:43:49+00:00,2021-05-01T10:54:26+00:00,2021-05-02T02:14:50+00:00,2021-05-01T10:22:03+00:00,2021-05-02T02:47:13+00:00
2021-05-02,2021-05-02T11:49:10+00:00,2021-05-03T01:19:54+00:00,2021-05-02T18:34:32+00:00,48644,2021-05-02T11:24:28+00:00,2021-05-03T01:44:35+00:00,2021-05-02T10:53:21+00:00,2021-05-03T02:15:42+00:00,2021-05-02T10:20:51+00:00,2021-05-03T02:48:12+00:00
2021-05-03,2021-05-03T11:48:15+00:00,2021-05-04T01:20:36+00:00,2021-05-03T18:34:26+00:00,48741,2021-05-03T11:23:30+00:00,2021-05-04T01:45:21+00:00,2021-05-03T10:52:17+00:00,2021-05-04T02:16:34+00:00,2021-05-03T10:19:39+00:00,2021-05-04T02:49:12+00:00
2021-05-04,2021-05-04T11:47:22+00:00,2021-05-05T01:21:18+00:00,2021-05-04T18:34:20+00:00,48836,2021-05-04T11:22:33+00:00,2021-05-05T01:46:07+00:00,2021-05-04T10:51:15+00:00,2021-05-05T02:17:25+00:00,2021-05-04T10:18:29+00:00,2021-05-05T02:50:11+00:00
2021-05-05,2021-05-05T11:46:29+00:00,2021-05-06T01:22:01+00:00,2021-05-05T18:34:15+00:00,48932,2021-05-05T11:21:37+00:00,2021-05-06T01:46:53+00:00,2021-05-05T10:50:13+00:00,2021-05-06T02:18:17+00:00,2021-05-05T10:17:19+00:00,2021-05-06T02:51:11+00:00
2021-05-06,2021-05-06T11:45:38+00:00,2021-05-07T01:22:43+00:00,2021-05-06T18:34:11+00:00,49025,2021-05-06T11:20:42+00:00,2021-05-07T01:47:39+00:00,2021-05-06T10:49:13+00:00,2021-05-07T02:19:09+00:00,2021-05-06T10:16:11+00:00,2021-05-07T02:52:11+00:00
2021-05-07,2021-05-07T11:44:49+00:00,2021-05-08T01:23:26+00:00,2021-05-07T18:34:07+00:00,49117,2021-05-07T11:19:49+00:00,2021-05-08T01:48:25+00:00,2021-05-07T10:48:13+00:00,2021-05-08T02:20:01+00:00,2021-05-07T10:15:04+00:00,2021-05-08T02:53:11+00:00
2021-05-08,2021-05-08T11:44:00+00:00,2021-05-09T01:24:08+00:00,2021-05-08T18:34:04+00:00,49208,2021-05-08T11:18:57+00:00,2021-05-09T01:49:11+00:00,2021-05-08T10:47:15+00:00,2021-05-09T02:20:52+00:00,2021-05-08T10:13:58+00:00,2021-05-09T02:54:10+00:00
2021-05-09,2021-05-09T11:43:12+00:00,2021-05-10T01:24:50+00:00,2021-05-09T18:34:01+00:00,49298,2021-05-09T11:18:05+00:00,2021-05-10T01:49:57+00:00,2021-05-09T10:46:18+00:00,2021-05-10T02:21:44+00:00,2021-05-09T10:12:53+00:00,2021-05-10T02:55:10+00:00
2021-05-10,2021-05-10T11:42:26+00:00,2021-05-11T01:25:32+00:00,2021-05-10T18:33:59+00:00,49386,2021-05-10T11:17:15+00:00,2021-05-11T01:50:43+00:00,2021-05-10T10:45:23+00:00,2021-05-11T02:22:36+00:00,2021-05-10T10:11:49+00:00,2021-05-11T02:56:10+00:00
2021-05-11,2021-05-11T11:41:41+00:00,2021-05-12T01:26:15+00:00,2021-05-11T18:33:58+00:00,49474,2021-05-11T11:16:27+00:00,2021-05-12T01:51:29+00:00,2021-05-11T10:44:28+00:00,2021-05-12T02:23:27+00:00,2021-05-11T10:10:46+00:00,2021-05-12T02:57:09+00:00
2021-05-12,2021-05-12T11:40:57+00:00,2021-05-13T01:26:56+00:00,2021-05-12T18:33:57+00:00,49559,2021-05-12T11:15:39+00:00,2021-05-13T01:52:14+00:00,2021-05-12T10:43:35+00:00,2021-05-13T02:24:19+00:00,2021-05-12T10:09:45+00:00,2021-05-13T02:58:09+00:00
2021-05-13,2021-05-13T11:40:15+00:00,2021-05-14T01:27:38+00:00,2021-05-13T18:33:57+00:00,49643,2021-05-13T11:14:53+00:00,2021-05-14T01:53:00+00:00,2021-05-13T10:42:43+00:00,2021-05-14T02:25:10+00:00,2021-05-13T10:08:45+00:00,2021-05-14T02:59:08+00:00
2021-05-14,2021-05-14T11:39:34+00:00,2021-05-15T01:28:20+00:00,2021-05-14T18:33:57+00:00,49726,2021-05-14T11:14:09+00:00,2021-05-15T01:53:45+00:00,2021-05-14T10:41:53+00:00,2021-05-15T02:26:01+00:00,2021-05-14T10:07:47+00:00,2021-05-15T03:00:07+00:00
2021-05-15,2021-05-15T11:38:54+00:00,2021-05-16T01:29:01+00:00,2021-05-15T18:33:58+00:00,49807,2021-05-15T11:13:25+00:00,2021-05-16T01:54:30+00:00,2021-05-15T10:41:04+00:00,2021-05-16T02:26:51+00:00,2021-05-15T10:06:50+00:00,2021-05-16T03:01:05+00:00
2021-05-16,2021-05-16T11:38:15+00:00,2021-05-17T01:29:42+00:00,2021-05-16T18:33:59+00:00,49887,2021-05-16T11:12:43+00:00,2021-05-17T01:55:15+00:00,2021-05-16T10:40:16+00:00,2021-05-17T02:27:42+00:00,2021-05-16T10:05:54+00:00,2021-05-17T03:02:04+00:00
2021-05-17,2021-05-17T11:37:38+00:00,2021-05-18T01:30:23+00:00,2021-05-17T18:34:01+00:00,49965,2021-05-17T11:12:03+00:00,2021-05-18T01:55:59+00:00,2021-05-17T10:39:30+00:00,2021-05-18T02:28:32+00:00,2021-05-17T10:05:00+00:00,2021-05-18T03:03:02+00:00
2021-05-18,2021-05-18T11:37:03+00:00,2021-05-19T01:31:04+00:00,2021-05-18T18:34:03+00:00,50041,2021-05-18T11:11:23+00:00,2021-05-19T01:56:43+00:00,2021-05-18T10:38:45+00:00,2021-05-19T02:29:22+00:00,2021-05-18T10:04:07+00:00,2021-05-19T03:03:59+00:00
2021-05-19,2021-05-19T11:36:28+00:00,2021-05-20T01:31:44+00:00,2021-05-19T18:34:06+00:00,50116,2021-05-19T11:10:46+00:00,2021-05-20T01:57:27+00:00,2021-05-19T10:38:02+00:00,2021-05-20T02:30:11+00:00,2021-05-19T10:03:16+00:00,2021-05-20T03:04:56+00:00
2021-05-20,2021-05-20T11:35:55+00:00,2021-05-21T01:32:24+00:00,2021-05-20T18:34:10+00:00,50189,2021-05-20T11:10:09+00:00,2021-05-21T01:58:11+00:00,2021-05-20T10:37:20+00:00,2021-05-21T02:31:00+00:00,2021-05-20T10:02:27+00:00,2021-05-21T03:05:53+00:00
2021-05-21,2021-05-21T11:35:24+00:00,2021-05-22T01:33:04+00:00,2021-05-21T18:34:14+00:00,50260,2021-05-21T11:09:34+00:00,2021-05-22T01:58:54+00:00,2021-05-21T10:36:40+00:00,2021-05-22T02:31:48+00:00,2021-05-21T10:01:39+00:00,2021-05-22T03:06:49+00:00
2021-05-22,2021-05-22T11:34:54+00:00,2021-05-23T01:33:43+00:00,2021-05-22T18:34:19+00:00,50329,2021-05-22T11:09:01+00:00,2021-05-23T01:59:36+00:00,2021-05-22T10:36:01+00:00,2021-05-23T02:32:36+00:00,2021-05-22T10:00:53+00:00,2021-05-23T03:07:44+00:00
2021-05-23,2021-05-23T11:34:25+00:00,2021-05-24T01:34:22+00:00,2021-05-23T18:34:24+00:00,50397,2021-05-23T11:08:29+00:00,2021-05-24T02:00:18+00:00,2021-05-23T10:35:24+00:00,2021-05-24T02:33:23+00:00,2021-05-23T10:00:08+00:00,2021-05-24T03:08:39+00:00
2021-05-24,2021-05-24T11:33:58+00:00,2021-05-25T01:35:01+00:00,2021-05-24T18:34:29+00:00,50463,2021-05-24T11:07:59+00:00,2021-05-25T02:01:00+00:00,2021-05-24T10:34:49+00:00,2021-05-25T02:34:10+00:00,2021-05-24T09:59:26+00:00,2021-05-25T03:09:33+00:00
2021-05-25,2021-05-25T11:33:33+00:00,2021-05-26T01:35:39+00:00,2021-05-25T18:34:36+00:00,50526,2021-05-25T11:07:30+00:00,2021-05-26T02:01:41+00:00,2021-05-25T10:34:15+00:00,2021-05-26T02:34:56+00:00,2021-05-25T09:58:45+00:00,2021-05-26T03:10:26+00:00
2021-05-26,2021-05-26T11:33:08+00:00,2021-05-27T01:36:16+00:00,2021-05-26T18:34:42+00:00,50588,2021-05-26T11:07:03+00:00,2021-05-27T02:02:21+00:00,2021-05-26T10:33:43+00:00,2021-05-27T02:35:42+00:00,2021-05-26T09:58:06+00:00,2021-05-27T03:11:19+00:00
2021-05-27,2021-05-27T11:32:46+00:00,2021-05-28T01:36:53+00:00,2021-05-27T18:34:49+00:00,50647,2021-05-27T11:06:37+00:00,2021-05-28T02:03:01+00:00,2021-05-27T10:33:12+00:00,2021-05-28T02:36:26+00:00,2021-05-27T09:57:28+00:00,2021-05-28T03:12:10+00:00
2021-05-28,2021-05-28T11:32:25+00:00,2021-05-29T01:37:29+00:00,2021-05-28T18:34:57+00:00,50704,2021-05-28T11:06:13+00:00,2021-05-29T02:03:41+00:00,2021-05-28T10:32:44+00:00,2021-05-29T02:37:10+00:00,2021-05-28T09:56:53+00:00,2021-05-29T03:13:01+00:00
2021-05-29,2021-05-29T11:32:05+00:00,2021-05-30T01:38:05+00:00,2021-05-29T18:35:05+00:00,50760,2021-05-29T11:05:51+00:00,2021-05-30T02:04:19+00:00,2021-05-29T10:32:17+00:00,2021-05-30T02:37:53+00:00,2021-05-29T09:56:19+00:00,2021-05-30T03:13:50+00:00
2021-05-30,2021-05-30T11:31:47+00:00,2021-05-31T01:38:40+00:00,2021-05-30T18:35:13+00:00,50813,2021-05-30T11:05:30+00:00,2021-05-31T02:04:57+00:00,2021-05-30T10:31:51+00:00,2021-05-31T02:38:35+00:00,2021-05-30T09:55:48+00:00,2021-05-31T03:14:39+00:00
2021-05-31,2021-05-31T11:31:30+00:00,2021-06-01T01:39:14+00:00,2021-05-31T18:35:22+00:00,50864,2021-05-31T11:05:10+00:00,2021-06-01T02:05:34+00:00,2021-05-31T10:31:28+00:00,2021-06-01T02:39:17+00:00,2021-05-31T09:55:18+00:00,2021-06-01T03:15:26+00:00
2021-06-01,2021-06-01T11:31:15+00:00,2021-06-02T01:39:48+00:00,2021-06-01T18:35:31+00:00,50913,2021-06-01T11:04:53+00:00,2021-06-02T02:06:10+00:00,2021-06-01T10:31:06+00:00,2021-06-02T02:39:57+00:00,2021-06-01T09:54:50+00:00,2021-06-02T03:16:13+00:00
2021-06-02,2021-06-02T11:31:01+00:00,2021-06-03T01:40:21+00:00,2021-06-02T18:35:41+00:00,50960,2021-06-02T11:04:36+00:00,2021-06-03T02:06:46+00:00,2021-06-02T10:30:46+00:00,2021-06-03T02:40:36+00:00,2021-06-02T09:54:24+00:00,2021-06-03T03:16:58+00:00
2021-06-03,2021-06-03T11:30:49+00:00,2021-06-04T01:40:53+00:00,2021-06-03T18:35:51+00:00,51004,2021-06-03T11:04:22+00:00,2021-06-04T02:07:20+00:00,2021-06-03T10:30:27+00:00,2021-06-04T02:41:15+00:00,2021-06-03T09:54:01+00:00,2021-06-04T03:17:42+00:00
2021-06-04,2021-06-04T11:30:38+00:00,2021-06-05T01:41:25+00:00,2021-06-04T18:36:01+00:00,51047,2021-06-04T11:04:09+00:00,2021-06-05T02:07:54+00:00,2021-06-04T10:30:11+00:00,2021-06-05T02:41:52+00:00,2021-06-04T09:53:39+00:00,2021-06-05T03:18:24+00:00
2021-06-05,2021-06-05T11:30:29+00:00,2021-06-06T01:41:55+00:00,2021-06-05T18:36:12+00:00,51086,2021-06-05T11:03:58+00:00,2021-06-06T02:08:27+00:00,2021-06-05T10:29:56+00:00,2021-06-06T02:42:28+00:00,2021-06-05T09:53:19+00:00,2021-06-06T03:19:05+00:00
2021-06-06,2021-06-06T11:30:21+00:00,2021-06-07T01:42:25+00:00,2021-06-06T18:36:23+00:00,51124,2021-06-06T11:03:48+00:00,2021-06-07T02:08:58+00:00,2021-06-06T10:29:43+00:00,2021-06-07T02:43:03+00:00,2021-06-06T09:53:02+00:00,2021-06-07T03:19:45+00:00
2021-06-07,2021-06-07T11:30:15+00:00,2021-06-08T01:42:54+00:00,2021-06-07T18:36:34+00:00,51159,2021-06-07T11:03:40+00:00,2021-06-08T02:09:29+00:00,2021-06-07T10:29:32+00:00,2021-06-08T02:43:37+00:00,2021-06-07T09:52:46+00:00,2021-06-08T03:20:23+00:00
2021-06-08,2021-06-08T11:30:10+00:00,2021-06-09T01:43:22+00:00,2021-06-08T18:36:46+00:00,51192,2021-06-08T11:03:33+00:00,2021-06-09T02:09:59+00:00,2021-06-08T10:29:23+00:00,2021-06-09T02:44:09+00:00,2021-06-08T09:52:32+00:00,2021-06-09T03:20:59+00:00
2021-06-09,2021-06-09T11:30:07+00:00,2021-06-10T01:43:48+00:00,2021-06-09T18:36:58+00:00,51221,2021-06-09T11:03:28+00:00,2021-06-10T02:10:27+00:00,2021-06-09T10:29:15+00:00,2021-06-10T02:44:40+00:00,2021-06-09T09:52:21+00:00,2021-06-10T03:21:35+00:00
2021-06-10,2021-06-10T11:30:05+00:00,2021-06-11T01:44:14+00:00,2021-06-10T18:37:10+00:00,51249,2021-06-10T11:03:25+00:00,2021-06-11T02:10:54+00:00,2021-06-10T10:29:09+00:00,2021-06-11T02:45:10+00:00,2021-06-10T09:52:12+00:00,2021-06-11T03:22:08+00:00
2021-06-11,2021-06-11T11:30:05+00:00,2021-06-12T01:44:39+00:00,2021-06-11T18:37:22+00:00,51274,2021-06-11T11:03:23+00:00,2021-06-12T02:11:21+00:00,2021-06-11T10:29:05+00:00,2021-06-12T02:45:39+00:00,2021-06-11T09:52:04+00:00,2021-06-12T03:22:40+00:00
2021-06-12,2021-06-12T11:30:06+00:00,2021-06-13T01:45:03+00:00,2021-06-12T18:37:34+00:00,51297,2021-06-12T11:03:23+00:00,2021-06-13T02:11:46+00:00,2021-06-12T10:29:03+00:00,2021-06-13T02:46:06+00:00,2021-06-12T09:51:59+00:00,2021-06-13T03:23:10+00:00
2021-06-13,2021-06-13T11:30:09+00:00,2021-06-14T01:45:26+00:00,2021-06-13T18:37:47+00:00,51317,2021-06-13T11:03:25+00:00,2021-06-14T02:12:10+00:00,2021-06-13T10:29:03+00:00,2021-06-14T02:46:31+00:00,2021-06-13T09:51:56+00:00,2021-06-14T03:23:38+00:00
2021-06-14,2021-06-14T11:30:12+00:00,2021-06-15T01:45:47+00:00,2021-06-14T18:38:00+00:00,51335,2021-06-14T11:03:28+00:00,2021-06-15T02:12:32+00:00,2021-06-14T10:29:04+00:00,2021-06-15T02:46:55+00:00,2021-06-14T09:51:55+00:00,2021-06-15T03:24:04+00:00
2021-06-15,2021-06-15T11:30:18+00:00,2021-06-16T01:46:07+00:00,2021-06-15T18:38:13+00:00,51349,2021-06-15T11:03:32+00:00,2021-06-16T02:12:53+00:00,2021-06-15T10:29:07+00:00,2021-06-16T02:47:18+00:00,2021-06-15T09:51:56+00:00,2021-06-16T03:24:29+00:00
2021-06-16,2021-06-16T11:30:24+00:00,2021-06-17T01:46:27+00:00,2021-06-16T18:38:26+00:00,51363,2021-06-16T11:03:38+00:00,2021-06-17T02:13:13+00:00,2021-06-16T10:29:12+00:00,2021-06-17T02:47:39+00:00,2021-06-16T09:52:00+00:00,2021-06-17T03:24:51+00:00
2021-06-17,2021-06-17T11:30:33+00:00,2021-06-18T01:46:45+00:00,2021-06-17T18:38:39+00:00,51372,2021-06-17T11:03:45+00:00,2021-06-18T02:13:32+00:00,2021-06-17T10:29:19+00:00,2021-06-18T02:47:58+00:00,2021-06-17T09:52:05+00:00,2021-06-18T03:25:12+00:00
2021-06-18,2021-06-18T11:30:42+00:00,2021-06-19T01:47:01+00:00,2021-06-18T18:38:52+00:00,51379,2021-06-18T11:03:54+00:00,2021-06-19T02:13:49+00:00,2021-06-18T10:29:27+00:00,2021-06-19T02:48:16+00:00,2021-06-18T09:52:12+00:00,2021-06-19T03:25:31+00:00
2021-06-19,2021-06-19T11:30:53+00:00,2021-06-20T01:47:17+00:00,2021-06-19T18:39:05+00:00,51384,2021-06-19T11:04:05+00:00,2021-06-20T02:14:05+00:00,2021-06-19T10:29:37+00:00,2021-06-20T02:48:32+00:00,2021-06-19T09:52:22+00:00,2021-06-20T03:25:48+00:00
2021-06-20,2021-06-20T11:31:05+00:00,2021-06-21T01:47:31+00:00,2021-06-20T18:39:18+00:00,51386,2021-06-20T11:04:17+00:00,2021-06-21T02:14:19+00:00,2021-06-20T10:29:49+00:00,2021-06-21T02:48:47+00:00,2021-06-20T09:52:33+00:00,2021-06-21T03:26:03+00:00
2021-06-21,2021-06-21T11:31:18+00:00,2021-06-22T01:47:44+00:00,2021-06-21T18:39:31+00:00,51386,2021-06-21T11:04:30+00:00,2021-06-22T02:14:32+00:00,2021-06-21T10:30:02+00:00,2021-06-22T02:49:00+00:00,2021-06-21T09:52:46+00:00,2021-06-22T03:26:15+00:00
2021-06-22,2021-06-22T11:31:32+00:00,2021-06-23T01:47:55+00:00,2021-06-22T18:39:44+00:00,51383,2021-06-22T11:04:45+00:00,2021-06-23T02:14:43+00:00,2021-06-22T10:30:17+00:00,2021-06-23T02:49:11+00:00,2021-06-22T09:53:02+00:00,2021-06-23T03:26:26+00:00
2021-06-23,2021-06-23T11:31:48+00:00,2021-06-24T01:48:06+00:00,2021-06-23T18:39:57+00:00,51378,2021-06-23T11:05:01+00:00,2021-06-24T02:14:53+00:00,2021-06-23T10:30:33+00:00,2021-06-24T02:49:20+00:00,2021-06-23T09:53:19+00:00,2021-06-24T03:26:35+00:00
2021-06-24,2021-06-24T11:32:05+00:00,2021-06-25T01:48:14+00:00,2021-06-24T18:40:10+00:00,51369,2021-06-24T11:05:18+00:00,2021-06-25T02:15:01+00:00,2021-06-24T10:30:52+00:00,2021-06-25T02:49:28+00:00,2021-06-24T09:53:38+00:00,2021-06-25T03:26:41+00:00
2021-06-25,2021-06-25T11:32:23+00:00,2021-06-26T01:48:22+00:00,2021-06-25T18:40:22+00:00,51359,2021-06-25T11:05:37+00:00,2021-06-26T02:15:08+00:00,2021-06-25T10:31:11+00:00,2021-06-26T02:49:34+00:00,2021-06-25T09:53:59+00:00,2021-06-26T03:26:46+00:00
2021-06-26,2021-06-26T11:32:42+00:00,2021-06-27T01:48:28+00:00,2021-06-26T18:40:35+00:00,51346,2021-06-26T11:05:57+00:00,2021-06-27T02:15:13+00:00,2021-06-26T10:31:32+00:00,2021-06-27T02:49:38+00:00,2021-06-26T09:54:22+00:00,2021-06-27T03:26:48+00:00
2021-06-27,2021-06-27T11:33:02+00:00,2021-06-28T01:48:32+00:00,2021-06-27T18:40:47+00:00,51330,2021-06-27T11:06:18+00:00,2021-06-28T02:15:17+00:00,2021-06-27T10:31:55+00:00,2021-06-28T02:49:40+00:00,2021-06-27T09:54:46+00:00,2021-06-28T03:26:48+00:00
2021-06-28,2021-06-28T11:33:24+00:00,2021-06-29T01:48:35+00:00,2021-06-28T18:41:00+00:00,51311,2021-06-28T11:06:40+00:00,2021-06-29T02:15:19+00:00,2021-06-28T10:32:19+00:00,2021-06-29T02:49:40+00:00,2021-06-28T09:55:13+00:00,2021-06-29T03:26:46+00:00
2021-06-29,2021-06-29T11:33:46+00:00,2021-06-30T01:48:37+00:00,2021-06-29T18:41:12+00:00,51291,2021-06-29T11:07:04+00:00,2021-06-30T02:15:20+00:00,2021-06-29T10:32:44+00:00,2021-06-30T02:49:39+00:00,2021-06-29T09:55:41+00:00,2021-06-30T03:26:42+00:00
2021-06-30,2021-06-30T11:34:10+00:00,2021-07-01T01:48:37+00:00,2021-06-30T18:41:23+00:00,51267,2021-06-30T11:07:28+00:00,2021-07-01T02:15:19+00:00,2021-06-30T10:33:11+00:00,2021-07-01T02:49:36+00:00,2021-06-30T09:56:11+00:00,2021-07-01T03:26:36+00:00
2021-07-01,2021-07-01T11:34:34+00:00,2021-07-02T01:48:36+00:00,2021-07-01T18:41:35+00:00,51242,2021-07-01T11:07:54+00:00,2021-07-02T02:15:16+00:00,2021-07-01T10:33:39+00:00,2021-07-02T02:49:31+00:00,2021-07-01T09:56:42+00:00,2021-07-02T03:26:28+00:00
2021-07-02,2021-07-02T11:35:00+00:00,2021-07-03T01:48:33+00:00,2021-07-02T18:41:46+00:00,51213,2021-07-02T11:08:21+00:00,2021-07-03T02:15:11+00:00,2021-07-02T10:34:09+00:00,2021-07-03T02:49:24+00:00,2021-07-02T09:57:15+00:00,2021-07-03T03:26:17+00:00
2021-07-03,2021-07-03T11:35:26+00:00,2021-07-04T01:48:29+00:00,2021-07-03T18:41:57+00:00,51183,2021-07-03T11:08:49+00:00,2021-07-04T02:15:05+00:00,2021-07-03T10:34:39+00:00,2021-07-04T02:49:15+00:00,2021-07-03T09:57:50+00:00,2021-07-04T03:26:04+00:00
2021-07-04,2021-07-04T11:35:53+00:00,2021-07-05T01:48:23+00:00,2021-07-04T18:42:08+00:00,51150,2021-07-04T11:09:18+00:00,2021-07-05T02:14:58+00:00,2021-07-04T10:35:11+00:00,2021-07-05T02:49:05+00:00,2021-07-04T09:58:26+00:00,2021-07-05T03:25:50+00:00
2021-07-05,2021-07-05T11:36:21+00:00,2021-07-06T01:48:15+00:00,2021-07-05T18:42:18+00:00,51114,2021-07-05T11:09:48+00:00,2021-07-06T02:14:48+00:00,2021-07-05T10:35:44+00:00,2021-07-06T02:48:52+00:00,2021-07-05T09:59:04+00:00,2021-07-06T03:25:33+00:00
2021-07-06,2021-07-06T11:36:50+00:00,2021-07-07T01:48:06+00:00,2021-07-06T18:42:28+00:00,51076,2021-07-06T11:10:19+00:00,2021-07-07T02:14:37+00:00,2021-07-06T10:36:18+00:00,2021-07-07T02:48:38+00:00,2021-07-06T09:59:43+00:00,2021-07-07T03:25:14+00:00
2021-07-07,2021-07-07T11:37:20+00:00,2021-07-08T01:47:56+00:00,2021-07-07T18:42:38+00:00,51036,2021-07-07T11:10:51+00:00,2021-07-08T02:14:25+00:00,2021-07-07T10:36:54+00:00,2021-07-08T02:48:22+00:00,2021-07-07T10:00:23+00:00,2021-07-08T03:24:53+00:00
2021-07-08,2021-07-08T11:37:50+00:00,2021-07-09T01:47:44+00:00,2021-07-08T18:42:47+00:00,50994,2021-07-08T11:11:23+00:00,2021-07-09T02:14:10+00:00,2021-07-08T10:37:30+00:00,2021-07-09T02:48:04+00:00,2021-07-08T10:01:04+00:00,2021-07-09T03:24:29+00:00
2021-07-09,2021-07-09T11:38:21+00:00,2021-07-10T01:47:30+00:00,2021-07-09T18:42:56+00:00,50949,2021-07-09T11:11:57+00:00,2021-07-10T02:13:54+00:00,2021-07-09T10:38:07+00:00,2021-07-10T02:47:44+00:00,2021-07-09T10:01:47+00:00,2021-07-10T03:24:04+00:00
2021-07-10,2021-07-10T11:38:53+00:00,2021-07-11T01:47:15+00:00,2021-07-10T18:43:04+00:00,50902,2021-07-10T11:12:31+00:00,2021-07-11T02:13:37+00:00,2021-07-10T10:38:45+00:00,2021-07-11T02:47:23+00:00,2021-07-10T10:02:31+00:00,2021-07-11T03:23:37+00:00
2021-07-11,2021-07-11T11:39:26+00:00,2021-07-12T01:46:58+00:00,2021-07-11T18:43:12+00:00,50852,2021-07-11T11:13:06+00:00,2021-07-12T02:13:18+00:00,2021-07-11T10:39:25+00:00,2021-07-12T02:46:59+00:00,2021-07-11T10:03:16+00:00,2021-07-12T03:23:08+00:00
2021-07-12,2021-07-12T11:39:59+00:00,2021-07-13T01:46:40+00:00,2021-07-12T18:43:19+00:00,50801,2021-07-12T11:13:42+00:00,2021-07-13T02:12:57+00:00,2021-07-12T10:40:05+00:00,2021-07-13T02:46:34+00:00,2021-07-12T10:04:02+00:00,2021-07-13T03:22:36+00:00
2021-07-13,2021-07-13T11:40:32+00:00,2021-07-14T01:46:20+00:00,2021-07-13T18:43:26+00:00,50748,2021-07-13T11:14:19+00:00,2021-07-14T02:12:34+00:00,2021-07-13T10:40:45+00:00,2021-07-14T02:46:07+00:00,2021-07-13T10:04:50+00:00,2021-07-14T03:22:03+00:00
2021-07-14,2021-07-14T11:41:07+00:00,2021-07-15T01:45:59+00:00,2021-07-14T18:43:33+00:00,50692,2021-07-14T11:14:56+00:00,2021-07-15T02:12:10+00:00,2021-07-14T10:41:27+00:00,2021-07-15T02:45:39+00:00,2021-07-14T10:05:38+00:00,2021-07-15T03:21:28+00:00
2021-07-15,2021-07-15T11:41:42+00:00,2021-07-16T01:45:36+00:00,2021-07-15T18:43:39+00:00,50634,2021-07-15T11:15:33+00:00,2021-07-16T02:11:44+00:00,2021-07-15T10:42:09+00:00,2021-07-16T02:45:08+00:00,2021-07-15T10:06:27+00:00,2021-07-16T03:20:51+00:00
2021-07-16,2021-07-16T11:42:17+00:00,2021-07-17T01:45:12+00:00,2021-07-16T18:43:44+00:00,50575,2021-07-16T11:16:12+00:00,2021-07-17T02:11:17+00:00,2021-07-16T10:42:52+00:00,2021-07-17T02:44:36+00:00,2021-07-16T10:07:17+00:00,2021-07-17T03:20:12+00:00
2021-07-17,2021-07-17T11:42:53+00:00,2021-07-18T01:44:46+00:00,2021-07-17T18:43:49+00:00,50513,2021-07-17T11:16:50+00:00,2021-07-18T02:10:48+00:00,2021-07-17T10:43:36+00:00,2021-07-18T02:44:02+00:00,2021-07-17T10:08:07+00:00,2021-07-18T03:19:31+00:00
2021-07-18,2021-07-18T11:43:29+00:00,2021-07-19T01:44:19+00:00,2021-07-18T18:43:54+00:00,50450,2021-07-18T11:17:30+00:00,2021-07-19T02:10:18+00:00,2021-07-18T10:44:20+00:00,2021-07-19T02:43:27+00:00,2021-07-18T10:08:59+00:00,2021-07-19T03:18:49+00:00
2021-07-19,2021-07-19T11:44:05+00:00,2021-07-20T01:43:50+00:00,2021-07-19T18:43:58+00:00,50385,2021-07-19T11:18:09+00:00,2021-07-20T02:09:46+00:00,2021-07-19T10:45:05+00:00,2021-07-20T02:42:50+00:00,2021-07-19T10:09:51+00:00,2021-07-20T03:18:04+00:00
2021-07-20,2021-07-20T11:44:42+00:00,2021-07-21T01:43:19+00:00,2021-07-20T18:44:01+00:00,50317,2021-07-20T11:18:50+00:00,2021-07-21T02:09:12+00:00,2021-07-20T10:45:51+00:00,2021-07-21T02:42:11+00:00,2021-07-20T10:10:44+00:00,2021-07-21T03:17:18+00:00
2021-07-21,2021-07-21T11:45:20+00:00,2021-07-22T01:42:48+00:00,2021-07-21T18:44:04+00:00,50248,2021-07-21T11:19:30+00:00,2021-07-22T02:08:37+00:00,2021-07-21T10:46:37+00:00,2021-07-22T02:41:31+00:00,2021-07-21T10:11:37+00:00,2021-07-22T03:16:30+00:00
2021-07-22,2021-07-22T11:45:57+00:00,2021-07-23T01:42:14+00:00,2021-07-22T18:44:06+00:00,50177,2021-07-22T11:20:11+00:00,2021-07-23T02:08:00+00:00,2021-07-22T10:47:23+00:00,2021-07-23T02:40:49+00:00,2021-07-22T10:12:31+00:00,2021-07-23T03:15:41+00:00
2021-07-23,2021-07-23T11:46:35+00:00,2021-07-24T01:41:40+00:00,2021-07-23T18:44:07+00:00,50105,2021-07-23T11:20:52+00:00,2021-07-24T02:07:22+00:00,2021-07-23T10:48:09+00:00,2021-07-24T02:40:05+00:00,2021-07-23T10:13:25+00:00,2021-07-24T03:14:50+00:00
2021-07-24,2021-07-24T11:47:13+00:00,2021-07-25T01:41:03+00:00,2021-07-24T18:44:08+00:00,50030,2021-07-24T11:21:34+00:00,2021-07-25T02:06:43+00:00,2021-07-24T10:48:57+00:00,2021-07-25T02:39:20+00:00,2021-07-24T10:14:20+00:00,2021-07-25T03:13:57+00:00
2021-07-25,2021-07-25T11:47:52+00:00,2021-07-26T01:40:26+00:00,2021-07-25T18:44:09+00:00,49954,2021-07-25T11:22:16+00:00,2021-07-26T02:06:02+00:00,2021-07-25T10:49:44+00:00,2021-07-26T02:38:34+00:00,2021-07-25T10:15:15+00:00,2021-07-26T03:13:02+00:00
2021-07-26,2021-07-26T11:48:30+00:00,2021-07-27T01:39:47+00:00,2021-07-26T18:44:09+00:00,49877,2021-07-26T11:22:58+00:00,2021-07-27T02:05:19+00:00,2021-07-26T10:50:32+00:00,2021-07-27T02:37:46+00:00,2021-07-26T10:16:11+00:00,2021-07-27T03:12:07+00:00
2021-07-27,2021-07-27T11:49:09+00:00,2021-07-28T01:39:07+00:00,2021-07-27T18:44:08+00:00,49798,2021-07-27T11:23:40+00:00,2021-07-28T02:04:35+00:00,2021-07-27T10:51:20+00:00,2021-07-28T02:36:56+00:00,2021-07-27T10:17:06+00:00,2021-07-28T03:11:09+00:00
2021-07-28,2021-07-28T11:49:48+00:00,2021-07-29T01:38:25+00:00,2021-07-28T18:44:06+00:00,49717,2021-07-28T11:24:23+00:00,2021-07-29T02:03:50+00:00,2021-07-28T10:52:08+00:00,2021-07-29T02:36:05+00:00,2021-07-28T10:18:02+00:00,2021-07-29T03:10:10+00:00
2021-07-29,2021-07-29T11:50:27+00:00,2021-07-30T01:37:42+00:00,2021-07-29T18:44:04+00:00,49635,2021-07-29T11:25:05+00:00,2021-07-30T02:03:03+00:00,2021-07-29T10:52:56+00:00,2021-07-30T02:35:13+00:00,2021-07-29T10:18:59+00:00,2021-07-30T03:09:10+00:00
2021-07-30,2021-07-30T11:51:06+00:00,2021-07-31T01:36:57+00:00,2021-07-30T18:44:02+00:00,49551,2021-07-30T11:25:48+00:00,2021-07-31T02:02:15+00:00,2021-07-30T10:53:44+00:00,2021-07-31T02:34:19+00:00,2021-07-30T10:19:55+00:00,2021-07-31T03:08:08+00:00
2021-07-31,2021-07-31T11:51:45+00:00,2021-08-01T01:36:12+00:00,2021-07-31T18:43:59+00:00,49467,2021-07-31T11:26:31+00:00,2021-08-01T02:01:26+00:00,2021-07-31T10:54:33+00:00,2021-08-01T02:33:24+00:00,2021-07-31T10:20:52+00:00,2021-08-01T03:07:05+00:00
2021-08-01,2021-08-01T11:52:25+00:00,2021-08-02T01:35:25+00:00,2021-08-01T18:43:55+00:00,49380,2021-08-01T11:27:14+00:00,2021-08-02T02:00:35+00:00,2021-08-01T10:55:22+00:00,2021-08-02T02:32:28+00:00,2021-08-01T10:21:48+00:00,2021-08-02T03:06:01+00:00
2021-08-02,2021-08-02T11:53:04+00:00,2021-08-03T01:34:37+00:00,2021-08-02T18:43:50+00:00,49293,2021-08-02T11:27:57+00:00,2021-08-03T01:59:44+00:00,2021-08-02T10:56:10+00:00,2021-08-03T02:31:30+00:00,2021-08-02T10:22:45+00:00,2021-08-03T03:04:56+00:00
2021-08-03,2021-08-03T11:53:44+00:00,2021-08-04T01:33:47+00:00,2021-08-03T18:43:45+00:00,49203,2021-08-03T11:28:40+00:00,2021-08-04T01:58:51+00:00,2021-08-03T10:56:59+00:00,2021-08-04T02:30:31+00:00,2021-08-03T10:23:42+00:00,2021-08-04T03:03:49+00:00
2021-08-04,2021-08-04T11:54:23+00:00,2021-08-05T01:32:56+00:00,2021-08-04T18:43:40+00:00,49113,2021-08-04T11:29:23+00:00,2021-08-05T01:57:56+00:00,2021-08-04T10:57:48+00:00,2021-08-05T02:29:31+00:00,2021-08-04T10:24:38+00:00,2021-08-05T03:02:41+00:00
2021-08-05,2021-08-05T11:55:02+00:00,2021-08-06T01:32:04+00:00,2021-08-05T18:43:33+00:00,49022,2021-08-05T11:30:06+00:00,2021-08-06T01:57:01+00:00,2021-08-05T10:58:37+00:00,2021-08-06T02:28:30+00:00,2021-08-05T10:25:35+00:00,2021-08-06T03:01:32+00:00
2021-08-06,2021-08-06T11:55:42+00:00,2021-08-07T01:31:11+00:00,2021-08-06T18:43:27+00:00,48929,2021-08-06T11:30:49+00:00,2021-08-07T01:56:04+00:00,2021-08-06T10:59:25+00:00,2021-08-07T02:27:28+00:00,2021-08-06T10:26:31+00:00,2021-08-07T03:00:22+00:00
2021-08-07,2021-08-07T11:56:21+00:00,2021-08-08T01:30:17+00:00,2021-08-07T18:43:19+00:00,48836,2021-08-07T11:31:32+00:00,2021-08-08T01:55:06+00:00,2021-08-07T11:00:14+00:00,2021-08-08T02:26:24+00:00,2021-08-07T10:27:28+00:00,2021-08-08T02:59:10+00:00
2021-08-08,2021-08-08T11:57:01+00:00,2021-08-09T01:29:22+00:00,2021-08-08T18:43:11+00:00,48741,2021-08-08T11:32:15+00:00,2021-08-09T01:54:07+00:00,2021-08-08T11:01:02+00:00,2021-08-09T02:25:20+00:00,2021-08-08T10:28:24+00:00,2021-08-09T02:57:58+00:00
2021-08-09,2021-08-09T11:57:40+00:00,2021-08-10T01:28:25+00:00,2021-08-09T18:43:03+00:00,48645,2021-08-09T11:32:58+00:00,2021-08-10T01:53:07+00:00,2021-08-09T11:01:51+00:00,2021-08-10T02:24:14+00:00,2021-08-09T10:29:20+00:00,2021-08-10T02:56:45+00:00
2021-08-10,2021-08-10T11:58:19+00:00,2021-08-11T01:27:28+00:00,2021-08-10T18:42:53+00:00,48549,2021-08-10T11:33:41+00:00,2021-08-11T01:52:06+00:00,2021-08-10T11:02:39+00:00,2021-08-11T02:23:08+00:00,2021-08-10T10:30:16+00:00,2021-08-11T02:55:31+00:00
2021-08-11,2021-08-11T11:58:58+00:00,2021-08-12T01:26:29+00:00,2021-08-11T18:42:44+00:00,48451,2021-08-11T11:34:23+00:00,2021-08-12T01:51:04+00:00,2021-08-11T11:03:27+00:00,2021-08-12T02:22:00+00:00,2021-08-11T10:31:12+00:00,2021-08-12T02:54:15+00:00
2021-08-12,2021-08-12T11:59:37+00:00,2021-08-13T01:25:29+00:00,2021-08-12T18:42:33+00:00,48352,2021-08-12T11:35:06+00:00,2021-08-13T01:50:01+00:00,2021-08-12T11:04:15+00:00,2021-08-13T02:20:51+00:00,2021-08-12T10:32:07+00:00,2021-08-13T02:52:59+00:00
2021-08-13,2021-08-13T12:00:16+00:00,2021-08-14T01:24:29+00:00,2021-08-13T18:42:22+00:00,48253,2021-08-13T11:35:48+00:00,2021-08-14T01:48:57+00:00,2021-08-13T11:05:03+00:00,2021-08-14T02:19:42+00:00,2021-08-13T10:33:02+00:00,2021-08-14T02:51:42+00:00
2021-08-14,2021-08-14T12:00:55+00:00,2021-08-15T01:23:27+00:00,2021-08-14T18:42:11+00:00,48152,2021-08-14T11:36:30+00:00,2021-08-15T01:47:52+00:00,2021-08-14T11:05:50+00:00,2021-08-15T02:18:32+00:00,2021-08-14T10:33:57+00:00,2021-08-15T02:50:25+00:00
2021-08-15,2021-08-15T12:01:34+00:00,2021-08-16T01:22:24+00:00,2021-08-15T18:41:59+00:00,48050,2021-08-15T11:37:12+00:00,2021-08-16T01:46:46+00:00,2021-08-15T11:06:38+00:00,2021-08-16T02:17:20+00:00,2021-08-15T10:34:52+00:00,2021-08-16T02:49:06+00:00
2021-08-16,2021-08-16T12:02:13+00:00,2021-08-17T01:21:21+00:00,2021-08-16T18:41:47+00:00,47948,2021-08-16T11:37:54+00:00,2021-08-17T01:45:39+00:00,2021-08-16T11:07:25+00:00,2021-08-17T02:16:08+00:00,2021-08-16T10:35:46+00:00,2021-08-17T02:47:47+00:00
2021-08-17,2021-08-17T12:02:51+00:00,2021-08-18T01:20:16+00:00,2021-08-17T18:41:34+00:00,47845,2021-08-17T11:38:36+00:00,2021-08-18T01:44:31+00:00,2021-08-17T11:08:12+00:00,2021-08-18T02:14:56+00:00,2021-08-17T10:36:40+00:00,2021-08-18T02:46:27+00:00
2021-08-18,2021-08-18T12:03:30+00:00,2021-08-19T01:19:11+00:00,2021-08-18T18:41:20+00:00,47741,2021-08-18T11:39:18+00:00,2021-08-19T01:43:23+00:00,2021-08-18T11:08:58+00:00,2021-08-19T02:13:42+00:00,2021-08-18T10:37:34+00:00,2021-08-19T02:45:07+00:00
2021-08-19,2021-08-19T12:04:08+00:00,2021-08-20T01:18:05+00:00,2021-08-19T18:41:06+00:00,47637,2021-08-19T11:39:59+00:00,2021-08-20T01:42:14+00:00,2021-08-19T11:09:45+00:00,2021-08-20T02:12:28+00:00,2021-08-19T10:38:27+00:00,2021-08-20T02:43:46+00:00
2021-08-20,2021-08-20T12:04:46+00:00,2021-08-21T01:16:58+00:00,2021-08-20T18:40:52+00:00,47532,2021-08-20T11:40:40+00:00,2021-08-21T01:41:03+00:00,2021-08-20T11:10:31+00:00,2021-08-21T02:11:13+00:00,2021-08-20T10:39:20+00:00,2021-08-21T02:42:24+00:00
2021-08-21,2021-08-21T12:05:24+00:00,2021-08-22T01:15:50+00:00,2021-08-21T18:40:37+00:00,47426,2021-08-21T11:41:21+00:00,2021-08-22T01:39:53+00:00,2021-08-21T11:11:17+00:00,2021-08-22T02:09:57+00:00,2021-08-21T10:40:12+00:00,2021-08-22T02:41:01+00:00
2021-08-22,2021-08-22T12:06:02+00:00,2021-08-23T01:14:41+00:00,2021-08-22T18:40:22+00:00,47319,2021-08-22T11:42:02+00:00,2021-08-23T01:38:41+00:00,2021-08-22T11:12:02+00:00,2021-08-23T02:08:41+00:00,2021-08-22T10:41:04+00:00,2021-08-23T02:39:39+00:00
2021-08-23,2021-08-23T12:06:40+00:00,2021-08-24T01:13:32+00:00,2021-08-23T18:40:06+00:00,47212,2021-08-23T11:42:43+00:00,2021-08-24T01:37:29+00:00,2021-08-23T11:12:48+00:00,2021-08-24T02:07:24+00:00,2021-08-23T10:41:56+00:00,2021-08-24T02:38:15+00:00
2021-08-24,2021-08-24T12:07:17+00:00,2021-08-25T01:12:22+00:00,2021-08-24T18:39:49+00:00,47105,2021-08-24T11:43:23+00:00,2021-08-25T01:36:16+00:00,2021-08-24T11:13:33+00:00,2021-08-25T02:06:06+00:00,2021-08-24T10:42:47+00:00,2021-08-25T02:36:51+00:00
2021-08-25,2021-08-25T12:07:55+00:00,2021-08-26T01:11:11+00:00,2021-08-25T18:39:33+00:00,46996,2021-08-25T11:44:03+00:00,2021-08-26T01:35:02+00:00,2021-08-25T11:14:18+00:00,2021-08-26T02:04:48+00:00,2021-08-25T10:43:38+00:00,2021-08-26T02:35:27+00:00
2021-08-26,2021-08-26T12:08:32+00:00,2021-08-27T01:10:00+00:00,2021-08-26T18:39:16+00:00,46888,2021-08-26T11:44:43+00:00,2021-08-27T01:33:48+00:00,2021-08-26T11:15:02+00:00,2021-08-27T02:03:30+00:00,2021-08-26T10:44:29+00:00,2021-08-27T02:34:03+00:00
2021-08-27,2021-08-27T12:09:09+00:00,2021-08-28T01:08:48+00:00,2021-08-27T18:38:58+00:00,46779,2021-08-27T11:45:23+00:00,2021-08-28T01:32:34+00:00,2021-08-27T11:15:46+00:00,2021-08-28T02:02:11+00:00,2021-08-27T10:45:19+00:00,2021-08-28T02:32:38+00:00
2021-08-28,2021-08-28T12:09:46+00:00,2021-08-29T01:07:35+00:00,2021-08-28T18:38:41+00:00,46669,2021-08-28T11:46:03+00:00,2021-08-29T01:31:18+00:00,2021-08-28T11:16:30+00:00,2021-08-29T02:00:51+00:00,2021-08-28T10:46:09+00:00,2021-08-29T02:31:12+00:00
2021-08-29,2021-08-29T12:10:23+00:00,2021-08-30T01:06:22+00:00,2021-08-29T18:38:22+00:00,46559,2021-08-29T11:46:42+00:00,2021-08-30T01:30:02+00:00,2021-08-29T11:17:14+00:00,2021-08-30T01:59:31+00:00,2021-08-29T10:46:58+00:00,2021-08-30T02:29:47+00:00
2021-08-30,2021-08-30T12:11:00+00:00,2021-08-31T01:05:08+00:00,2021-08-30T18:38:04+00:00,46448,2021-08-30T11:47:22+00:00,2021-08-31T01:28:46+00:00,2021-08-30T11:17:57+00:00,2021-08-31T01:58:11+00:00,2021-08-30T10:47:47+00:00,2021-08-31T02:28:21+00:00
2021-08-31,2021-08-31T12:11:37+00:00,2021-09-01T01:03:53+00:00,2021-08-31T18:37:45+00:00,46336,2021-08-31T11:48:01+00:00,2021-09-01T01:27:30+00:00,2021-08-31T11:18:40+00:00,2021-09-01T01:56:50+00:00,2021-08-31T10:48:35+00:00,2021-09-01T02:26:55+00:00
2021-09-01,2021-09-01T12:12:14+00:00,2021-09-02T01:02:39+00:00,2021-09-01T18:37:26+00:00,46225,2021-09-01T11:48:40+00:00,2021-09-02T01:26:12+00:00,2021-09-01T11:19:23+00:00,2021-09-02T01:55:29+00:00,2021-09-01T10:49:23+00:00,2021-09-02T02:25:29+00:00
2021-09-02,2021-09-02T12:12:50+00:00,2021-09-03T01:01:23+00:00,2021-09-02T18:37:07+00:00,46113,2021-09-02T11:49:19+00:00,2021-09-03T01:24:55+00:00,2021-09-02T11:20:05+00:00,2021-09-03T01:54:08+00:00,2021-09-02T10:50:11+00:00,2021-09-03T02:24:02+00:00
2021-09-03,2021-09-03T12:13:27+00:00,2021-09-04T01:00:07+00:00,2021-09-03T18:36:47+00:00,46000,2021-09-03T11:49:57+00:00,2021-09-04T01:23:37+00:00,2021-09-03T11:20:47+00:00,2021-09-04T01:52:47+00:00,2021-09-03T10:50:58+00:00,2021-09-04T02:22:36+00:00
2021-09-04,2021-09-04T12:14:03+00:00,2021-09-05T00:58:51+00:00,2021-09-04T18:36:27+00:00,45888,2021-09-04T11:50:36+00:00,2021-09-05T01:22:19+00:00,2021-09-04T11:21:29+00:00,2021-09-05T01:51:25+00:00,2021-09-04T10:51:45+00:00,2021-09-05T02:21:09+00:00
2021-09-05,2021-09-05T12:14:39+00:00,2021-09-06T00:57:35+00:00,2021-09-05T18:36:07+00:00,45776,2021-09-05T11:51:14+00:00,2021-09-06T01:21:00+00:00,2021-09-05T11:22:11+00:00,2021-09-06T01:50:03+00:00,2021-09-05T10:52:32+00:00,2021-09-06T02:19:43+00:00
2021-09-06,2021-09-06T12:15:16+00:00,2021-09-07T00:56:18+00:00,2021-09-06T18:35:47+00:00,45662,2021-09-06T11:51:52+00:00,2021-09-07T01:19:41+00:00,2021-09-06T11:22:52+00:00,2021-09-07T01:48:41+00:00,2021-09-06T10:53:18+00:00,2021-09-07T02:18:16+00:00
2021-09-07,2021-09-07T12:15:52+00:00,2021-09-08T00:55:00+00:00,2021-09-07T18:35:26+00:00,45548,2021-09-07T11:52:30+00:00,2021-09-08T01:18:22+00:00,2021-09-07T11:23:34+00:00,2021-09-08T01:47:19+00:00,2021-09-07T10:54:03+00:00,2021-09-08T02:16:49+00:00
2021-09-08,2021-09-08T12:16:28+00:00,2021-09-09T00:53:43+00:00,2021-09-08T18:35:05+00:00,45435,2021-09-08T11:53:08+00:00,2021-09-09T01:17:03+00:00,2021-09-08T11:24:15+00:00,2021-09-09T01:45:56+00:00,2021-09-08T10:54:49+00:00,2021-09-09T02:15:22+00:00
2021-09-09,2021-09-09T12:17:04+00:00,2021-09-10T00:52:25+00:00,2021-09-09T18:34:45+00:00,45321,2021-09-09T11:53:46+00:00,2021-09-10T01:15:43+00:00,2021-09-09T11:24:55+00:00,2021-09-10T01:44:34+00:00,2021-09-09T10:55:34+00:00,2021-09-10T02:13:56+00:00
2021-09-10,2021-09-10T12:17:40+00:00,2021-09-11T00:51:07+00:00,2021-09-10T18:34:24+00:00,45207,2021-09-10T11:54:23+00:00,2021-09-11T01:14:24+00:00,2021-09-10T11:25:36+00:00,2021-09-11T01:43:11+00:00,2021-09-10T10:56:18+00:00,2021-09-11T02:12:29+00:00
2021-09-11,2021-09-11T12:18:17+00:00,2021-09-12T00:49:48+00:00,2021-09-11T18:34:02+00:00,45091,2021-09-11T11:55:01+00:00,2021-09-12T01:13:04+00:00,2021-09-11T11:26:16+00:00,2021-09-12T01:41:49+00:00,2021-09-11T10:57:02+00:00,2021-09-12T02:11:02+00:00
2021-09-12,2021-09-12T12:18:53+00:00,2021-09-13T00:48:30+00:00,2021-09-12T18:33:41+00:00,44977,2021-09-12T11:55:39+00:00,2021-09-13T01:11:44+00:00,2021-09-12T11:26:56+00:00,2021-09-13T01:40:26+00:00,2021-09-12T10:57:46+00:00,2021-09-13T02:09:36+00:00
2021-09-13,2021-09-13T12:19:29+00:00,2021-09-14T00:47:11+00:00,2021-09-13T18:33:20+00:00,44862,2021-09-13T11:56:16+00:00,2021-09-14T01:10:24+00:00,2021-09-13T11:27:36+00:00,2021-09-14T01:39:04+00:00,2021-09-13T10:58:30+00:00,2021-09-14T02:08:10+00:00
2021-09-14,2021-09-14T12:20:05+00:00,2021-09-15T00:45:52+00:00,2021-09-14T18:32:58+00:00,44747,2021-09-14T11:56:53+00:00,2021-09-15T01:09:04+00:00,2021-09-14T11:28:16+00:00,2021-09-15T01:37:41+00:00,2021-09-14T10:59:13+00:00,2021-09-15T02:06:44+00:00
2021-09-15,2021-09-15T12:20:41+00:00,2021-09-16T00:44:33+00:00,2021-09-15T18:32:37+00:00,44632,2021-09-15T11:57:31+00:00,2021-09-16T01:07:44+00:00,2021-09-15T11:28:55+00:00,2021-09-16T01:36:19+00:00,2021-09-15T10:59:56+00:00,2021-09-16T02:05:18+00:00
2021-09-16,2021-09-16T12:21:17+00:00,2021-09-17T00:43:14+00:00,2021-09-16T18:32:16+00:00,44517,2021-09-16T11:58:08+00:00,2021-09-17T01:06:23+00:00,2021-09-16T11:29:35+00:00,2021-09-17T01:34:57+00:00,2021-09-16T11:00:39+00:00,2021-09-17T02:03:52+00:00
2021-09-17,2021-09-17T12:21:54+00:00,2021-09-18T00:41:55+00:00,2021-09-17T18:31:54+00:00,44401,2021-09-17T11:58:45+00:00,2021-09-18T01:05:03+00:00,2021-09-17T11:30:14+00:00,2021-09-18T01:33:35+00:00,2021-09-17T11:01:21+00:00,2021-09-18T02:02:27+00:00
2021-09-18,2021-09-18T12:22:30+00:00,2021-09-19T00:40:36+00:00,2021-09-18T18:31:33+00:00,44286,2021-09-18T11:59:22+00:00,2021-09-19T01:03:43+00:00,2021-09-18T11:30:53+00:00,2021-09-19T01:32:13+00:00,2021-09-18T11:02:03+00:00,2021-09-19T02:01:02+00:00
2021-09-19,2021-09-19T12:23:06+00:00,2021-09-20T00:39:16+00:00,2021-09-19T18:31:11+00:00,44170,2021-09-19T11:59:59+00:00,2021-09-20T01:02:23+00:00,2021-09-19T11:31:32+00:00,2021-09-20T01:30:51+00:00,2021-09-19T11:02:45+00:00,2021-09-20T01:59:38+00:00
2021-09-20,2021-09-20T12:23:43+00:00,2021-09-21T00:37:57+00:00,2021-09-20T18:30:50+00:00,44054,2021-09-20T12:00:37+00:00,2021-09-21T01:01:03+00:00,2021-09-20T11:32:11+00:00,2021-09-21T01:29:29+00:00,2021-09-20T11:03:27+00:00,2021-09-21T01:58:13+00:00
2021-09-21,2021-09-21T12:24:20+00:00,2021-09-22T00:36:38+00:00,2021-09-21T18:30:29+00:00,43938,2021-09-21T12:01:14+00:00,2021-09-22T00:59:44+00:00,2021-09-21T11:32:49+00:00,2021-09-22T01:28:08+00:00,2021-09-21T11:04:08+00:00,2021-09-22T01:56:49+00:00
2021-09-22,2021-09-22T12:24:56+00:00,2021-09-23T00:35:19+00:00,2021-09-22T18:30:08+00:00,43823,2021-09-22T12:01:51+00:00,2021-09-23T00:58:24+00:00,2021-09-22T11:33:28+00:00,2021-09-23T01:26:47+00:00,2021-09-22T11:04:49+00:00,2021-09-23T01:55:26+00:00
2021-09-23,2021-09-23T12:25:33+00:00,2021-09-24T00:34:00+00:00,2021-09-23T18:29:47+00:00,43707,2021-09-23T12:02:28+00:00,2021-09-24T00:57:05+00:00,2021-09-23T11:34:07+00:00,2021-09-24T01:25:27+00:00,2021-09-23T11:05:30+00:00,2021-09-24T01:54:03+00:00
2021-09-24,2021-09-24T12:26:10+00:00,2021-09-25T00:32:41+00:00,2021-09-24T18:29:26+00:00,43591,2021-09-24T12:03:06+00:00,2021-09-25T00:55:46+00:00,2021-09-24T11:34:45+00:00,2021-09-25T01:24:06+00:00,2021-09-24T11:06:11+00:00,2021-09-25T01:52:40+00:00
2021-09-25,2021-09-25T12:26:47+00:00,2021-09-26T00:31:23+00:00,2021-09-25T18:29:05+00:00,43476,2021-09-25T12:03:43+00:00,2021-09-26T00:54:27+00:00,2021-09-25T11:35:24+00:00,2021-09-26T01:22:46+00:00,2021-09-25T11:06:52+00:00,2021-09-26T01:51:18+00:00
2021-09-26,2021-09-26T12:27:25+00:00,2021-09-27T00:30:04+00:00,2021-09-26T18:28:44+00:00,43359,2021-09-26T12:04:21+00:00,2021-09-27T00:53:08+00:00,2021-09-26T11:36:02+00:00,2021-09-27T01:21:27+00:00,2021-09-26T11:07:32+00:00,2021-09-27T01:49:57+00:00
2021-09-27,2021-09-27T12:28:02+00:00,2021-09-28T00:28:46+00:00,2021-09-27T18:28:24+00:00,43244,2021-09-27T12:04:58+00:00,2021-09-28T00:51:50+00:00,2021-09-27T11:36:41+00:00,2021-09-28T01:20:08+00:00,2021-09-27T11:08:13+00:00,2021-09-28T01:48:36+00:00
2021-09-28,2021-09-28T12:28:40+00:00,2021-09-29T00:27:28+00:00,2021-09-28T18:28:04+00:00,43128,2021-09-28T12:05:36+00:00,2021-09-29T00:50:32+00:00,2021-09-28T11:37:19+00:00,2021-09-29T01:18:49+00:00,2021-09-28T11:08:53+00:00,2021-09-29T01:47:15+00:00
2021-09-29,2021-09-29T12:29:18+00:00,2021-09-30T00:26:10+00:00,2021-09-29T18:27:44+00:00,43012,2021-09-29T12:06:14+00:00,2021-09-30T00:49:15+00:00,2021-09-29T11:37:58+00:00,2021-09-30T01:17:31+00:00,2021-09-29T11:09:33+00:00,2021-09-30T01:45:55+00:00
2021-09-30,2021-09-30T12:29:56+00:00,2021-10-01T00:24:53+00:00,2021-09-30T18:27:24+00:00,42897,2021-09-30T12:06:52+00:00,2021-10-01T00:47:57+00:00,2021-09-30T11:38:36+00:00,2021-10-01T01:16:13+00:00,2021-09-30T11:10:13+00:00,2021-10-01T01:44:36+00:00
2021-10-01,2021-10-01T12:30:34+00:00,2021-10-02T00:23:36+00:00,2021-10-01T18:27:05+00:00,42782,2021-10-01T12:07:30+00:00,2021-10-02T00:46:41+00:00,2021-10-01T11:39:15+00:00,2021-10-02T01:14:56+00:00,2021-10-01T11:10:53+00:00,2021-10-02T01:43:18+00:00
2021-10-02,2021-10-02T12:31:13+00:00,2021-10-03T00:22:19+00:00,2021-10-02T18:26:46+00:00,42666,2021-10-02T12:08:08+00:00,2021-10-03T00:45:24+00:00,2021-10-02T11:39:53+00:00,2021-10-03T01:13:39+00:00,2021-10-02T11:11:32+00:00,2021-10-03T01:42:00+00:00
2021-10-03,2021-10-03T12:31:52+00:00,2021-10-04T00:21:03+00:00,2021-10-03T18:26:27+00:00,42551,2021-10-03T12:08:46+00:00,2021-10-04T00:44:08+00:00,2021-10-03T11:40:32+00:00,2021-10-04T01:12:23+00:00,2021-10-03T11:12:12+00:00,2021-10-04T01:40:43+00:00
2021-10-04,2021-10-04T12:32:31+00:00,2021-10-05T00:19:47+00:00,2021-10-04T18:26:09+00:00,42436,2021-10-04T12:09:25+00:00,2021-10-05T00:42:53+00:00,2021-10-04T11:41:10+00:00,2021-10-05T01:11:08+00:00,2021-10-04T11:12:52+00:00,2021-10-05T01:39:26+00:00
2021-10-05,2021-10-05T12:33:11+00:00,2021-10-06T00:18:32+00:00,2021-10-05T18:25:51+00:00,42321,2021-10-05T12:10:04+00:00,2021-10-06T00:41:38+00:00,2021-10-05T11:41:49+00:00,2021-10-06T01:09:53+00:00,2021-10-05T11:13:31+00:00,2021-10-06T01:38:11+00:00
2021-10-06,2021-10-06T12:33:50+00:00,2021-10-07T00:17:17+00:00,2021-10-06T18:25:33+00:00,42207,2021-10-06T12:10:43+00:00,2021-10-07T00:40:24+00:00,2021-10-06T11:42:28+00:00,2021-10-07T01:08:39+00:00,2021-10-06T11:14:11+00:00,2021-10-07T01:36:56+00:00
2021-10-07,2021-10-07T12:34:30+00:00,2021-10-08T00:16:02+00:00,2021-10-07T18:25:16+00:00,42092,2021-10-07T12:11:22+00:00,2021-10-08T00:39:10+00:00,2021-10-07T11:43:07+00:00,2021-10-08T01:07:26+00:00,2021-10-07T11:14:51+00:00,2021-10-08T01:35:42+00:00
2021-10-08,2021-10-08T12:35:11+00:00,2021-10-09T00:14:48+00:00,2021-10-08T18:24:59+00:00,41977,2021-10-08T12:12:01+00:00,2021-10-09T00:37:57+00:00,2021-10-08T11:43:46+00:00,2021-10-09T01:06:13+00:00,2021-10-08T11:15:30+00:00,2021-10-09T01:34:29+00:00
2021-10-09,2021-10-09T12:35:51+00:00,2021-10-10T00:13:35+00:00,2021-10-09T18:24:43+00:00,41864,2021-10-09T12:12:41+00:00,2021-10-10T00:36:45+00:00,2021-10-09T11:44:25+00:00,2021-10-10T01:05:01+00:00,2021-10-09T11:16:10+00:00,2021-10-10T01:33:16+00:00
2021-10-10,2021-10-10T12:36:32+00:00,2021-10-11T00:12:22+00:00,2021-10-10T18:24:27+00:00,41750,2021-10-10T12:13:21+00:00,2021-10-11T00:35:33+00:00,2021-10-10T11:45:05+00:00,2021-10-11T01:03:50+00:00,2021-10-10T11:16:50+00:00,2021-10-11T01:32:05+00:00
2021-10-11,2021-10-11T12:37:14+00:00,2021-10-12T00:11:10+00:00,2021-10-11T18:24:12+00:00,41636,2021-10-11T12:14:01+00:00,2021-10-12T00:34:22+00:00,2021-10-11T11:45:44+00:00,2021-10-12T01:02:39+00:00,2021-10-11T11:17:29+00:00,2021-10-12T01:30:54+00:00
2021-10-12,2021-10-12T12:37:55+00:00,2021-10-13T00:09:59+00:00,2021-10-12T18:23:57+00:00,41524,2021-10-12T12:14:42+00:00,2021-10-13T00:33:12+00:00,2021-10-12T11:46:24+00:00,2021-10-13T01:01:30+00:00,2021-10-12T11:18:09+00:00,2021-10-13T01:29:45+00:00
2021-10-13,2021-10-13T12:38:37+00:00,2021-10-14T00:08:48+00:00,2021-10-13T18:23:43+00:00,41411,2021-10-13T12:15:22+00:00,2021-10-14T00:32:03+00:00,2021-10-13T11:47:04+00:00,2021-10-14T01:00:21+00:00,2021-10-13T11:18:49+00:00,2021-10-14T01:28:36+00:00
2021-10-14,2021-10-14T12:39:20+00:00,2021-10-15T00:07:38+00:00,2021-10-14T18:23:29+00:00,41298,2021-10-14T12:16:03+00:00,2021-10-15T00:30:54+00:00,2021-10-14T11:47:44+00:00,2021-10-15T00:59:14+00:00,2021-10-14T11:19:29+00:00,2021-10-15T01:27:28+00:00
2021-10-15,2021-10-15T12:40:02+00:00,2021-10-16T00:06:28+00:00,2021-10-15T18:23:15+00:00,41186,2021-10-15T12:16:45+00:00,2021-10-16T00:29:46+00:00,2021-10-15T11:48:24+00:00,2021-10-16T00:58:07+00:00,2021-10-15T11:20:09+00:00,2021-10-16T01:26:22+00:00
2021-10-16,2021-10-16T12:40:45+00:00,2021-10-17T00:05:20+00:00,2021-10-16T18:23:03+00:00,41075,2021-10-16T12:17:26+00:00,2021-10-17T00:28:39+00:00,2021-10-16T11:49:04+00:00,2021-10-17T00:57:01+00:00,2021-10-16T11:20:49+00:00,2021-10-17T01:25:16+00:00
2021-10-17,2021-10-17T12:41:29+00:00,2021-10-18T00:04:12+00:00,2021-10-17T18:22:51+00:00,40963,2021-10-17T12:18:08+00:00,2021-10-18T00:27:33+00:00,2021-10-17T11:49:45+00:00,2021-10-18T00:55:56+00:00,2021-10-17T11:21:29+00:00,2021-10-18T01:24:12+00:00
2021-10-18,2021-10-18T12:42:13+00:00,2021-10-19T00:03:05+00:00,2021-10-18T18:22:39+00:00,40852,2021-10-18T12:18:50+00:00,2021-10-19T00:26:28+00:00,2021-10-18T11:50:26+00:00,2021-10-19T00:54:52+00:00,2021-10-18T11:22:10+00:00,2021-10-19T01:23:08+00:00
2021-10-19,2021-10-19T12:42:57+00:00,2021-10-20T00:01:59+00:00,2021-10-19T18:22:28+00:00,40742,2021-10-19T12:19:33+00:00,2021-10-20T00:25:23+00:00,2021-10-19T11:51:07+00:00,2021-10-20T00:53:49+00:00,2021-10-19T11:22:50+00:00,2021-10-20T01:22:06+00:00
2021-10-20,2021-10-20T12:43:42+00:00,2021-10-21T00:00:54+00:00,2021-10-20T18:22:18+00:00,40632,2021-10-20T12:20:15+00:00,2021-10-21T00:24:20+00:00,2021-10-20T11:51:48+00:00,2021-10-21T00:52:47+00:00,2021-10-20T11:23:31+00:00,2021-10-21T01:21:05+00:00
2021-10-21,2021-10-21T12:44:27+00:00,2021-10-21T23:59:50+00:00,2021-10-21T18:22:08+00:00,40523,2021-10-21T12:20:59+00:00,2021-10-22T00:23:18+00:00,2021-10-21T11:52:30+00:00,2021-10-22T00:51:47+00:00,2021-10-21T11:24:12+00:00,2021-10-22T01:20:05+00:00
2021-10-22,2021-10-22T12:45:12+00:00,2021-10-22T23:58:46+00:00,2021-10-22T18:21:59+00:00,40414,2021-10-22T12:21:42+00:00,2021-10-23T00:22:16+00:00,2021-10-22T11:53:12+00:00,2021-10-23T00:50:47+00:00,2021-10-22T11:24:52+00:00,2021-10-23T01:19:06+00:00
2021-10-23,2021-10-23T12:45:58+00:00,2021-10-23T23:57:44+00:00,2021-10-23T18:21:51+00:00,40306,2021-10-23T12:22:26+00:00,2021-10-24T00:21:16+00:00,2021-10-23T11:53:54+00:00,2021-10-24T00:49:48+00:00,2021-10-23T11:25:34+00:00,2021-10-24T01:18:08+00:00
2021-10-24,2021-10-24T12:46:44+00:00,2021-10-24T23:56:43+00:00,2021-10-24T18:21:43+00:00,40199,2021-10-24T12:23:10+00:00,2021-10-25T00:20:17+00:00,2021-10-24T11:54:36+00:00,2021-10-25T00:48:51+00:00,2021-10-24T11:26:15+00:00,2021-10-25T01:17:12+00:00
2021-10-25,2021-10-25T12:47:31+00:00,2021-10-25T23:55:43+00:00,2021-10-25T18:21:37+00:00,40092,2021-10-25T12:23:54+00:00,2021-10-26T00:19:19+00:00,2021-10-25T11:55:19+00:00,2021-10-26T00:47:55+00:00,2021-10-25T11:26:56+00:00,2021-10-26T01:16:17+00:00
2021-10-26,2021-10-26T12:48:18+00:00,2021-10-26T23:54:43+00:00,2021-10-26T18:21:31+00:00,39985,2021-10-26T12:24:39+00:00,2021-10-27T00:18:22+00:00,2021-10-26T11:56:01+00:00,2021-10-27T00:47:00+00:00,2021-10-26T11:27:38+00:00,2021-10-27T01:15:23+00:00
2021-10-27,2021-10-27T12:49:05+00:00,2021-10-27T23:53:45+00:00,2021-10-27T18:21:25+00:00,39880,2021-10-27T12:25:24+00:00,2021-10-28T00:17:26+00:00,2021-10-27T11:56:44+00:00,2021-10-28T00:46:06+00:00,2021-10-27T11:28:20+00:00,2021-10-28T01:14:31+00:00
2021-10-28,2021-10-28T12:49:53+00:00,2021-10-28T23:52:48+00:00,2021-10-28T18:21:21+00:00,39775,2021-10-28T12:26:10+00:00,2021-10-29T00:16:31+00:00,2021-10-28T11:57:28+00:00,2021-10-29T00:45:13+00:00,2021-10-28T11:29:02+00:00,2021-10-29T01:13:39+00:00
2021-10-29,2021-10-29T12:50:41+00:00,2021-10-29T23:51:53+00:00,2021-10-29T18:21:17+00:00,39672,2021-10-29T12:26:56+00:00,2021-10-30T00:15:38+00:00,2021-10-29T11:58:11+00:00,2021-10-30T00:44:22+00:00,2021-10-29T11:29:44+00:00,2021-10-30T01:12:49+00:00
2021-10-30,2021-10-30T12:51:29+00:00,2021-10-30T23:50:58+00:00,2021-10-30T18:21:14+00:00,39569,2021-10-30T12:27:42+00:00,2021-10-31T00:14:46+00:00,2021-10-30T11:58:55+00:00,2021-10-31T00:43:32+00:00,2021-10-30T11:30:26+00:00,2021-10-31T01:12:01+00:00
2021-10-31,2021-10-31T12:52:18+00:00,2021-10-31T23:50:04+00:00,2021-10-31T18:21:11+00:00,39466,2021-10-31T12:28:28+00:00,2021-11-01T00:13:55+00:00,2021-10-31T11:59:39+00:00,2021-11-01T00:42:43+00:00,2021-10-31T11:31:09+00:00,2021-11-01T01:11:14+00:00
2021-11-01,2021-11-01T12:53:07+00:00,2021-11-01T23:49:12+00:00,2021-11-01T18:21:10+00:00,39365,2021-11-01T12:29:15+00:00,2021-11-02T00:13:05+00:00,2021-11-01T12:00:24+00:00,2021-11-02T00:41:56+00:00,2021-11-01T11:31:52+00:00,2021-11-02T01:10:28+00:00
2021-11-02,2021-11-02T12:53:57+00:00,2021-11-02T23:48:21+00:00,2021-11-02T18:21:09+00:00,39264,2021-11-02T12:30:02+00:00,2021-11-03T00:12:17+00:00,2021-11-02T12:01:08+00:00,2021-11-03T00:41:10+00:00,2021-11-02T11:32:35+00:00,2021-11-03T01:09:44+00:00
2021-11-03,2021-11-03T12:54:47+00:00,2021-11-03T23:47:32+00:00,2021-11-03T18:21:09+00:00,39165,2021-11-03T12:30:49+00:00,2021-11-04T00:11:30+00:00,2021-11-03T12:01:53+00:00,2021-11-04T00:40:25+00:00,2021-11-03T11:33:18+00:00,2021-11-04T01:09:01+00:00
2021-11-04,2021-11-04T12:55:37+00:00,2021-11-04T23:46:44+00:00,2021-11-04T18:21:10+00:00,39067,2021-11-04T12:31:36+00:00,2021-11-05T00:10:44+00:00,2021-11-04T12:02:38+00:00,2021-11-05T00:39:42+00:00,2021-11-04T11:34:01+00:00,2021-11-05T01:08:19+00:00
2021-11-05,2021-11-05T12:56:27+00:00,2021-11-05T23:45:57+00:00,2021-11-05T18:21:12+00:00,38970,2021-11-05T12:32:24+00:00,2021-11-06T00:10:00+00:00,2021-11-05T12:03:24+00:00,2021-11-06T00:39:00+00:00,2021-11-05T11:34:45+00:00,2021-11-06T01:07:39+00:00
2021-11-06,2021-11-06T12:57:18+00:00,2021-11-06T23:45:11+00:00,2021-11-06T18:21:15+00:00,38873,2021-11-06T12:33:12+00:00,2021-11-07T00:09:17+00:00,2021-11-06T12:04:09+00:00,2021-11-07T00:38:20+00:00,2021-11-06T11:35:28+00:00,2021-11-07T01:07:01+00:00
2021-11-07,2021-11-07T12:58:09+00:00,2021-11-07T23:44:27+00:00,2021-11-07T18:21:18+00:00,38778,2021-11-07T12:34:01+00:00,2021-11-08T00:08:35+00:00,2021-11-07T12:04:55+00:00,2021-11-08T00:37:41+00:00,2021-11-07T11:36:12+00:00,2021-11-08T01:06:24+00:00
2021-11-08,2021-11-08T12:59:00+00:00,2021-11-08T23:43:44+00:00,2021-11-08T18:21:22+00:00,38684,2021-11-08T12:34:49+00:00,2021-11-09T00:07:55+00:00,2021-11-08T12:05:41+00:00,2021-11-09T00:37:04+00:00,2021-11-08T11:36:56+00:00,2021-11-09T01:05:49+00:00
2021-11-09,2021-11-09T12:59:52+00:00,2021-11-09T23:43:03+00:00,2021-11-09T18:21:28+00:00,38591,2021-11-09T12:35:38+00:00,2021-11-10T00:07:17+00:00,2021-11-09T12:06:27+00:00,2021-11-10T00:36:28+00:00,2021-11-09T11:37:40+00:00,2021-11-10T01:05:15+00:00
2021-11-10,2021-11-10T13:00:44+00:00,2021-11-10T23:42:23+00:00,2021-11-10T18:21:33+00:00,38499,2021-11-10T12:36:27+00:00,2021-11-11T00:06:40+00:00,2021-11-10T12:07:13+00:00,2021-11-11T00:35:54+00:00,2021-11-10T11:38:25+00:00,2021-11-11T01:04:42+00:00
2021-11-11,2021-11-11T13:01:35+00:00,2021-11-11T23:41:45+00:00,2021-11-11T18:21:40+00:00,38410,2021-11-11T12:37:16+00:00,2021-11-12T00:06:04+00:00,2021-11-11T12:08:00+00:00,2021-11-12T00:35:21+00:00,2021-11-11T11:39:09+00:00,2021-11-12T01:04:11+00:00
2021-11-12,2021-11-12T13:02:28+00:00,2021-11-12T23:41:08+00:00,2021-11-12T18:21:48+00:00,38320,2021-11-12T12:38:06+00:00,2021-11-13T00:05:31+00:00,2021-11-12T12:08:46+00:00,2021-11-13T00:34:50+00:00,2021-11-12T11:39:54+00:00,2021-11-13T01:03:42+00:00
2021-11-13,2021-11-13T13:03:20+00:00,2021-11-13T23:40:33+00:00,2021-11-13T18:21:57+00:00,38233,2021-11-13T12:38:55+00:00,2021-11-14T00:04:58+00:00,2021-11-13T12:09:33+00:00,2021-11-14T00:34:20+00:00,2021-11-13T11:40:39+00:00,2021-11-14T01:03:15+00:00
2021-11-14,2021-11-14T13:04:12+00:00,2021-11-14T23:40:00+00:00,2021-11-14T18:22:06+00:00,38148,2021-11-14T12:39:45+00:00,2021-11-15T00:04:27+00:00,2021-11-14T12:10:20+00:00,2021-11-15T00:33:52+00:00,2021-11-14T11:41:23+00:00,2021-11-15T01:02:48+00:00
2021-11-15,2021-11-15T13:05:04+00:00,2021-11-15T23:39:28+00:00,2021-11-15T18:22:16+00:00,38064,2021-11-15T12:40:34+00:00,2021-11-16T00:03:58+00:00,2021-11-15T12:11:07+00:00,2021-11-16T00:33:25+00:00,2021-11-15T11:42:08+00:00,2021-11-16T01:02:24+00:00
2021-11-16,2021-11-16T13:05:57+00:00,2021-11-16T23:38:57+00:00,2021-11-16T18:22:27+00:00,37980,2021-11-16T12:41:24+00:00,2021-11-17T00:03:30+00:00,2021-11-16T12:11:54+00:00,2021-11-17T00:33:00+00:00,2021-11-16T11:42:53+00:00,2021-11-17T01:02:01+00:00
2021-11-17,2021-11-17T13:06:50+00:00,2021-11-17T23:38:29+00:00,2021-11-17T18:22:39+00:00,37899,2021-11-17T12:42:14+00:00,2021-11-18T00:03:04+00:00,2021-11-17T12:12:41+00:00,2021-11-18T00:32:37+00:00,2021-11-17T11:43:38+00:00,2021-11-18T01:01:40+00:00
2021-11-18,2021-11-18T13:07:42+00:00,2021-11-18T23:38:02+00:00,2021-11-18T18:22:52+00:00,37820,2021-11-18T12:43:04+00:00,2021-11-19T00:02:40+00:00,2021-11-18T12:13:28+00:00,2021-11-19T00:32:15+00:00,2021-11-18T11:44:23+00:00,2021-11-19T01:01:20+00:00
2021-11-19,2021-11-19T13:08:35+00:00,2021-11-19T23:37:36+00:00,2021-11-19T18:23:05+00:00,37741,2021-11-19T12:43:53+00:00,2021-11-20T00:02:17+00:00,2021-11-19T12:14:16+00:00,2021-11-20T00:31:55+00:00,2021-11-19T11:45:08+00:00,2021-11-20T01:01:02+00:00
2021-11-20,2021-11-20T13:09:27+00:00,2021-11-20T23:37:13+00:00,2021-11-20T18:23:20+00:00,37666,2021-11-20T12:44:43+00:00,2021-11-21T00:01:56+00:00,2021-11-20T12:15:03+00:00,2021-11-21T00:31:37+00:00,2021-11-20T11:45:54+00:00,2021-11-21T01:00:46+00:00
2021-11-21,2021-11-21T13:10:19+00:00,2021-11-21T23:36:51+00:00,2021-11-21T18:23:35+00:00,37592,2021-11-21T12:45:33+00:00,2021-11-22T00:01:37+00:00,2021-11-21T12:15:50+00:00,2021-11-22T00:31:20+00:00,2021-11-21T11:46:39+00:00,2021-11-22T01:00:31+00:00
2021-11-22,2021-11-22T13:11:12+00:00,2021-11-22T23:36:30+00:00,2021-11-22T18:23:51+00:00,37518,2021-11-22T12:46:23+00:00,2021-11-23T00:01:19+00:00,2021-11-22T12:16:37+00:00,2021-11-23T00:31:05+00:00,2021-11-22T11:47:24+00:00,2021-11-23T01:00:18+00:00
2021-11-23,2021-11-23T13:12:04+00:00,2021-11-23T23:36:12+00:00,2021-11-23T18:24:08+00:00,37448,2021-11-23T12:47:12+00:00,2021-11-24T00:01:03+00:00,2021-11-23T12:17:24+00:00,2021-11-24T00:30:51+00:00,2021-11-23T11:48:09+00:00,2021-11-24T01:00:07+00:00
2021-11-24,2021-11-24T13:12:55+00:00,2021-11-24T23:35:55+00:00,2021-11-24T18:24:25+00:00,37380,2021-11-24T12:48:01+00:00,2021-11-25T00:00:49+00:00,2021-11-24T12:18:11+00:00,2021-11-25T00:30:40+00:00,2021-11-24T11:48:53+00:00,2021-11-25T00:59:57+00:00
2021-11-25,2021-11-25T13:13:47+00:00,2021-11-25T23:35:40+00:00,2021-11-25T18:24:43+00:00,37313,2021-11-25T12:48:51+00:00,2021-11-26T00:00:36+00:00,2021-11-25T12:18:57+00:00,2021-11-26T00:30:30+00:00,2021-11-25T11:49:38+00:00,2021-11-26T00:59:49+00:00
2021-11-26,2021-11-26T13:14:38+00:00,2021-11-26T23:35:27+00:00,2021-11-26T18:25:03+00:00,37249,2021-11-26T12:49:39+00:00,2021-11-27T00:00:26+00:00,2021-11-26T12:19:44+00:00,2021-11-27T00:30:21+00:00,2021-11-26T11:50:23+00:00,2021-11-27T00:59:42+00:00
2021-11-27,2021-11-27T13:15:29+00:00,2021-11-27T23:35:15+00:00,2021-11-27T18:25:22+00:00,37186,2021-11-27T12:50:28+00:00,2021-11-28T00:00:16+00:00,2021-11-27T12:20:30+00:00,2021-11-28T00:30:14+00:00,2021-11-27T11:51:07+00:00,2021-11-28T00:59:37+00:00
2021-11-28,2021-11-28T13:16:20+00:00,2021-11-28T23:35:05+00:00,2021-11-28T18:25:43+00:00,37125,2021-11-28T12:51:16+00:00,2021-11-29T00:00:09+00:00,2021-11-28T12:21:16+00:00,2021-11-29T00:30:09+00:00,2021-11-28T11:51:51+00:00,2021-11-29T00:59:34+00:00
2021-11-29,2021-11-29T13:17:10+00:00,2021-11-29T23:34:58+00:00,2021-11-29T18:26:04+00:00,37068,2021-11-29T12:52:04+00:00,2021-11-30T00:00:03+00:00,2021-11-29T12:22:02+00:00,2021-11-30T00:30:06+00:00,2021-11-29T11:52:35+00:00,2021-11-30T00:59:32+00:00
2021-11-30,2021-11-30T13:18:00+00:00,2021-11-30T23:34:51+00:00,2021-11-30T18:26:26+00:00,37011,2021-11-30T12:52:52+00:00,2021-11-30T23:59:59+00:00,2021-11-30T12:22:47+00:00,2021-12-01T00:30:04+00:00,2021-11-30T11:53:19+00:00,2021-12-01T00:59:32+00:00
2021-12-01,2021-12-01T13:18:49+00:00,2021-12-01T23:34:47+00:00,2021-12-01T18:26:48+00:00,36958,2021-12-01T12:53:39+00:00,2021-12-01T23:59:57+00:00,2021-12-01T12:23:33+00:00,2021-12-02T00:30:04+00:00,2021-12-01T11:54:03+00:00,2021-12-02T00:59:34+00:00
2021-12-02,2021-12-02T13:19:38+00:00,2021-12-02T23:34:44+00:00,2021-12-02T18:27:11+00:00,36906,2021-12-02T12:54:26+00:00,2021-12-02T23:59:57+00:00,2021-12-02T12:24:17+00:00,2021-12-03T00:30:05+00:00,2021-12-02T11:54:46+00:00,2021-12-03T00:59:37+00:00
2021-12-03,2021-12-03T13:20:26+00:00,2021-12-03T23:34:44+00:00,2021-12-03T18:27:35+00:00,36858,2021-12-03T12:55:12+00:00,2021-12-03T23:59:58+00:00,2021-12-03T12:25:02+00:00,2021-12-04T00:30:08+00:00,2021-12-03T11:55:28+00:00,2021-12-04T00:59:42+00:00
2021-12-04,2021-12-04T13:21:14+00:00,2021-12-04T23:34:45+00:00,2021-12-04T18:27:59+00:00,36811,2021-12-04T12:55:58+00:00,2021-12-05T00:00:01+00:00,2021-12-04T12:25:45+00:00,2021-12-05T00:30:13+00:00,2021-12-04T11:56:11+00:00,2021-12-05T00:59:48+00:00
2021-12-05,2021-12-05T13:22:01+00:00,2021-12-05T23:34:48+00:00,2021-12-05T18:28:24+00:00,36767,2021-12-05T12:56:43+00:00,2021-12-06T00:00:05+00:00,2021-12-05T12:26:29+00:00,2021-12-06T00:30:20+00:00,2021-12-05T11:56:53+00:00,2021-12-06T00:59:56+00:00
2021-12-06,2021-12-06T13:22:47+00:00,2021-12-06T23:34:52+00:00,2021-12-06T18:28:50+00:00,36725,2021-12-06T12:57:28+00:00,2021-12-07T00:00:11+00:00,2021-12-06T12:27:12+00:00,2021-12-07T00:30:28+00:00,2021-12-06T11:57:34+00:00,2021-12-07T01:00:05+00:00
2021-12-07,2021-12-07T13:23:33+00:00,2021-12-07T23:34:58+00:00,2021-12-07T18:29:15+00:00,36685,2021-12-07T12:58:12+00:00,2021-12-08T00:00:19+00:00,2021-12-07T12:27:54+00:00,2021-12-08T00:30:37+00:00,2021-12-07T11:58:15+00:00,2021-12-08T01:00:16+00:00
2021-12-08,2021-12-08T13:24:17+00:00,2021-12-08T23:35:07+00:00,2021-12-08T18:29:42+00:00,36650,2021-12-08T12:58:55+00:00,2021-12-09T00:00:29+00:00,2021-12-08T12:28:36+00:00,2021-12-09T00:30:48+00:00,2021-12-08T11:58:56+00:00,2021-12-09T01:00:28+00:00
2021-12-09,2021-12-09T13:25:01+00:00,2021-12-09T23:35:16+00:00,2021-12-09T18:30:09+00:00,36615,2021-12-09T12:59:37+00:00,2021-12-10T00:00:40+00:00,2021-12-09T12:29:17+00:00,2021-12-10T00:31:01+00:00,2021-12-09T11:59:36+00:00,2021-12-10T01:00:42+00:00
2021-12-10,2021-12-10T13:25:44+00:00,2021-12-10T23:35:28+00:00,2021-12-10T18:30:36+00:00,36584,2021-12-10T13:00:19+00:00,2021-12-11T00:00:53+00:00,2021-12-10T12:29:57+00:00,2021-12-11T00:31:15+00:00,2021-12-10T12:00:15+00:00,2021-12-11T01:00:57+00:00
2021-12-11,2021-12-11T13:26:26+00:00,2021-12-11T23:35:41+00:00,2021-12-11T18:31:04+00:00,36555,2021-12-11T13:01:00+00:00,2021-12-12T00:01:08+00:00,2021-12-11T12:30:37+00:00,2021-12-12T00:31:31+00:00,2021-12-11T12:00:53+00:00,2021-12-12T01:01:14+00:00
2021-12-12,2021-12-12T13:27:07+00:00,2021-12-12T23:35:56+00:00,2021-12-12T18:31:32+00:00,36529,2021-12-12T13:01:39+00:00,2021-12-13T00:01:24+00:00,2021-12-12T12:31:15+00:00,2021-12-13T00:31:48+00:00,2021-12-12T12:01:31+00:00,2021-12-13T01:01:32+00:00
2021-12-13,2021-12-13T13:27:47+00:00,2021-12-13T23:36:13+00:00,2021-12-13T18:32:00+00:00,36506,2021-12-13T13:02:18+00:00,2021-12-14T00:01:41+00:00,2021-12-13T12:31:53+00:00,2021-12-14T00:32:07+00:00,2021-12-13T12:02:09+00:00,2021-12-14T01:01:51+00:00
2021-12-14,2021-12-14T13:28:26+00:00,2021-12-14T23:36:31+00:00,2021-12-14T18:32:29+00:00,36485,2021-12-14T13:02:57+00:00,2021-12-15T00:02:01+00:00,2021-12-14T12:32:31+00:00,2021-12-15T00:32:27+00:00,2021-12-14T12:02:45+00:00,2021-12-15T01:02:12+00:00
2021-12-15,2021-12-15T13:29:04+00:00,2021-12-15T23:36:51+00:00,2021-12-15T18:32:58+00:00,36467,2021-12-15T13:03:34+00:00,2021-12-16T00:02:21+00:00,2021-12-15T12:33:07+00:00,2021-12-16T00:32:48+00:00,2021-12-15T12:03:21+00:00,2021-12-16T01:02:34+00:00
2021-12-16,2021-12-16T13:29:40+00:00,2021-12-16T23:37:13+00:00,2021-12-16T18:33:27+00:00,36453,2021-12-16T13:04:10+00:00,2021-12-17T00:02:44+00:00,2021-12-16T12:33:42+00:00,2021-12-17T00:33:11+00:00,2021-12-16T12:03:56+00:00,2021-12-17T01:02:58+00:00
2021-12-17,2021-12-17T13:30:16+00:00,2021-12-17T23:37:36+00:00,2021-12-17T18:33:56+00:00,36440,2021-12-17T13:04:45+00:00,2021-12-18T00:03:07+00:00,2021-12-17T12:34:17+00:00,2021-12-18T00:33:35+00:00,2021-12-17T12:04:30+00:00,2021-12-18T01:03:22+00:00
2021-12-18,2021-12-18T13:30:50+00:00,2021-12-18T23:38:01+00:00,2021-12-18T18:34:25+00:00,36431,2021-12-18T13:05:18+00:00,2021-12-19T00:03:33+00:00,2021-12-18T12:34:50+00:00,2021-12-19T00:34:01+00:00,2021-12-18T12:05:03+00:00,2021-12-19T01:03:48+00:00
2021-12-19,2021-12-19T13:31:23+00:00,2021-12-19T23:38:27+00:00,2021-12-19T18:34:55+00:00,36424,2021-12-19T13:05:51+00:00,2021-12-20T00:03:59+00:00,2021-12-19T12:35:23+00:00,2021-12-20T00:34:28+00:00,2021-12-19T12:05:35+00:00,2021-12-20T01:04:15+00:00
2021-12-20,2021-12-20T13:31:55+00:00,2021-12-20T23:38:55+00:00,2021-12-20T18:35:25+00:00,36420,2021-12-20T13:06:23+00:00,2021-12-21T00:04:27+00:00,2021-12-20T12:35:54+00:00,2021-12-21T00:34:56+00:00,2021-12-20T12:06:06+00:00,2021-12-21T01:04:43+00:00
2021-12-21,2021-12-21T13:32:25+00:00,2021-12-21T23:39:24+00:00,2021-12-21T18:35:55+00:00,36419,2021-12-21T13:06:53+00:00,2021-12-22T00:04:56+00:00,2021-12-21T12:36:24+00:00,2021-12-22T00:35:25+00:00,2021-12-21T12:06:37+00:00,2021-12-22T01:05:13+00:00
2021-12-22,2021-12-22T13:32:54+00:00,2021-12-22T23:39:55+00:00,2021-12-22T18:36:25+00:00,36421,2021-12-22T13:07:22+00:00,2021-12-23T00:05:27+00:00,2021-12-22T12:36:53+00:00,2021-12-23T00:35:56+00:00,2021-12-22T12:07:06+00:00,2021-12-23T01:05:43+00:00
2021-12-23,2021-12-23T13:33:22+00:00,2021-12-23T23:40:27+00:00,2021-12-23T18:36:54+00:00,36425,2021-12-23T13:07:50+00:00,2021-12-24T00:05:59+00:00,2021-12-23T12:37:21+00:00,2021-12-24T00:36:27+00:00,2021-12-23T12:07:34+00:00,2021-12-24T01:06:15+00:00
2021-12-24,2021-12-24T13:33:48+00:00,2021-12-24T23:41:01+00:00,2021-12-24T18:37:24+00:00,36433,2021-12-24T13:08:16+00:00,2021-12-25T00:06:32+00:00,2021-12-24T12:37:48+00:00,2021-12-25T00:37:00+00:00,2021-12-24T12:08:01+00:00,2021-12-25T01:06:48+00:00
2021-12-25,2021-12-25T13:34:12+00:00,2021-12-25T23:41:36+00:00,2021-12-25T18:37:54+00:00,36444,2021-12-25T13:08:41+00:00,2021-12-26T00:07:07+00:00,2021-12-25T12:38:14+00:00,2021-12-26T00:37:34+00:00,2021-12-25T12:08:27+00:00,2021-12-26T01:07:21+00:00
2021-12-26,2021-12-26T13:34:35+00:00,2021-12-26T23:42:12+00:00,2021-12-26T18:38:24+00:00,36457,2021-12-26T13:09:05+00:00,2021-12-27T00:07:42+00:00,2021-12-26T12:38:38+00:00,2021-12-27T00:38:09+00:00,2021-12-26T12:08:51+00:00,2021-12-27T01:07:56+00:00
2021-12-27,2021-12-27T13:34:57+00:00,2021-12-27T23:42:49+00:00,2021-12-27T18:38:53+00:00,36472,2021-12-27T13:09:27+00:00,2021-12-28T00:08:19+00:00,2021-12-27T12:39:01+00:00,2021-12-28T00:38:45+00:00,2021-12-27T12:09:15+00:00,2021-12-28T01:08:31+00:00
2021-12-28,2021-12-28T13:35:17+00:00,2021-12-28T23:43:28+00:00,2021-12-28T18:39:22+00:00,36491,2021-12-28T13:09:48+00:00,2021-12-29T00:08:57+00:00,2021-12-28T12:39:22+00:00,2021-12-29T00:39:22+00:00,2021-12-28T12:09:37+00:00,2021-12-29T01:09:08+00:00
2021-12-29,2021-12-29T13:35:35+00:00,2021-12-29T23:44:07+00:00,2021-12-29T18:39:51+00:00,36512,2021-12-29T13:10:07+00:00,2021-12-30T00:09:36+00:00,2021-12-29T12:39:43+00:00,2021-12-30T00:40:00+00:00,2021-12-29T12:09:58+00:00,2021-12-30T01:09:45+00:00
2021-12-30,2021-12-30T13:35:52+00:00,2021-12-30T23:44:48+00:00,2021-12-30T18:40:20+00:00,36536,2021-12-30T13:10:25+00:00,2021-12-31T00:10:15+00:00,2021-12-30T12:40:01+00:00,2021-12-31T00:40:39+00:00,2021-12-30T12:10:18+00:00,2021-12-31T01:10:23+00:00
2021-12-31,2021-12-31T13:36:07+00:00,2021-12-31T23:45:30+00:00,2021-12-31T18:40:49+00:00,36563,2021-12-31T13:10:42+00:00,2022-01-01T00:10:56+00:00,2021-12-31T12:40:19+00:00,2022-01-01T00:41:19+00:00,2021-12-31T12:10:36+00:00,2022-01-01T01:11:02+00:00
2022-01-01,2022-01-01T13:36:21+00:00,2022-01-01T23:46:13+00:00,2022-01-01T18:41:17+00:00,36592,2022-01-01T13:10:56+00:00,2022-01-02T00:11:38+00:00,2022-01-01T12:40:35+00:00,2022-01-02T00:42:00+00:00,2022-01-01T12:10:53+00:00,2022-01-02T01:11:41+00:00
2022-01-02,2022-01-02T13:36:33+00:00,2022-01-02T23:46:57+00:00,2022-01-02T18:41:45+00:00,36624,2022-01-02T13:11:10+00:00,2022-01-03T00:12:21+00:00,2022-01-02T12:40:49+00:00,2022-01-03T00:42:41+00:00,2022-01-02T12:11:09+00:00,2022-01-03T01:12:22+00:00
2022-01-03,2022-01-03T13:36:43+00:00,2022-01-03T23:47:42+00:00,2022-01-03T18:42:13+00:00,36659,2022-01-03T13:11:21+00:00,2022-01-04T00:13:04+00:00,2022-01-03T12:41:02+00:00,2022-01-04T00:43:23+00:00,2022-01-03T12:11:23+00:00,2022-01-04T01:13:03+00:00
2022-01-04,2022-01-04T13:36:52+00:00,2022-01-04T23:48:28+00:00,2022-01-04T18:42:40+00:00,36696,2022-01-04T13:11:31+00:00,2022-01-05T00:13:49+00:00,2022-01-04T12:41:14+00:00,2022-01-05T00:44:06+00:00,2022-01-04T12:11:36+00:00,2022-01-05T01:13:44+00:00
2022-01-05,2022-01-05T13:36:58+00:00,2022-01-05T23:49:15+00:00,2022-01-05T18:43:07+00:00,36737,2022-01-05T13:11:40+00:00,2022-01-06T00:14:34+00:00,2022-01-05T12:41:24+00:00,2022-01-06T00:44:49+00:00,2022-01-05T12:11:47+00:00,2022-01-06T01:14:27+00:00
2022-01-06,2022-01-06T13:37:03+00:00,2022-01-06T23:50:03+00:00,2022-01-06T18:43:33+00:00,36780,2022-01-06T13:11:46+00:00,2022-01-07T00:15:20+00:00,2022-01-06T12:41:33+00:00,2022-01-07T00:45:34+00:00,2022-01-06T12:11:57+00:00,2022-01-07T01:15:09+00:00
2022-01-07,2022-01-07T13:37:07+00:00,2022-01-07T23:50:51+00:00,2022-01-07T18:43:59+00:00,36824,2022-01-07T13:11:52+00:00,2022-01-08T00:16:06+00:00,2022-01-07T12:41:40+00:00,2022-01-08T00:46:18+00:00,2022-01-07T12:12:05+00:00,2022-01-08T01:15:53+00:00
2022-01-08,2022-01-08T13:37:08+00:00,2022-01-08T23:51:40+00:00,2022-01-08T18:44:24+00:00,36872,2022-01-08T13:11:55+00:00,2022-01-09T00:16:54+00:00,2022-01-08T12:41:45+00:00,2022-01-09T00:47:04+00:00,2022-01-08T12:12:12+00:00,2022-01-09T01:16:36+00:00
2022-01-09,2022-01-09T13:37:08+00:00,2022-01-09T23:52:30+00:00,2022-01-09T18:44:49+00:00,36922,2022-01-09T13:11:57+00:00,2022-01-10T00:17:41+00:00,2022-01-09T12:41:49+00:00,2022-01-10T00:47:49+00:00,2022-01-09T12:12:18+00:00,2022-01-10T01:17:21+00:00
2022-01-10,2022-01-10T13:37:06+00:00,2022-01-10T23:53:20+00:00,2022-01-10T18:45:13+00:00,36974,2022-01-10T13:11:57+00:00,2022-01-11T00:18:30+00:00,2022-01-10T12:41:51+00:00,2022-01-11T00:48:36+00:00,2022-01-10T12:12:22+00:00,2022-01-11T01:18:05+00:00
2022-01-11,2022-01-11T13:37:03+00:00,2022-01-11T23:54:11+00:00,2022-01-11T18:45:37+00:00,37028,2022-01-11T13:11:56+00:00,2022-01-12T00:19:19+00:00,2022-01-11T12:41:52+00:00,2022-01-12T00:49:23+00:00,2022-01-11T12:12:24+00:00,2022-01-12T01:18:50+00:00
2022-01-12,2022-01-12T13:36:57+00:00,2022-01-12T23:55:03+00:00,2022-01-12T18:46:00+00:00,37086,2022-01-12T13:11:52+00:00,2022-01-13T00:20:08+00:00,2022-01-12T12:41:51+00:00,2022-01-13T00:50:10+00:00,2022-01-12T12:12:25+00:00,2022-01-13T01:19:36+00:00
2022-01-13,2022-01-13T13:36:50+00:00,2022-01-13T23:55:55+00:00,2022-01-13T18:46:23+00:00,37145,2022-01-13T13:11:48+00:00,2022-01-14T00:20:58+00:00,2022-01-13T12:41:48+00:00,2022-01-14T00:50:57+00:00,2022-01-13T12:12:24+00:00,2022-01-14T01:20:21+00:00
2022-01-14,2022-01-14T13:36:41+00:00,2022-01-14T23:56:48+00:00,2022-01-14T18:46:45+00:00,37207,2022-01-14T13:11:41+00:00,2022-01-15T00:21:48+00:00,2022-01-14T12:41:44+00:00,2022-01-15T00:51:45+00:00,2022-01-14T12:12:22+00:00,2022-01-15T01:21:07+00:00
2022-01-15,2022-01-15T13:36:31+00:00,2022-01-15T23:57:41+00:00,2022-01-15T18:47:06+00:00,37270,2022-01-15T13:11:33+00:00,2022-01-16T00:22:39+00:00,2022-01-15T12:41:38+00:00,2022-01-16T00:52:33+00:00,2022-01-15T12:12:18+00:00,2022-01-16T01:21:54+00:00
2022-01-16,2022-01-16T13:36:18+00:00,2022-01-16T23:58:34+00:00,2022-01-16T18:47:26+00:00,37336,2022-01-16T13:11:23+00:00,2022-01-17T00:23:29+00:00,2022-01-16T12:41:31+00:00,2022-01-17T00:53:22+00:00,2022-01-16T12:12:12+00:00,2022-01-17T01:22:40+00:00
2022-01-17,2022-01-17T13:36:04+00:00,2022-01-17T23:59:28+00:00,2022-01-17T18:47:46+00:00,37404,2022-01-17T13:11:11+00:00,2022-01-18T00:24:21+00:00,2022-01-17T12:41:21+00:00,2022-01-18T00:54:10+00:00,2022-01-17T12:12:05+00:00,2022-01-18T01:23:27+00:00
2022-01-18,2022-01-18T13:35:48+00:00,2022-01-19T00:00:22+00:00,2022-01-18T18:48:05+00:00,37474,2022-01-18T13:10:58+00:00,2022-01-19T00:25:12+00:00,2022-01-18T12:41:11+00:00,2022-01-19T00:54:59+00:00,2022-01-18T12:11:56+00:00,2022-01-19T01:24:14+00:00
2022-01-19,2022-01-19T13:35:31+00:00,2022-01-20T00:01:16+00:00,2022-01-19T18:48:23+00:00,37545,2022-01-19T13:10:43+00:00,2022-01-20T00:26:04+00:00,2022-01-19T12:40:58+00:00,2022-01-20T00:55:49+00:00,2022-01-19T12:11:46+00:00,2022-01-20T01:25:01+00:00
2022-01-20,2022-01-20T13:35:11+00:00,2022-01-21T00:02:11+00:00,2022-01-20T18:48:41+00:00,37620,2022-01-20T13:10:26+00:00,2022-01-21T00:26:56+00:00,2022-01-20T12:40:44+00:00,2022-01-21T00:56:38+00:00,2022-01-20T12:11:34+00:00,2022-01-21T01:25:48+00:00
2022-01-21,2022-01-21T13:34:51+00:00,2022-01-22T00:03:05+00:00,2022-01-21T18:48:58+00:00,37694,2022-01-21T13:10:08+00:00,2022-01-22T00:27:48+00:00,2022-01-21T12:40:29+00:00,2022-01-22T00:57:27+00:00,2022-01-21T12:11:20+00:00,2022-01-22T01:26:36+00:00
2022-01-22,2022-01-22T13:34:28+00:00,2022-01-23T00:04:00+00:00,2022-01-22T18:49:14+00:00,37772,2022-01-22T13:09:48+00:00,2022-01-23T00:28:40+00:00,2022-01-22T12:40:11+00:00,2022-01-23T00:58:17+00:00,2022-01-22T12:11:05+00:00,2022-01-23T01:27:23+00:00
2022-01-23,2022-01-23T13:34:04+00:00,2022-01-24T00:04:55+00:00,2022-01-23T18:49:29+00:00,37851,2022-01-23T13:09:27+00:00,2022-01-24T00:29:32+00:00,2022-01-23T12:39:52+00:00,2022-01-24T00:59:06+00:00,2022-01-23T12:10:48+00:00,2022-01-24T01:28:10+00:00
2022-01-24,2022-01-24T13:33:38+00:00,2022-01-25T00:05:50+00:00,2022-01-24T18:49:44+00:00,37932,2022-01-24T13:09:03+00:00,2022-01-25T00:30:24+00:00,2022-01-24T12:39:32+00:00,2022-01-25T00:59:56+00:00,2022-01-24T12:10:30+00:00,2022-01-25T01:28:58+00:00
2022-01-25,2022-01-25T13:33:10+00:00,2022-01-26T00:06:45+00:00,2022-01-25T18:49:58+00:00,38015,2022-01-25T13:08:39+00:00,2022-01-26T00:31:17+00:00,2022-01-25T12:39:10+00:00,2022-01-26T01:00:45+00:00,2022-01-25T12:10:10+00:00,2022-01-26T01:29:45+00:00
2022-01-26,2022-01-26T13:32:41+00:00,2022-01-27T00:07:40+00:00,2022-01-26T18:50:11+00:00,38099,2022-01-26T13:08:12+00:00,2022-01-27T00:32:09+00:00,2022-01-26T12:38:46+00:00,2022-01-27T01:01:35+00:00,2022-01-26T12:09:48+00:00,2022-01-27T01:30:33+00:00
2022-01-27,2022-01-27T13:32:10+00:00,2022-01-28T00:08:35+00:00,2022-01-27T18:50:23+00:00,38185,2022-01-27T13:07:44+00:00,2022-01-28T00:33:01+00:00,2022-01-27T12:38:21+00:00,2022-01-28T01:02:24+00:00,2022-01-27T12:09:25+00:00,2022-01-28T01:31:20+00:00
2022-01-28,2022-01-28T13:31:38+00:00,2022-01-29T00:09:30+00:00,2022-01-28T18:50:34+00:00,38272,2022-01-28T13:07:15+00:00,2022-01-29T00:33:53+00:00,2022-01-28T12:37:54+00:00,2022-01-29T01:03:14+00:00,2022-01-28T12:09:00+00:00,2022-01-29T01:32:08+00:00
2022-01-29,2022-01-29T13:31:04+00:00,2022-01-30T00:10:25+00:00,2022-01-29T18:50:45+00:00,38361,2022-01-29T13:06:43+00:00,2022-01-30T00:34:46+00:00,2022-01-29T12:37:26+00:00,2022-01-30T01:04:03+00:00,2022-01-29T12:08:34+00:00,2022-01-30T01:32:55+00:00
2022-01-30,2022-01-30T13:30:28+00:00,2022-01-31T00:11:20+00:00,2022-01-30T18:50:54+00:00,38452,2022-01-30T13:06:11+00:00,2022-01-31T00:35:38+00:00,2022-01-30T12:36:56+00:00,2022-01-31T01:04:53+00:00,2022-01-30T12:08:06+00:00,2022-01-31T01:33:42+00:00
2022-01-31,2022-01-31T13:29:51+00:00,2022-02-01T00:12:15+00:00,2022-01-31T18:51:03+00:00,38544,2022-01-31T13:05:37+00:00,2022-02-01T00:36:30+00:00,2022-01-31T12:36:24+00:00,2022-02-01T01:05:42+00:00,2022-01-31T12:07:37+00:00,2022-02-01T01:34:30+00:00
2022-02-01,2022-02-01T13:29:13+00:00,2022-02-02T00:13:09+00:00,2022-02-01T18:51:11+00:00,38636,2022-02-01T13:05:01+00:00,2022-02-02T00:37:21+00:00,2022-02-01T12:35:51+00:00,2022-02-02T01:06:31+00:00,2022-02-01T12:07:06+00:00,2022-02-02T01:35:17+00:00
2022-02-02,2022-02-02T13:28:33+00:00,2022-02-03T00:14:04+00:00,2022-02-02T18:51:18+00:00,38731,2022-02-02T13:04:24+00:00,2022-02-03T00:38:13+00:00,2022-02-02T12:35:17+00:00,2022-02-03T01:07:20+00:00,2022-02-02T12:06:33+00:00,2022-02-03T01:36:04+00:00
2022-02-03,2022-02-03T13:27:52+00:00,2022-02-04T00:14:58+00:00,2022-02-03T18:51:25+00:00,38826,2022-02-03T13:03:45+00:00,2022-02-04T00:39:05+00:00,2022-02-03T12:34:41+00:00,2022-02-04T01:08:09+00:00,2022-02-03T12:05:59+00:00,2022-02-04T01:36:51+00:00
2022-02-04,2022-02-04T13:27:09+00:00,2022-02-05T00:15:52+00:00,2022-02-04T18:51:31+00:00,38923,2022-02-04T13:03:05+00:00,2022-02-05T00:39:56+00:00,2022-02-04T12:34:03+00:00,2022-02-05T01:08:58+00:00,2022-02-04T12:05:23+00:00,2022-02-05T01:37:38+00:00
2022-02-05,2022-02-05T13:26:25+00:00,2022-02-06T00:16:46+00:00,2022-02-05T18:51:35+00:00,39021,2022-02-05T13:02:24+00:00,2022-02-06T00:40:47+00:00,2022-02-05T12:33:24+00:00,2022-02-06T01:09:46+00:00,2022-02-05T12:04:46+00:00,2022-02-06T01:38:24+00:00
2022-02-06,2022-02-06T13:25:39+00:00,2022-02-07T00:17:39+00:00,2022-02-06T18:51:39+00:00,39120,2022-02-06T13:01:41+00:00,2022-02-07T00:41:38+00:00,2022-02-06T12:32:44+00:00,2022-02-07T01:10:35+00:00,2022-02-06T12:04:08+00:00,2022-02-07T01:39:11+00:00
2022-02-07,2022-02-07T13:24:53+00:00,2022-02-08T00:18:33+00:00,2022-02-07T18:51:43+00:00,39220,2022-02-07T13:00:57+00:00,2022-02-08T00:42:29+00:00,2022-02-07T12:32:02+00:00,2022-02-08T01:11:23+00:00,2022-02-07T12:03:28+00:00,2022-02-08T01:39:57+00:00
2022-02-08,2022-02-08T13:24:04+00:00,2022-02-09T00:19:26+00:00,2022-02-08T18:51:45+00:00,39322,2022-02-08T13:00:11+00:00,2022-02-09T00:43:19+00:00,2022-02-08T12:31:19+00:00,2022-02-09T01:12:11+00:00,2022-02-08T12:02:46+00:00,2022-02-09T01:40:44+00:00
2022-02-09,2022-02-09T13:23:15+00:00,2022-02-10T00:20:18+00:00,2022-02-09T18:51:47+00:00,39423,2022-02-09T12:59:24+00:00,2022-02-10T00:44:09+00:00,2022-02-09T12:30:35+00:00,2022-02-10T01:12:59+00:00,2022-02-09T12:02:03+00:00,2022-02-10T01:41:30+00:00
2022-02-10,2022-02-10T13:22:24+00:00,2022-02-11T00:21:11+00:00,2022-02-10T18:51:48+00:00,39527,2022-02-10T12:58:36+00:00,2022-02-11T00:44:59+00:00,2022-02-10T12:29:49+00:00,2022-02-11T01:13:46+00:00,2022-02-10T12:01:19+00:00,2022-02-11T01:42:16+00:00
2022-02-11,2022-02-11T13:21:32+00:00,2022-02-12T00:22:03+00:00,2022-02-11T18:51:48+00:00,39631,2022-02-11T12:57:47+00:00,2022-02-12T00:45:49+00:00,2022-02-11T12:29:02+00:00,2022-02-12T01:14:34+00:00,2022-02-11T12:00:33+00:00,2022-02-12T01:43:02+00:00
2022-02-12,2022-02-12T13:20:39+00:00,2022-02-13T00:22:55+00:00,2022-02-12T18:51:47+00:00,39736,2022-02-12T12:56:56+00:00,2022-02-13T00:46:38+00:00,2022-02-12T12:28:13+00:00,2022-02-13T01:15:21+00:00,2022-02-12T11:59:46+00:00,2022-02-13T01:43:47+00:00
2022-02-13,2022-02-13T13:19:45+00:00,2022-02-14T00:23:46+00:00,2022-02-13T18:51:46+00:00,39841,2022-02-13T12:56:04+00:00,2022-02-14T00:47:27+00:00,2022-02-13T12:27:23+00:00,2022-02-14T01:16:08+00:00,2022-02-13T11:58:58+00:00,2022-02-14T01:44:33+00:00
2022-02-14,2022-02-14T13:18:50+00:00,2022-02-15T00:24:37+00:00,2022-02-14T18:51:43+00:00,39947,2022-02-14T12:55:11+00:00,2022-02-15T00:48:16+00:00,2022-02-14T12:26:32+00:00,2022-02-15T01:16:55+00:00,2022-02-14T11:58:08+00:00,2022-02-15T01:45:18+00:00
2022-02-15,2022-02-15T13:17:53+00:00,2022-02-16T00:25:28+00:00,2022-02-15T18:51:41+00:00,40055,2022-02-15T12:54:17+00:00,2022-02-16T00:49:04+00:00,2022-02-15T12:25:40+00:00,2022-02-16T01:17:41+00:00,2022-02-15T11:57:17+00:00,2022-02-16T01:46:04+00:00
2022-02-16,2022-02-16T13:16:56+00:00,2022-02-17T00:26:18+00:00,2022-02-16T18:51:37+00:00,40162,2022-02-16T12:53:21+00:00,2022-02-17T00:49:53+00:00,2022-02-16T12:24:47+00:00,2022-02-17T01:18:27+00:00,2022-02-16T11:56:25+00:00,2022-02-17T01:46:49+00:00
2022-02-17,2022-02-17T13:15:57+00:00,2022-02-18T00:27:08+00:00,2022-02-17T18:51:33+00:00,40271,2022-02-17T12:52:25+00:00,2022-02-18T00:50:41+00:00,2022-02-17T12:23:52+00:00,2022-02-18T01:19:13+00:00,2022-02-17T11:55:31+00:00,2022-02-18T01:47:34+00:00
2022-02-18,2022-02-18T13:14:57+00:00,2022-02-19T00:27:58+00:00,2022-02-18T18:51:28+00:00,40381,2022-02-18T12:51:27+00:00,2022-02-19T00:51:28+00:00,2022-02-18T12:22:56+00:00,2022-02-19T01:19:59+00:00,2022-02-18T11:54:37+00:00,2022-02-19T01:48:19+00:00
2022-02-19,2022-02-19T13:13:57+00:00,2022-02-20T00:28:47+00:00,2022-02-19T18:51:22+00:00,40490,2022-02-19T12:50:28+00:00,2022-02-20T00:52:15+00:00,2022-02-19T12:21:59+00:00,2022-02-20T01:20:45+00:00,2022-02-19T11:53:41+00:00,2022-02-20T01:49:03+00:00
2022-02-20,2022-02-20T13:12:55+00:00,2022-02-21T00:29:36+00:00,2022-02-20T18:51:16+00:00,40601,2022-02-20T12:49:29+00:00,2022-02-21T00:53:02+00:00,2022-02-20T12:21:01+00:00,2022-02-21T01:21:30+00:00,2022-02-20T11:52:43+00:00,2022-02-21T01:49:48+00:00
2022-02-21,2022-02-21T13:11:52+00:00,2022-02-22T00:30:25+00:00,2022-02-21T18:51:09+00:00,40713,2022-02-21T12:48:28+00:00,2022-02-22T00:53:49+00:00,2022-02-21T12:20:02+00:00,2022-02-22T01:22:15+00:00,2022-02-21T11:51:45+00:00,2022-02-22T01:50:32+00:00
2022-02-22,2022-02-22T13:10:49+00:00,2022-02-23T00:31:13+00:00,2022-02-22T18:51:01+00:00,40824,2022-02-22T12:47:26+00:00,2022-02-23T00:54:36+00:00,2022-02-22T12:19:02+00:00,2022-02-23T01:23:00+00:00,2022-02-22T11:50:45+00:00,2022-02-23T01:51:17+00:00
2022-02-23,2022-02-23T13:09:45+00:00,2022-02-24T00:32:01+00:00,2022-02-23T18:50:53+00:00,40936,2022-02-23T12:46:24+00:00,2022-02-24T00:55:22+00:00,2022-02-23T12:18:00+00:00,2022-02-24T01:23:45+00:00,2022-02-23T11:49:45+00:00,2022-02-24T01:52:01+00:00
2022-02-24,2022-02-24T13:08:39+00:00,2022-02-25T00:32:48+00:00,2022-02-24T18:50:44+00:00,41049,2022-02-24T12:45:20+00:00,2022-02-25T00:56:08+00:00,2022-02-24T12:16:58+00:00,2022-02-25T01:24:30+00:00,2022-02-24T11:48:43+00:00,2022-02-25T01:52:45+00:00
2022-02-25,2022-02-25T13:07:33+00:00,2022-02-26T00:33:36+00:00,2022-02-25T18:50:35+00:00,41163,2022-02-25T12:44:16+00:00,2022-02-26T00:56:53+00:00,2022-02-25T12:15:55+00:00,2022-02-26T01:25:14+00:00,2022-02-25T11:47:40+00:00,2022-02-26T01:53:29+00:00
2022-02-26,2022-02-26T13:06:27+00:00,2022-02-27T00:34:22+00:00,2022-02-26T18:50:25+00:00,41275,2022-02-26T12:43:11+00:00,2022-02-27T00:57:39+00:00,2022-02-26T12:14:51+00:00,2022-02-27T01:25:58+00:00,2022-02-26T11:46:36+00:00,2022-02-27T01:54:13+00:00
2022-02-27,2022-02-27T13:05:19+00:00,2022-02-28T00:35:09+00:00,2022-02-27T18:50:14+00:00,41390,2022-02-27T12:42:04+00:00,2022-02-28T00:58:24+00:00,2022-02-27T12:13:46+00:00,2022-02-28T01:26:42+00:00,2022-02-27T11:45:31+00:00,2022-02-28T01:54:57+00:00
2022-02-28,2022-02-28T13:04:11+00:00,2022-03-01T00:35:55+00:00,2022-02-28T18:50:03+00:00,41504,2022-02-28T12:40:58+00:00,2022-03-01T00:59:08+00:00,2022-02-28T12:12:40+00:00,2022-03-01T01:27:26+00:00,2022-02-28T11:44:25+00:00,2022-03-01T01:55:41+00:00
2022-03-01,2022-03-01T13:03:02+00:00,2022-03-02T00:36:41+00:00,2022-03-01T18:49:51+00:00,41619,2022-03-01T12:39:50+00:00,2022-03-02T00:59:53+00:00,2022-03-01T12:11:33+00:00,2022-03-02T01:28:10+00:00,2022-03-01T11:43:18+00:00,2022-03-02T01:56:25+00:00
2022-03-02,2022-03-02T13:01:52+00:00,2022-03-03T00:37:26+00:00,2022-03-02T18:49:39+00:00,41734,2022-03-02T12:38:41+00:00,2022-03-03T01:00:37+00:00,2022-03-02T12:10:25+00:00,2022-03-03T01:28:54+00:00,2022-03-02T11:42:10+00:00,2022-03-03T01:57:08+00:00
2022-03-03,2022-03-03T13:00:42+00:00,2022-03-04T00:38:11+00:00,2022-03-03T18:49:27+00:00,41849,2022-03-03T12:37:32+00:00,2022-03-04T01:01:21+00:00,2022-03-03T12:09:16+00:00,2022-03-04T01:29:37+00:00,2022-03-03T11:41:01+00:00,2022-03-04T01:57:52+00:00
2022-03-04,2022-03-04T12:59:31+00:00,2022-03-05T00:38:56+00:00,2022-03-04T18:49:14+00:00,41965,2022-03-04T12:36:22+00:00,2022-03-05T01:02:05+00:00,2022-03-04T12:08:07+00:00,2022-03-05T01:30:20+00:00,2022-03-04T11:39:51+00:00,2022-03-05T01:58:36+00:00
2022-03-05,2022-03-05T12:58:20+00:00,2022-03-06T00:39:41+00:00,2022-03-05T18:49:00+00:00,42081,2022-03-05T12:35:12+00:00,2022-03-06T01:02:48+00:00,2022-03-05T12:06:57+00:00,2022-03-06T01:31:04+00:00,2022-03-05T11:38:41+00:00,2022-03-06T01:59:20+00:00
2022-03-06,2022-03-06T12:57:08+00:00,2022-03-07T00:40:25+00:00,2022-03-06T18:48:46+00:00,42197,2022-03-06T12:34:01+00:00,2022-03-07T01:03:32+00:00,2022-03-06T12:05:46+00:00,2022-03-07T01:31:47+00:00,2022-03-06T11:37:29+00:00,2022-03-07T02:00:03+00:00
2022-03-07,2022-03-07T12:55:55+00:00,2022-03-08T00:41:09+00:00,2022-03-07T18:48:32+00:00,42314,2022-03-07T12:32:49+00:00,2022-03-08T01:04:15+00:00,2022-03-07T12:04:34+00:00,2022-03-08T01:32:30+00:00,2022-03-07T11:36:17+00:00,2022-03-08T02:00:47+00:00
2022-03-08,2022-03-08T12:54:42+00:00,2022-03-09T00:41:52+00:00,2022-03-08T18:48:17+00:00,42430,2022-03-08T12:31:37+00:00,2022-03-09T01:04:58+00:00,2022-03-08T12:03:22+00:00,2022-03-09T01:33:13+00:00,2022-03-08T11:35:04+00:00,2022-03-09T02:01:31+00:00
2022-03-09,2022-03-09T12:53:29+00:00,2022-03-10T00:42:36+00:00,2022-03-09T18:48:02+00:00,42547,2022-03-09T12:30:24+00:00,2022-03-10T01:05:41+00:00,2022-03-09T12:02:09+00:00,2022-03-10T01:33:55+00:00,2022-03-09T11:33:50+00:00,2022-03-10T02:02:15+00:00
2022-03-10,2022-03-10T12:52:15+00:00,2022-03-11T00:43:19+00:00,2022-03-10T18:47:47+00:00,42664,2022-03-10T12:29:11+00:00,2022-03-11T01:06:23+00:00,2022-03-10T12:00:56+00:00,2022-03-11T01:34:38+00:00,2022-03-10T11:32:35+00:00,2022-03-11T02:02:59+00:00
2022-03-11,2022-03-11T12:51:01+00:00,2022-03-12T00:44:02+00:00,2022-03-11T18:47:31+00:00,42781,2022-03-11T12:27:57+00:00,2022-03-12T01:07:06+00:00,2022-03-11T11:59:41+00:00,2022-03-12T01:35:21+00:00,2022-03-11T11:31:20+00:00,2022-03-12T02:03:43+00:00
2022-03-12,2022-03-12T12:49:46+00:00,2022-03-13T00:44:44+00:00,2022-03-12T18:47:15+00:00,42898,2022-03-12T12:26:42+00:00,2022-03-13T01:07:48+00:00,2022-03-12T11:58:27+00:00,2022-03-13T01:36:04+00:00,2022-03-12T11:30:04+00:00,2022-03-13T02:04:27+00:00
2022-03-13,2022-03-13T12:48:31+00:00,2022-03-14T00:45:27+00:00,2022-03-13T18:46:59+00:00,43016,2022-03-13T12:25:28+00:00,2022-03-14T01:08:30+00:00,2022-03-13T11:57:11+00:00,2022-03-14T01:36:46+00:00,2022-03-13T11:28:47+00:00,2022-03-14T02:05:11+00:00
2022-03-14,2022-03-14T12:47:16+00:00,2022-03-15T00:46:09+00:00,2022-03-14T18:46:42+00:00,43133,2022-03-14T12:24:12+00:00,2022-03-15T01:09:12+00:00,2022-03-14T11:55:56+00:00,2022-03-15T01:37:29+00:00,2022-03-14T11:27:29+00:00,2022-03-15T02:05:55+00:00
2022-03-15,2022-03-15T12:46:00+00:00,2022-03-16T00:46:51+00:00,2022-03-15T18:46:26+00:00,43251,2022-03-15T12:22:57+00:00,2022-03-16T01:09:54+00:00,2022-03-15T11:54:39+00:00,2022-03-16T01:38:12+00:00,2022-03-15T11:26:11+00:00,2022-03-16T02:06:40+00:00
2022-03-16,2022-03-16T12:44:45+00:00,2022-03-17T00:47:32+00:00,2022-03-16T18:46:09+00:00,43367,2022-03-16T12:21:41+00:00,2022-03-17T01:10:36+00:00,2022-03-16T11:53:23+00:00,2022-03-17T01:38:54+00:00,2022-03-16T11:24:53+00:00,2022-03-17T02:07:24+00:00
2022-03-17,2022-03-17T12:43:29+00:00,2022-03-18T00:48:14+00:00,2022-03-17T18:45:51+00:00,43485,2022-03-17T12:20:25+00:00,2022-03-18T01:11:18+00:00,2022-03-17T11:52:06+00:00,2022-03-18T01:39:37+00:00,2022-03-17T11:23:33+00:00,2022-03-18T02:08:09+00:00
2022-03-18,2022-03-18T12:42:12+00:00,2022-03-19T00:48:55+00:00,2022-03-18T18:45:34+00:00,43603,2022-03-18T12:19:09+00:00,2022-03-19T01:11:59+00:00,2022-03-18T11:50:48+00:00,2022-03-19T01:40:20+00:00,2022-03-18T11:22:14+00:00,2022-03-19T02:08:54+00:00
2022-03-19,2022-03-19T12:40:56+00:00,2022-03-20T00:49:37+00:00,2022-03-19T18:45:16+00:00,43721,2022-03-19T12:17:52+00:00,2022-03-20T01:12:41+00:00,2022-03-19T11:49:30+00:00,2022-03-20T01:41:03+00:00,2022-03-19T11:20:53+00:00,2022-03-20T02:09:39+00:00
2022-03-20,2022-03-20T12:39:40+00:00,2022-03-21T00:50:18+00:00,2022-03-20T18:44:59+00:00,43838,2022-03-20T12:16:35+00:00,2022-03-21T01:13:22+00:00,2022-03-20T11:48:12+00:00,2022-03-21T01:41:46+00:00,2022-03-20T11:19:33+00:00,2022-03-21T02:10:25+00:00
2022-03-21,2022-03-21T12:38:23+00:00,2022-03-22T00:50:59+00:00,2022-03-21T18:44:41+00:00,43956,2022-03-21T12:15:18+00:00,2022-03-22T01:14:04+00:00,2022-03-21T11:46:53+00:00,2022-03-22T01:42:29+00:00,2022-03-21T11:18:12+00:00,2022-03-22T02:11:10+00:00
2022-03-22,2022-03-22T12:37:06+00:00,2022-03-23T00:51:40+00:00,2022-03-22T18:44:23+00:00,44074,2022-03-22T12:14:00+00:00,2022-03-23T01:14:45+00:00,2022-03-22T11:45:34+00:00,2022-03-23T01:43:12+00:00,2022-03-22T11:16:50+00:00,2022-03-23T02:11:56+00:00
2022-03-23,2022-03-23T12:35:49+00:00,2022-03-24T00:52:20+00:00,2022-03-23T18:44:05+00:00,44191,2022-03-23T12:12:43+00:00,2022-03-24T01:15:27+00:00,2022-03-23T11:44:15+00:00,2022-03-24T01:43:55+00:00,2022-03-23T11:15:28+00:00,2022-03-24T02:12:42+00:00
2022-03-24,2022-03-24T12:34:33+00:00,2022-03-25T00:53:01+00:00,2022-03-24T18:43:47+00:00,44308,2022-03-24T12:11:25+00:00,2022-03-25T01:16:08+00:00,2022-03-24T11:42:56+00:00,2022-03-25T01:44:38+00:00,2022-03-24T11:14:06+00:00,2022-03-25T02:13:28+00:00
2022-03-25,2022-03-25T12:33:16+00:00,2022-03-26T00:53:42+00:00,2022-03-25T18:43:29+00:00,44426,2022-03-25T12:10:08+00:00,2022-03-26T01:16:50+00:00,2022-03-25T11:41:36+00:00,2022-03-26T01:45:21+00:00,2022-03-25T11:12:43+00:00,2022-03-26T02:14:15+00:00
2022-03-26,2022-03-26T12:31:59+00:00,2022-03-27T00:54:22+00:00,2022-03-26T18:43:11+00:00,44543,2022-03-26T12:08:50+00:00,2022-03-27T01:17:31+00:00,2022-03-26T11:40:16+00:00,2022-03-27T01:46:05+00:00,2022-03-26T11:11:20+00:00,2022-03-27T02:15:01+00:00
2022-03-27,2022-03-27T12:30:43+00:00,2022-03-28T00:55:02+00:00,2022-03-27T18:42:53+00:00,44659,2022-03-27T12:07:32+00:00,2022-03-28T01:18:13+00:00,2022-03-27T11:38:56+00:00,2022-03-28T01:46:49+00:00,2022-03-27T11:09:57+00:00,2022-03-28T02:15:48+00:00
2022-03-28,2022-03-28T12:29:26+00:00,2022-03-29T00:55:43+00:00,2022-03-28T18:42:34+00:00,44777,2022-03-28T12:06:15+00:00,2022-03-29T01:18:54+00:00,2022-03-28T11:37:36+00:00,2022-03-29T01:47:32+00:00,2022-03-28T11:08:33+00:00,2022-03-29T02:16:36+00:00
2022-03-29,2022-03-29T12:28:10+00:00,2022-03-30T00:56:23+00:00,2022-03-29T18:42:16+00:00,44893,2022-03-29T12:04:57+00:00,2022-03-30T01:19:36+00:00,2022-03-29T11:36:16+00:00,2022-03-30T01:48:16+00:00,2022-03-29T11:07:09+00:00,2022-03-30T02:17:23+00:00
2022-03-30,2022-03-30T12:26:53+00:00,2022-03-31T00:57:03+00:00,2022-03-30T18:41:58+00:00,45010,2022-03-30T12:03:39+00:00,2022-03-31T01:20:17+00:00,2022-03-30T11:34:56+00:00,2022-03-31T01:49:01+00:00,2022-03-30T11:05:45+00:00,2022-03-31T02:18:11+00:00
2022-03-31,2022-03-31T12:25:37+00:00,2022-04-01T00:57:44+00:00,2022-03-31T18:41:40+00:00,45127,2022-03-31T12:02:22+00:00,2022-04-01T01:20:59+00:00,2022-03-31T11:33:36+00:00,2022-04-01T01:49:45+00:00,2022-03-31T11:04:21+00:00,2022-04-01T02:19:00+00:00
2022-04-01,2022-04-01T12:24:21+00:00,2022-04-02T00:58:24+00:00,2022-04-01T18:41:23+00:00,45243,2022-04-01T12:01:04+00:00,2022-04-02T01:21:41+00:00,2022-04-01T11:32:16+00:00,2022-04-02T01:50:29+00:00,2022-04-01T11:02:57+00:00,2022-04-02T02:19:48+00:00
2022-04-02,2022-04-02T12:23:06+00:00,2022-04-03T00:59:04+00:00,2022-04-02T18:41:05+00:00,45358,2022-04-02T11:59:47+00:00,2022-04-03T01:22:23+00:00,2022-04-02T11:30:56+00:00,2022-04-03T01:51:14+00:00,2022-04-02T11:01:33+00:00,2022-04-03T02:20:37+00:00
2022-04-03,2022-04-03T12:21:50+00:00,2022-04-04T00:59:45+00:00,2022-04-03T18:40:47+00:00,45475,2022-04-03T11:58:30+00:00,2022-04-04T01:23:05+00:00,2022-04-03T11:29:36+00:00,2022-04-04T01:51:59+00:00,2022-04-03T11:00:08+00:00,2022-04-04T02:21:27+00:00
2022-04-04,2022-04-04T12:20:35+00:00,2022-04-05T01:00:25+00:00,2022-04-04T18:40:30+00:00,45590,2022-04-04T11:57:13+00:00,2022-04-05T01:23:47+00:00,2022-04-04T11:28:16+00:00,2022-04-05T01:52:44+00:00,2022-04-04T10:58:44+00:00,2022-04-05T02:22:16+00:00
2022-04-05,2022-04-05T12:19:20+00:00,2022-04-06T01:01:05+00:00,2022-04-05T18:40:13+00:00,45705,2022-04-05T11:55:57+00:00,2022-04-06T01:24:29+00:00,2022-04-05T11:26:56+00:00,2022-04-06T01:53:30+00:00,2022-04-05T10:57:19+00:00,2022-04-06T02:23:06+00:00
2022-04-06,2022-04-06T12:18:06+00:00,2022-04-07T01:01:46+00:00,2022-04-06T18:39:56+00:00,45820,2022-04-06T11:54:40+00:00,2022-04-07T01:25:11+00:00,2022-04-06T11:25:36+00:00,2022-04-07T01:54:15+00:00,2022-04-06T10:55:55+00:00,2022-04-07T02:23:57+00:00
2022-04-07,2022-04-07T12:16:52+00:00,2022-04-08T01:02:26+00:00,2022-04-07T18:39:39+00:00,45934,2022-04-07T11:53:24+00:00,2022-04-08T01:25:54+00:00,2022-04-07T11:24:16+00:00,2022-04-08T01:55:01+00:00,2022-04-07T10:54:30+00:00,2022-04-08T02:24:48+00:00
2022-04-08,2022-04-08T12:15:38+00:00,2022-04-09T01:03:06+00:00,2022-04-08T18:39:22+00:00,46048,2022-04-08T11:52:08+00:00,2022-04-09T01:26:36+00:00,2022-04-08T11:22:57+00:00,2022-04-09T01:55:48+00:00,2022-04-08T10:53:06+00:00,2022-04-09T02:25:39+00:00
2022-04-09,2022-04-09T12:14:25+00:00,2022-04-10T01:03:47+00:00,2022-04-09T18:39:06+00:00,46162,2022-04-09T11:50:53+00:00,2022-04-10T01:27:19+00:00,2022-04-09T11:21:38+00:00,2022-04-10T01:56:34+00:00,2022-04-09T10:51:42+00:00,2022-04-10T02:26:30+00:00
2022-04-10,2022-04-10T12:13:12+00:00,2022-04-11T01:04:28+00:00,2022-04-10T18:38:50+00:00,46276,2022-04-10T11:49:38+00:00,2022-04-11T01:28:02+00:00,2022-04-10T11:20:19+00:00,2022-04-11T01:57:21+00:00,2022-04-10T10:50:17+00:00,2022-04-11T02:27:22+00:00
2022-04-11,2022-04-11T12:12:00+00:00,2022-04-12T01:05:08+00:00,2022-04-11T18:38:34+00:00,46388,2022-04-11T11:48:23+00:00,2022-04-12T01:28:45+00:00,2022-04-11T11:19:01+00:00,2022-04-12T01:58:08+00:00,2022-04-11T10:48:53+00:00,2022-04-12T02:28:15+00:00
2022-04-12,2022-04-12T12:10:48+00:00,2022-04-13T01:05:49+00:00,2022-04-12T18:38:19+00:00,46501,2022-04-12T11:47:09+00:00,2022-04-13T01:29:28+00:00,2022-04-12T11:17:42+00:00,2022-04-13T01:58:55+00:00,2022-04-12T10:47:30+00:00,2022-04-13T02:29:07+00:00
2022-04-13,2022-04-13T12:09:37+00:00,2022-04-14T01:06:30+00:00,2022-04-13T18:38:03+00:00,46613,2022-04-13T11:45:55+00:00,2022-04-14T01:30:11+00:00,2022-04-13T11:16:25+00:00,2022-04-14T01:59:42+00:00,2022-04-13T10:46:06+00:00,2022-04-14T02:30:01+00:00
2022-04-14,2022-04-14T12:08:26+00:00,2022-04-15T01:07:11+00:00,2022-04-14T18:37:49+00:00,46725,2022-04-14T11:44:42+00:00,2022-04-15T01:30:55+00:00,2022-04-14T11:15:07+00:00,2022-04-15T02:00:30+00:00,2022-04-14T10:44:43+00:00,2022-04-15T02:30:54+00:00
2022-04-15,2022-04-15T12:07:16+00:00,2022-04-16T01:07:52+00:00,2022-04-15T18:37:34+00:00,46836,2022-04-15T11:43:29+00:00,2022-04-16T01:31:39+00:00,2022-04-15T11:13:50+00:00,2022-04-16T02:01:18+00:00,2022-04-15T10:43:20+00:00,2022-04-16T02:31:48+00:00
2022-04-16,2022-04-16T12:06:07+00:00,2022-04-17T01:08:33+00:00,2022-04-16T18:37:20+00:00,46946,2022-04-16T11:42:17+00:00,2022-04-17T01:32:22+00:00,2022-04-16T11:12:34+00:00,2022-04-17T02:02:06+00:00,2022-04-16T10:41:57+00:00,2022-04-17T02:32:42+00:00
2022-04-17,2022-04-17T12:04:58+00:00,2022-04-18T01:09:14+00:00,2022-04-17T18:37:06+00:00,47056,2022-04-17T11:41:06+00:00,2022-04-18T01:33:06+00:00,2022-04-17T11:11:17+00:00,2022-04-18T02:02:55+00:00,2022-04-17T10:40:35+00:00,2022-04-18T02:33:37+00:00
2022-04-18,2022-04-18T12:03:50+00:00,2022-04-19T01:09:56+00:00,2022-04-18T18:36:53+00:00,47166,2022-04-18T11:39:55+00:00,2022-04-19T01:33:51+00:00,2022-04-18T11:10:02+00:00,2022-04-19T02:03:43+00:00,2022-04-18T10:39:13+00:00,2022-04-19T02:34:32+00:00
2022-04-19,2022-04-19T12:02:42+00:00,2022-04-20T01:10:37+00:00,2022-04-19T18:36:40+00:00,47275,2022-04-19T11:38:44+00:00,2022-04-20T01:34:35+00:00,2022-04-19T11:08:47+00:00,2022-04-20T02:04:32+00:00,2022-04-19T10:37:52+00:00,2022-04-20T02:35:28+00:00
2022-04-20,2022-04-20T12:01:36+00:00,2022-04-21T01:11:18+00:00,2022-04-20T18:36:27+00:00,47382,2022-04-20T11:37:35+00:00,2022-04-21T01:35:19+00:00,2022-04-20T11:07:33+00:00,2022-04-21T02:05:22+00:00,2022-04-20T10:36:31+00:00,2022-04-21T02:36:24+00:00
2022-04-21,2022-04-21T12:00:30+00:00,2022-04-22T01:12:00+00:00,2022-04-21T18:36:15+00:00,47490,2022-04-21T11:36:26+00:00,2022-04-22T01:36:04+00:00,2022-04-21T11:06:19+00:00,2022-04-22T02:06:11+00:00,2022-04-21T10:35:10+00:00,2022-04-22T02:37:20+00:00
2022-04-22,2022-04-22T11:59:25+00:00,2022-04-23T01:12:42+00:00,2022-04-22T18:36:03+00:00,47597,2022-04-22T11:35:18+00:00,2022-04-23T01:36:49+00:00,2022-04-22T11:05:06+00:00,2022-04-23T02:07:01+00:00,2022-04-22T10:33:50+00:00,2022-04-23T02:38:16+00:00
2022-04-23,2022-04-23T11:58:21+00:00,2022-04-24T01:13:24+00:00,2022-04-23T18:35:52+00:00,47703,2022-04-23T11:34:10+00:00,2022-04-24T01:37:34+00:00,2022-04-23T11:03:53+00:00,2022-04-24T02:07:51+00:00,2022-04-23T10:32:31+00:00,2022-04-24T02:39:13+00:00
2022-04-24,2022-04-24T11:57:17+00:00,2022-04-25T01:14:06+00:00,2022-04-24T18:35:41+00:00,47809,2022-04-24T11:33:04+00:00,2022-04-25T01:38:19+00:00,2022-04-24T11:02:41+00:00,2022-04-25T02:08:41+00:00,2022-04-24T10:31:12+00:00,2022-04-25T02:40:10+00:00
2022-04-25,2022-04-25T11:56:15+00:00,2022-04-26T01:14:48+00:00,2022-04-25T18:35:31+00:00,47913,2022-04-25T11:31:58+00:00,2022-04-26T01:39:04+00:00,2022-04-25T11:01:30+00:00,2022-04-26T02:09:32+00:00,2022-04-25T10:29:54+00:00,2022-04-26T02:41:08+00:00
2022-04-26,2022-04-26T11:55:13+00:00,2022-04-27T01:15:30+00:00,2022-04-26T18:35:21+00:00,48017,2022-04-26T11:30:53+00:00,2022-04-27T01:39:50+00:00,2022-04-26T11:00:20+00:00,2022-04-27T02:10:22+00:00,2022-04-26T10:28:37+00:00,2022-04-27T02:42:06+00:00
2022-04-27,2022-04-27T11:54:12+00:00,2022-04-28T01:16:12+00:00,2022-04-27T18:35:12+00:00,48120,2022-04-27T11:29:49+00:00,2022-04-28T01:40:35+00:00,2022-04-27T10:59:11+00:00,2022-04-28T02:11:13+00:00,2022-04-27T10:27:20+00:00,2022-04-28T02:43:04+00:00
2022-04-28,2022-04-28T11:53:12+00:00,2022-04-29T01:16:54+00:00,2022-04-28T18:35:03+00:00,48222,2022-04-28T11:28:45+00:00,2022-04-29T01:41:21+00:00,2022-04-28T10:58:02+00:00,2022-04-29T02:12:04+00:00,2022-04-28T10:26:04+00:00,2022-04-29T02:44:02+00:00
2022-04-29,2022-04-29T11:52:13+00:00,2022-04-30T01:17:36+00:00,2022-04-29T18:34:55+00:00,48323,2022-04-29T11:27:43+00:00,2022-04-30T01:42:06+00:00,2022-04-29T10:56:54+00:00,2022-04-30T02:12:55+00:00,2022-04-29T10:24:49+00:00,2022-04-30T02:45:01+00:00
2022-04-30,2022-04-30T11:51:16+00:00,2022-05-01T01:18:19+00:00,2022-04-30T18:34:47+00:00,48423,2022-04-30T11:26:42+00:00,2022-05-01T01:42:52+00:00,2022-04-30T10:55:47+00:00,2022-05-01T02:13:47+00:00,2022-04-30T10:23:34+00:00,2022-05-01T02:46:00+00:00
2022-05-01,2022-05-01T11:50:19+00:00,2022-05-02T01:19:01+00:00,2022-05-01T18:34:40+00:00,48522,2022-05-01T11:25:42+00:00,2022-05-02T01:43:38+00:00,2022-05-01T10:54:42+00:00,2022-05-02T02:14:38+00:00,2022-05-01T10:22:21+00:00,2022-05-02T02:46:59+00:00
2022-05-02,2022-05-02T11:49:23+00:00,2022-05-03T01:19:43+00:00,2022-05-02T18:34:33+00:00,48620,2022-05-02T11:24:42+00:00,2022-05-03T01:44:24+00:00,2022-05-02T10:53:37+00:00,2022-05-03T02:15:30+00:00,2022-05-02T10:21:08+00:00,2022-05-03T02:47:58+00:00
2022-05-03,2022-05-03T11:48:28+00:00,2022-05-04T01:20:26+00:00,2022-05-03T18:34:27+00:00,48718,2022-05-03T11:23:44+00:00,2022-05-04T01:45:10+00:00,2022-05-03T10:52:33+00:00,2022-05-04T02:16:21+00:00,2022-05-03T10:19:56+00:00,2022-05-04T02:48:58+00:00
2022-05-04,2022-05-04T11:47:35+00:00,2022-05-05T01:21:08+00:00,2022-05-04T18:34:21+00:00,48813,2022-05-04T11:22:47+00:00,2022-05-05T01:45:56+00:00,2022-05-04T10:51:30+00:00,2022-05-05T02:17:13+00:00,2022-05-04T10:18:46+00:00,2022-05-05T02:49:57+00:00
2022-05-05,2022-05-05T11:46:42+00:00,2022-05-06T01:21:51+00:00,2022-05-05T18:34:16+00:00,48909,2022-05-05T11:21:51+00:00,2022-05-06T01:46:42+00:00,2022-05-05T10:50:28+00:00,2022-05-06T02:18:05+00:00,2022-05-05T10:17:36+00:00,2022-05-06T02:50:57+00:00
2022-05-06,2022-05-06T11:45:51+00:00,2022-05-07T01:22:33+00:00,2022-05-06T18:34:12+00:00,49002,2022-05-06T11:20:56+00:00,2022-05-07T01:47:28+00:00,2022-05-06T10:49:27+00:00,2022-05-07T02:18:56+00:00,2022-05-06T10:16:27+00:00,2022-05-07T02:51:56+00:00
2022-05-07,2022-05-07T11:45:01+00:00,2022-05-08T01:23:16+00:00,2022-05-07T18:34:08+00:00,49095,2022-05-07T11:20:02+00:00,2022-05-08T01:48:14+00:00,2022-05-07T10:48:28+00:00,2022-05-08T02:19:48+00:00,2022-05-07T10:15:20+00:00,2022-05-08T02:52:56+00:00
2022-05-08,2022-05-08T11:44:12+00:00,2022-05-09T01:23:58+00:00,2022-05-08T18:34:05+00:00,49186,2022-05-08T11:19:09+00:00,2022-05-09T01:49:00+00:00,2022-05-08T10:47:29+00:00,2022-05-09T02:20:40+00:00,2022-05-08T10:14:14+00:00,2022-05-09T02:53:56+00:00
2022-05-09,2022-05-09T11:43:24+00:00,2022-05-10T01:24:40+00:00,2022-05-09T18:34:02+00:00,49276,2022-05-09T11:18:18+00:00,2022-05-10T01:49:46+00:00,2022-05-09T10:46:32+00:00,2022-05-10T02:21:32+00:00,2022-05-09T10:13:08+00:00,2022-05-10T02:54:56+00:00
2022-05-10,2022-05-10T11:42:37+00:00,2022-05-11T01:25:22+00:00,2022-05-10T18:34:00+00:00,49365,2022-05-10T11:17:28+00:00,2022-05-11T01:50:32+00:00,2022-05-10T10:45:36+00:00,2022-05-11T02:22:23+00:00,2022-05-10T10:12:04+00:00,2022-05-11T02:55:55+00:00
2022-05-11,2022-05-11T11:41:52+00:00,2022-05-12T01:26:04+00:00,2022-05-11T18:33:58+00:00,49452,2022-05-11T11:16:39+00:00,2022-05-12T01:51:18+00:00,2022-05-11T10:44:41+00:00,2022-05-12T02:23:15+00:00,2022-05-11T10:11:01+00:00,2022-05-12T02:56:55+00:00
2022-05-12,2022-05-12T11:41:08+00:00,2022-05-13T01:26:46+00:00,2022-05-12T18:33:57+00:00,49538,2022-05-12T11:15:51+00:00,2022-05-13T01:52:03+00:00,2022-05-12T10:43:48+00:00,2022-05-13T02:24:06+00:00,2022-05-12T10:10:00+00:00,2022-05-13T02:57:54+00:00
2022-05-13,2022-05-13T11:40:25+00:00,2022-05-14T01:27:28+00:00,2022-05-13T18:33:57+00:00,49623,2022-05-13T11:15:04+00:00,2022-05-14T01:52:49+00:00,2022-05-13T10:42:56+00:00,2022-05-14T02:24:57+00:00,2022-05-13T10:09:00+00:00,2022-05-14T02:58:53+00:00
2022-05-14,2022-05-14T11:39:44+00:00,2022-05-15T01:28:10+00:00,2022-05-14T18:33:57+00:00,49706,2022-05-14T11:14:19+00:00,2022-05-15T01:53:34+00:00,2022-05-14T10:42:05+00:00,2022-05-15T02:25:48+00:00,2022-05-14T10:08:01+00:00,2022-05-15T02:59:52+00:00
2022-05-15,2022-05-15T11:39:04+00:00,2022-05-16T01:28:51+00:00,2022-05-15T18:33:57+00:00,49787,2022-05-15T11:13:36+00:00,2022-05-16T01:54:19+00:00,2022-05-15T10:41:16+00:00,2022-05-16T02:26:39+00:00,2022-05-15T10:07:04+00:00,2022-05-16T03:00:51+00:00
2022-05-16,2022-05-16T11:38:25+00:00,2022-05-17T01:29:33+00:00,2022-05-16T18:33:59+00:00,49868,2022-05-16T11:12:53+00:00,2022-05-17T01:55:04+00:00,2022-05-16T10:40:28+00:00,2022-05-17T02:27:30+00:00,2022-05-16T10:06:08+00:00,2022-05-17T03:01:50+00:00
2022-05-17,2022-05-17T11:37:47+00:00,2022-05-18T01:30:14+00:00,2022-05-17T18:34:00+00:00,49947,2022-05-17T11:12:12+00:00,2022-05-18T01:55:48+00:00,2022-05-17T10:39:41+00:00,2022-05-18T02:28:20+00:00,2022-05-17T10:05:13+00:00,2022-05-18T03:02:48+00:00
2022-05-18,2022-05-18T11:37:11+00:00,2022-05-19T01:30:54+00:00,2022-05-18T18:34:03+00:00,50023,2022-05-18T11:11:33+00:00,2022-05-19T01:56:33+00:00,2022-05-18T10:38:56+00:00,2022-05-19T02:29:10+00:00,2022-05-18T10:04:20+00:00,2022-05-19T03:03:45+00:00
2022-05-19,2022-05-19T11:36:37+00:00,2022-05-20T01:31:35+00:00,2022-05-19T18:34:06+00:00,50098,2022-05-19T11:10:55+00:00,2022-05-20T01:57:17+00:00,2022-05-19T10:38:12+00:00,2022-05-20T02:29:59+00:00,2022-05-19T10:03:29+00:00,2022-05-20T03:04:43+00:00
2022-05-20,2022-05-20T11:36:03+00:00,2022-05-21T01:32:15+00:00,2022-05-20T18:34:09+00:00,50172,2022-05-20T11:10:18+00:00,2022-05-21T01:58:00+00:00,2022-05-20T10:37:30+00:00,2022-05-21T02:30:48+00:00,2022-05-20T10:02:39+00:00,2022-05-21T03:05:39+00:00
2022-05-21,2022-05-21T11:35:32+00:00,2022-05-22T01:32:55+00:00,2022-05-21T18:34:13+00:00,50243,2022-05-21T11:09:43+00:00,2022-05-22T01:58:43+00:00,2022-05-21T10:36:50+00:00,2022-05-22T02:31:37+00:00,2022-05-21T10:01:51+00:00,2022-05-22T03:06:36+00:00
2022-05-22,2022-05-22T11:35:01+00:00,2022-05-23T01:33:34+00:00,2022-05-22T18:34:18+00:00,50313,2022-05-22T11:09:09+00:00,2022-05-23T01:59:26+00:00,2022-05-22T10:36:11+00:00,2022-05-23T02:32:25+00:00,2022-05-22T10:01:04+00:00,2022-05-23T03:07:31+00:00
2022-05-23,2022-05-23T11:34:32+00:00,2022-05-24T01:34:13+00:00,2022-05-23T18:34:23+00:00,50381,2022-05-23T11:08:37+00:00,2022-05-24T02:00:08+00:00,2022-05-23T10:35:33+00:00,2022-05-24T02:33:12+00:00,2022-05-23T10:00:19+00:00,2022-05-24T03:08:26+00:00
2022-05-24,2022-05-24T11:34:05+00:00,2022-05-25T01:34:51+00:00,2022-05-24T18:34:28+00:00,50446,2022-05-24T11:08:06+00:00,2022-05-25T02:00:50+00:00,2022-05-24T10:34:57+00:00,2022-05-25T02:33:59+00:00,2022-05-24T09:59:36+00:00,2022-05-25T03:09:20+00:00
2022-05-25,2022-05-25T11:33:39+00:00,2022-05-26T01:35:29+00:00,2022-05-25T18:34:34+00:00,50510,2022-05-25T11:07:37+00:00,2022-05-26T02:01:31+00:00,2022-05-25T10:34:23+00:00,2022-05-26T02:34:45+00:00,2022-05-25T09:58:55+00:00,2022-05-26T03:10:14+00:00
2022-05-26,2022-05-26T11:33:14+00:00,2022-05-27T01:36:07+00:00,2022-05-26T18:34:41+00:00,50573,2022-05-26T11:07:10+00:00,2022-05-27T02:02:12+00:00,2022-05-26T10:33:51+00:00,2022-05-27T02:35:31+00:00,2022-05-26T09:58:15+00:00,2022-05-27T03:11:06+00:00
2022-05-27,2022-05-27T11:32:51+00:00,2022-05-28T01:36:44+00:00,2022-05-27T18:34:48+00:00,50633,2022-05-27T11:06:43+00:00,2022-05-28T02:02:52+00:00,2022-05-27T10:33:20+00:00,2022-05-28T02:36:16+00:00,2022-05-27T09:57:37+00:00,2022-05-28T03:11:58+00:00
2022-05-28,2022-05-28T11:32:30+00:00,2022-05-29T01:37:21+00:00,2022-05-28T18:34:55+00:00,50691,2022-05-28T11:06:19+00:00,2022-05-29T02:03:31+00:00,2022-05-28T10:32:51+00:00,2022-05-29T02:37:00+00:00,2022-05-28T09:57:01+00:00,2022-05-29T03:12:49+00:00
2022-05-29,2022-05-29T11:32:10+00:00,2022-05-30T01:37:56+00:00,2022-05-29T18:35:03+00:00,50746,2022-05-29T11:05:56+00:00,2022-05-30T02:04:10+00:00,2022-05-29T10:32:23+00:00,2022-05-30T02:37:43+00:00,2022-05-29T09:56:27+00:00,2022-05-30T03:13:39+00:00
2022-05-30,2022-05-30T11:31:51+00:00,2022-05-31T01:38:32+00:00,2022-05-30T18:35:11+00:00,50801,2022-05-30T11:05:35+00:00,2022-05-31T02:04:48+00:00,2022-05-30T10:31:57+00:00,2022-05-31T02:38:25+00:00,2022-05-30T09:55:55+00:00,2022-05-31T03:14:27+00:00
2022-05-31,2022-05-31T11:31:34+00:00,2022-06-01T01:39:06+00:00,2022-05-31T18:35:20+00:00,50852,2022-05-31T11:05:15+00:00,2022-06-01T02:05:25+00:00,2022-05-31T10:31:33+00:00,2022-06-01T02:39:07+00:00,2022-05-31T09:55:25+00:00,2022-06-01T03:15:15+00:00
2022-06-01,2022-06-01T11:31:18+00:00,2022-06-02T01:39:40+00:00,2022-06-01T18:35:29+00:00,50902,2022-06-01T11:04:57+00:00,2022-06-02T02:06:02+00:00,2022-06-01T10:31:11+00:00,2022-06-02T02:39:48+00:00,2022-06-01T09:54:57+00:00,2022-06-02T03:16:02+00:00
2022-06-02,2022-06-02T11:31:04+00:00,2022-06-03T01:40:13+00:00,2022-06-02T18:35:39+00:00,50949,2022-06-02T11:04:40+00:00,2022-06-03T02:06:37+00:00,2022-06-02T10:30:51+00:00,2022-06-03T02:40:27+00:00,2022-06-02T09:54:31+00:00,2022-06-03T03:16:47+00:00
2022-06-03,2022-06-03T11:30:52+00:00,2022-06-04T01:40:46+00:00,2022-06-03T18:35:49+00:00,50994,2022-06-03T11:04:25+00:00,2022-06-04T02:07:12+00:00,2022-06-03T10:30:32+00:00,2022-06-04T02:41:06+00:00,2022-06-03T09:54:06+00:00,2022-06-04T03:17:31+00:00
2022-06-04,2022-06-04T11:30:41+00:00,2022-06-05T01:41:17+00:00,2022-06-04T18:35:59+00:00,51036,2022-06-04T11:04:12+00:00,2022-06-05T02:07:46+00:00,2022-06-04T10:30:15+00:00,2022-06-05T02:41:43+00:00,2022-06-04T09:53:44+00:00,2022-06-05T03:18:14+00:00
2022-06-05,2022-06-05T11:30:31+00:00,2022-06-06T01:41:48+00:00,2022-06-05T18:36:10+00:00,51077,2022-06-05T11:04:00+00:00,2022-06-06T02:08:19+00:00,2022-06-05T10:30:00+00:00,2022-06-06T02:42:20+00:00,2022-06-05T09:53:24+00:00,2022-06-06T03:18:55+00:00
2022-06-06,2022-06-06T11:30:23+00:00,2022-06-07T01:42:18+00:00,2022-06-06T18:36:21+00:00,51115,2022-06-06T11:03:50+00:00,2022-06-07T02:08:51+00:00,2022-06-06T10:29:46+00:00,2022-06-07T02:42:55+00:00,2022-06-06T09:53:06+00:00,2022-06-07T03:19:35+00:00
2022-06-07,2022-06-07T11:30:17+00:00,2022-06-08T01:42:47+00:00,2022-06-07T18:36:32+00:00,51150,2022-06-07T11:03:42+00:00,2022-06-08T02:09:22+00:00,2022-06-07T10:29:35+00:00,2022-06-08T02:43:29+00:00,2022-06-07T09:52:50+00:00,2022-06-08T03:20:14+00:00
2022-06-08,2022-06-08T11:30:12+00:00,2022-06-09T01:43:15+00:00,2022-06-08T18:36:43+00:00,51183,2022-06-08T11:03:35+00:00,2022-06-09T02:09:52+00:00,2022-06-08T10:29:25+00:00,2022-06-09T02:44:02+00:00,2022-06-08T09:52:36+00:00,2022-06-09T03:20:51+00:00
2022-06-09,2022-06-09T11:30:08+00:00,2022-06-10T01:43:42+00:00,2022-06-09T18:36:55+00:00,51214,2022-06-09T11:03:30+00:00,2022-06-10T02:10:20+00:00,2022-06-09T10:29:17+00:00,2022-06-10T02:44:33+00:00,2022-06-09T09:52:24+00:00,2022-06-10T03:21:26+00:00
2022-06-10,2022-06-10T11:30:06+00:00,2022-06-11T01:44:08+00:00,2022-06-10T18:37:07+00:00,51242,2022-06-10T11:03:26+00:00,2022-06-11T02:10:48+00:00,2022-06-10T10:29:11+00:00,2022-06-11T02:45:03+00:00,2022-06-10T09:52:14+00:00,2022-06-11T03:22:00+00:00
2022-06-11,2022-06-11T11:30:05+00:00,2022-06-12T01:44:33+00:00,2022-06-11T18:37:19+00:00,51268,2022-06-11T11:03:24+00:00,2022-06-12T02:11:15+00:00,2022-06-11T10:29:06+00:00,2022-06-12T02:45:32+00:00,2022-06-11T09:52:06+00:00,2022-06-12T03:22:32+00:00
2022-06-12,2022-06-12T11:30:06+00:00,2022-06-13T01:44:57+00:00,2022-06-12T18:37:32+00:00,51291,2022-06-12T11:03:23+00:00,2022-06-13T02:11:40+00:00,2022-06-12T10:29:04+00:00,2022-06-13T02:45:59+00:00,2022-06-12T09:52:01+00:00,2022-06-13T03:23:03+00:00
2022-06-13,2022-06-13T11:30:08+00:00,2022-06-14T01:45:20+00:00,2022-06-13T18:37:44+00:00,51312,2022-06-13T11:03:24+00:00,2022-06-14T02:12:04+00:00,2022-06-13T10:29:03+00:00,2022-06-14T02:46:25+00:00,2022-06-13T09:51:57+00:00,2022-06-14T03:23:31+00:00
2022-06-14,2022-06-14T11:30:12+00:00,2022-06-15T01:45:42+00:00,2022-06-14T18:37:57+00:00,51330,2022-06-14T11:03:27+00:00,2022-06-15T02:12:27+00:00,2022-06-14T10:29:04+00:00,2022-06-15T02:46:50+00:00,2022-06-14T09:51:56+00:00,2022-06-15T03:23:58+00:00
2022-06-15,2022-06-15T11:30:17+00:00,2022-06-16T01:46:03+00:00,2022-06-15T18:38:10+00:00,51346,2022-06-15T11:03:31+00:00,2022-06-16T02:12:48+00:00,2022-06-15T10:29:07+00:00,2022-06-16T02:47:13+00:00,2022-06-15T09:51:56+00:00,2022-06-16T03:24:23+00:00
2022-06-16,2022-06-16T11:30:23+00:00,2022-06-17T01:46:22+00:00,2022-06-16T18:38:23+00:00,51359,2022-06-16T11:03:37+00:00,2022-06-17T02:13:09+00:00,2022-06-16T10:29:11+00:00,2022-06-17T02:47:34+00:00,2022-06-16T09:51:59+00:00,2022-06-17T03:24:46+00:00
2022-06-17,2022-06-17T11:30:31+00:00,2022-06-18T01:46:41+00:00,2022-06-17T18:38:36+00:00,51370,2022-06-17T11:03:44+00:00,2022-06-18T02:13:27+00:00,2022-06-17T10:29:17+00:00,2022-06-18T02:47:54+00:00,2022-06-17T09:52:04+00:00,2022-06-18T03:25:07+00:00
2022-06-18,2022-06-18T11:30:40+00:00,2022-06-19T01:46:58+00:00,2022-06-18T18:38:49+00:00,51378,2022-06-18T11:03:52+00:00,2022-06-19T02:13:45+00:00,2022-06-18T10:29:25+00:00,2022-06-19T02:48:12+00:00,2022-06-18T09:52:10+00:00,2022-06-19T03:25:27+00:00
2022-06-19,2022-06-19T11:30:50+00:00,2022-06-20T01:47:13+00:00,2022-06-19T18:39:02+00:00,51383,2022-06-19T11:04:02+00:00,2022-06-20T02:14:01+00:00,2022-06-19T10:29:35+00:00,2022-06-20T02:48:29+00:00,2022-06-19T09:52:19+00:00,2022-06-20T03:25:44+00:00
2022-06-20,2022-06-20T11:31:02+00:00,2022-06-21T01:47:28+00:00,2022-06-20T18:39:15+00:00,51386,2022-06-20T11:04:14+00:00,2022-06-21T02:14:16+00:00,2022-06-20T10:29:46+00:00,2022-06-21T02:48:44+00:00,2022-06-20T09:52:30+00:00,2022-06-21T03:25:59+00:00
2022-06-21,2022-06-21T11:31:15+00:00,2022-06-22T01:47:41+00:00,2022-06-21T18:39:28+00:00,51386,2022-06-21T11:04:27+00:00,2022-06-22T02:14:29+00:00,2022-06-21T10:29:59+00:00,2022-06-22T02:48:57+00:00,2022-06-21T09:52:43+00:00,2022-06-22T03:26:13+00:00
2022-06-22,2022-06-22T11:31:29+00:00,2022-06-23T01:47:53+00:00,2022-06-22T18:39:41+00:00,51384,2022-06-22T11:04:41+00:00,2022-06-23T02:14:41+00:00,2022-06-22T10:30:13+00:00,2022-06-23T02:49:08+00:00,2022-06-22T09:52:58+00:00,2022-06-23T03:26:24+00:00
2022-06-23,2022-06-23T11:31:44+00:00,2022-06-24T01:48:03+00:00,2022-06-23T18:39:54+00:00,51379,2022-06-23T11:04:57+00:00,2022-06-24T02:14:51+00:00,2022-06-23T10:30:29+00:00,2022-06-24T02:49:18+00:00,2022-06-23T09:53:15+00:00,2022-06-24T03:26:33+00:00
2022-06-24,2022-06-24T11:32:01+00:00,2022-06-25T01:48:13+00:00,2022-06-24T18:40:07+00:00,51372,2022-06-24T11:05:14+00:00,2022-06-25T02:15:00+00:00,2022-06-24T10:30:47+00:00,2022-06-25T02:49:26+00:00,2022-06-24T09:53:33+00:00,2022-06-25T03:26:40+00:00
2022-06-25,2022-06-25T11:32:19+00:00,2022-06-26T01:48:20+00:00,2022-06-25T18:40:19+00:00,51361,2022-06-25T11:05:32+00:00,2022-06-26T02:15:07+00:00,2022-06-25T10:31:06+00:00,2022-06-26T02:49:33+00:00,2022-06-25T09:53:54+00:00,2022-06-26T03:26:45+00:00
2022-06-26,2022-06-26T11:32:38+00:00,2022-06-27T01:48:27+00:00,2022-06-26T18:40:32+00:00,51349,2022-06-26T11:05:52+00:00,2022-06-27T02:15:12+00:00,2022-06-26T10:31:27+00:00,2022-06-27T02:49:37+00:00,2022-06-26T09:54:16+00:00,2022-06-27T03:26:48+00:00
2022-06-27,2022-06-27T11:32:58+00:00,2022-06-28T01:48:32+00:00,2022-06-27T18:40:45+00:00,51334,2022-06-27T11:06:13+00:00,2022-06-28T02:15:16+00:00,2022-06-27T10:31:49+00:00,2022-06-28T02:49:40+00:00,2022-06-27T09:54:41+00:00,2022-06-28T03:26:49+00:00
2022-06-28,2022-06-28T11:33:19+00:00,2022-06-29T01:48:35+00:00,2022-06-28T18:40:57+00:00,51316,2022-06-28T11:06:35+00:00,2022-06-29T02:15:19+00:00,2022-06-28T10:32:13+00:00,2022-06-29T02:49:41+00:00,2022-06-28T09:55:07+00:00,2022-06-29T03:26:47+00:00
2022-06-29,2022-06-29T11:33:41+00:00,2022-06-30T01:48:37+00:00,2022-06-29T18:41:09+00:00,51296,2022-06-29T11:06:58+00:00,2022-06-30T02:15:20+00:00,2022-06-29T10:32:38+00:00,2022-06-30T02:49:40+00:00,2022-06-29T09:55:34+00:00,2022-06-30T03:26:44+00:00
2022-06-30,2022-06-30T11:34:04+00:00,2022-07-01T01:48:37+00:00,2022-06-30T18:41:21+00:00,51273,2022-06-30T11:07:22+00:00,2022-07-01T02:15:19+00:00,2022-06-30T10:33:05+00:00,2022-07-01T02:49:37+00:00,2022-06-30T09:56:04+00:00,2022-07-01T03:26:38+00:00
2022-07-01,2022-07-01T11:34:28+00:00,2022-07-02T01:48:36+00:00,2022-07-01T18:41:32+00:00,51248,2022-07-01T11:07:48+00:00,2022-07-02T02:15:17+00:00,2022-07-01T10:33:32+00:00,2022-07-02T02:49:32+00:00,2022-07-01T09:56:35+00:00,2022-07-02T03:26:30+00:00
2022-07-02,2022-07-02T11:34:53+00:00,2022-07-03T01:48:34+00:00,2022-07-02T18:41:44+00:00,51221,2022-07-02T11:08:15+00:00,2022-07-03T02:15:13+00:00,2022-07-02T10:34:02+00:00,2022-07-03T02:49:26+00:00,2022-07-02T09:57:07+00:00,2022-07-03T03:26:20+00:00
2022-07-03,2022-07-03T11:35:20+00:00,2022-07-04T01:48:30+00:00,2022-07-03T18:41:55+00:00,51190,2022-07-03T11:08:42+00:00,2022-07-04T02:15:07+00:00,2022-07-03T10:34:32+00:00,2022-07-04T02:49:18+00:00,2022-07-03T09:57:42+00:00,2022-07-04T03:26:08+00:00
2022-07-04,2022-07-04T11:35:47+00:00,2022-07-05T01:48:24+00:00,2022-07-04T18:42:05+00:00,51157,2022-07-04T11:09:11+00:00,2022-07-05T02:15:00+00:00,2022-07-04T10:35:03+00:00,2022-07-05T02:49:07+00:00,2022-07-04T09:58:17+00:00,2022-07-05T03:25:54+00:00
2022-07-05,2022-07-05T11:36:14+00:00,2022-07-06T01:48:17+00:00,2022-07-05T18:42:16+00:00,51123,2022-07-05T11:09:41+00:00,2022-07-06T02:14:51+00:00,2022-07-05T10:35:36+00:00,2022-07-06T02:48:55+00:00,2022-07-05T09:58:55+00:00,2022-07-06T03:25:37+00:00
2022-07-06,2022-07-06T11:36:43+00:00,2022-07-07T01:48:09+00:00,2022-07-06T18:42:26+00:00,51086,2022-07-06T11:10:12+00:00,2022-07-07T02:14:40+00:00,2022-07-06T10:36:10+00:00,2022-07-07T02:48:42+00:00,2022-07-06T09:59:33+00:00,2022-07-07T03:25:19+00:00
2022-07-07,2022-07-07T11:37:13+00:00,2022-07-08T01:47:59+00:00,2022-07-07T18:42:36+00:00,51046,2022-07-07T11:10:43+00:00,2022-07-08T02:14:28+00:00,2022-07-07T10:36:45+00:00,2022-07-08T02:48:26+00:00,2022-07-07T10:00:13+00:00,2022-07-08T03:24:58+00:00
2022-07-08,2022-07-08T11:37:43+00:00,2022-07-09T01:47:47+00:00,2022-07-08T18:42:45+00:00,51004,2022-07-08T11:11:16+00:00,2022-07-09T02:14:14+00:00,2022-07-08T10:37:21+00:00,2022-07-09T02:48:09+00:00,2022-07-08T10:00:54+00:00,2022-07-09T03:24:35+00:00
2022-07-09,2022-07-09T11:38:14+00:00,2022-07-10T01:47:34+00:00,2022-07-09T18:42:54+00:00,50960,2022-07-09T11:11:49+00:00,2022-07-10T02:13:59+00:00,2022-07-09T10:37:58+00:00,2022-07-10T02:47:49+00:00,2022-07-09T10:01:37+00:00,2022-07-10T03:24:11+00:00
2022-07-10,2022-07-10T11:38:46+00:00,2022-07-11T01:47:19+00:00,2022-07-10T18:43:02+00:00,50913,2022-07-10T11:12:23+00:00,2022-07-11T02:13:41+00:00,2022-07-10T10:38:36+00:00,2022-07-11T02:47:28+00:00,2022-07-10T10:02:21+00:00,2022-07-11T03:23:44+00:00
2022-07-11,2022-07-11T11:39:18+00:00,2022-07-12T01:47:03+00:00,2022-07-11T18:43:10+00:00,50865,2022-07-11T11:12:58+00:00,2022-07-12T02:13:22+00:00,2022-07-11T10:39:15+00:00,2022-07-12T02:47:05+00:00,2022-07-11T10:03:05+00:00,2022-07-12T03:23:15+00:00
2022-07-12,2022-07-12T11:39:51+00:00,2022-07-13T01:46:45+00:00,2022-07-12T18:43:18+00:00,50814,2022-07-12T11:13:34+00:00,2022-07-13T02:13:02+00:00,2022-07-12T10:39:55+00:00,2022-07-13T02:46:41+00:00,2022-07-12T10:03:51+00:00,2022-07-13T03:22:44+00:00
2022-07-13,2022-07-13T11:40:24+00:00,2022-07-14T01:46:25+00:00,2022-07-13T18:43:25+00:00,50761,2022-07-13T11:14:10+00:00,2022-07-14T02:12:40+00:00,2022-07-13T10:40:36+00:00,2022-07-14T02:46:14+00:00,2022-07-13T10:04:38+00:00,2022-07-14T03:22:12+00:00
2022-07-14,2022-07-14T11:40:59+00:00,2022-07-15T01:46:04+00:00,2022-07-14T18:43:31+00:00,50705,2022-07-14T11:14:47+00:00,2022-07-15T02:12:16+00:00,2022-07-14T10:41:17+00:00,2022-07-15T02:45:46+00:00,2022-07-14T10:05:26+00:00,2022-07-15T03:21:37+00:00
2022-07-15,2022-07-15T11:41:33+00:00,2022-07-16T01:45:42+00:00,2022-07-15T18:43:38+00:00,50649,2022-07-15T11:15:24+00:00,2022-07-16T02:11:51+00:00,2022-07-15T10:41:59+00:00,2022-07-16T02:45:16+00:00,2022-07-15T10:06:15+00:00,2022-07-16T03:21:00+00:00
2022-07-16,2022-07-16T11:42:08+00:00,2022-07-17T01:45:18+00:00,2022-07-16T18:43:43+00:00,50590,2022-07-16T11:16:02+00:00,2022-07-17T02:11:24+00:00,2022-07-16T10:42:42+00:00,2022-07-17T02:44:44+00:00,2022-07-16T10:07:05+00:00,2022-07-17T03:20:22+00:00
2022-07-17,2022-07-17T11:42:44+00:00,2022-07-18T01:44:52+00:00,2022-07-17T18:43:48+00:00,50528,2022-07-17T11:16:41+00:00,2022-07-18T02:10:55+00:00,2022-07-17T10:43:26+00:00,2022-07-18T02:44:11+00:00,2022-07-17T10:07:55+00:00,2022-07-18T03:19:41+00:00
2022-07-18,2022-07-18T11:43:20+00:00,2022-07-19T01:44:25+00:00,2022-07-18T18:43:53+00:00,50465,2022-07-18T11:17:20+00:00,2022-07-19T02:10:25+00:00,2022-07-18T10:44:10+00:00,2022-07-19T02:43:36+00:00,2022-07-18T10:08:46+00:00,2022-07-19T03:18:59+00:00
2022-07-19,2022-07-19T11:43:57+00:00,2022-07-20T01:43:57+00:00,2022-07-19T18:43:57+00:00,50400,2022-07-19T11:18:00+00:00,2022-07-20T02:09:54+00:00,2022-07-19T10:44:55+00:00,2022-07-20T02:42:59+00:00,2022-07-19T10:09:38+00:00,2022-07-20T03:18:15+00:00
2022-07-20,2022-07-20T11:44:33+00:00,2022-07-21T01:43:27+00:00,2022-07-20T18:44:00+00:00,50334,2022-07-20T11:18:40+00:00,2022-07-21T02:09:20+00:00,2022-07-20T10:45:40+00:00,2022-07-21T02:42:21+00:00,2022-07-20T10:10:31+00:00,2022-07-21T03:17:30+00:00
2022-07-21,2022-07-21T11:45:11+00:00,2022-07-22T01:42:56+00:00,2022-07-21T18:44:03+00:00,50265,2022-07-21T11:19:21+00:00,2022-07-22T02:08:46+00:00,2022-07-21T10:46:26+00:00,2022-07-22T02:41:41+00:00,2022-07-21T10:11:24+00:00,2022-07-22T03:16:42+00:00
2022-07-22,2022-07-22T11:45:48+00:00,2022-07-23T01:42:23+00:00,2022-07-22T18:44:05+00:00,50195,2022-07-22T11:20:01+00:00,2022-07-23T02:08:09+00:00,2022-07-22T10:47:12+00:00,2022-07-23T02:40:59+00:00,2022-07-22T10:12:18+00:00,2022-07-23T03:15:53+00:00
2022-07-23,2022-07-23T11:46:26+00:00,2022-07-24T01:41:48+00:00,2022-07-23T18:44:07+00:00,50122,2022-07-23T11:20:43+00:00,2022-07-24T02:07:32+00:00,2022-07-23T10:47:58+00:00,2022-07-24T02:40:16+00:00,2022-07-23T10:13:12+00:00,2022-07-24T03:15:02+00:00
2022-07-24,2022-07-24T11:47:04+00:00,2022-07-25T01:41:12+00:00,2022-07-24T18:44:08+00:00,50048,2022-07-24T11:21:24+00:00,2022-07-25T02:06:52+00:00,2022-07-24T10:48:45+00:00,2022-07-25T02:39:31+00:00,2022-07-24T10:14:07+00:00,2022-07-25T03:14:10+00:00
2022-07-25,2022-07-25T11:47:42+00:00,2022-07-26T01:40:35+00:00,2022-07-25T18:44:09+00:00,49973,2022-07-25T11:22:06+00:00,2022-07-26T02:06:12+00:00,2022-07-25T10:49:33+00:00,2022-07-26T02:38:45+00:00,2022-07-25T10:15:02+00:00,2022-07-26T03:13:16+00:00
2022-07-26,2022-07-26T11:48:21+00:00,2022-07-27T01:39:57+00:00,2022-07-26T18:44:09+00:00,49896,2022-07-26T11:22:48+00:00,2022-07-27T02:05:30+00:00,2022-07-26T10:50:20+00:00,2022-07-27T02:37:57+00:00,2022-07-26T10:15:57+00:00,2022-07-27T03:12:20+00:00
2022-07-27,2022-07-27T11:49:00+00:00,2022-07-28T01:39:17+00:00,2022-07-27T18:44:08+00:00,49817,2022-07-27T11:23:30+00:00,2022-07-28T02:04:46+00:00,2022-07-27T10:51:08+00:00,2022-07-28T02:37:08+00:00,2022-07-27T10:16:53+00:00,2022-07-28T03:11:23+00:00
2022-07-28,2022-07-28T11:49:39+00:00,2022-07-29T01:38:35+00:00,2022-07-28T18:44:07+00:00,49736,2022-07-28T11:24:13+00:00,2022-07-29T02:04:01+00:00,2022-07-28T10:51:56+00:00,2022-07-29T02:36:18+00:00,2022-07-28T10:17:49+00:00,2022-07-29T03:10:25+00:00
2022-07-29,2022-07-29T11:50:18+00:00,2022-07-30T01:37:52+00:00,2022-07-29T18:44:05+00:00,49654,2022-07-29T11:24:55+00:00,2022-07-30T02:03:15+00:00,2022-07-29T10:52:44+00:00,2022-07-30T02:35:26+00:00,2022-07-29T10:18:45+00:00,2022-07-30T03:09:25+00:00
2022-07-30,2022-07-30T11:50:57+00:00,2022-07-31T01:37:08+00:00,2022-07-30T18:44:03+00:00,49571,2022-07-30T11:25:38+00:00,2022-07-31T02:02:27+00:00,2022-07-30T10:53:33+00:00,2022-07-31T02:34:32+00:00,2022-07-30T10:19:42+00:00,2022-07-31T03:08:24+00:00
2022-07-31,2022-07-31T11:51:36+00:00,2022-08-01T01:36:23+00:00,2022-07-31T18:44:00+00:00,49487,2022-07-31T11:26:21+00:00,2022-08-01T02:01:38+00:00,2022-07-31T10:54:21+00:00,2022-08-01T02:33:38+00:00,2022-07-31T10:20:38+00:00,2022-08-01T03:07:21+00:00
2022-08-01,2022-08-01T11:52:15+00:00,2022-08-02T01:35:36+00:00,2022-08-01T18:43:56+00:00,49401,2022-08-01T11:27:04+00:00,2022-08-02T02:00:48+00:00,2022-08-01T10:55:10+00:00,2022-08-02T02:32:42+00:00,2022-08-01T10:21:35+00:00,2022-08-02T03:06:17+00:00
2022-08-02,2022-08-02T11:52:55+00:00,2022-08-03T01:34:48+00:00,2022-08-02T18:43:52+00:00,49313,2022-08-02T11:27:47+00:00,2022-08-03T01:59:56+00:00,2022-08-02T10:55:59+00:00,2022-08-03T02:31:44+00:00,2022-08-02T10:22:31+00:00,2022-08-03T03:05:12+00:00
2022-08-03,2022-08-03T11:53:34+00:00,2022-08-04T01:33:59+00:00,2022-08-03T18:43:47+00:00,49225,2022-08-03T11:28:30+00:00,2022-08-04T01:59:04+00:00,2022-08-03T10:56:47+00:00,2022-08-04T02:30:46+00:00,2022-08-03T10:23:28+00:00,2022-08-04T03:04:05+00:00
2022-08-04,2022-08-04T11:54:14+00:00,2022-08-05T01:33:09+00:00,2022-08-04T18:43:41+00:00,49135,2022-08-04T11:29:13+00:00,2022-08-05T01:58:10+00:00,2022-08-04T10:57:36+00:00,2022-08-05T02:29:46+00:00,2022-08-04T10:24:25+00:00,2022-08-05T03:02:58+00:00
2022-08-05,2022-08-05T11:54:53+00:00,2022-08-06T01:32:17+00:00,2022-08-05T18:43:35+00:00,49044,2022-08-05T11:29:56+00:00,2022-08-06T01:57:14+00:00,2022-08-05T10:58:25+00:00,2022-08-06T02:28:45+00:00,2022-08-05T10:25:21+00:00,2022-08-06T03:01:49+00:00
2022-08-06,2022-08-06T11:55:32+00:00,2022-08-07T01:31:24+00:00,2022-08-06T18:43:28+00:00,48952,2022-08-06T11:30:39+00:00,2022-08-07T01:56:18+00:00,2022-08-06T10:59:14+00:00,2022-08-07T02:27:43+00:00,2022-08-06T10:26:18+00:00,2022-08-07T03:00:39+00:00
2022-08-07,2022-08-07T11:56:12+00:00,2022-08-08T01:30:30+00:00,2022-08-07T18:43:21+00:00,48858,2022-08-07T11:31:22+00:00,2022-08-08T01:55:20+00:00,2022-08-07T11:00:02+00:00,2022-08-08T02:26:40+00:00,2022-08-07T10:27:14+00:00,2022-08-08T02:59:28+00:00
2022-08-08,2022-08-08T11:56:51+00:00,2022-08-09T01:29:35+00:00,2022-08-08T18:43:13+00:00,48764,2022-08-08T11:32:05+00:00,2022-08-09T01:54:22+00:00,2022-08-08T11:00:51+00:00,2022-08-09T02:25:36+00:00,2022-08-08T10:28:11+00:00,2022-08-09T02:58:16+00:00
2022-08-09,2022-08-09T11:57:31+00:00,2022-08-10T01:28:39+00:00,2022-08-09T18:43:05+00:00,48668,2022-08-09T11:32:48+00:00,2022-08-10T01:53:22+00:00,2022-08-09T11:01:39+00:00,2022-08-10T02:24:30+00:00,2022-08-09T10:29:07+00:00,2022-08-10T02:57:03+00:00
2022-08-10,2022-08-10T11:58:10+00:00,2022-08-11T01:27:42+00:00,2022-08-10T18:42:56+00:00,48572,2022-08-10T11:33:30+00:00,2022-08-11T01:52:21+00:00,2022-08-10T11:02:28+00:00,2022-08-11T02:23:24+00:00,2022-08-10T10:30:03+00:00,2022-08-11T02:55:49+00:00
2022-08-11,2022-08-11T11:58:49+00:00,2022-08-12T01:26:43+00:00,2022-08-11T18:42:46+00:00,48474,2022-08-11T11:34:13+00:00,2022-08-12T01:51:19+00:00,2022-08-11T11:03:16+00:00,2022-08-12T02:22:17+00:00,2022-08-11T10:30:58+00:00,2022-08-12T02:54:34+00:00
2022-08-12,2022-08-12T11:59:28+00:00,2022-08-13T01:25:44+00:00,2022-08-12T18:42:36+00:00,48376,2022-08-12T11:34:56+00:00,2022-08-13T01:50:16+00:00,2022-08-12T11:04:04+00:00,2022-08-13T02:21:08+00:00,2022-08-12T10:31:54+00:00,2022-08-13T02:53:18+00:00
2022-08-13,2022-08-13T12:00:07+00:00,2022-08-14T01:24:43+00:00,2022-08-13T18:42:25+00:00,48276,2022-08-13T11:35:38+00:00,2022-08-14T01:49:13+00:00,2022-08-13T11:04:51+00:00,2022-08-14T02:19:59+00:00,2022-08-13T10:32:49+00:00,2022-08-14T02:52:01+00:00
2022-08-14,2022-08-14T12:00:46+00:00,2022-08-15T01:23:42+00:00,2022-08-14T18:42:14+00:00,48176,2022-08-14T11:36:20+00:00,2022-08-15T01:48:08+00:00,2022-08-14T11:05:39+00:00,2022-08-15T02:18:49+00:00,2022-08-14T10:33:44+00:00,2022-08-15T02:50:44+00:00
2022-08-15,2022-08-15T12:01:25+00:00,2022-08-16T01:22:40+00:00,2022-08-15T18:42:02+00:00,48075,2022-08-15T11:37:02+00:00,2022-08-16T01:47:02+00:00,2022-08-15T11:06:27+00:00,2022-08-16T02:17:38+00:00,2022-08-15T10:34:39+00:00,2022-08-16T02:49:25+00:00
2022-08-16,2022-08-16T12:02:03+00:00,2022-08-17T01:21:36+00:00,2022-08-16T18:41:50+00:00,47973,2022-08-16T11:37:44+00:00,2022-08-17T01:45:55+00:00,2022-08-16T11:07:14+00:00,2022-08-17T02:16:26+00:00,2022-08-16T10:35:33+00:00,2022-08-17T02:48:06+00:00
2022-08-17,2022-08-17T12:02:42+00:00,2022-08-18T01:20:32+00:00,2022-08-17T18:41:37+00:00,47870,2022-08-17T11:38:26+00:00,2022-08-18T01:44:48+00:00,2022-08-17T11:08:01+00:00,2022-08-18T02:15:13+00:00,2022-08-17T10:36:27+00:00,2022-08-18T02:46:47+00:00
2022-08-18,2022-08-18T12:03:20+00:00,2022-08-19T01:19:27+00:00,2022-08-18T18:41:24+00:00,47767,2022-08-18T11:39:08+00:00,2022-08-19T01:43:40+00:00,2022-08-18T11:08:47+00:00,2022-08-19T02:14:00+00:00,2022-08-18T10:37:21+00:00,2022-08-19T02:45:26+00:00
2022-08-19,2022-08-19T12:03:59+00:00,2022-08-20T01:18:21+00:00,2022-08-19T18:41:10+00:00,47662,2022-08-19T11:39:49+00:00,2022-08-20T01:42:30+00:00,2022-08-19T11:09:34+00:00,2022-08-20T02:12:46+00:00,2022-08-19T10:38:14+00:00,2022-08-20T02:44:05+00:00
2022-08-20,2022-08-20T12:04:37+00:00,2022-08-21T01:17:14+00:00,2022-08-20T18:40:55+00:00,47557,2022-08-20T11:40:30+00:00,2022-08-21T01:41:21+00:00,2022-08-20T11:10:20+00:00,2022-08-21T02:11:31+00:00,2022-08-20T10:39:07+00:00,2022-08-21T02:42:44+00:00
2022-08-21,2022-08-21T12:05:15+00:00,2022-08-22T01:16:06+00:00,2022-08-21T18:40:41+00:00,47451,2022-08-21T11:41:11+00:00,2022-08-22T01:40:10+00:00,2022-08-21T11:11:06+00:00,2022-08-22T02:10:15+00:00,2022-08-21T10:40:00+00:00,2022-08-22T02:41:21+00:00
2022-08-22,2022-08-22T12:05:53+00:00,2022-08-23T01:14:58+00:00,2022-08-22T18:40:25+00:00,47345,2022-08-22T11:41:52+00:00,2022-08-23T01:38:58+00:00,2022-08-22T11:11:52+00:00,2022-08-23T02:08:59+00:00,2022-08-22T10:40:52+00:00,2022-08-23T02:39:59+00:00
2022-08-23,2022-08-23T12:06:31+00:00,2022-08-24T01:13:49+00:00,2022-08-23T18:40:10+00:00,47238,2022-08-23T11:42:33+00:00,2022-08-24T01:37:46+00:00,2022-08-23T11:12:37+00:00,2022-08-24T02:07:42+00:00,2022-08-23T10:41:44+00:00,2022-08-24T02:38:36+00:00
2022-08-24,2022-08-24T12:07:08+00:00,2022-08-25T01:12:39+00:00,2022-08-24T18:39:54+00:00,47131,2022-08-24T11:43:13+00:00,2022-08-25T01:36:34+00:00,2022-08-24T11:13:22+00:00,2022-08-25T02:06:25+00:00,2022-08-24T10:42:35+00:00,2022-08-25T02:37:12+00:00
2022-08-25,2022-08-25T12:07:46+00:00,2022-08-26T01:11:28+00:00,2022-08-25T18:39:37+00:00,47022,2022-08-25T11:43:54+00:00,2022-08-26T01:35:20+00:00,2022-08-25T11:14:07+00:00,2022-08-26T02:05:07+00:00,2022-08-25T10:43:26+00:00,2022-08-26T02:35:48+00:00
2022-08-26,2022-08-26T12:08:23+00:00,2022-08-27T01:10:17+00:00,2022-08-26T18:39:20+00:00,46914,2022-08-26T11:44:34+00:00,2022-08-27T01:34:06+00:00,2022-08-26T11:14:51+00:00,2022-08-27T02:03:49+00:00,2022-08-26T10:44:17+00:00,2022-08-27T02:34:23+00:00
2022-08-27,2022-08-27T12:09:00+00:00,2022-08-28T01:09:05+00:00,2022-08-27T18:39:03+00:00,46805,2022-08-27T11:45:14+00:00,2022-08-28T01:32:52+00:00,2022-08-27T11:15:36+00:00,2022-08-28T02:02:30+00:00,2022-08-27T10:45:07+00:00,2022-08-28T02:32:58+00:00
2022-08-28,2022-08-28T12:09:37+00:00,2022-08-29T01:07:53+00:00,2022-08-28T18:38:45+00:00,46696,2022-08-28T11:45:53+00:00,2022-08-29T01:31:37+00:00,2022-08-28T11:16:20+00:00,2022-08-29T02:01:10+00:00,2022-08-28T10:45:57+00:00,2022-08-29T02:31:33+00:00
2022-08-29,2022-08-29T12:10:14+00:00,2022-08-30T01:06:39+00:00,2022-08-29T18:38:27+00:00,46585,2022-08-29T11:46:33+00:00,2022-08-30T01:30:21+00:00,2022-08-29T11:17:03+00:00,2022-08-30T01:59:51+00:00,2022-08-29T10:46:46+00:00,2022-08-30T02:30:08+00:00
2022-08-30,2022-08-30T12:10:51+00:00,2022-08-31T01:05:26+00:00,2022-08-30T18:38:09+00:00,46475,2022-08-30T11:47:12+00:00,2022-08-31T01:29:05+00:00,2022-08-30T11:17:47+00:00,2022-08-31T01:58:31+00:00,2022-08-30T10:47:35+00:00,2022-08-31T02:28:42+00:00
2022-08-31,2022-08-31T12:11:28+00:00,2022-09-01T01:04:12+00:00,2022-08-31T18:37:50+00:00,46364,2022-08-31T11:47:52+00:00,2022-09-01T01:27:48+00:00,2022-08-31T11:18:30+00:00,2022-09-01T01:57:10+00:00,2022-08-31T10:48:24+00:00,2022-09-01T02:27:16+00:00
2022-09-01,2022-09-01T12:12:05+00:00,2022-09-02T01:02:57+00:00,2022-09-01T18:37:31+00:00,46252,2022-09-01T11:48:30+00:00,2022-09-02T01:26:31+00:00,2022-09-01T11:19:12+00:00,2022-09-02T01:55:49+00:00,2022-09-01T10:49:12+00:00,2022-09-02T02:25:50+00:00
2022-09-02,2022-09-02T12:12:41+00:00,2022-09-03T01:01:42+00:00,2022-09-02T18:37:12+00:00,46141,2022-09-02T11:49:09+00:00,2022-09-03T01:25:14+00:00,2022-09-02T11:19:55+00:00,2022-09-03T01:54:28+00:00,2022-09-02T10:50:00+00:00,2022-09-03T02:24:23+00:00
2022-09-03,2022-09-03T12:13:18+00:00,2022-09-04T01:00:26+00:00,2022-09-03T18:36:52+00:00,46028,2022-09-03T11:49:48+00:00,2022-09-04T01:23:56+00:00,2022-09-03T11:20:37+00:00,2022-09-04T01:53:07+00:00,2022-09-03T10:50:47+00:00,2022-09-04T02:22:57+00:00
2022-09-04,2022-09-04T12:13:54+00:00,2022-09-05T00:59:10+00:00,2022-09-04T18:36:32+00:00,45916,2022-09-04T11:50:26+00:00,2022-09-05T01:22:38+00:00,2022-09-04T11:21:19+00:00,2022-09-05T01:51:45+00:00,2022-09-04T10:51:34+00:00,2022-09-05T02:21:30+00:00
2022-09-05,2022-09-05T12:14:31+00:00,2022-09-06T00:57:53+00:00,2022-09-05T18:36:12+00:00,45802,2022-09-05T11:51:05+00:00,2022-09-06T01:21:19+00:00,2022-09-05T11:22:01+00:00,2022-09-06T01:50:23+00:00,2022-09-05T10:52:20+00:00,2022-09-06T02:20:04+00:00
2022-09-06,2022-09-06T12:15:07+00:00,2022-09-07T00:56:36+00:00,2022-09-06T18:35:52+00:00,45689,2022-09-06T11:51:43+00:00,2022-09-07T01:20:00+00:00,2022-09-06T11:22:42+00:00,2022-09-07T01:49:01+00:00,2022-09-06T10:53:07+00:00,2022-09-07T02:18:37+00:00
2022-09-07,2022-09-07T12:15:43+00:00,2022-09-08T00:55:19+00:00,2022-09-07T18:35:31+00:00,45576,2022-09-07T11:52:21+00:00,2022-09-08T01:18:41+00:00,2022-09-07T11:23:24+00:00,2022-09-08T01:47:39+00:00,2022-09-07T10:53:52+00:00,2022-09-08T02:17:10+00:00
2022-09-08,2022-09-08T12:16:19+00:00,2022-09-09T00:54:02+00:00,2022-09-08T18:35:11+00:00,45463,2022-09-08T11:52:59+00:00,2022-09-09T01:17:22+00:00,2022-09-08T11:24:05+00:00,2022-09-09T01:46:16+00:00,2022-09-08T10:54:38+00:00,2022-09-09T02:15:43+00:00
2022-09-09,2022-09-09T12:16:56+00:00,2022-09-10T00:52:44+00:00,2022-09-09T18:34:50+00:00,45348,2022-09-09T11:53:37+00:00,2022-09-10T01:16:03+00:00,2022-09-09T11:24:45+00:00,2022-09-10T01:44:54+00:00,2022-09-09T10:55:23+00:00,2022-09-10T02:14:17+00:00
2022-09-10,2022-09-10T12:17:32+00:00,2022-09-11T00:51:26+00:00,2022-09-10T18:34:29+00:00,45234,2022-09-10T11:54:14+00:00,2022-09-11T01:14:43+00:00,2022-09-10T11:25:26+00:00,2022-09-11T01:43:31+00:00,2022-09-10T10:56:07+00:00,2022-09-11T02:12:50+00:00
2022-09-11,2022-09-11T12:18:08+00:00,2022-09-12T00:50:07+00:00,2022-09-11T18:34:08+00:00,45119,2022-09-11T11:54:52+00:00,2022-09-12T01:13:23+00:00,2022-09-11T11:26:06+00:00,2022-09-12T01:42:09+00:00,2022-09-11T10:56:52+00:00,2022-09-12T02:11:23+00:00
2022-09-12,2022-09-12T12:18:44+00:00,2022-09-13T00:48:49+00:00,2022-09-12T18:33:46+00:00,45005,2022-09-12T11:55:30+00:00,2022-09-13T01:12:03+00:00,2022-09-12T11:26:46+00:00,2022-09-13T01:40:46+00:00,2022-09-12T10:57:36+00:00,2022-09-13T02:09:57+00:00
2022-09-13,2022-09-13T12:19:20+00:00,2022-09-14T00:47:30+00:00,2022-09-13T18:33:25+00:00,44890,2022-09-13T11:56:07+00:00,2022-09-14T01:10:43+00:00,2022-09-13T11:27:26+00:00,2022-09-14T01:39:24+00:00,2022-09-13T10:58:19+00:00,2022-09-14T02:08:31+00:00
2022-09-14,2022-09-14T12:19:56+00:00,2022-09-15T00:46:11+00:00,2022-09-14T18:33:04+00:00,44775,2022-09-14T11:56:44+00:00,2022-09-15T01:09:23+00:00,2022-09-14T11:28:06+00:00,2022-09-15T01:38:01+00:00,2022-09-14T10:59:03+00:00,2022-09-15T02:07:05+00:00
2022-09-15,2022-09-15T12:20:32+00:00,2022-09-16T00:44:52+00:00,2022-09-15T18:32:42+00:00,44660,2022-09-15T11:57:22+00:00,2022-09-16T01:08:03+00:00,2022-09-15T11:28:46+00:00,2022-09-16T01:36:39+00:00,2022-09-15T10:59:46+00:00,2022-09-16T02:05:39+00:00
2022-09-16,2022-09-16T12:21:09+00:00,2022-09-17T00:43:33+00:00,2022-09-16T18:32:21+00:00,44544,2022-09-16T11:57:59+00:00,2022-09-17T01:06:43+00:00,2022-09-16T11:29:25+00:00,2022-09-17T01:35:17+00:00,2022-09-16T11:00:29+00:00,2022-09-17T02:04:13+00:00
2022-09-17,2022-09-17T12:21:45+00:00,2022-09-18T00:42:14+00:00,2022-09-17T18:31:59+00:00,44429,2022-09-17T11:58:36+00:00,2022-09-18T01:05:23+00:00,2022-09-17T11:30:04+00:00,2022-09-18T01:33:55+00:00,2022-09-17T11:01:11+00:00,2022-09-18T02:02:48+00:00
2022-09-18,2022-09-18T12:22:21+00:00,2022-09-19T00:40:55+00:00,2022-09-18T18:31:38+00:00,44314,2022-09-18T11:59:13+00:00,2022-09-19T01:04:03+00:00,2022-09-18T11:30:43+00:00,2022-09-19T01:32:33+00:00,2022-09-18T11:01:53+00:00,2022-09-19T02:01:23+00:00
2022-09-19,2022-09-19T12:22:58+00:00,2022-09-20T00:39:36+00:00,2022-09-19T18:31:17+00:00,44198,2022-09-19T11:59:50+00:00,2022-09-20T01:02:43+00:00,2022-09-19T11:31:22+00:00,2022-09-20T01:31:11+00:00,2022-09-19T11:02:35+00:00,2022-09-20T01:59:58+00:00
2022-09-20,2022-09-20T12:23:34+00:00,2022-09-21T00:38:16+00:00,2022-09-20T18:30:55+00:00,44082,2022-09-20T12:00:28+00:00,2022-09-21T01:01:23+00:00,2022-09-20T11:32:01+00:00,2022-09-21T01:29:49+00:00,2022-09-20T11:03:17+00:00,2022-09-21T01:58:34+00:00
2022-09-21,2022-09-21T12:24:11+00:00,2022-09-22T00:36:57+00:00,2022-09-21T18:30:34+00:00,43966,2022-09-21T12:01:05+00:00,2022-09-22T01:00:03+00:00,2022-09-21T11:32:40+00:00,2022-09-22T01:28:28+00:00,2022-09-21T11:03:58+00:00,2022-09-22T01:57:10+00:00
2022-09-22,2022-09-22T12:24:47+00:00,2022-09-23T00:35:38+00:00,2022-09-22T18:30:13+00:00,43851,2022-09-22T12:01:42+00:00,2022-09-23T00:58:44+00:00,2022-09-22T11:33:19+00:00,2022-09-23T01:27:07+00:00,2022-09-22T11:04:40+00:00,2022-09-23T01:55:46+00:00
2022-09-23,2022-09-23T12:25:24+00:00,2022-09-24T00:34:19+00:00,2022-09-23T18:29:52+00:00,43735,2022-09-23T12:02:19+00:00,2022-09-24T00:57:24+00:00,2022-09-23T11:33:57+00:00,2022-09-24T01:25:46+00:00,2022-09-23T11:05:21+00:00,2022-09-24T01:54:23+00:00
2022-09-24,2022-09-24T12:26:01+00:00,2022-09-25T00:33:00+00:00,2022-09-24T18:29:31+00:00,43619,2022-09-24T12:02:57+00:00,2022-09-25T00:56:05+00:00,2022-09-24T11:34:36+00:00,2022-09-25T01:24:26+00:00,2022-09-24T11:06:01+00:00,2022-09-25T01:53:00+00:00
2022-09-25,2022-09-25T12:26:38+00:00,2022-09-26T00:31:42+00:00,2022-09-25T18:29:10+00:00,43504,2022-09-25T12:03:34+00:00,2022-09-26T00:54:46+00:00,2022-09-25T11:35:14+00:00,2022-09-26T01:23:06+00:00,2022-09-25T11:06:42+00:00,2022-09-26T01:51:38+00:00
2022-09-26,2022-09-26T12:27:16+00:00,2022-09-27T00:30:23+00:00,2022-09-26T18:28:49+00:00,43387,2022-09-26T12:04:12+00:00,2022-09-27T00:53:27+00:00,2022-09-26T11:35:53+00:00,2022-09-27T01:21:46+00:00,2022-09-26T11:07:23+00:00,2022-09-27T01:50:16+00:00
2022-09-27,2022-09-27T12:27:53+00:00,2022-09-28T00:29:05+00:00,2022-09-27T18:28:29+00:00,43272,2022-09-27T12:04:49+00:00,2022-09-28T00:52:09+00:00,2022-09-27T11:36:31+00:00,2022-09-28T01:20:27+00:00,2022-09-27T11:08:03+00:00,2022-09-28T01:48:55+00:00
2022-09-28,2022-09-28T12:28:31+00:00,2022-09-29T00:27:47+00:00,2022-09-28T18:28:09+00:00,43156,2022-09-28T12:05:27+00:00,2022-09-29T00:50:51+00:00,2022-09-28T11:37:10+00:00,2022-09-29T01:19:08+00:00,2022-09-28T11:08:43+00:00,2022-09-29T01:47:35+00:00
2022-09-29,2022-09-29T12:29:09+00:00,2022-09-30T00:26:29+00:00,2022-09-29T18:27:49+00:00,43040,2022-09-29T12:06:05+00:00,2022-09-30T00:49:33+00:00,2022-09-29T11:37:48+00:00,2022-09-30T01:17:50+00:00,2022-09-29T11:09:23+00:00,2022-09-30T01:46:15+00:00
2022-09-30,2022-09-30T12:29:47+00:00,2022-10-01T00:25:12+00:00,2022-09-30T18:27:29+00:00,42925,2022-09-30T12:06:42+00:00,2022-10-01T00:48:16+00:00,2022-09-30T11:38:27+00:00,2022-10-01T01:16:32+00:00,2022-09-30T11:10:03+00:00,2022-10-01T01:44:55+00:00
2022-10-01,2022-10-01T12:30:25+00:00,2022-10-02T00:23:54+00:00,2022-10-01T18:27:10+00:00,42809,2022-10-01T12:07:20+00:00,2022-10-02T00:46:59+00:00,2022-10-01T11:39:05+00:00,2022-10-02T01:15:14+00:00,2022-10-01T11:10:43+00:00,2022-10-02T01:43:37+00:00
2022-10-02,2022-10-02T12:31:04+00:00,2022-10-03T00:22:38+00:00,2022-10-02T18:26:51+00:00,42694,2022-10-02T12:07:59+00:00,2022-10-03T00:45:43+00:00,2022-10-02T11:39:44+00:00,2022-10-03T01:13:58+00:00,2022-10-02T11:11:23+00:00,2022-10-03T01:42:19+00:00
2022-10-03,2022-10-03T12:31:43+00:00,2022-10-04T00:21:21+00:00,2022-10-03T18:26:32+00:00,42578,2022-10-03T12:08:37+00:00,2022-10-04T00:44:27+00:00,2022-10-03T11:40:22+00:00,2022-10-04T01:12:42+00:00,2022-10-03T11:12:03+00:00,2022-10-04T01:41:01+00:00
2022-10-04,2022-10-04T12:32:22+00:00,2022-10-05T00:20:05+00:00,2022-10-04T18:26:13+00:00,42463,2022-10-04T12:09:16+00:00,2022-10-05T00:43:11+00:00,2022-10-04T11:41:01+00:00,2022-10-05T01:11:26+00:00,2022-10-04T11:12:42+00:00,2022-10-05T01:39:45+00:00
2022-10-05,2022-10-05T12:33:01+00:00,2022-10-06T00:18:50+00:00,2022-10-05T18:25:55+00:00,42349,2022-10-05T12:09:54+00:00,2022-10-06T00:41:56+00:00,2022-10-05T11:41:40+00:00,2022-10-06T01:10:11+00:00,2022-10-05T11:13:22+00:00,2022-10-06T01:38:29+00:00
2022-10-06,2022-10-06T12:33:41+00:00,2022-10-07T00:17:35+00:00,2022-10-06T18:25:38+00:00,42234,2022-10-06T12:10:33+00:00,2022-10-07T00:40:42+00:00,2022-10-06T11:42:19+00:00,2022-10-07T01:08:57+00:00,2022-10-06T11:14:01+00:00,2022-10-07T01:37:14+00:00
2022-10-07,2022-10-07T12:34:21+00:00,2022-10-08T00:16:20+00:00,2022-10-07T18:25:20+00:00,42119,2022-10-07T12:11:12+00:00,2022-10-08T00:39:28+00:00,2022-10-07T11:42:57+00:00,2022-10-08T01:07:43+00:00,2022-10-07T11:14:41+00:00,2022-10-08T01:36:00+00:00
2022-10-08,2022-10-08T12:35:01+00:00,2022-10-09T00:15:06+00:00,2022-10-08T18:25:03+00:00,42005,2022-10-08T12:11:52+00:00,2022-10-09T00:38:15+00:00,2022-10-08T11:43:37+00:00,2022-10-09T01:06:30+00:00,2022-10-08T11:15:21+00:00,2022-10-09T01:34:46+00:00
2022-10-09,2022-10-09T12:35:41+00:00,2022-10-10T00:13:53+00:00,2022-10-09T18:24:47+00:00,41892,2022-10-09T12:12:31+00:00,2022-10-10T00:37:03+00:00,2022-10-09T11:44:16+00:00,2022-10-10T01:05:18+00:00,2022-10-09T11:16:00+00:00,2022-10-10T01:33:34+00:00
2022-10-10,2022-10-10T12:36:22+00:00,2022-10-11T00:12:40+00:00,2022-10-10T18:24:31+00:00,41778,2022-10-10T12:13:11+00:00,2022-10-11T00:35:51+00:00,2022-10-10T11:44:55+00:00,2022-10-11T01:04:07+00:00,2022-10-10T11:16:40+00:00,2022-10-11T01:32:22+00:00
2022-10-11,2022-10-11T12:37:04+00:00,2022-10-12T00:11:27+00:00,2022-10-11T18:24:15+00:00,41663,2022-10-11T12:13:51+00:00,2022-10-12T00:34:40+00:00,2022-10-11T11:45:34+00:00,2022-10-12T01:02:56+00:00,2022-10-11T11:17:20+00:00,2022-10-12T01:31:11+00:00
2022-10-12,2022-10-12T12:37:45+00:00,2022-10-13T00:10:16+00:00,2022-10-12T18:24:00+00:00,41551,2022-10-12T12:14:32+00:00,2022-10-13T00:33:29+00:00,2022-10-12T11:46:14+00:00,2022-10-13T01:01:47+00:00,2022-10-12T11:17:59+00:00,2022-10-13T01:30:01+00:00
2022-10-13,2022-10-13T12:38:27+00:00,2022-10-14T00:09:05+00:00,2022-10-13T18:23:46+00:00,41438,2022-10-13T12:15:12+00:00,2022-10-14T00:32:19+00:00,2022-10-13T11:46:54+00:00,2022-10-14T01:00:38+00:00,2022-10-13T11:18:39+00:00,2022-10-14T01:28:53+00:00
2022-10-14,2022-10-14T12:39:09+00:00,2022-10-15T00:07:55+00:00,2022-10-14T18:23:32+00:00,41326,2022-10-14T12:15:53+00:00,2022-10-15T00:31:11+00:00,2022-10-14T11:47:34+00:00,2022-10-15T00:59:30+00:00,2022-10-14T11:19:19+00:00,2022-10-15T01:27:45+00:00
2022-10-15,2022-10-15T12:39:52+00:00,2022-10-16T00:06:45+00:00,2022-10-15T18:23:19+00:00,41213,2022-10-15T12:16:35+00:00,2022-10-16T00:30:03+00:00,2022-10-15T11:48:14+00:00,2022-10-16T00:58:23+00:00,2022-10-15T11:19:59+00:00,2022-10-16T01:26:38+00:00
2022-10-16,2022-10-16T12:40:35+00:00,2022-10-17T00:05:36+00:00,2022-10-16T18:23:06+00:00,41101,2022-10-16T12:17:16+00:00,2022-10-17T00:28:55+00:00,2022-10-16T11:48:54+00:00,2022-10-17T00:57:17+00:00,2022-10-16T11:20:39+00:00,2022-10-17T01:25:32+00:00
2022-10-17,2022-10-17T12:41:18+00:00,2022-10-18T00:04:28+00:00,2022-10-17T18:22:53+00:00,40990,2022-10-17T12:17:58+00:00,2022-10-18T00:27:49+00:00,2022-10-17T11:49:35+00:00,2022-10-18T00:56:12+00:00,2022-10-17T11:21:19+00:00,2022-10-18T01:24:27+00:00
2022-10-18,2022-10-18T12:42:02+00:00,2022-10-19T00:03:21+00:00,2022-10-18T18:22:42+00:00,40879,2022-10-18T12:18:40+00:00,2022-10-19T00:26:43+00:00,2022-10-18T11:50:16+00:00,2022-10-19T00:55:08+00:00,2022-10-18T11:22:00+00:00,2022-10-19T01:23:24+00:00
2022-10-19,2022-10-19T12:42:46+00:00,2022-10-20T00:02:15+00:00,2022-10-19T18:22:31+00:00,40769,2022-10-19T12:19:22+00:00,2022-10-20T00:25:39+00:00,2022-10-19T11:50:57+00:00,2022-10-20T00:54:04+00:00,2022-10-19T11:22:40+00:00,2022-10-20T01:22:21+00:00
2022-10-20,2022-10-20T12:43:31+00:00,2022-10-21T00:01:10+00:00,2022-10-20T18:22:20+00:00,40659,2022-10-20T12:20:05+00:00,2022-10-21T00:24:35+00:00,2022-10-20T11:51:38+00:00,2022-10-21T00:53:02+00:00,2022-10-20T11:23:21+00:00,2022-10-21T01:21:20+00:00
2022-10-21,2022-10-21T12:44:16+00:00,2022-10-22T00:00:05+00:00,2022-10-21T18:22:10+00:00,40549,2022-10-21T12:20:48+00:00,2022-10-22T00:23:33+00:00,2022-10-21T11:52:20+00:00,2022-10-22T00:52:01+00:00,2022-10-21T11:24:02+00:00,2022-10-22T01:20:19+00:00
2022-10-22,2022-10-22T12:45:01+00:00,2022-10-22T23:59:02+00:00,2022-10-22T18:22:01+00:00,40441,2022-10-22T12:21:32+00:00,2022-10-23T00:22:31+00:00,2022-10-22T11:53:01+00:00,2022-10-23T00:51:01+00:00,2022-10-22T11:24:43+00:00,2022-10-23T01:19:20+00:00
2022-10-23,2022-10-23T12:45:47+00:00,2022-10-23T23:57:59+00:00,2022-10-23T18:21:53+00:00,40332,2022-10-23T12:22:15+00:00,2022-10-24T00:21:31+00:00,2022-10-23T11:53:43+00:00,2022-10-24T00:50:02+00:00,2022-10-23T11:25:24+00:00,2022-10-24T01:18:22+00:00
2022-10-24,2022-10-24T12:46:33+00:00,2022-10-24T23:56:58+00:00,2022-10-24T18:21:45+00:00,40225,2022-10-24T12:22:59+00:00,2022-10-25T00:20:31+00:00,2022-10-24T11:54:26+00:00,2022-10-25T00:49:05+00:00,2022-10-24T11:26:05+00:00,2022-10-25T01:17:26+00:00
2022-10-25,2022-10-25T12:47:19+00:00,2022-10-25T23:55:57+00:00,2022-10-25T18:21:38+00:00,40118,2022-10-25T12:23:44+00:00,2022-10-26T00:19:33+00:00,2022-10-25T11:55:08+00:00,2022-10-26T00:48:08+00:00,2022-10-25T11:26:46+00:00,2022-10-26T01:16:30+00:00
2022-10-26,2022-10-26T12:48:06+00:00,2022-10-26T23:54:58+00:00,2022-10-26T18:21:32+00:00,40012,2022-10-26T12:24:28+00:00,2022-10-27T00:18:36+00:00,2022-10-26T11:55:51+00:00,2022-10-27T00:47:13+00:00,2022-10-26T11:27:28+00:00,2022-10-27T01:15:36+00:00
2022-10-27,2022-10-27T12:48:54+00:00,2022-10-27T23:53:59+00:00,2022-10-27T18:21:26+00:00,39905,2022-10-27T12:25:13+00:00,2022-10-28T00:17:39+00:00,2022-10-27T11:56:34+00:00,2022-10-28T00:46:19+00:00,2022-10-27T11:28:10+00:00,2022-10-28T01:14:43+00:00
2022-10-28,2022-10-28T12:49:41+00:00,2022-10-28T23:53:02+00:00,2022-10-28T18:21:22+00:00,39801,2022-10-28T12:25:59+00:00,2022-10-29T00:16:44+00:00,2022-10-28T11:57:17+00:00,2022-10-29T00:45:26+00:00,2022-10-28T11:28:51+00:00,2022-10-29T01:13:52+00:00
2022-10-29,2022-10-29T12:50:29+00:00,2022-10-29T23:52:06+00:00,2022-10-29T18:21:18+00:00,39697,2022-10-29T12:26:44+00:00,2022-10-30T00:15:51+00:00,2022-10-29T11:58:01+00:00,2022-10-30T00:44:34+00:00,2022-10-29T11:29:34+00:00,2022-10-30T01:13:01+00:00
2022-10-30,2022-10-30T12:51:18+00:00,2022-10-30T23:51:11+00:00,2022-10-30T18:21:14+00:00,39593,2022-10-30T12:27:30+00:00,2022-10-31T00:14:58+00:00,2022-10-30T11:58:45+00:00,2022-10-31T00:43:44+00:00,2022-10-30T11:30:16+00:00,2022-10-31T01:12:13+00:00
2022-10-31,2022-10-31T12:52:06+00:00,2022-10-31T23:50:17+00:00,2022-10-31T18:21:12+00:00,39491,2022-10-31T12:28:17+00:00,2022-11-01T00:14:07+00:00,2022-10-31T11:59:29+00:00,2022-11-01T00:42:55+00:00,2022-10-31T11:30:58+00:00,2022-11-01T01:11:25+00:00
2022-11-01,2022-11-01T12:52:55+00:00,2022-11-01T23:49:25+00:00,2022-11-01T18:21:10+00:00,39390,2022-11-01T12:29:03+00:00,2022-11-02T00:13:17+00:00,2022-11-01T12:00:13+00:00,2022-11-02T00:42:07+00:00,2022-11-01T11:31:41+00:00,2022-11-02T01:10:39+00:00
2022-11-02,2022-11-02T12:53:45+00:00,2022-11-02T23:48:34+00:00,2022-11-02T18:21:09+00:00,39289,2022-11-02T12:29:50+00:00,2022-11-03T00:12:28+00:00,2022-11-02T12:00:57+00:00,2022-11-03T00:41:21+00:00,2022-11-02T11:32:24+00:00,2022-11-03T01:09:54+00:00
2022-11-03,2022-11-03T12:54:35+00:00,2022-11-03T23:47:44+00:00,2022-11-03T18:21:09+00:00,39189,2022-11-03T12:30:37+00:00,2022-11-04T00:11:41+00:00,2022-11-03T12:01:42+00:00,2022-11-04T00:40:36+00:00,2022-11-03T11:33:07+00:00,2022-11-04T01:09:11+00:00
2022-11-04,2022-11-04T12:55:25+00:00,2022-11-04T23:46:55+00:00,2022-11-04T18:21:10+00:00,39090,2022-11-04T12:31:25+00:00,2022-11-05T00:10:55+00:00,2022-11-04T12:02:27+00:00,2022-11-05T00:39:53+00:00,2022-11-04T11:33:51+00:00,2022-11-05T01:08:29+00:00
2022-11-05,2022-11-05T12:56:15+00:00,2022-11-05T23:46:08+00:00,2022-11-05T18:21:11+00:00,38993,2022-11-05T12:32:13+00:00,2022-11-06T00:10:10+00:00,2022-11-05T12:03:13+00:00,2022-11-06T00:39:10+00:00,2022-11-05T11:34:34+00:00,2022-11-06T01:07:49+00:00
2022-11-06,2022-11-06T12:57:06+00:00,2022-11-06T23:45:22+00:00,2022-11-06T18:21:14+00:00,38896,2022-11-06T12:33:01+00:00,2022-11-07T00:09:27+00:00,2022-11-06T12:03:58+00:00,2022-11-07T00:38:30+00:00,2022-11-06T11:35:18+00:00,2022-11-07T01:07:10+00:00
2022-11-07,2022-11-07T12:57:57+00:00,2022-11-07T23:44:38+00:00,2022-11-07T18:21:17+00:00,38801,2022-11-07T12:33:49+00:00,2022-11-08T00:08:45+00:00,2022-11-07T12:04:44+00:00,2022-11-08T00:37:51+00:00,2022-11-07T11:36:01+00:00,2022-11-08T01:06:33+00:00
2022-11-08,2022-11-08T12:58:48+00:00,2022-11-08T23:43:55+00:00,2022-11-08T18:21:21+00:00,38707,2022-11-08T12:34:37+00:00,2022-11-09T00:08:05+00:00,2022-11-08T12:05:30+00:00,2022-11-09T00:37:13+00:00,2022-11-08T11:36:45+00:00,2022-11-09T01:05:57+00:00
2022-11-09,2022-11-09T12:59:39+00:00,2022-11-09T23:43:13+00:00,2022-11-09T18:21:26+00:00,38614,2022-11-09T12:35:26+00:00,2022-11-10T00:07:26+00:00,2022-11-09T12:06:16+00:00,2022-11-10T00:36:37+00:00,2022-11-09T11:37:30+00:00,2022-11-10T01:05:23+00:00
2022-11-10,2022-11-10T13:00:31+00:00,2022-11-10T23:42:33+00:00,2022-11-10T18:21:32+00:00,38522,2022-11-10T12:36:15+00:00,2022-11-11T00:06:49+00:00,2022-11-10T12:07:02+00:00,2022-11-11T00:36:02+00:00,2022-11-10T11:38:14+00:00,2022-11-11T01:04:50+00:00
2022-11-11,2022-11-11T13:01:23+00:00,2022-11-11T23:41:54+00:00,2022-11-11T18:21:39+00:00,38431,2022-11-11T12:37:04+00:00,2022-11-12T00:06:13+00:00,2022-11-11T12:07:48+00:00,2022-11-12T00:35:29+00:00,2022-11-11T11:38:58+00:00,2022-11-12T01:04:19+00:00
2022-11-12,2022-11-12T13:02:15+00:00,2022-11-12T23:41:17+00:00,2022-11-12T18:21:46+00:00,38342,2022-11-12T12:37:53+00:00,2022-11-13T00:05:39+00:00,2022-11-12T12:08:35+00:00,2022-11-13T00:34:57+00:00,2022-11-12T11:39:43+00:00,2022-11-13T01:03:49+00:00
2022-11-13,2022-11-13T13:03:07+00:00,2022-11-13T23:40:42+00:00,2022-11-13T18:21:54+00:00,38255,2022-11-13T12:38:43+00:00,2022-11-14T00:05:06+00:00,2022-11-13T12:09:22+00:00,2022-11-14T00:34:27+00:00,2022-11-13T11:40:28+00:00,2022-11-14T01:03:21+00:00
2022-11-14,2022-11-14T13:03:59+00:00,2022-11-14T23:40:08+00:00,2022-11-14T18:22:03+00:00,38169,2022-11-14T12:39:32+00:00,2022-11-15T00:04:35+00:00,2022-11-14T12:10:09+00:00,2022-11-15T00:33:58+00:00,2022-11-14T11:41:12+00:00,2022-11-15T01:02:55+00:00
2022-11-15,2022-11-15T13:04:52+00:00,2022-11-15T23:39:35+00:00,2022-11-15T18:22:14+00:00,38083,2022-11-15T12:40:22+00:00,2022-11-16T00:04:05+00:00,2022-11-15T12:10:56+00:00,2022-11-16T00:33:31+00:00,2022-11-15T11:41:57+00:00,2022-11-16T01:02:30+00:00
2022-11-16,2022-11-16T13:05:44+00:00,2022-11-16T23:39:05+00:00,2022-11-16T18:22:24+00:00,38001,2022-11-16T12:41:12+00:00,2022-11-17T00:03:37+00:00,2022-11-16T12:11:43+00:00,2022-11-17T00:33:06+00:00,2022-11-16T11:42:42+00:00,2022-11-17T01:02:06+00:00
2022-11-17,2022-11-17T13:06:37+00:00,2022-11-17T23:38:35+00:00,2022-11-17T18:22:36+00:00,37918,2022-11-17T12:42:02+00:00,2022-11-18T00:03:11+00:00,2022-11-17T12:12:30+00:00,2022-11-18T00:32:42+00:00,2022-11-17T11:43:27+00:00,2022-11-18T01:01:45+00:00
2022-11-18,2022-11-18T13:07:29+00:00,2022-11-18T23:38:08+00:00,2022-11-18T18:22:49+00:00,37839,2022-11-18T12:42:51+00:00,2022-11-19T00:02:46+00:00,2022-11-18T12:13:17+00:00,2022-11-19T00:32:20+00:00,2022-11-18T11:44:12+00:00,2022-11-19T01:01:25+00:00
2022-11-19,2022-11-19T13:08:22+00:00,2022-11-19T23:37:42+00:00,2022-11-19T18:23:02+00:00,37760,2022-11-19T12:43:41+00:00,2022-11-20T00:02:23+00:00,2022-11-19T12:14:04+00:00,2022-11-20T00:32:00+00:00,2022-11-19T11:44:57+00:00,2022-11-20T01:01:06+00:00
2022-11-20,2022-11-20T13:09:14+00:00,2022-11-20T23:37:18+00:00,2022-11-20T18:23:16+00:00,37684,2022-11-20T12:44:31+00:00,2022-11-21T00:02:01+00:00,2022-11-20T12:14:51+00:00,2022-11-21T00:31:41+00:00,2022-11-20T11:45:43+00:00,2022-11-21T01:00:50+00:00
2022-11-21,2022-11-21T13:10:07+00:00,2022-11-21T23:36:56+00:00,2022-11-21T18:23:31+00:00,37609,2022-11-21T12:45:21+00:00,2022-11-22T00:01:41+00:00,2022-11-21T12:15:38+00:00,2022-11-22T00:31:24+00:00,2022-11-21T11:46:28+00:00,2022-11-22T01:00:35+00:00
2022-11-22,2022-11-22T13:10:59+00:00,2022-11-22T23:36:35+00:00,2022-11-22T18:23:47+00:00,37536,2022-11-22T12:46:10+00:00,2022-11-23T00:01:23+00:00,2022-11-22T12:16:25+00:00,2022-11-23T00:31:08+00:00,2022-11-22T11:47:13+00:00,2022-11-23T01:00:21+00:00
2022-11-23,2022-11-23T13:11:51+00:00,2022-11-23T23:36:16+00:00,2022-11-23T18:24:03+00:00,37465,2022-11-23T12:47:00+00:00,2022-11-24T00:01:07+00:00,2022-11-23T12:17:12+00:00,2022-11-24T00:30:55+00:00,2022-11-23T11:47:58+00:00,2022-11-24T01:00:09+00:00
2022-11-24,2022-11-24T13:12:43+00:00,2022-11-24T23:35:59+00:00,2022-11-24T18:24:21+00:00,37396,2022-11-24T12:47:49+00:00,2022-11-25T00:00:52+00:00,2022-11-24T12:17:59+00:00,2022-11-25T00:30:42+00:00,2022-11-24T11:48:43+00:00,2022-11-25T00:59:59+00:00
2022-11-25,2022-11-25T13:13:34+00:00,2022-11-25T23:35:43+00:00,2022-11-25T18:24:39+00:00,37329,2022-11-25T12:48:39+00:00,2022-11-26T00:00:39+00:00,2022-11-25T12:18:46+00:00,2022-11-26T00:30:32+00:00,2022-11-25T11:49:27+00:00,2022-11-26T00:59:51+00:00
2022-11-26,2022-11-26T13:14:26+00:00,2022-11-26T23:35:30+00:00,2022-11-26T18:24:58+00:00,37264,2022-11-26T12:49:27+00:00,2022-11-27T00:00:28+00:00,2022-11-26T12:19:33+00:00,2022-11-27T00:30:23+00:00,2022-11-26T11:50:12+00:00,2022-11-27T00:59:44+00:00
2022-11-27,2022-11-27T13:15:17+00:00,2022-11-27T23:35:18+00:00,2022-11-27T18:25:17+00:00,37201,2022-11-27T12:50:16+00:00,2022-11-28T00:00:18+00:00,2022-11-27T12:20:19+00:00,2022-11-28T00:30:16+00:00,2022-11-27T11:50:56+00:00,2022-11-28T00:59:38+00:00
2022-11-28,2022-11-28T13:16:08+00:00,2022-11-28T23:35:08+00:00,2022-11-28T18:25:38+00:00,37140,2022-11-28T12:51:05+00:00,2022-11-29T00:00:11+00:00,2022-11-28T12:21:05+00:00,2022-11-29T00:30:10+00:00,2022-11-28T11:51:41+00:00,2022-11-29T00:59:35+00:00
2022-11-29,2022-11-29T13:16:58+00:00,2022-11-29T23:34:59+00:00,2022-11-29T18:25:59+00:00,37081,2022-11-29T12:51:53+00:00,2022-11-30T00:00:04+00:00,2022-11-29T12:21:51+00:00,2022-11-30T00:30:06+00:00,2022-11-29T11:52:25+00:00,2022-11-30T00:59:33+00:00
2022-11-30,2022-11-30T13:17:48+00:00,2022-11-30T23:34:53+00:00,2022-11-30T18:26:20+00:00,37025,2022-11-30T12:52:40+00:00,2022-12-01T00:00:00+00:00,2022-11-30T12:22:36+00:00,2022-12-01T00:30:04+00:00,2022-11-30T11:53:08+00:00,2022-12-01T00:59:32+00:00
2022-12-01,2022-12-01T13:18:37+00:00,2022-12-01T23:34:48+00:00,2022-12-01T18:26:43+00:00,36971,2022-12-01T12:53:28+00:00,2022-12-01T23:59:57+00:00,2022-12-01T12:23:22+00:00,2022-12-02T00:30:04+00:00,2022-12-01T11:53:52+00:00,2022-12-02T00:59:33+00:00
2022-12-02,2022-12-02T13:19:26+00:00,2022-12-02T23:34:45+00:00,2022-12-02T18:27:06+00:00,36919,2022-12-02T12:54:15+00:00,2022-12-02T23:59:56+00:00,2022-12-02T12:24:06+00:00,2022-12-03T00:30:05+00:00,2022-12-02T11:54:35+00:00,2022-12-03T00:59:36+00:00
2022-12-03,2022-12-03T13:20:15+00:00,2022-12-03T23:34:44+00:00,2022-12-03T18:27:29+00:00,36869,2022-12-03T12:55:01+00:00,2022-12-03T23:59:57+00:00,2022-12-03T12:24:51+00:00,2022-12-04T00:30:07+00:00,2022-12-03T11:55:18+00:00,2022-12-04T00:59:40+00:00
2022-12-04,2022-12-04T13:21:02+00:00,2022-12-04T23:34:44+00:00,2022-12-04T18:27:53+00:00,36822,2022-12-04T12:55:47+00:00,2022-12-05T00:00:00+00:00,2022-12-04T12:25:35+00:00,2022-12-05T00:30:12+00:00,2022-12-04T11:56:00+00:00,2022-12-05T00:59:46+00:00
2022-12-05,2022-12-05T13:21:49+00:00,2022-12-05T23:34:47+00:00,2022-12-05T18:28:18+00:00,36778,2022-12-05T12:56:32+00:00,2022-12-06T00:00:04+00:00,2022-12-05T12:26:18+00:00,2022-12-06T00:30:18+00:00,2022-12-05T11:56:42+00:00,2022-12-06T00:59:54+00:00
2022-12-06,2022-12-06T13:22:36+00:00,2022-12-06T23:34:51+00:00,2022-12-06T18:28:43+00:00,36735,2022-12-06T12:57:17+00:00,2022-12-07T00:00:10+00:00,2022-12-06T12:27:01+00:00,2022-12-07T00:30:25+00:00,2022-12-06T11:57:24+00:00,2022-12-07T01:00:02+00:00
2022-12-07,2022-12-07T13:23:21+00:00,2022-12-07T23:34:57+00:00,2022-12-07T18:29:09+00:00,36696,2022-12-07T12:58:01+00:00,2022-12-08T00:00:17+00:00,2022-12-07T12:27:44+00:00,2022-12-08T00:30:34+00:00,2022-12-07T11:58:05+00:00,2022-12-08T01:00:13+00:00
2022-12-08,2022-12-08T13:24:06+00:00,2022-12-08T23:35:04+00:00,2022-12-08T18:29:35+00:00,36658,2022-12-08T12:58:44+00:00,2022-12-09T00:00:26+00:00,2022-12-08T12:28:25+00:00,2022-12-09T00:30:45+00:00,2022-12-08T11:58:46+00:00,2022-12-09T01:00:25+00:00
2022-12-09,2022-12-09T13:24:50+00:00,2022-12-09T23:35:14+00:00,2022-12-09T18:30:02+00:00,36624,2022-12-09T12:59:27+00:00,2022-12-10T00:00:37+00:00,2022-12-09T12:29:07+00:00,2022-12-10T00:30:57+00:00,2022-12-09T11:59:26+00:00,2022-12-10T01:00:38+00:00
2022-12-10,2022-12-10T13:25:33+00:00,2022-12-10T23:35:25+00:00,2022-12-10T18:30:29+00:00,36592,2022-12-10T13:00:09+00:00,2022-12-11T00:00:50+00:00,2022-12-10T12:29:47+00:00,2022-12-11T00:31:11+00:00,2022-12-10T12:00:05+00:00,2022-12-11T01:00:53+00:00
2022-12-11,2022-12-11T13:26:16+00:00,2022-12-11T23:35:38+00:00,2022-12-11T18:30:57+00:00,36562,2022-12-11T13:00:50+00:00,2022-12-12T00:01:04+00:00,2022-12-11T12:30:27+00:00,2022-12-12T00:31:27+00:00,2022-12-11T12:00:44+00:00,2022-12-12T01:01:09+00:00
2022-12-12,2022-12-12T13:26:57+00:00,2022-12-12T23:35:52+00:00,2022-12-12T18:31:25+00:00,36535,2022-12-12T13:01:30+00:00,2022-12-13T00:01:20+00:00,2022-12-12T12:31:06+00:00,2022-12-13T00:31:43+00:00,2022-12-12T12:01:22+00:00,2022-12-13T01:01:27+00:00
2022-12-13,2022-12-13T13:27:37+00:00,2022-12-13T23:36:09+00:00,2022-12-13T18:31:53+00:00,36512,2022-12-13T13:02:09+00:00,2022-12-14T00:01:37+00:00,2022-12-13T12:31:44+00:00,2022-12-14T00:32:02+00:00,2022-12-13T12:02:00+00:00,2022-12-14T01:01:46+00:00
2022-12-14,2022-12-14T13:28:16+00:00,2022-12-14T23:36:27+00:00,2022-12-14T18:32:21+00:00,36491,2022-12-14T13:02:47+00:00,2022-12-15T00:01:56+00:00,2022-12-14T12:32:22+00:00,2022-12-15T00:32:21+00:00,2022-12-14T12:02:36+00:00,2022-12-15T01:02:07+00:00
2022-12-15,2022-12-15T13:28:54+00:00,2022-12-15T23:36:46+00:00,2022-12-15T18:32:50+00:00,36472,2022-12-15T13:03:25+00:00,2022-12-16T00:02:16+00:00,2022-12-15T12:32:58+00:00,2022-12-16T00:32:43+00:00,2022-12-15T12:03:12+00:00,2022-12-16T01:02:29+00:00
2022-12-16,2022-12-16T13:29:31+00:00,2022-12-16T23:37:07+00:00,2022-12-16T18:33:19+00:00,36456,2022-12-16T13:04:01+00:00,2022-12-17T00:02:38+00:00,2022-12-16T12:33:34+00:00,2022-12-17T00:33:05+00:00,2022-12-16T12:03:47+00:00,2022-12-17T01:02:52+00:00
2022-12-17,2022-12-17T13:30:07+00:00,2022-12-17T23:37:30+00:00,2022-12-17T18:33:49+00:00,36443,2022-12-17T13:04:36+00:00,2022-12-18T00:03:01+00:00,2022-12-17T12:34:08+00:00,2022-12-18T00:33:29+00:00,2022-12-17T12:04:21+00:00,2022-12-18T01:03:16+00:00
2022-12-18,2022-12-18T13:30:42+00:00,2022-12-18T23:37:55+00:00,2022-12-18T18:34:18+00:00,36433,2022-12-18T13:05:10+00:00,2022-12-19T00:03:26+00:00,2022-12-18T12:34:42+00:00,2022-12-19T00:33:54+00:00,2022-12-18T12:04:55+00:00,2022-12-19T01:03:42+00:00
2022-12-19,2022-12-19T13:31:15+00:00,2022-12-19T23:38:21+00:00,2022-12-19T18:34:48+00:00,36426,2022-12-19T13:05:43+00:00,2022-12-20T00:03:52+00:00,2022-12-19T12:35:15+00:00,2022-12-20T00:34:21+00:00,2022-12-19T12:05:27+00:00,2022-12-20T01:04:08+00:00
2022-12-20,2022-12-20T13:31:47+00:00,2022-12-20T23:38:48+00:00,2022-12-20T18:35:18+00:00,36421,2022-12-20T13:06:15+00:00,2022-12-21T00:04:20+00:00,2022-12-20T12:35:46+00:00,2022-12-21T00:34:49+00:00,2022-12-20T12:05:59+00:00,2022-12-21T01:04:36+00:00
2022-12-21,2022-12-21T13:32:18+00:00,2022-12-21T23:39:17+00:00,2022-12-21T18:35:47+00:00,36419,2022-12-21T13:06:46+00:00,2022-12-22T00:04:49+00:00,2022-12-21T12:36:17+00:00,2022-12-22T00:35:18+00:00,2022-12-21T12:06:29+00:00,2022-12-22T01:05:06+00:00
2022-12-22,2022-12-22T13:32:47+00:00,2022-12-22T23:39:47+00:00,2022-12-22T18:36:17+00:00,36420,2022-12-22T13:07:15+00:00,2022-12-23T00:05:19+00:00,2022-12-22T12:36:46+00:00,2022-12-23T00:35:48+00:00,2022-12-22T12:06:59+00:00,2022-12-23T01:05:36+00:00
2022-12-23,2022-12-23T13:33:15+00:00,2022-12-23T23:40:19+00:00,2022-12-23T18:36:47+00:00,36424,2022-12-23T13:07:43+00:00,2022-12-24T00:05:51+00:00,2022-12-23T12:37:14+00:00,2022-12-24T00:36:20+00:00,2022-12-23T12:07:27+00:00,2022-12-24T01:06:07+00:00
2022-12-24,2022-12-24T13:33:41+00:00,2022-12-24T23:40:52+00:00,2022-12-24T18:37:17+00:00,36431,2022-12-24T13:08:10+00:00,2022-12-25T00:06:24+00:00,2022-12-24T12:37:41+00:00,2022-12-25T00:36:52+00:00,2022-12-24T12:07:54+00:00,2022-12-25T01:06:39+00:00
2022-12-25,2022-12-25T13:34:06+00:00,2022-12-25T23:41:27+00:00,2022-12-25T18:37:47+00:00,36441,2022-12-25T13:08:35+00:00,2022-12-26T00:06:58+00:00,2022-12-25T12:38:07+00:00,2022-12-26T00:37:26+00:00,2022-12-25T12:08:20+00:00,2022-12-26T01:07:13+00:00
2022-12-26,2022-12-26T13:34:30+00:00,2022-12-26T23:42:03+00:00,2022-12-26T18:38:16+00:00,36453,2022-12-26T13:08:59+00:00,2022-12-27T00:07:33+00:00,2022-12-26T12:38:32+00:00,2022-12-27T00:38:01+00:00,2022-12-26T12:08:45+00:00,2022-12-27T01:07:47+00:00
2022-12-27,2022-12-27T13:34:52+00:00,2022-12-27T23:42:40+00:00,2022-12-27T18:38:46+00:00,36468,2022-12-27T13:09:22+00:00,2022-12-28T00:08:10+00:00,2022-12-27T12:38:55+00:00,2022-12-28T00:38:36+00:00,2022-12-27T12:09:09+00:00,2022-12-28T01:08:22+00:00
2022-12-28,2022-12-28T13:35:12+00:00,2022-12-28T23:43:18+00:00,2022-12-28T18:39:15+00:00,36486,2022-12-28T13:09:43+00:00,2022-12-29T00:08:47+00:00,2022-12-28T12:39:17+00:00,2022-12-29T00:39:13+00:00,2022-12-28T12:09:32+00:00,2022-12-29T01:08:59+00:00
2022-12-29,2022-12-29T13:35:31+00:00,2022-12-29T23:43:58+00:00,2022-12-29T18:39:44+00:00,36507,2022-12-29T13:10:03+00:00,2022-12-30T00:09:26+00:00,2022-12-29T12:39:38+00:00,2022-12-30T00:39:51+00:00,2022-12-29T12:09:53+00:00,2022-12-30T01:09:36+00:00
2022-12-30,2022-12-30T13:35:48+00:00,2022-12-30T23:44:38+00:00,2022-12-30T18:40:13+00:00,36530,2022-12-30T13:10:21+00:00,2022-12-31T00:10:06+00:00,2022-12-30T12:39:57+00:00,2022-12-31T00:40:30+00:00,2022-12-30T12:10:13+00:00,2022-12-31T01:10:14+00:00
2022-12-31,2022-12-31T13:36:04+00:00,2022-12-31T23:45:20+00:00,2022-12-31T18:40:42+00:00,36556,2022-12-31T13:10:38+00:00,2023-01-01T00:10:46+00:00,2022-12-31T12:40:15+00:00,2023-01-01T00:41:09+00:00,2022-12-31T12:10:31+00:00,2023-01-01T01:10:52+00:00
2023-01-01,2023-01-01T13:36:18+00:00,2023-01-01T23:46:03+00:00,2023-01-01T18:41:10+00:00,36585,2023-01-01T13:10:53+00:00,2023-01-02T00:11:28+00:00,2023-01-01T12:40:31+00:00,2023-01-02T00:41:50+00:00,2023-01-01T12:10:49+00:00,2023-01-02T01:11:32+00:00
2023-01-02,2023-01-02T13:36:30+00:00,2023-01-02T23:46:47+00:00,2023-01-02T18:41:38+00:00,36617,2023-01-02T13:11:06+00:00,2023-01-03T00:12:10+00:00,2023-01-02T12:40:46+00:00,2023-01-03T00:42:31+00:00,2023-01-02T12:11:05+00:00,2023-01-03T01:12:12+00:00
2023-01-03,2023-01-03T13:36:41+00:00,2023-01-03T23:47:31+00:00,2023-01-03T18:42:06+00:00,36650,2023-01-03T13:11:18+00:00,2023-01-04T00:12:54+00:00,2023-01-03T12:40:59+00:00,2023-01-04T00:43:13+00:00,2023-01-03T12:11:19+00:00,2023-01-04T01:12:53+00:00
2023-01-04,2023-01-04T13:36:50+00:00,2023-01-04T23:48:17+00:00,2023-01-04T18:42:33+00:00,36687,2023-01-04T13:11:29+00:00,2023-01-05T00:13:38+00:00,2023-01-04T12:41:11+00:00,2023-01-05T00:43:55+00:00,2023-01-04T12:11:33+00:00,2023-01-05T01:13:34+00:00
2023-01-05,2023-01-05T13:36:57+00:00,2023-01-05T23:49:04+00:00,2023-01-05T18:43:00+00:00,36727,2023-01-05T13:11:38+00:00,2023-01-06T00:14:23+00:00,2023-01-05T12:41:22+00:00,2023-01-06T00:44:39+00:00,2023-01-05T12:11:44+00:00,2023-01-06T01:14:16+00:00
2023-01-06,2023-01-06T13:37:02+00:00,2023-01-06T23:49:51+00:00,2023-01-06T18:43:27+00:00,36769,2023-01-06T13:11:45+00:00,2023-01-07T00:15:08+00:00,2023-01-06T12:41:31+00:00,2023-01-07T00:45:23+00:00,2023-01-06T12:11:55+00:00,2023-01-07T01:14:59+00:00
2023-01-07,2023-01-07T13:37:06+00:00,2023-01-07T23:50:39+00:00,2023-01-07T18:43:53+00:00,36813,2023-01-07T13:11:50+00:00,2023-01-08T00:15:55+00:00,2023-01-07T12:41:38+00:00,2023-01-08T00:46:07+00:00,2023-01-07T12:12:03+00:00,2023-01-08T01:15:42+00:00
2023-01-08,2023-01-08T13:37:08+00:00,2023-01-08T23:51:28+00:00,2023-01-08T18:44:18+00:00,36860,2023-01-08T13:11:54+00:00,2023-01-09T00:16:42+00:00,2023-01-08T12:41:44+00:00,2023-01-09T00:46:52+00:00,2023-01-08T12:12:11+00:00,2023-01-09T01:16:26+00:00
2023-01-09,2023-01-09T13:37:08+00:00,2023-01-09T23:52:18+00:00,2023-01-09T18:44:43+00:00,36910,2023-01-09T13:11:57+00:00,2023-01-10T00:17:30+00:00,2023-01-09T12:41:48+00:00,2023-01-10T00:47:38+00:00,2023-01-09T12:12:16+00:00,2023-01-10T01:17:10+00:00
2023-01-10,2023-01-10T13:37:07+00:00,2023-01-10T23:53:08+00:00,2023-01-10T18:45:07+00:00,36961,2023-01-10T13:11:57+00:00,2023-01-11T00:18:18+00:00,2023-01-10T12:41:50+00:00,2023-01-11T00:48:24+00:00,2023-01-10T12:12:21+00:00,2023-01-11T01:17:54+00:00
2023-01-11,2023-01-11T13:37:04+00:00,2023-01-11T23:53:59+00:00,2023-01-11T18:45:31+00:00,37015,2023-01-11T13:11:56+00:00,2023-01-12T00:19:07+00:00,2023-01-11T12:41:52+00:00,2023-01-12T00:49:11+00:00,2023-01-11T12:12:23+00:00,2023-01-12T01:18:39+00:00
2023-01-12,2023-01-12T13:36:59+00:00,2023-01-12T23:54:50+00:00,2023-01-12T18:45:55+00:00,37071,2023-01-12T13:11:53+00:00,2023-01-13T00:19:56+00:00,2023-01-12T12:41:51+00:00,2023-01-13T00:49:58+00:00,2023-01-12T12:12:24+00:00,2023-01-13T01:19:25+00:00
2023-01-13,2023-01-13T13:36:52+00:00,2023-01-13T23:55:42+00:00,2023-01-13T18:46:17+00:00,37130,2023-01-13T13:11:49+00:00,2023-01-14T00:20:46+00:00,2023-01-13T12:41:49+00:00,2023-01-14T00:50:46+00:00,2023-01-13T12:12:24+00:00,2023-01-14T01:20:10+00:00
2023-01-14,2023-01-14T13:36:43+00:00,2023-01-14T23:56:35+00:00,2023-01-14T18:46:39+00:00,37192,2023-01-14T13:11:43+00:00,2023-01-15T00:21:36+00:00,2023-01-14T12:41:45+00:00,2023-01-15T00:51:33+00:00,2023-01-14T12:12:22+00:00,2023-01-15T01:20:56+00:00
2023-01-15,2023-01-15T13:36:33+00:00,2023-01-15T23:57:28+00:00,2023-01-15T18:47:00+00:00,37255,2023-01-15T13:11:35+00:00,2023-01-16T00:22:26+00:00,2023-01-15T12:41:39+00:00,2023-01-16T00:52:21+00:00,2023-01-15T12:12:19+00:00,2023-01-16T01:21:42+00:00
2023-01-16,2023-01-16T13:36:21+00:00,2023-01-16T23:58:21+00:00,2023-01-16T18:47:21+00:00,37320,2023-01-16T13:11:25+00:00,2023-01-17T00:23:17+00:00,2023-01-16T12:41:32+00:00,2023-01-17T00:53:10+00:00,2023-01-16T12:12:13+00:00,2023-01-17T01:22:29+00:00
2023-01-17,2023-01-17T13:36:08+00:00,2023-01-17T23:59:15+00:00,2023-01-17T18:47:41+00:00,37387,2023-01-17T13:11:14+00:00,2023-01-18T00:24:08+00:00,2023-01-17T12:41:24+00:00,2023-01-18T00:53:59+00:00,2023-01-17T12:12:07+00:00,2023-01-18T01:23:16+00:00
2023-01-18,2023-01-18T13:35:52+00:00,2023-01-19T00:00:09+00:00,2023-01-18T18:48:00+00:00,37457,2023-01-18T13:11:01+00:00,2023-01-19T00:24:59+00:00,2023-01-18T12:41:13+00:00,2023-01-19T00:54:47+00:00,2023-01-18T12:11:58+00:00,2023-01-19T01:24:02+00:00
2023-01-19,2023-01-19T13:35:35+00:00,2023-01-20T00:01:03+00:00,2023-01-19T18:48:19+00:00,37528,2023-01-19T13:10:47+00:00,2023-01-20T00:25:51+00:00,2023-01-19T12:41:01+00:00,2023-01-20T00:55:36+00:00,2023-01-19T12:11:48+00:00,2023-01-20T01:24:49+00:00
2023-01-20,2023-01-20T13:35:16+00:00,2023-01-21T00:01:57+00:00,2023-01-20T18:48:37+00:00,37601,2023-01-20T13:10:30+00:00,2023-01-21T00:26:43+00:00,2023-01-20T12:40:48+00:00,2023-01-21T00:56:26+00:00,2023-01-20T12:11:37+00:00,2023-01-21T01:25:37+00:00
2023-01-21,2023-01-21T13:34:56+00:00,2023-01-22T00:02:52+00:00,2023-01-21T18:48:54+00:00,37676,2023-01-21T13:10:13+00:00,2023-01-22T00:27:35+00:00,2023-01-21T12:40:32+00:00,2023-01-22T00:57:15+00:00,2023-01-21T12:11:24+00:00,2023-01-22T01:26:24+00:00
2023-01-22,2023-01-22T13:34:33+00:00,2023-01-23T00:03:47+00:00,2023-01-22T18:49:10+00:00,37754,2023-01-22T13:09:53+00:00,2023-01-23T00:28:27+00:00,2023-01-22T12:40:16+00:00,2023-01-23T00:58:04+00:00,2023-01-22T12:11:09+00:00,2023-01-23T01:27:11+00:00
2023-01-23,2023-01-23T13:34:09+00:00,2023-01-24T00:04:42+00:00,2023-01-23T18:49:25+00:00,37833,2023-01-23T13:09:32+00:00,2023-01-24T00:29:19+00:00,2023-01-23T12:39:57+00:00,2023-01-24T00:58:54+00:00,2023-01-23T12:10:52+00:00,2023-01-24T01:27:59+00:00
2023-01-24,2023-01-24T13:33:44+00:00,2023-01-25T00:05:37+00:00,2023-01-24T18:49:40+00:00,37913,2023-01-24T13:09:09+00:00,2023-01-25T00:30:11+00:00,2023-01-24T12:39:37+00:00,2023-01-25T00:59:44+00:00,2023-01-24T12:10:34+00:00,2023-01-25T01:28:46+00:00
2023-01-25,2023-01-25T13:33:17+00:00,2023-01-26T00:06:32+00:00,2023-01-25T18:49:54+00:00,37995,2023-01-25T13:08:45+00:00,2023-01-26T00:31:04+00:00,2023-01-25T12:39:15+00:00,2023-01-26T01:00:33+00:00,2023-01-25T12:10:15+00:00,2023-01-26T01:29:34+00:00
2023-01-26,2023-01-26T13:32:48+00:00,2023-01-27T00:07:27+00:00,2023-01-26T18:50:07+00:00,38079,2023-01-26T13:08:19+00:00,2023-01-27T00:31:56+00:00,2023-01-26T12:38:52+00:00,2023-01-27T01:01:23+00:00,2023-01-26T12:09:53+00:00,2023-01-27T01:30:21+00:00
2023-01-27,2023-01-27T13:32:18+00:00,2023-01-28T00:08:22+00:00,2023-01-27T18:50:20+00:00,38164,2023-01-27T13:07:51+00:00,2023-01-28T00:32:48+00:00,2023-01-27T12:38:27+00:00,2023-01-28T01:02:12+00:00,2023-01-27T12:09:31+00:00,2023-01-28T01:31:09+00:00
2023-01-28,2023-01-28T13:31:46+00:00,2023-01-29T00:09:17+00:00,2023-01-28T18:50:31+00:00,38251,2023-01-28T13:07:22+00:00,2023-01-29T00:33:41+00:00,2023-01-28T12:38:01+00:00,2023-01-29T01:03:02+00:00,2023-01-28T12:09:06+00:00,2023-01-29T01:31:56+00:00
2023-01-29,2023-01-29T13:31:12+00:00,2023-01-30T00:10:12+00:00,2023-01-29T18:50:42+00:00,38340,2023-01-29T13:06:51+00:00,2023-01-30T00:34:33+00:00,2023-01-29T12:37:33+00:00,2023-01-30T01:03:51+00:00,2023-01-29T12:08:40+00:00,2023-01-30T01:32:44+00:00
2023-01-30,2023-01-30T13:30:37+00:00,2023-01-31T00:11:07+00:00,2023-01-30T18:50:52+00:00,38430,2023-01-30T13:06:19+00:00,2023-01-31T00:35:25+00:00,2023-01-30T12:37:03+00:00,2023-01-31T01:04:41+00:00,2023-01-30T12:08:13+00:00,2023-01-31T01:33:31+00:00
2023-01-31,2023-01-31T13:30:00+00:00,2023-02-01T00:12:01+00:00,2023-01-31T18:51:01+00:00,38521,2023-01-31T13:05:45+00:00,2023-02-01T00:36:17+00:00,2023-01-31T12:36:32+00:00,2023-02-01T01:05:30+00:00,2023-01-31T12:07:44+00:00,2023-02-01T01:34:18+00:00
2023-02-01,2023-02-01T13:29:22+00:00,2023-02-02T00:12:56+00:00,2023-02-01T18:51:09+00:00,38614,2023-02-01T13:05:10+00:00,2023-02-02T00:37:09+00:00,2023-02-01T12:35:59+00:00,2023-02-02T01:06:19+00:00,2023-02-01T12:07:13+00:00,2023-02-02T01:35:05+00:00
2023-02-02,2023-02-02T13:28:43+00:00,2023-02-03T00:13:50+00:00,2023-02-02T18:51:17+00:00,38707,2023-02-02T13:04:33+00:00,2023-02-03T00:38:00+00:00,2023-02-02T12:35:25+00:00,2023-02-03T01:07:08+00:00,2023-02-02T12:06:41+00:00,2023-02-03T01:35:52+00:00
2023-02-03,2023-02-03T13:28:02+00:00,2023-02-04T00:14:45+00:00,2023-02-03T18:51:23+00:00,38803,2023-02-03T13:03:55+00:00,2023-02-04T00:38:52+00:00,2023-02-03T12:34:49+00:00,2023-02-04T01:07:57+00:00,2023-02-03T12:06:07+00:00,2023-02-04T01:36:39+00:00
2023-02-04,2023-02-04T13:27:19+00:00,2023-02-05T00:15:39+00:00,2023-02-04T18:51:29+00:00,38900,2023-02-04T13:03:15+00:00,2023-02-05T00:39:43+00:00,2023-02-04T12:34:12+00:00,2023-02-05T01:08:46+00:00,2023-02-04T12:05:32+00:00,2023-02-05T01:37:26+00:00
2023-02-05,2023-02-05T13:26:36+00:00,2023-02-06T00:16:33+00:00,2023-02-05T18:51:34+00:00,38997,2023-02-05T13:02:34+00:00,2023-02-06T00:40:35+00:00,2023-02-05T12:33:34+00:00,2023-02-06T01:09:35+00:00,2023-02-05T12:04:55+00:00,2023-02-06T01:38:13+00:00
2023-02-06,2023-02-06T13:25:50+00:00,2023-02-07T00:17:26+00:00,2023-02-06T18:51:38+00:00,39096,2023-02-06T13:01:51+00:00,2023-02-07T00:41:25+00:00,2023-02-06T12:32:54+00:00,2023-02-07T01:10:23+00:00,2023-02-06T12:04:17+00:00,2023-02-07T01:39:00+00:00
2023-02-07,2023-02-07T13:25:04+00:00,2023-02-08T00:18:20+00:00,2023-02-07T18:51:42+00:00,39196,2023-02-07T13:01:07+00:00,2023-02-08T00:42:16+00:00,2023-02-07T12:32:12+00:00,2023-02-08T01:11:11+00:00,2023-02-07T12:03:37+00:00,2023-02-08T01:39:46+00:00
2023-02-08,2023-02-08T13:24:16+00:00,2023-02-09T00:19:13+00:00,2023-02-08T18:51:44+00:00,39297,2023-02-08T13:00:22+00:00,2023-02-09T00:43:07+00:00,2023-02-08T12:31:30+00:00,2023-02-09T01:11:59+00:00,2023-02-08T12:02:56+00:00,2023-02-09T01:40:32+00:00
2023-02-09,2023-02-09T13:23:27+00:00,2023-02-10T00:20:05+00:00,2023-02-09T18:51:46+00:00,39398,2023-02-09T12:59:36+00:00,2023-02-10T00:43:57+00:00,2023-02-09T12:30:45+00:00,2023-02-10T01:12:47+00:00,2023-02-09T12:02:14+00:00,2023-02-10T01:41:19+00:00
2023-02-10,2023-02-10T13:22:37+00:00,2023-02-11T00:20:58+00:00,2023-02-10T18:51:47+00:00,39501,2023-02-10T12:58:48+00:00,2023-02-11T00:44:47+00:00,2023-02-10T12:30:00+00:00,2023-02-11T01:13:35+00:00,2023-02-10T12:01:30+00:00,2023-02-11T01:42:05+00:00
2023-02-11,2023-02-11T13:21:45+00:00,2023-02-12T00:21:50+00:00,2023-02-11T18:51:48+00:00,39605,2023-02-11T12:57:59+00:00,2023-02-12T00:45:37+00:00,2023-02-11T12:29:13+00:00,2023-02-12T01:14:22+00:00,2023-02-11T12:00:45+00:00,2023-02-12T01:42:51+00:00
2023-02-12,2023-02-12T13:20:52+00:00,2023-02-13T00:22:42+00:00,2023-02-12T18:51:47+00:00,39710,2023-02-12T12:57:08+00:00,2023-02-13T00:46:26+00:00,2023-02-12T12:28:25+00:00,2023-02-13T01:15:09+00:00,2023-02-12T11:59:58+00:00,2023-02-13T01:43:36+00:00
2023-02-13,2023-02-13T13:19:58+00:00,2023-02-14T00:23:33+00:00,2023-02-13T18:51:46+00:00,39815,2023-02-13T12:56:17+00:00,2023-02-14T00:47:15+00:00,2023-02-13T12:27:35+00:00,2023-02-14T01:15:56+00:00,2023-02-13T11:59:10+00:00,2023-02-14T01:44:22+00:00
2023-02-14,2023-02-14T13:19:03+00:00,2023-02-15T00:24:25+00:00,2023-02-14T18:51:44+00:00,39922,2023-02-14T12:55:24+00:00,2023-02-15T00:48:04+00:00,2023-02-14T12:26:45+00:00,2023-02-15T01:16:43+00:00,2023-02-14T11:58:20+00:00,2023-02-15T01:45:07+00:00
2023-02-15,2023-02-15T13:18:07+00:00,2023-02-16T00:25:15+00:00,2023-02-15T18:51:41+00:00,40028,2023-02-15T12:54:30+00:00,2023-02-16T00:48:53+00:00,2023-02-15T12:25:53+00:00,2023-02-16T01:17:30+00:00,2023-02-15T11:57:30+00:00,2023-02-16T01:45:53+00:00
2023-02-16,2023-02-16T13:17:10+00:00,2023-02-17T00:26:06+00:00,2023-02-16T18:51:38+00:00,40136,2023-02-16T12:53:35+00:00,2023-02-17T00:49:41+00:00,2023-02-16T12:25:00+00:00,2023-02-17T01:18:16+00:00,2023-02-16T11:56:38+00:00,2023-02-17T01:46:38+00:00
2023-02-17,2023-02-17T13:16:11+00:00,2023-02-18T00:26:56+00:00,2023-02-17T18:51:34+00:00,40245,2023-02-17T12:52:38+00:00,2023-02-18T00:50:29+00:00,2023-02-17T12:24:05+00:00,2023-02-18T01:19:02+00:00,2023-02-17T11:55:44+00:00,2023-02-18T01:47:23+00:00
2023-02-18,2023-02-18T13:15:12+00:00,2023-02-19T00:27:46+00:00,2023-02-18T18:51:29+00:00,40354,2023-02-18T12:51:41+00:00,2023-02-19T00:51:17+00:00,2023-02-18T12:23:10+00:00,2023-02-19T01:19:48+00:00,2023-02-18T11:54:50+00:00,2023-02-19T01:48:08+00:00
2023-02-19,2023-02-19T13:14:11+00:00,2023-02-20T00:28:35+00:00,2023-02-19T18:51:23+00:00,40464,2023-02-19T12:50:43+00:00,2023-02-20T00:52:04+00:00,2023-02-19T12:22:13+00:00,2023-02-20T01:20:34+00:00,2023-02-19T11:53:54+00:00,2023-02-20T01:48:52+00:00
2023-02-20,2023-02-20T13:13:10+00:00,2023-02-21T00:29:24+00:00,2023-02-20T18:51:17+00:00,40574,2023-02-20T12:49:43+00:00,2023-02-21T00:52:51+00:00,2023-02-20T12:21:15+00:00,2023-02-21T01:21:19+00:00,2023-02-20T11:52:57+00:00,2023-02-21T01:49:37+00:00
2023-02-21,2023-02-21T13:12:08+00:00,2023-02-22T00:30:13+00:00,2023-02-21T18:51:10+00:00,40685,2023-02-21T12:48:43+00:00,2023-02-22T00:53:38+00:00,2023-02-21T12:20:16+00:00,2023-02-22T01:22:04+00:00,2023-02-21T11:51:59+00:00,2023-02-22T01:50:21+00:00
2023-02-22,2023-02-22T13:11:04+00:00,2023-02-23T00:31:01+00:00,2023-02-22T18:51:03+00:00,40797,2023-02-22T12:47:41+00:00,2023-02-23T00:54:24+00:00,2023-02-22T12:19:16+00:00,2023-02-23T01:22:49+00:00,2023-02-22T11:51:00+00:00,2023-02-23T01:51:06+00:00
2023-02-23,2023-02-23T13:10:00+00:00,2023-02-24T00:31:49+00:00,2023-02-23T18:50:55+00:00,40909,2023-02-23T12:46:39+00:00,2023-02-24T00:55:11+00:00,2023-02-23T12:18:15+00:00,2023-02-24T01:23:34+00:00,2023-02-23T11:49:59+00:00,2023-02-24T01:51:50+00:00
2023-02-24,2023-02-24T13:08:55+00:00,2023-02-25T00:32:37+00:00,2023-02-24T18:50:46+00:00,41022,2023-02-24T12:45:36+00:00,2023-02-25T00:55:56+00:00,2023-02-24T12:17:13+00:00,2023-02-25T01:24:19+00:00,2023-02-24T11:48:58+00:00,2023-02-25T01:52:34+00:00
2023-02-25,2023-02-25T13:07:49+00:00,2023-02-26T00:33:24+00:00,2023-02-25T18:50:37+00:00,41135,2023-02-25T12:44:31+00:00,2023-02-26T00:56:42+00:00,2023-02-25T12:16:10+00:00,2023-02-26T01:25:03+00:00,2023-02-25T11:47:55+00:00,2023-02-26T01:53:18+00:00
2023-02-26,2023-02-26T13:06:43+00:00,2023-02-27T00:34:11+00:00,2023-02-26T18:50:27+00:00,41248,2023-02-26T12:43:26+00:00,2023-02-27T00:57:27+00:00,2023-02-26T12:15:06+00:00,2023-02-27T01:25:48+00:00,2023-02-26T11:46:51+00:00,2023-02-27T01:54:02+00:00
2023-02-27,2023-02-27T13:05:35+00:00,2023-02-28T00:34:58+00:00,2023-02-27T18:50:16+00:00,41363,2023-02-27T12:42:20+00:00,2023-02-28T00:58:13+00:00,2023-02-27T12:14:01+00:00,2023-02-28T01:26:32+00:00,2023-02-27T11:45:47+00:00,2023-02-28T01:54:46+00:00
2023-02-28,2023-02-28T13:04:27+00:00,2023-03-01T00:35:44+00:00,2023-02-28T18:50:06+00:00,41477,2023-02-28T12:41:14+00:00,2023-03-01T00:58:57+00:00,2023-02-28T12:12:56+00:00,2023-03-01T01:27:16+00:00,2023-02-28T11:44:41+00:00,2023-03-01T01:55:30+00:00
2023-03-01,2023-03-01T13:03:19+00:00,2023-03-02T00:36:30+00:00,2023-03-01T18:49:54+00:00,41591,2023-03-01T12:40:06+00:00,2023-03-02T00:59:42+00:00,2023-03-01T12:11:49+00:00,2023-03-02T01:27:59+00:00,2023-03-01T11:43:34+00:00,2023-03-02T01:56:14+00:00
2023-03-02,2023-03-02T13:02:09+00:00,2023-03-03T00:37:15+00:00,2023-03-02T18:49:42+00:00,41706,2023-03-02T12:38:58+00:00,2023-03-03T01:00:26+00:00,2023-03-02T12:10:41+00:00,2023-03-03T01:28:43+00:00,2023-03-02T11:42:26+00:00,2023-03-03T01:56:58+00:00
2023-03-03,2023-03-03T13:00:59+00:00,2023-03-04T00:38:00+00:00,2023-03-03T18:49:30+00:00,41821,2023-03-03T12:37:49+00:00,2023-03-04T01:01:10+00:00,2023-03-03T12:09:33+00:00,2023-03-04T01:29:26+00:00,2023-03-03T11:41:18+00:00,2023-03-04T01:57:42+00:00
2023-03-04,2023-03-04T12:59:48+00:00,2023-03-05T00:38:45+00:00,2023-03-04T18:49:17+00:00,41937,2023-03-04T12:36:39+00:00,2023-03-05T01:01:54+00:00,2023-03-04T12:08:24+00:00,2023-03-05T01:30:10+00:00,2023-03-04T11:40:08+00:00,2023-03-05T01:58:25+00:00
2023-03-05,2023-03-05T12:58:37+00:00,2023-03-06T00:39:30+00:00,2023-03-05T18:49:03+00:00,42053,2023-03-05T12:35:29+00:00,2023-03-06T01:02:38+00:00,2023-03-05T12:07:14+00:00,2023-03-06T01:30:53+00:00,2023-03-05T11:38:58+00:00,2023-03-06T01:59:09+00:00
2023-03-06,2023-03-06T12:57:25+00:00,2023-03-07T00:40:14+00:00,2023-03-06T18:48:50+00:00,42169,2023-03-06T12:34:18+00:00,2023-03-07T01:03:21+00:00,2023-03-06T12:06:03+00:00,2023-03-07T01:31:36+00:00,2023-03-06T11:37:46+00:00,2023-03-07T01:59:53+00:00
2023-03-07,2023-03-07T12:56:13+00:00,2023-03-08T00:40:58+00:00,2023-03-07T18:48:35+00:00,42285,2023-03-07T12:33:06+00:00,2023-03-08T01:04:04+00:00,2023-03-07T12:04:52+00:00,2023-03-08T01:32:19+00:00,2023-03-07T11:36:34+00:00,2023-03-08T02:00:37+00:00
2023-03-08,2023-03-08T12:55:00+00:00,2023-03-09T00:41:42+00:00,2023-03-08T18:48:21+00:00,42402,2023-03-08T12:31:54+00:00,2023-03-09T01:04:47+00:00,2023-03-08T12:03:40+00:00,2023-03-09T01:33:02+00:00,2023-03-08T11:35:21+00:00,2023-03-09T02:01:20+00:00
2023-03-09,2023-03-09T12:53:47+00:00,2023-03-10T00:42:25+00:00,2023-03-09T18:48:06+00:00,42518,2023-03-09T12:30:42+00:00,2023-03-10T01:05:30+00:00,2023-03-09T12:02:27+00:00,2023-03-10T01:33:45+00:00,2023-03-09T11:34:08+00:00,2023-03-10T02:02:04+00:00
2023-03-10,2023-03-10T12:52:33+00:00,2023-03-11T00:43:08+00:00,2023-03-10T18:47:51+00:00,42635,2023-03-10T12:29:28+00:00,2023-03-11T01:06:13+00:00,2023-03-10T12:01:13+00:00,2023-03-11T01:34:28+00:00,2023-03-10T11:32:53+00:00,2023-03-11T02:02:48+00:00
2023-03-11,2023-03-11T12:51:19+00:00,2023-03-12T00:43:51+00:00,2023-03-11T18:47:35+00:00,42752,2023-03-11T12:28:15+00:00,2023-03-12T01:06:55+00:00,2023-03-11T11:59:59+00:00,2023-03-12T01:35:11+00:00,2023-03-11T11:31:38+00:00,2023-03-12T02:03:32+00:00
2023-03-12,2023-03-12T12:50:04+00:00,2023-03-13T00:44:34+00:00,2023-03-12T18:47:19+00:00,42870,2023-03-12T12:27:00+00:00,2023-03-13T01:07:38+00:00,2023-03-12T11:58:45+00:00,2023-03-13T01:35:53+00:00,2023-03-12T11:30:22+00:00,2023-03-13T02:04:16+00:00
2023-03-13,2023-03-13T12:48:49+00:00,2023-03-14T00:45:16+00:00,2023-03-13T18:47:03+00:00,42987,2023-03-13T12:25:46+00:00,2023-03-14T01:08:20+00:00,2023-03-13T11:57:30+00:00,2023-03-14T01:36:36+00:00,2023-03-13T11:29:05+00:00,2023-03-14T02:05:00+00:00
2023-03-14,2023-03-14T12:47:34+00:00,2023-03-15T00:45:58+00:00,2023-03-14T18:46:46+00:00,43104,2023-03-14T12:24:31+00:00,2023-03-15T01:09:02+00:00,2023-03-14T11:56:14+00:00,2023-03-15T01:37:19+00:00,2023-03-14T11:27:48+00:00,2023-03-15T02:05:45+00:00
2023-03-15,2023-03-15T12:46:19+00:00,2023-03-16T00:46:40+00:00,2023-03-15T18:46:30+00:00,43221,2023-03-15T12:23:15+00:00,2023-03-16T01:09:44+00:00,2023-03-15T11:54:58+00:00,2023-03-16T01:38:01+00:00,2023-03-15T11:26:30+00:00,2023-03-16T02:06:29+00:00
2023-03-16,2023-03-16T12:45:03+00:00,2023-03-17T00:47:22+00:00,2023-03-16T18:46:13+00:00,43339,2023-03-16T12:21:59+00:00,2023-03-17T01:10:26+00:00,2023-03-16T11:53:41+00:00,2023-03-17T01:38:44+00:00,2023-03-16T11:25:12+00:00,2023-03-17T02:07:14+00:00
2023-03-17,2023-03-17T12:43:47+00:00,2023-03-18T00:48:04+00:00,2023-03-17T18:45:55+00:00,43457,2023-03-17T12:20:43+00:00,2023-03-18T01:11:08+00:00,2023-03-17T11:52:24+00:00,2023-03-18T01:39:27+00:00,2023-03-17T11:23:53+00:00,2023-03-18T02:07:58+00:00
2023-03-18,2023-03-18T12:42:31+00:00,2023-03-19T00:48:45+00:00,2023-03-18T18:45:38+00:00,43574,2023-03-18T12:19:27+00:00,2023-03-19T01:11:49+00:00,2023-03-18T11:51:07+00:00,2023-03-19T01:40:09+00:00,2023-03-18T11:22:33+00:00,2023-03-19T02:08:43+00:00
2023-03-19,2023-03-19T12:41:15+00:00,2023-03-20T00:49:27+00:00,2023-03-19T18:45:21+00:00,43692,2023-03-19T12:18:10+00:00,2023-03-20T01:12:31+00:00,2023-03-19T11:49:49+00:00,2023-03-20T01:40:52+00:00,2023-03-19T11:21:13+00:00,2023-03-20T02:09:28+00:00
2023-03-20,2023-03-20T12:39:58+00:00,2023-03-21T00:50:08+00:00,2023-03-20T18:45:03+00:00,43810,2023-03-20T12:16:53+00:00,2023-03-21T01:13:12+00:00,2023-03-20T11:48:31+00:00,2023-03-21T01:41:35+00:00,2023-03-20T11:19:52+00:00,2023-03-21T02:10:13+00:00
2023-03-21,2023-03-21T12:38:41+00:00,2023-03-22T00:50:49+00:00,2023-03-21T18:44:45+00:00,43928,2023-03-21T12:15:36+00:00,2023-03-22T01:13:54+00:00,2023-03-21T11:47:12+00:00,2023-03-22T01:42:18+00:00,2023-03-21T11:18:31+00:00,2023-03-22T02:10:59+00:00
2023-03-22,2023-03-22T12:37:25+00:00,2023-03-23T00:51:30+00:00,2023-03-22T18:44:27+00:00,44045,2023-03-22T12:14:19+00:00,2023-03-23T01:14:35+00:00,2023-03-22T11:45:53+00:00,2023-03-23T01:43:01+00:00,2023-03-22T11:17:10+00:00,2023-03-23T02:11:45+00:00
2023-03-23,2023-03-23T12:36:08+00:00,2023-03-24T00:52:10+00:00,2023-03-23T18:44:09+00:00,44162,2023-03-23T12:13:02+00:00,2023-03-24T01:15:17+00:00,2023-03-23T11:44:34+00:00,2023-03-24T01:43:44+00:00,2023-03-23T11:15:48+00:00,2023-03-24T02:12:31+00:00
2023-03-24,2023-03-24T12:34:51+00:00,2023-03-25T00:52:51+00:00,2023-03-24T18:43:51+00:00,44280,2023-03-24T12:11:44+00:00,2023-03-25T01:15:58+00:00,2023-03-24T11:43:15+00:00,2023-03-25T01:44:27+00:00,2023-03-24T11:14:26+00:00,2023-03-25T02:13:17+00:00
2023-03-25,2023-03-25T12:33:35+00:00,2023-03-26T00:53:32+00:00,2023-03-25T18:43:33+00:00,44397,2023-03-25T12:10:27+00:00,2023-03-26T01:16:40+00:00,2023-03-25T11:41:55+00:00,2023-03-26T01:45:11+00:00,2023-03-25T11:13:03+00:00,2023-03-26T02:14:03+00:00
2023-03-26,2023-03-26T12:32:18+00:00,2023-03-27T00:54:12+00:00,2023-03-26T18:43:15+00:00,44514,2023-03-26T12:09:09+00:00,2023-03-27T01:17:21+00:00,2023-03-26T11:40:36+00:00,2023-03-27T01:45:54+00:00,2023-03-26T11:11:40+00:00,2023-03-27T02:14:50+00:00
2023-03-27,2023-03-27T12:31:01+00:00,2023-03-28T00:54:53+00:00,2023-03-27T18:42:57+00:00,44632,2023-03-27T12:07:51+00:00,2023-03-28T01:18:03+00:00,2023-03-27T11:39:16+00:00,2023-03-28T01:46:38+00:00,2023-03-27T11:10:17+00:00,2023-03-28T02:15:37+00:00
2023-03-28,2023-03-28T12:29:45+00:00,2023-03-29T00:55:33+00:00,2023-03-28T18:42:39+00:00,44748,2023-03-28T12:06:33+00:00,2023-03-29T01:18:44+00:00,2023-03-28T11:37:56+00:00,2023-03-29T01:47:22+00:00,2023-03-28T11:08:53+00:00,2023-03-29T02:16:24+00:00
2023-03-29,2023-03-29T12:28:28+00:00,2023-03-30T00:56:13+00:00,2023-03-29T18:42:21+00:00,44865,2023-03-29T12:05:16+00:00,2023-03-30T01:19:26+00:00,2023-03-29T11:36:36+00:00,2023-03-30T01:48:06+00:00,2023-03-29T11:07:30+00:00,2023-03-30T02:17:12+00:00
2023-03-30,2023-03-30T12:27:12+00:00,2023-03-31T00:56:54+00:00,2023-03-30T18:42:03+00:00,44982,2023-03-30T12:03:58+00:00,2023-03-31T01:20:07+00:00,2023-03-30T11:35:16+00:00,2023-03-31T01:48:50+00:00,2023-03-30T11:06:06+00:00,2023-03-31T02:18:00+00:00
2023-03-31,2023-03-31T12:25:56+00:00,2023-04-01T00:57:34+00:00,2023-03-31T18:41:45+00:00,45098,2023-03-31T12:02:41+00:00,2023-04-01T01:20:49+00:00,2023-03-31T11:33:55+00:00,2023-04-01T01:49:34+00:00,2023-03-31T11:04:42+00:00,2023-04-01T02:18:48+00:00
2023-04-01,2023-04-01T12:24:40+00:00,2023-04-02T00:58:14+00:00,2023-04-01T18:41:27+00:00,45214,2023-04-01T12:01:23+00:00,2023-04-02T01:21:31+00:00,2023-04-01T11:32:35+00:00,2023-04-02T01:50:19+00:00,2023-04-01T11:03:17+00:00,2023-04-02T02:19:36+00:00
2023-04-02,2023-04-02T12:23:24+00:00,2023-04-03T00:58:54+00:00,2023-04-02T18:41:09+00:00,45330,2023-04-02T12:00:06+00:00,2023-04-03T01:22:13+00:00,2023-04-02T11:31:15+00:00,2023-04-03T01:51:03+00:00,2023-04-02T11:01:53+00:00,2023-04-03T02:20:25+00:00
2023-04-03,2023-04-03T12:22:08+00:00,2023-04-04T00:59:35+00:00,2023-04-03T18:40:52+00:00,45447,2023-04-03T11:58:49+00:00,2023-04-04T01:22:54+00:00,2023-04-03T11:29:55+00:00,2023-04-04T01:51:48+00:00,2023-04-03T11:00:29+00:00,2023-04-04T02:21:15+00:00
2023-04-04,2023-04-04T12:20:53+00:00,2023-04-05T01:00:15+00:00,2023-04-04T18:40:34+00:00,45562,2023-04-04T11:57:32+00:00,2023-04-05T01:23:37+00:00,2023-04-04T11:28:35+00:00,2023-04-05T01:52:33+00:00,2023-04-04T10:59:04+00:00,2023-04-05T02:22:04+00:00
2023-04-05,2023-04-05T12:19:38+00:00,2023-04-06T01:00:55+00:00,2023-04-05T18:40:17+00:00,45677,2023-04-05T11:56:15+00:00,2023-04-06T01:24:19+00:00,2023-04-05T11:27:15+00:00,2023-04-06T01:53:19+00:00,2023-04-05T10:57:40+00:00,2023-04-06T02:22:54+00:00
2023-04-06,2023-04-06T12:18:24+00:00,2023-04-07T01:01:36+00:00,2023-04-06T18:40:00+00:00,45792,2023-04-06T11:54:59+00:00,2023-04-07T01:25:01+00:00,2023-04-06T11:25:55+00:00,2023-04-07T01:54:04+00:00,2023-04-06T10:56:15+00:00,2023-04-07T02:23:44+00:00
2023-04-07,2023-04-07T12:17:10+00:00,2023-04-08T01:02:16+00:00,2023-04-07T18:39:43+00:00,45906,2023-04-07T11:53:42+00:00,2023-04-08T01:25:43+00:00,2023-04-07T11:24:36+00:00,2023-04-08T01:54:50+00:00,2023-04-07T10:54:51+00:00,2023-04-08T02:24:35+00:00
2023-04-08,2023-04-08T12:15:56+00:00,2023-04-09T01:02:57+00:00,2023-04-08T18:39:26+00:00,46021,2023-04-08T11:52:27+00:00,2023-04-09T01:26:26+00:00,2023-04-08T11:23:16+00:00,2023-04-09T01:55:36+00:00,2023-04-08T10:53:26+00:00,2023-04-09T02:25:26+00:00
2023-04-09,2023-04-09T12:14:43+00:00,2023-04-10T01:03:37+00:00,2023-04-09T18:39:10+00:00,46134,2023-04-09T11:51:11+00:00,2023-04-10T01:27:09+00:00,2023-04-09T11:21:57+00:00,2023-04-10T01:56:23+00:00,2023-04-09T10:52:02+00:00,2023-04-10T02:26:18+00:00
2023-04-10,2023-04-10T12:13:30+00:00,2023-04-11T01:04:18+00:00,2023-04-10T18:38:54+00:00,46248,2023-04-10T11:49:56+00:00,2023-04-11T01:27:52+00:00,2023-04-10T11:20:38+00:00,2023-04-11T01:57:09+00:00,2023-04-10T10:50:38+00:00,2023-04-11T02:27:10+00:00
2023-04-11,2023-04-11T12:12:17+00:00,2023-04-12T01:04:58+00:00,2023-04-11T18:38:38+00:00,46361,2023-04-11T11:48:41+00:00,2023-04-12T01:28:34+00:00,2023-04-11T11:19:20+00:00,2023-04-12T01:57:56+00:00,2023-04-11T10:49:14+00:00,2023-04-12T02:28:02+00:00
2023-04-12,2023-04-12T12:11:05+00:00,2023-04-13T01:05:39+00:00,2023-04-12T18:38:22+00:00,46474,2023-04-12T11:47:27+00:00,2023-04-13T01:29:18+00:00,2023-04-12T11:18:01+00:00,2023-04-13T01:58:43+00:00,2023-04-12T10:47:50+00:00,2023-04-13T02:28:55+00:00
2023-04-13,2023-04-13T12:09:54+00:00,2023-04-14T01:06:20+00:00,2023-04-13T18:38:07+00:00,46586,2023-04-13T11:46:13+00:00,2023-04-14T01:30:01+00:00,2023-04-13T11:16:43+00:00,2023-04-14T01:59:31+00:00,2023-04-13T10:46:26+00:00,2023-04-14T02:29:48+00:00
2023-04-14,2023-04-14T12:08:43+00:00,2023-04-15T01:07:01+00:00,2023-04-14T18:37:52+00:00,46698,2023-04-14T11:45:00+00:00,2023-04-15T01:30:44+00:00,2023-04-14T11:15:26+00:00,2023-04-15T02:00:18+00:00,2023-04-14T10:45:03+00:00,2023-04-15T02:30:41+00:00
2023-04-15,2023-04-15T12:07:33+00:00,2023-04-16T01:07:42+00:00,2023-04-15T18:37:38+00:00,46809,2023-04-15T11:43:47+00:00,2023-04-16T01:31:28+00:00,2023-04-15T11:14:09+00:00,2023-04-16T02:01:06+00:00,2023-04-15T10:43:40+00:00,2023-04-16T02:31:35+00:00
2023-04-16,2023-04-16T12:06:24+00:00,2023-04-17T01:08:23+00:00,2023-04-16T18:37:23+00:00,46919,2023-04-16T11:42:35+00:00,2023-04-17T01:32:12+00:00,2023-04-16T11:12:52+00:00,2023-04-17T02:01:54+00:00,2023-04-16T10:42:17+00:00,2023-04-17T02:32:29+00:00
2023-04-17,2023-04-17T12:05:15+00:00,2023-04-18T01:09:04+00:00,2023-04-17T18:37:09+00:00,47029,2023-04-17T11:41:23+00:00,2023-04-18T01:32:56+00:00,2023-04-17T11:11:36+00:00,2023-04-18T02:02:43+00:00,2023-04-17T10:40:55+00:00,2023-04-18T02:33:24+00:00
2023-04-18,2023-04-18T12:04:06+00:00,2023-04-19T01:09:46+00:00,2023-04-18T18:36:56+00:00,47140,2023-04-18T11:40:12+00:00,2023-04-19T01:33:40+00:00,2023-04-18T11:10:20+00:00,2023-04-19T02:03:32+00:00,2023-04-18T10:39:33+00:00,2023-04-19T02:34:19+00:00
2023-04-19,2023-04-19T12:02:59+00:00,2023-04-20T01:10:27+00:00,2023-04-19T18:36:43+00:00,47248,2023-04-19T11:39:01+00:00,2023-04-20T01:34:24+00:00,2023-04-19T11:09:05+00:00,2023-04-20T02:04:21+00:00,2023-04-19T10:38:11+00:00,2023-04-20T02:35:14+00:00
2023-04-20,2023-04-20T12:01:52+00:00,2023-04-21T01:11:08+00:00,2023-04-20T18:36:30+00:00,47356,2023-04-20T11:37:52+00:00,2023-04-21T01:35:09+00:00,2023-04-20T11:07:51+00:00,2023-04-21T02:05:10+00:00,2023-04-20T10:36:50+00:00,2023-04-21T02:36:10+00:00
2023-04-21,2023-04-21T12:00:46+00:00,2023-04-22T01:11:50+00:00,2023-04-21T18:36:18+00:00,47464,2023-04-21T11:36:43+00:00,2023-04-22T01:35:53+00:00,2023-04-21T11:06:37+00:00,2023-04-22T02:05:59+00:00,2023-04-21T10:35:30+00:00,2023-04-22T02:37:06+00:00
2023-04-22,2023-04-22T11:59:41+00:00,2023-04-23T01:12:32+00:00,2023-04-22T18:36:06+00:00,47571,2023-04-22T11:35:34+00:00,2023-04-23T01:36:38+00:00,2023-04-22T11:05:23+00:00,2023-04-23T02:06:49+00:00,2023-04-22T10:34:10+00:00,2023-04-23T02:38:03+00:00
2023-04-23,2023-04-23T11:58:36+00:00,2023-04-24T01:13:14+00:00,2023-04-23T18:35:55+00:00,47678,2023-04-23T11:34:27+00:00,2023-04-24T01:37:23+00:00,2023-04-23T11:04:11+00:00,2023-04-24T02:07:39+00:00,2023-04-23T10:32:50+00:00,2023-04-24T02:38:59+00:00
2023-04-24,2023-04-24T11:57:32+00:00,2023-04-25T01:13:55+00:00,2023-04-24T18:35:44+00:00,47783,2023-04-24T11:33:20+00:00,2023-04-25T01:38:08+00:00,2023-04-24T11:02:59+00:00,2023-04-25T02:08:29+00:00,2023-04-24T10:31:31+00:00,2023-04-25T02:39:57+00:00
2023-04-25,2023-04-25T11:56:30+00:00,2023-04-26T01:14:37+00:00,2023-04-25T18:35:33+00:00,47887,2023-04-25T11:32:14+00:00,2023-04-26T01:38:53+00:00,2023-04-25T11:01:47+00:00,2023-04-26T02:09:20+00:00,2023-04-25T10:30:13+00:00,2023-04-26T02:40:54+00:00
2023-04-26,2023-04-26T11:55:28+00:00,2023-04-27T01:15:19+00:00,2023-04-26T18:35:24+00:00,47991,2023-04-26T11:31:08+00:00,2023-04-27T01:39:39+00:00,2023-04-26T11:00:37+00:00,2023-04-27T02:10:10+00:00,2023-04-26T10:28:55+00:00,2023-04-27T02:41:52+00:00
2023-04-27,2023-04-27T11:54:27+00:00,2023-04-28T01:16:02+00:00,2023-04-27T18:35:14+00:00,48095,2023-04-27T11:30:04+00:00,2023-04-28T01:40:24+00:00,2023-04-27T10:59:27+00:00,2023-04-28T02:11:01+00:00,2023-04-27T10:27:38+00:00,2023-04-28T02:42:50+00:00
2023-04-28,2023-04-28T11:53:27+00:00,2023-04-29T01:16:44+00:00,2023-04-28T18:35:05+00:00,48197,2023-04-28T11:29:01+00:00,2023-04-29T01:41:10+00:00,2023-04-28T10:58:19+00:00,2023-04-29T02:11:52+00:00,2023-04-28T10:26:22+00:00,2023-04-29T02:43:48+00:00
2023-04-29,2023-04-29T11:52:28+00:00,2023-04-30T01:17:26+00:00,2023-04-29T18:34:57+00:00,48298,2023-04-29T11:27:58+00:00,2023-04-30T01:41:55+00:00,2023-04-29T10:57:11+00:00,2023-04-30T02:12:43+00:00,2023-04-29T10:25:07+00:00,2023-04-30T02:44:47+00:00
2023-04-30,2023-04-30T11:51:30+00:00,2023-05-01T01:18:08+00:00,2023-04-30T18:34:49+00:00,48398,2023-04-30T11:26:57+00:00,2023-05-01T01:42:41+00:00,2023-04-30T10:56:04+00:00,2023-05-01T02:13:34+00:00,2023-04-30T10:23:52+00:00,2023-05-01T02:45:46+00:00
2023-05-01,2023-05-01T11:50:32+00:00,2023-05-02T01:18:51+00:00,2023-05-01T18:34:42+00:00,48499,2023-05-01T11:25:56+00:00,2023-05-02T01:43:27+00:00,2023-05-01T10:54:58+00:00,2023-05-02T02:14:26+00:00,2023-05-01T10:22:39+00:00,2023-05-02T02:46:45+00:00
2023-05-02,2023-05-02T11:49:36+00:00,2023-05-03T01:19:33+00:00,2023-05-02T18:34:35+00:00,48597,2023-05-02T11:24:57+00:00,2023-05-03T01:44:13+00:00,2023-05-02T10:53:52+00:00,2023-05-03T02:15:17+00:00,2023-05-02T10:21:26+00:00,2023-05-03T02:47:44+00:00
2023-05-03,2023-05-03T11:48:41+00:00,2023-05-04T01:20:16+00:00,2023-05-03T18:34:29+00:00,48695,2023-05-03T11:23:58+00:00,2023-05-04T01:44:59+00:00,2023-05-03T10:52:48+00:00,2023-05-04T02:16:09+00:00,2023-05-03T10:20:14+00:00,2023-05-04T02:48:43+00:00
2023-05-04,2023-05-04T11:47:48+00:00,2023-05-05T01:20:58+00:00,2023-05-04T18:34:23+00:00,48790,2023-05-04T11:23:01+00:00,2023-05-05T01:45:45+00:00,2023-05-04T10:51:45+00:00,2023-05-05T02:17:00+00:00,2023-05-04T10:19:03+00:00,2023-05-05T02:49:43+00:00
2023-05-05,2023-05-05T11:46:55+00:00,2023-05-06T01:21:41+00:00,2023-05-05T18:34:18+00:00,48886,2023-05-05T11:22:04+00:00,2023-05-06T01:46:31+00:00,2023-05-05T10:50:43+00:00,2023-05-06T02:17:52+00:00,2023-05-05T10:17:53+00:00,2023-05-06T02:50:42+00:00
2023-05-06,2023-05-06T11:46:03+00:00,2023-05-07T01:22:23+00:00,2023-05-06T18:34:13+00:00,48980,2023-05-06T11:21:09+00:00,2023-05-07T01:47:17+00:00,2023-05-06T10:49:42+00:00,2023-05-07T02:18:44+00:00,2023-05-06T10:16:44+00:00,2023-05-07T02:51:42+00:00
2023-05-07,2023-05-07T11:45:13+00:00,2023-05-08T01:23:05+00:00,2023-05-07T18:34:09+00:00,49072,2023-05-07T11:20:15+00:00,2023-05-08T01:48:03+00:00,2023-05-07T10:48:42+00:00,2023-05-08T02:19:36+00:00,2023-05-07T10:15:36+00:00,2023-05-08T02:52:42+00:00
2023-05-08,2023-05-08T11:44:23+00:00,2023-05-09T01:23:48+00:00,2023-05-08T18:34:06+00:00,49165,2023-05-08T11:19:22+00:00,2023-05-09T01:48:49+00:00,2023-05-08T10:47:44+00:00,2023-05-09T02:20:28+00:00,2023-05-08T10:14:30+00:00,2023-05-09T02:53:41+00:00
2023-05-09,2023-05-09T11:43:35+00:00,2023-05-10T01:24:30+00:00,2023-05-09T18:34:03+00:00,49255,2023-05-09T11:18:30+00:00,2023-05-10T01:49:35+00:00,2023-05-09T10:46:46+00:00,2023-05-10T02:21:19+00:00,2023-05-09T10:13:24+00:00,2023-05-10T02:54:41+00:00
2023-05-10,2023-05-10T11:42:48+00:00,2023-05-11T01:25:12+00:00,2023-05-10T18:34:00+00:00,49344,2023-05-10T11:17:40+00:00,2023-05-11T01:50:21+00:00,2023-05-10T10:45:50+00:00,2023-05-11T02:22:11+00:00,2023-05-10T10:12:20+00:00,2023-05-11T02:55:41+00:00
2023-05-11,2023-05-11T11:42:03+00:00,2023-05-12T01:25:54+00:00,2023-05-11T18:33:59+00:00,49431,2023-05-11T11:16:50+00:00,2023-05-12T01:51:07+00:00,2023-05-11T10:44:55+00:00,2023-05-12T02:23:02+00:00,2023-05-11T10:11:17+00:00,2023-05-12T02:56:40+00:00
2023-05-12,2023-05-12T11:41:18+00:00,2023-05-13T01:26:36+00:00,2023-05-12T18:33:57+00:00,49518,2023-05-12T11:16:02+00:00,2023-05-13T01:51:52+00:00,2023-05-12T10:44:01+00:00,2023-05-13T02:23:54+00:00,2023-05-12T10:10:15+00:00,2023-05-13T02:57:40+00:00
2023-05-13,2023-05-13T11:40:35+00:00,2023-05-14T01:27:18+00:00,2023-05-13T18:33:57+00:00,49603,2023-05-13T11:15:16+00:00,2023-05-14T01:52:38+00:00,2023-05-13T10:43:08+00:00,2023-05-14T02:24:45+00:00,2023-05-13T10:09:14+00:00,2023-05-14T02:58:39+00:00
2023-05-14,2023-05-14T11:39:54+00:00,2023-05-15T01:28:00+00:00,2023-05-14T18:33:57+00:00,49686,2023-05-14T11:14:30+00:00,2023-05-15T01:53:23+00:00,2023-05-14T10:42:17+00:00,2023-05-15T02:25:36+00:00,2023-05-14T10:08:15+00:00,2023-05-15T02:59:38+00:00
2023-05-15,2023-05-15T11:39:13+00:00,2023-05-16T01:28:41+00:00,2023-05-15T18:33:57+00:00,49768,2023-05-15T11:13:46+00:00,2023-05-16T01:54:08+00:00,2023-05-15T10:41:28+00:00,2023-05-16T02:26:27+00:00,2023-05-15T10:07:17+00:00,2023-05-16T03:00:37+00:00
2023-05-16,2023-05-16T11:38:34+00:00,2023-05-17T01:29:23+00:00,2023-05-16T18:33:58+00:00,49849,2023-05-16T11:13:04+00:00,2023-05-17T01:54:53+00:00,2023-05-16T10:40:39+00:00,2023-05-17T02:27:18+00:00,2023-05-16T10:06:21+00:00,2023-05-17T03:01:36+00:00
2023-05-17,2023-05-17T11:37:56+00:00,2023-05-18T01:30:04+00:00,2023-05-17T18:34:00+00:00,49928,2023-05-17T11:12:22+00:00,2023-05-18T01:55:38+00:00,2023-05-17T10:39:52+00:00,2023-05-18T02:28:08+00:00,2023-05-17T10:05:26+00:00,2023-05-18T03:02:34+00:00
2023-05-18,2023-05-18T11:37:20+00:00,2023-05-19T01:30:44+00:00,2023-05-18T18:34:02+00:00,50004,2023-05-18T11:11:42+00:00,2023-05-19T01:56:22+00:00,2023-05-18T10:39:07+00:00,2023-05-19T02:28:58+00:00,2023-05-18T10:04:33+00:00,2023-05-19T03:03:32+00:00
2023-05-19,2023-05-19T11:36:45+00:00,2023-05-20T01:31:25+00:00,2023-05-19T18:34:05+00:00,50080,2023-05-19T11:11:04+00:00,2023-05-20T01:57:06+00:00,2023-05-19T10:38:23+00:00,2023-05-20T02:29:47+00:00,2023-05-19T10:03:41+00:00,2023-05-20T03:04:29+00:00
2023-05-20,2023-05-20T11:36:11+00:00,2023-05-21T01:32:05+00:00,2023-05-20T18:34:08+00:00,50154,2023-05-20T11:10:27+00:00,2023-05-21T01:57:50+00:00,2023-05-20T10:37:40+00:00,2023-05-21T02:30:36+00:00,2023-05-20T10:02:51+00:00,2023-05-21T03:05:26+00:00
2023-05-21,2023-05-21T11:35:39+00:00,2023-05-22T01:32:45+00:00,2023-05-21T18:34:12+00:00,50226,2023-05-21T11:09:51+00:00,2023-05-22T01:58:33+00:00,2023-05-21T10:36:59+00:00,2023-05-22T02:31:25+00:00,2023-05-21T10:02:02+00:00,2023-05-22T03:06:22+00:00
2023-05-22,2023-05-22T11:35:09+00:00,2023-05-23T01:33:25+00:00,2023-05-22T18:34:17+00:00,50296,2023-05-22T11:09:17+00:00,2023-05-23T01:59:16+00:00,2023-05-22T10:36:20+00:00,2023-05-23T02:32:13+00:00,2023-05-22T10:01:15+00:00,2023-05-23T03:07:18+00:00
2023-05-23,2023-05-23T11:34:39+00:00,2023-05-24T01:34:04+00:00,2023-05-23T18:34:21+00:00,50365,2023-05-23T11:08:45+00:00,2023-05-24T01:59:58+00:00,2023-05-23T10:35:42+00:00,2023-05-24T02:33:01+00:00,2023-05-23T10:00:30+00:00,2023-05-24T03:08:13+00:00
2023-05-24,2023-05-24T11:34:11+00:00,2023-05-25T01:34:42+00:00,2023-05-24T18:34:27+00:00,50431,2023-05-24T11:08:14+00:00,2023-05-25T02:00:40+00:00,2023-05-24T10:35:06+00:00,2023-05-25T02:33:48+00:00,2023-05-24T09:59:46+00:00,2023-05-25T03:09:07+00:00
2023-05-25,2023-05-25T11:33:45+00:00,2023-05-26T01:35:20+00:00,2023-05-25T18:34:33+00:00,50495,2023-05-25T11:07:44+00:00,2023-05-26T02:01:21+00:00,2023-05-25T10:34:31+00:00,2023-05-26T02:34:34+00:00,2023-05-25T09:59:05+00:00,2023-05-26T03:10:01+00:00
2023-05-26,2023-05-26T11:33:20+00:00,2023-05-27T01:35:58+00:00,2023-05-26T18:34:39+00:00,50558,2023-05-26T11:07:16+00:00,2023-05-27T02:02:02+00:00,2023-05-26T10:33:58+00:00,2023-05-27T02:35:20+00:00,2023-05-26T09:58:25+00:00,2023-05-27T03:10:54+00:00
2023-05-27,2023-05-27T11:32:57+00:00,2023-05-28T01:36:35+00:00,2023-05-27T18:34:46+00:00,50618,2023-05-27T11:06:50+00:00,2023-05-28T02:02:42+00:00,2023-05-27T10:33:27+00:00,2023-05-28T02:36:05+00:00,2023-05-27T09:57:46+00:00,2023-05-28T03:11:46+00:00
2023-05-28,2023-05-28T11:32:35+00:00,2023-05-29T01:37:12+00:00,2023-05-28T18:34:53+00:00,50677,2023-05-28T11:06:25+00:00,2023-05-29T02:03:22+00:00,2023-05-28T10:32:58+00:00,2023-05-29T02:36:49+00:00,2023-05-28T09:57:10+00:00,2023-05-29T03:12:37+00:00
2023-05-29,2023-05-29T11:32:14+00:00,2023-05-30T01:37:48+00:00,2023-05-29T18:35:01+00:00,50734,2023-05-29T11:06:02+00:00,2023-05-30T02:04:01+00:00,2023-05-29T10:32:30+00:00,2023-05-30T02:37:33+00:00,2023-05-29T09:56:36+00:00,2023-05-30T03:13:27+00:00
2023-05-30,2023-05-30T11:31:56+00:00,2023-05-31T01:38:23+00:00,2023-05-30T18:35:09+00:00,50787,2023-05-30T11:05:40+00:00,2023-05-31T02:04:39+00:00,2023-05-30T10:32:04+00:00,2023-05-31T02:38:15+00:00,2023-05-30T09:56:03+00:00,2023-05-31T03:14:16+00:00
2023-05-31,2023-05-31T11:31:38+00:00,2023-06-01T01:38:58+00:00,2023-05-31T18:35:18+00:00,50840,2023-05-31T11:05:20+00:00,2023-06-01T02:05:16+00:00,2023-05-31T10:31:39+00:00,2023-06-01T02:38:57+00:00,2023-05-31T09:55:32+00:00,2023-06-01T03:15:04+00:00
2023-06-01,2023-06-01T11:31:22+00:00,2023-06-02T01:39:32+00:00,2023-06-01T18:35:27+00:00,50890,2023-06-01T11:05:01+00:00,2023-06-02T02:05:53+00:00,2023-06-01T10:31:16+00:00,2023-06-02T02:39:38+00:00,2023-06-01T09:55:04+00:00,2023-06-02T03:15:51+00:00
2023-06-02,2023-06-02T11:31:08+00:00,2023-06-03T01:40:05+00:00,2023-06-02T18:35:37+00:00,50937,2023-06-02T11:04:44+00:00,2023-06-03T02:06:29+00:00,2023-06-02T10:30:55+00:00,2023-06-03T02:40:18+00:00,2023-06-02T09:54:37+00:00,2023-06-03T03:16:36+00:00
2023-06-03,2023-06-03T11:30:55+00:00,2023-06-04T01:40:38+00:00,2023-06-03T18:35:46+00:00,50983,2023-06-03T11:04:29+00:00,2023-06-04T02:07:04+00:00,2023-06-03T10:30:36+00:00,2023-06-04T02:40:57+00:00,2023-06-03T09:54:12+00:00,2023-06-04T03:17:21+00:00
2023-06-04,2023-06-04T11:30:43+00:00,2023-06-05T01:41:10+00:00,2023-06-04T18:35:57+00:00,51027,2023-06-04T11:04:15+00:00,2023-06-05T02:07:38+00:00,2023-06-04T10:30:19+00:00,2023-06-05T02:41:34+00:00,2023-06-04T09:53:49+00:00,2023-06-05T03:18:04+00:00
2023-06-05,2023-06-05T11:30:34+00:00,2023-06-06T01:41:41+00:00,2023-06-05T18:36:07+00:00,51067,2023-06-05T11:04:03+00:00,2023-06-06T02:08:11+00:00,2023-06-05T10:30:03+00:00,2023-06-06T02:42:11+00:00,2023-06-05T09:53:29+00:00,2023-06-06T03:18:46+00:00
2023-06-06,2023-06-06T11:30:25+00:00,2023-06-07T01:42:11+00:00,2023-06-06T18:36:18+00:00,51106,2023-06-06T11:03:53+00:00,2023-06-07T02:08:43+00:00,2023-06-06T10:29:50+00:00,2023-06-07T02:42:46+00:00,2023-06-06T09:53:10+00:00,2023-06-07T03:19:26+00:00
2023-06-07,2023-06-07T11:30:18+00:00,2023-06-08T01:42:40+00:00,2023-06-07T18:36:29+00:00,51142,2023-06-07T11:03:44+00:00,2023-06-08T02:09:14+00:00,2023-06-07T10:29:38+00:00,2023-06-08T02:43:21+00:00,2023-06-07T09:52:54+00:00,2023-06-08T03:20:05+00:00
2023-06-08,2023-06-08T11:30:13+00:00,2023-06-09T01:43:08+00:00,2023-06-08T18:36:41+00:00,51175,2023-06-08T11:03:37+00:00,2023-06-09T02:09:45+00:00,2023-06-08T10:29:27+00:00,2023-06-09T02:43:54+00:00,2023-06-08T09:52:39+00:00,2023-06-09T03:20:42+00:00
2023-06-09,2023-06-09T11:30:09+00:00,2023-06-10T01:43:36+00:00,2023-06-09T18:36:52+00:00,51207,2023-06-09T11:03:31+00:00,2023-06-10T02:10:14+00:00,2023-06-09T10:29:19+00:00,2023-06-10T02:44:26+00:00,2023-06-09T09:52:27+00:00,2023-06-10T03:21:18+00:00
2023-06-10,2023-06-10T11:30:06+00:00,2023-06-11T01:44:02+00:00,2023-06-10T18:37:04+00:00,51236,2023-06-10T11:03:27+00:00,2023-06-11T02:10:42+00:00,2023-06-10T10:29:12+00:00,2023-06-11T02:44:56+00:00,2023-06-10T09:52:16+00:00,2023-06-11T03:21:52+00:00
2023-06-11,2023-06-11T11:30:05+00:00,2023-06-12T01:44:27+00:00,2023-06-11T18:37:16+00:00,51262,2023-06-11T11:03:24+00:00,2023-06-12T02:11:08+00:00,2023-06-11T10:29:07+00:00,2023-06-12T02:45:25+00:00,2023-06-11T09:52:08+00:00,2023-06-12T03:22:25+00:00
2023-06-12,2023-06-12T11:30:06+00:00,2023-06-13T01:44:52+00:00,2023-06-12T18:37:29+00:00,51286,2023-06-12T11:03:23+00:00,2023-06-13T02:11:34+00:00,2023-06-12T10:29:04+00:00,2023-06-13T02:45:53+00:00,2023-06-12T09:52:02+00:00,2023-06-13T03:22:56+00:00
2023-06-13,2023-06-13T11:30:07+00:00,2023-06-14T01:45:15+00:00,2023-06-13T18:37:41+00:00,51308,2023-06-13T11:03:24+00:00,2023-06-14T02:11:58+00:00,2023-06-13T10:29:03+00:00,2023-06-14T02:46:19+00:00,2023-06-13T09:51:58+00:00,2023-06-14T03:23:25+00:00
2023-06-14,2023-06-14T11:30:11+00:00,2023-06-15T01:45:37+00:00,2023-06-14T18:37:54+00:00,51326,2023-06-14T11:03:26+00:00,2023-06-15T02:12:22+00:00,2023-06-14T10:29:04+00:00,2023-06-15T02:46:44+00:00,2023-06-14T09:51:56+00:00,2023-06-15T03:23:52+00:00
2023-06-15,2023-06-15T11:30:15+00:00,2023-06-16T01:45:58+00:00,2023-06-15T18:38:07+00:00,51343,2023-06-15T11:03:30+00:00,2023-06-16T02:12:43+00:00,2023-06-15T10:29:06+00:00,2023-06-16T02:47:07+00:00,2023-06-15T09:51:56+00:00,2023-06-16T03:24:17+00:00
2023-06-16,2023-06-16T11:30:21+00:00,2023-06-17T01:46:18+00:00,2023-06-16T18:38:20+00:00,51357,2023-06-16T11:03:35+00:00,2023-06-17T02:13:04+00:00,2023-06-16T10:29:10+00:00,2023-06-17T02:47:29+00:00,2023-06-16T09:51:58+00:00,2023-06-17T03:24:41+00:00
2023-06-17,2023-06-17T11:30:29+00:00,2023-06-18T01:46:36+00:00,2023-06-17T18:38:33+00:00,51367,2023-06-17T11:03:42+00:00,2023-06-18T02:13:23+00:00,2023-06-17T10:29:16+00:00,2023-06-18T02:47:49+00:00,2023-06-17T09:52:02+00:00,2023-06-18T03:25:03+00:00
2023-06-18,2023-06-18T11:30:37+00:00,2023-06-19T01:46:54+00:00,2023-06-18T18:38:46+00:00,51377,2023-06-18T11:03:50+00:00,2023-06-19T02:13:41+00:00,2023-06-18T10:29:23+00:00,2023-06-19T02:48:08+00:00,2023-06-18T09:52:09+00:00,2023-06-19T03:25:22+00:00
2023-06-19,2023-06-19T11:30:48+00:00,2023-06-20T01:47:10+00:00,2023-06-19T18:38:59+00:00,51382,2023-06-19T11:04:00+00:00,2023-06-20T02:13:57+00:00,2023-06-19T10:29:32+00:00,2023-06-20T02:48:25+00:00,2023-06-19T09:52:17+00:00,2023-06-20T03:25:40+00:00
2023-06-20,2023-06-20T11:30:59+00:00,2023-06-21T01:47:25+00:00,2023-06-20T18:39:12+00:00,51386,2023-06-20T11:04:11+00:00,2023-06-21T02:14:12+00:00,2023-06-20T10:29:43+00:00,2023-06-21T02:48:40+00:00,2023-06-20T09:52:28+00:00,2023-06-21T03:25:56+00:00
2023-06-21,2023-06-21T11:31:12+00:00,2023-06-22T01:47:38+00:00,2023-06-21T18:39:25+00:00,51386,2023-06-21T11:04:24+00:00,2023-06-22T02:14:26+00:00,2023-06-21T10:29:56+00:00,2023-06-22T02:48:54+00:00,2023-06-21T09:52:40+00:00,2023-06-22T03:26:10+00:00
2023-06-22,2023-06-22T11:31:25+00:00,2023-06-23T01:47:50+00:00,2023-06-22T18:39:38+00:00,51385,2023-06-22T11:04:38+00:00,2023-06-23T02:14:38+00:00,2023-06-22T10:30:10+00:00,2023-06-23T02:49:06+00:00,2023-06-22T09:52:54+00:00,2023-06-23T03:26:21+00:00
2023-06-23,2023-06-23T11:31:41+00:00,2023-06-24T01:48:01+00:00,2023-06-23T18:39:51+00:00,51380,2023-06-23T11:04:53+00:00,2023-06-24T02:14:49+00:00,2023-06-23T10:30:26+00:00,2023-06-24T02:49:16+00:00,2023-06-23T09:53:11+00:00,2023-06-24T03:26:31+00:00
2023-06-24,2023-06-24T11:31:57+00:00,2023-06-25T01:48:11+00:00,2023-06-24T18:40:04+00:00,51374,2023-06-24T11:05:10+00:00,2023-06-25T02:14:58+00:00,2023-06-24T10:30:43+00:00,2023-06-25T02:49:25+00:00,2023-06-24T09:53:29+00:00,2023-06-25T03:26:39+00:00
2023-06-25,2023-06-25T11:32:14+00:00,2023-06-26T01:48:19+00:00,2023-06-25T18:40:17+00:00,51365,2023-06-25T11:05:28+00:00,2023-06-26T02:15:05+00:00,2023-06-25T10:31:02+00:00,2023-06-26T02:49:31+00:00,2023-06-25T09:53:49+00:00,2023-06-26T03:26:44+00:00
2023-06-26,2023-06-26T11:32:33+00:00,2023-06-27T01:48:25+00:00,2023-06-26T18:40:29+00:00,51352,2023-06-26T11:05:47+00:00,2023-06-27T02:15:11+00:00,2023-06-26T10:31:22+00:00,2023-06-27T02:49:36+00:00,2023-06-26T09:54:11+00:00,2023-06-27T03:26:47+00:00
2023-06-27,2023-06-27T11:32:53+00:00,2023-06-28T01:48:31+00:00,2023-06-27T18:40:42+00:00,51338,2023-06-27T11:06:08+00:00,2023-06-28T02:15:16+00:00,2023-06-27T10:31:44+00:00,2023-06-28T02:49:39+00:00,2023-06-27T09:54:35+00:00,2023-06-28T03:26:49+00:00
2023-06-28,2023-06-28T11:33:14+00:00,2023-06-29T01:48:34+00:00,2023-06-28T18:40:54+00:00,51320,2023-06-28T11:06:29+00:00,2023-06-29T02:15:19+00:00,2023-06-28T10:32:07+00:00,2023-06-29T02:49:41+00:00,2023-06-28T09:55:00+00:00,2023-06-29T03:26:48+00:00
2023-06-29,2023-06-29T11:33:36+00:00,2023-06-30T01:48:37+00:00,2023-06-29T18:41:06+00:00,51301,2023-06-29T11:06:52+00:00,2023-06-30T02:15:20+00:00,2023-06-29T10:32:32+00:00,2023-06-30T02:49:40+00:00,2023-06-29T09:55:28+00:00,2023-06-30T03:26:45+00:00
2023-06-30,2023-06-30T11:33:59+00:00,2023-07-01T01:48:38+00:00,2023-06-30T18:41:18+00:00,51279,2023-06-30T11:07:17+00:00,2023-07-01T02:15:19+00:00,2023-06-30T10:32:58+00:00,2023-07-01T02:49:38+00:00,2023-06-30T09:55:57+00:00,2023-07-01T03:26:39+00:00
2023-07-01,2023-07-01T11:34:23+00:00,2023-07-02T01:48:37+00:00,2023-07-01T18:41:30+00:00,51254,2023-07-01T11:07:42+00:00,2023-07-02T02:15:17+00:00,2023-07-01T10:33:26+00:00,2023-07-02T02:49:34+00:00,2023-07-01T09:56:27+00:00,2023-07-02T03:26:32+00:00
2023-07-02,2023-07-02T11:34:47+00:00,2023-07-03T01:48:35+00:00,2023-07-02T18:41:41+00:00,51228,2023-07-02T11:08:08+00:00,2023-07-03T02:15:14+00:00,2023-07-02T10:33:55+00:00,2023-07-03T02:49:28+00:00,2023-07-02T09:57:00+00:00,2023-07-03T03:26:23+00:00
2023-07-03,2023-07-03T11:35:13+00:00,2023-07-04T01:48:31+00:00,2023-07-03T18:41:52+00:00,51198,2023-07-03T11:08:36+00:00,2023-07-04T02:15:09+00:00,2023-07-03T10:34:25+00:00,2023-07-04T02:49:20+00:00,2023-07-03T09:57:33+00:00,2023-07-04T03:26:11+00:00
2023-07-04,2023-07-04T11:35:40+00:00,2023-07-05T01:48:26+00:00,2023-07-04T18:42:03+00:00,51166,2023-07-04T11:09:04+00:00,2023-07-05T02:15:02+00:00,2023-07-04T10:34:56+00:00,2023-07-05T02:49:10+00:00,2023-07-04T09:58:09+00:00,2023-07-05T03:25:57+00:00
2023-07-05,2023-07-05T11:36:08+00:00,2023-07-06T01:48:19+00:00,2023-07-05T18:42:14+00:00,51131,2023-07-05T11:09:34+00:00,2023-07-06T02:14:53+00:00,2023-07-05T10:35:28+00:00,2023-07-06T02:48:59+00:00,2023-07-05T09:58:46+00:00,2023-07-06T03:25:41+00:00
2023-07-06,2023-07-06T11:36:36+00:00,2023-07-07T01:48:11+00:00,2023-07-06T18:42:24+00:00,51095,2023-07-06T11:10:04+00:00,2023-07-07T02:14:43+00:00,2023-07-06T10:36:02+00:00,2023-07-07T02:48:45+00:00,2023-07-06T09:59:24+00:00,2023-07-07T03:25:23+00:00
2023-07-07,2023-07-07T11:37:06+00:00,2023-07-08T01:48:01+00:00,2023-07-07T18:42:33+00:00,51055,2023-07-07T11:10:36+00:00,2023-07-08T02:14:31+00:00,2023-07-07T10:36:37+00:00,2023-07-08T02:48:30+00:00,2023-07-07T10:00:04+00:00,2023-07-08T03:25:03+00:00
2023-07-08,2023-07-08T11:37:36+00:00,2023-07-09T01:47:50+00:00,2023-07-08T18:42:43+00:00,51014,2023-07-08T11:11:08+00:00,2023-07-09T02:14:18+00:00,2023-07-08T10:37:13+00:00,2023-07-09T02:48:13+00:00,2023-07-08T10:00:44+00:00,2023-07-09T03:24:41+00:00
2023-07-09,2023-07-09T11:38:06+00:00,2023-07-10T01:47:37+00:00,2023-07-09T18:42:52+00:00,50971,2023-07-09T11:11:41+00:00,2023-07-10T02:14:03+00:00,2023-07-09T10:37:49+00:00,2023-07-10T02:47:54+00:00,2023-07-09T10:01:27+00:00,2023-07-10T03:24:17+00:00
2023-07-10,2023-07-10T11:38:38+00:00,2023-07-11T01:47:23+00:00,2023-07-10T18:43:00+00:00,50925,2023-07-10T11:12:15+00:00,2023-07-11T02:13:46+00:00,2023-07-10T10:38:27+00:00,2023-07-11T02:47:34+00:00,2023-07-10T10:02:10+00:00,2023-07-11T03:23:51+00:00
2023-07-11,2023-07-11T11:39:10+00:00,2023-07-12T01:47:07+00:00,2023-07-11T18:43:08+00:00,50877,2023-07-11T11:12:50+00:00,2023-07-12T02:13:27+00:00,2023-07-11T10:39:06+00:00,2023-07-12T02:47:11+00:00,2023-07-11T10:02:55+00:00,2023-07-12T03:23:22+00:00
2023-07-12,2023-07-12T11:39:43+00:00,2023-07-13T01:46:49+00:00,2023-07-12T18:43:16+00:00,50826,2023-07-12T11:13:25+00:00,2023-07-13T02:13:07+00:00,2023-07-12T10:39:45+00:00,2023-07-13T02:46:47+00:00,2023-07-12T10:03:40+00:00,2023-07-13T03:22:52+00:00
2023-07-13,2023-07-13T11:40:16+00:00,2023-07-14T01:46:30+00:00,2023-07-13T18:43:23+00:00,50774,2023-07-13T11:14:01+00:00,2023-07-14T02:12:46+00:00,2023-07-13T10:40:26+00:00,2023-07-14T02:46:21+00:00,2023-07-13T10:04:27+00:00,2023-07-14T03:22:20+00:00
2023-07-14,2023-07-14T11:40:50+00:00,2023-07-15T01:46:10+00:00,2023-07-14T18:43:30+00:00,50720,2023-07-14T11:14:38+00:00,2023-07-15T02:12:22+00:00,2023-07-14T10:41:07+00:00,2023-07-15T02:45:53+00:00,2023-07-14T10:05:15+00:00,2023-07-15T03:21:45+00:00
2023-07-15,2023-07-15T11:41:25+00:00,2023-07-16T01:45:48+00:00,2023-07-15T18:43:36+00:00,50663,2023-07-15T11:15:15+00:00,2023-07-16T02:11:57+00:00,2023-07-15T10:41:49+00:00,2023-07-16T02:45:23+00:00,2023-07-15T10:06:03+00:00,2023-07-16T03:21:09+00:00
2023-07-16,2023-07-16T11:42:00+00:00,2023-07-17T01:45:24+00:00,2023-07-16T18:43:42+00:00,50604,2023-07-16T11:15:53+00:00,2023-07-17T02:11:31+00:00,2023-07-16T10:42:32+00:00,2023-07-17T02:44:52+00:00,2023-07-16T10:06:53+00:00,2023-07-17T03:20:31+00:00
2023-07-17,2023-07-17T11:42:36+00:00,2023-07-18T01:44:59+00:00,2023-07-17T18:43:47+00:00,50543,2023-07-17T11:16:32+00:00,2023-07-18T02:11:03+00:00,2023-07-17T10:43:15+00:00,2023-07-18T02:44:19+00:00,2023-07-17T10:07:43+00:00,2023-07-18T03:19:51+00:00
2023-07-18,2023-07-18T11:43:11+00:00,2023-07-19T01:44:32+00:00,2023-07-18T18:43:52+00:00,50481,2023-07-18T11:17:11+00:00,2023-07-19T02:10:33+00:00,2023-07-18T10:43:59+00:00,2023-07-19T02:43:45+00:00,2023-07-18T10:08:34+00:00,2023-07-19T03:19:10+00:00
2023-07-19,2023-07-19T11:43:48+00:00,2023-07-20T01:44:04+00:00,2023-07-19T18:43:56+00:00,50416,2023-07-19T11:17:50+00:00,2023-07-20T02:10:02+00:00,2023-07-19T10:44:44+00:00,2023-07-20T02:43:08+00:00,2023-07-19T10:09:26+00:00,2023-07-20T03:18:26+00:00
2023-07-20,2023-07-20T11:44:25+00:00,2023-07-21T01:43:35+00:00,2023-07-20T18:44:00+00:00,50350,2023-07-20T11:18:30+00:00,2023-07-21T02:09:29+00:00,2023-07-20T10:45:29+00:00,2023-07-21T02:42:30+00:00,2023-07-20T10:10:18+00:00,2023-07-21T03:17:41+00:00
2023-07-21,2023-07-21T11:45:02+00:00,2023-07-22T01:43:03+00:00,2023-07-21T18:44:03+00:00,50281,2023-07-21T11:19:11+00:00,2023-07-22T02:08:54+00:00,2023-07-21T10:46:15+00:00,2023-07-22T02:41:51+00:00,2023-07-21T10:11:11+00:00,2023-07-22T03:16:54+00:00
2023-07-22,2023-07-22T11:45:39+00:00,2023-07-23T01:42:31+00:00,2023-07-22T18:44:05+00:00,50212,2023-07-22T11:19:52+00:00,2023-07-23T02:08:18+00:00,2023-07-22T10:47:01+00:00,2023-07-23T02:41:09+00:00,2023-07-22T10:12:05+00:00,2023-07-23T03:16:05+00:00
2023-07-23,2023-07-23T11:46:17+00:00,2023-07-24T01:41:57+00:00,2023-07-23T18:44:07+00:00,50140,2023-07-23T11:20:33+00:00,2023-07-24T02:07:41+00:00,2023-07-23T10:47:47+00:00,2023-07-24T02:40:27+00:00,2023-07-23T10:12:59+00:00,2023-07-24T03:15:15+00:00
2023-07-24,2023-07-24T11:46:55+00:00,2023-07-25T01:41:21+00:00,2023-07-24T18:44:08+00:00,50066,2023-07-24T11:21:14+00:00,2023-07-25T02:07:02+00:00,2023-07-24T10:48:34+00:00,2023-07-25T02:39:42+00:00,2023-07-24T10:13:54+00:00,2023-07-25T03:14:23+00:00
2023-07-25,2023-07-25T11:47:33+00:00,2023-07-26T01:40:44+00:00,2023-07-25T18:44:09+00:00,49991,2023-07-25T11:21:56+00:00,2023-07-26T02:06:22+00:00,2023-07-25T10:49:21+00:00,2023-07-26T02:38:56+00:00,2023-07-25T10:14:49+00:00,2023-07-26T03:13:29+00:00
2023-07-26,2023-07-26T11:48:12+00:00,2023-07-27T01:40:06+00:00,2023-07-26T18:44:09+00:00,49914,2023-07-26T11:22:38+00:00,2023-07-27T02:05:40+00:00,2023-07-26T10:50:09+00:00,2023-07-27T02:38:09+00:00,2023-07-26T10:15:44+00:00,2023-07-27T03:12:34+00:00
2023-07-27,2023-07-27T11:48:50+00:00,2023-07-28T01:39:26+00:00,2023-07-27T18:44:08+00:00,49836,2023-07-27T11:23:20+00:00,2023-07-28T02:04:57+00:00,2023-07-27T10:50:57+00:00,2023-07-28T02:37:20+00:00,2023-07-27T10:16:40+00:00,2023-07-28T03:11:37+00:00
2023-07-28,2023-07-28T11:49:29+00:00,2023-07-29T01:38:45+00:00,2023-07-28T18:44:07+00:00,49756,2023-07-28T11:24:03+00:00,2023-07-29T02:04:12+00:00,2023-07-28T10:51:45+00:00,2023-07-29T02:36:30+00:00,2023-07-28T10:17:36+00:00,2023-07-29T03:10:39+00:00
2023-07-29,2023-07-29T11:50:08+00:00,2023-07-30T01:38:03+00:00,2023-07-29T18:44:06+00:00,49675,2023-07-29T11:24:45+00:00,2023-07-30T02:03:26+00:00,2023-07-29T10:52:33+00:00,2023-07-30T02:35:38+00:00,2023-07-29T10:18:32+00:00,2023-07-30T03:09:40+00:00
2023-07-30,2023-07-30T11:50:47+00:00,2023-07-31T01:37:19+00:00,2023-07-30T18:44:03+00:00,49592,2023-07-30T11:25:28+00:00,2023-07-31T02:02:39+00:00,2023-07-30T10:53:21+00:00,2023-07-31T02:34:45+00:00,2023-07-30T10:19:28+00:00,2023-07-31T03:08:39+00:00
2023-07-31,2023-07-31T11:51:27+00:00,2023-08-01T01:36:34+00:00,2023-07-31T18:44:00+00:00,49507,2023-07-31T11:26:11+00:00,2023-08-01T02:01:50+00:00,2023-07-31T10:54:10+00:00,2023-08-01T02:33:51+00:00,2023-07-31T10:20:25+00:00,2023-08-01T03:07:36+00:00
2023-08-01,2023-08-01T11:52:06+00:00,2023-08-02T01:35:48+00:00,2023-08-01T18:43:57+00:00,49422,2023-08-01T11:26:54+00:00,2023-08-02T02:01:00+00:00,2023-08-01T10:54:58+00:00,2023-08-02T02:32:55+00:00,2023-08-01T10:21:21+00:00,2023-08-02T03:06:33+00:00
2023-08-02,2023-08-02T11:52:45+00:00,2023-08-03T01:35:00+00:00,2023-08-02T18:43:53+00:00,49335,2023-08-02T11:27:36+00:00,2023-08-03T02:00:09+00:00,2023-08-02T10:55:47+00:00,2023-08-03T02:31:58+00:00,2023-08-02T10:22:18+00:00,2023-08-03T03:05:28+00:00
2023-08-03,2023-08-03T11:53:25+00:00,2023-08-04T01:34:11+00:00,2023-08-03T18:43:48+00:00,49246,2023-08-03T11:28:20+00:00,2023-08-04T01:59:17+00:00,2023-08-03T10:56:36+00:00,2023-08-04T02:31:00+00:00,2023-08-03T10:23:15+00:00,2023-08-04T03:04:22+00:00
2023-08-04,2023-08-04T11:54:04+00:00,2023-08-05T01:33:21+00:00,2023-08-04T18:43:43+00:00,49157,2023-08-04T11:29:03+00:00,2023-08-05T01:58:23+00:00,2023-08-04T10:57:25+00:00,2023-08-05T02:30:01+00:00,2023-08-04T10:24:11+00:00,2023-08-05T03:03:14+00:00
2023-08-05,2023-08-05T11:54:44+00:00,2023-08-06T01:32:30+00:00,2023-08-05T18:43:37+00:00,49066,2023-08-05T11:29:46+00:00,2023-08-06T01:57:28+00:00,2023-08-05T10:58:13+00:00,2023-08-06T02:29:00+00:00,2023-08-05T10:25:08+00:00,2023-08-06T03:02:06+00:00
2023-08-06,2023-08-06T11:55:23+00:00,2023-08-07T01:31:37+00:00,2023-08-06T18:43:30+00:00,48974,2023-08-06T11:30:29+00:00,2023-08-07T01:56:32+00:00,2023-08-06T10:59:02+00:00,2023-08-07T02:27:58+00:00,2023-08-06T10:26:04+00:00,2023-08-07T03:00:56+00:00
2023-08-07,2023-08-07T11:56:02+00:00,2023-08-08T01:30:44+00:00,2023-08-07T18:43:23+00:00,48882,2023-08-07T11:31:12+00:00,2023-08-08T01:55:34+00:00,2023-08-07T10:59:51+00:00,2023-08-08T02:26:55+00:00,2023-08-07T10:27:01+00:00,2023-08-08T02:59:45+00:00
2023-08-08,2023-08-08T11:56:42+00:00,2023-08-09T01:29:49+00:00,2023-08-08T18:43:15+00:00,48787,2023-08-08T11:31:55+00:00,2023-08-09T01:54:36+00:00,2023-08-08T11:00:39+00:00,2023-08-09T02:25:51+00:00,2023-08-08T10:27:57+00:00,2023-08-09T02:58:33+00:00
2023-08-09,2023-08-09T11:57:21+00:00,2023-08-10T01:28:53+00:00,2023-08-09T18:43:07+00:00,48692,2023-08-09T11:32:37+00:00,2023-08-10T01:53:37+00:00,2023-08-09T11:01:28+00:00,2023-08-10T02:24:46+00:00,2023-08-09T10:28:53+00:00,2023-08-10T02:57:21+00:00
2023-08-10,2023-08-10T11:58:00+00:00,2023-08-11T01:27:56+00:00,2023-08-10T18:42:58+00:00,48596,2023-08-10T11:33:20+00:00,2023-08-11T01:52:36+00:00,2023-08-10T11:02:16+00:00,2023-08-11T02:23:40+00:00,2023-08-10T10:29:49+00:00,2023-08-11T02:56:07+00:00
2023-08-11,2023-08-11T11:58:40+00:00,2023-08-12T01:26:58+00:00,2023-08-11T18:42:49+00:00,48498,2023-08-11T11:34:03+00:00,2023-08-12T01:51:34+00:00,2023-08-11T11:03:04+00:00,2023-08-12T02:22:33+00:00,2023-08-11T10:30:45+00:00,2023-08-12T02:54:52+00:00
2023-08-12,2023-08-12T11:59:19+00:00,2023-08-13T01:25:58+00:00,2023-08-12T18:42:39+00:00,48399,2023-08-12T11:34:45+00:00,2023-08-13T01:50:32+00:00,2023-08-12T11:03:52+00:00,2023-08-13T02:21:25+00:00,2023-08-12T10:31:41+00:00,2023-08-13T02:53:36+00:00
2023-08-13,2023-08-13T11:59:58+00:00,2023-08-14T01:24:58+00:00,2023-08-13T18:42:28+00:00,48300,2023-08-13T11:35:28+00:00,2023-08-14T01:49:28+00:00,2023-08-13T11:04:40+00:00,2023-08-14T02:20:16+00:00,2023-08-13T10:32:36+00:00,2023-08-14T02:52:20+00:00
2023-08-14,2023-08-14T12:00:37+00:00,2023-08-15T01:23:57+00:00,2023-08-14T18:42:17+00:00,48200,2023-08-14T11:36:10+00:00,2023-08-15T01:48:24+00:00,2023-08-14T11:05:28+00:00,2023-08-15T02:19:06+00:00,2023-08-14T10:33:31+00:00,2023-08-15T02:51:03+00:00
2023-08-15,2023-08-15T12:01:15+00:00,2023-08-16T01:22:55+00:00,2023-08-15T18:42:05+00:00,48100,2023-08-15T11:36:52+00:00,2023-08-16T01:47:18+00:00,2023-08-15T11:06:15+00:00,2023-08-16T02:17:55+00:00,2023-08-15T10:34:26+00:00,2023-08-16T02:49:45+00:00
2023-08-16,2023-08-16T12:01:54+00:00,2023-08-17T01:21:52+00:00,2023-08-16T18:41:53+00:00,47998,2023-08-16T11:37:34+00:00,2023-08-17T01:46:12+00:00,2023-08-16T11:07:02+00:00,2023-08-17T02:16:43+00:00,2023-08-16T10:35:20+00:00,2023-08-17T02:48:26+00:00
2023-08-17,2023-08-17T12:02:33+00:00,2023-08-18T01:20:48+00:00,2023-08-17T18:41:40+00:00,47895,2023-08-17T11:38:16+00:00,2023-08-18T01:45:04+00:00,2023-08-17T11:07:49+00:00,2023-08-18T02:15:31+00:00,2023-08-17T10:36:14+00:00,2023-08-18T02:47:06+00:00
2023-08-18,2023-08-18T12:03:11+00:00,2023-08-19T01:19:43+00:00,2023-08-18T18:41:27+00:00,47792,2023-08-18T11:38:58+00:00,2023-08-19T01:43:56+00:00,2023-08-18T11:08:36+00:00,2023-08-19T02:14:18+00:00,2023-08-18T10:37:08+00:00,2023-08-19T02:45:46+00:00
2023-08-19,2023-08-19T12:03:50+00:00,2023-08-20T01:18:37+00:00,2023-08-19T18:41:13+00:00,47687,2023-08-19T11:39:39+00:00,2023-08-20T01:42:47+00:00,2023-08-19T11:09:23+00:00,2023-08-20T02:13:04+00:00,2023-08-19T10:38:01+00:00,2023-08-20T02:44:25+00:00
2023-08-20,2023-08-20T12:04:28+00:00,2023-08-21T01:17:30+00:00,2023-08-20T18:40:59+00:00,47582,2023-08-20T11:40:20+00:00,2023-08-21T01:41:38+00:00,2023-08-20T11:10:09+00:00,2023-08-21T02:11:49+00:00,2023-08-20T10:38:55+00:00,2023-08-21T02:43:04+00:00
2023-08-21,2023-08-21T12:05:06+00:00,2023-08-22T01:16:23+00:00,2023-08-21T18:40:44+00:00,47477,2023-08-21T11:41:02+00:00,2023-08-22T01:40:27+00:00,2023-08-21T11:10:55+00:00,2023-08-22T02:10:34+00:00,2023-08-21T10:39:47+00:00,2023-08-22T02:41:41+00:00
2023-08-22,2023-08-22T12:05:44+00:00,2023-08-23T01:15:15+00:00,2023-08-22T18:40:29+00:00,47371,2023-08-22T11:41:43+00:00,2023-08-23T01:39:16+00:00,2023-08-22T11:11:41+00:00,2023-08-23T02:09:18+00:00,2023-08-22T10:40:40+00:00,2023-08-23T02:40:19+00:00
2023-08-23,2023-08-23T12:06:22+00:00,2023-08-24T01:14:06+00:00,2023-08-23T18:40:14+00:00,47264,2023-08-23T11:42:23+00:00,2023-08-24T01:38:04+00:00,2023-08-23T11:12:26+00:00,2023-08-24T02:08:01+00:00,2023-08-23T10:41:31+00:00,2023-08-24T02:38:56+00:00
2023-08-24,2023-08-24T12:06:59+00:00,2023-08-25T01:12:56+00:00,2023-08-24T18:39:58+00:00,47157,2023-08-24T11:43:04+00:00,2023-08-25T01:36:51+00:00,2023-08-24T11:13:11+00:00,2023-08-25T02:06:44+00:00,2023-08-24T10:42:23+00:00,2023-08-25T02:37:32+00:00
2023-08-25,2023-08-25T12:07:37+00:00,2023-08-26T01:11:46+00:00,2023-08-25T18:39:41+00:00,47049,2023-08-25T11:43:44+00:00,2023-08-26T01:35:38+00:00,2023-08-25T11:13:56+00:00,2023-08-26T02:05:26+00:00,2023-08-25T10:43:14+00:00,2023-08-26T02:36:08+00:00
2023-08-26,2023-08-26T12:08:14+00:00,2023-08-27T01:10:34+00:00,2023-08-26T18:39:24+00:00,46940,2023-08-26T11:44:24+00:00,2023-08-27T01:34:24+00:00,2023-08-26T11:14:41+00:00,2023-08-27T02:04:08+00:00,2023-08-26T10:44:05+00:00,2023-08-27T02:34:44+00:00
2023-08-27,2023-08-27T12:08:51+00:00,2023-08-28T01:09:23+00:00,2023-08-27T18:39:07+00:00,46832,2023-08-27T11:45:04+00:00,2023-08-28T01:33:10+00:00,2023-08-27T11:15:25+00:00,2023-08-28T02:02:49+00:00,2023-08-27T10:44:55+00:00,2023-08-28T02:33:19+00:00
2023-08-28,2023-08-28T12:09:29+00:00,2023-08-29T01:08:10+00:00,2023-08-28T18:38:49+00:00,46721,2023-08-28T11:45:44+00:00,2023-08-29T01:31:55+00:00,2023-08-28T11:16:09+00:00,2023-08-29T02:01:30+00:00,2023-08-28T10:45:45+00:00,2023-08-29T02:31:54+00:00
2023-08-29,2023-08-29T12:10:06+00:00,2023-08-30T01:06:57+00:00,2023-08-29T18:38:31+00:00,46611,2023-08-29T11:46:24+00:00,2023-08-30T01:30:39+00:00,2023-08-29T11:16:53+00:00,2023-08-30T02:00:10+00:00,2023-08-29T10:46:34+00:00,2023-08-30T02:30:28+00:00
2023-08-30,2023-08-30T12:10:43+00:00,2023-08-31T01:05:44+00:00,2023-08-30T18:38:13+00:00,46501,2023-08-30T11:47:03+00:00,2023-08-31T01:29:23+00:00,2023-08-30T11:17:36+00:00,2023-08-31T01:58:50+00:00,2023-08-30T10:47:23+00:00,2023-08-31T02:29:03+00:00
2023-08-31,2023-08-31T12:11:19+00:00,2023-09-01T01:04:30+00:00,2023-08-31T18:37:54+00:00,46391,2023-08-31T11:47:42+00:00,2023-09-01T01:28:07+00:00,2023-08-31T11:18:19+00:00,2023-09-01T01:57:30+00:00,2023-08-31T10:48:12+00:00,2023-09-01T02:27:37+00:00
2023-09-01,2023-09-01T12:11:56+00:00,2023-09-02T01:03:15+00:00,2023-09-01T18:37:36+00:00,46279,2023-09-01T11:48:21+00:00,2023-09-02T01:26:50+00:00,2023-09-01T11:19:02+00:00,2023-09-02T01:56:09+00:00,2023-09-01T10:49:00+00:00,2023-09-02T02:26:11+00:00
2023-09-02,2023-09-02T12:12:33+00:00,2023-09-03T01:02:00+00:00,2023-09-02T18:37:16+00:00,46167,2023-09-02T11:49:00+00:00,2023-09-03T01:25:33+00:00,2023-09-02T11:19:45+00:00,2023-09-03T01:54:48+00:00,2023-09-02T10:49:48+00:00,2023-09-03T02:24:44+00:00
2023-09-03,2023-09-03T12:13:09+00:00,2023-09-04T01:00:44+00:00,2023-09-03T18:36:57+00:00,46055,2023-09-03T11:49:39+00:00,2023-09-04T01:24:15+00:00,2023-09-03T11:20:27+00:00,2023-09-04T01:53:26+00:00,2023-09-03T10:50:36+00:00,2023-09-04T02:23:18+00:00
2023-09-04,2023-09-04T12:13:46+00:00,2023-09-05T00:59:28+00:00,2023-09-04T18:36:37+00:00,45942,2023-09-04T11:50:17+00:00,2023-09-05T01:22:57+00:00,2023-09-04T11:21:09+00:00,2023-09-05T01:52:05+00:00,2023-09-04T10:51:23+00:00,2023-09-05T02:21:51+00:00
2023-09-05,2023-09-05T12:14:22+00:00,2023-09-06T00:58:12+00:00,2023-09-05T18:36:17+00:00,45830,2023-09-05T11:50:56+00:00,2023-09-06T01:21:38+00:00,2023-09-05T11:21:51+00:00,2023-09-06T01:50:43+00:00,2023-09-05T10:52:09+00:00,2023-09-06T02:20:25+00:00
2023-09-06,2023-09-06T12:14:58+00:00,2023-09-07T00:56:55+00:00,2023-09-06T18:35:57+00:00,45717,2023-09-06T11:51:34+00:00,2023-09-07T01:20:20+00:00,2023-09-06T11:22:33+00:00,2023-09-07T01:49:21+00:00,2023-09-06T10:52:56+00:00,2023-09-07T02:18:58+00:00
2023-09-07,2023-09-07T12:15:35+00:00,2023-09-08T00:55:38+00:00,2023-09-07T18:35:36+00:00,45603,2023-09-07T11:52:12+00:00,2023-09-08T01:19:01+00:00,2023-09-07T11:23:14+00:00,2023-09-08T01:47:59+00:00,2023-09-07T10:53:41+00:00,2023-09-08T02:17:31+00:00
2023-09-08,2023-09-08T12:16:11+00:00,2023-09-09T00:54:20+00:00,2023-09-08T18:35:16+00:00,45489,2023-09-08T11:52:50+00:00,2023-09-09T01:17:41+00:00,2023-09-08T11:23:55+00:00,2023-09-09T01:46:36+00:00,2023-09-08T10:54:27+00:00,2023-09-09T02:16:04+00:00
2023-09-09,2023-09-09T12:16:47+00:00,2023-09-10T00:53:03+00:00,2023-09-09T18:34:55+00:00,45376,2023-09-09T11:53:28+00:00,2023-09-10T01:16:22+00:00,2023-09-09T11:24:36+00:00,2023-09-10T01:45:14+00:00,2023-09-09T10:55:12+00:00,2023-09-10T02:14:38+00:00
2023-09-10,2023-09-10T12:17:23+00:00,2023-09-11T00:51:45+00:00,2023-09-10T18:34:34+00:00,45262,2023-09-10T11:54:05+00:00,2023-09-11T01:15:02+00:00,2023-09-10T11:25:16+00:00,2023-09-11T01:43:51+00:00,2023-09-10T10:55:57+00:00,2023-09-11T02:13:11+00:00
2023-09-11,2023-09-11T12:17:59+00:00,2023-09-12T00:50:26+00:00,2023-09-11T18:34:13+00:00,45147,2023-09-11T11:54:43+00:00,2023-09-12T01:13:43+00:00,2023-09-11T11:25:57+00:00,2023-09-12T01:42:29+00:00,2023-09-11T10:56:41+00:00,2023-09-12T02:11:44+00:00
2023-09-12,2023-09-12T12:18:35+00:00,2023-09-13T00:49:08+00:00,2023-09-12T18:33:52+00:00,45033,2023-09-12T11:55:21+00:00,2023-09-13T01:12:23+00:00,2023-09-12T11:26:37+00:00,2023-09-13T01:41:06+00:00,2023-09-12T10:57:25+00:00,2023-09-13T02:10:18+00:00
2023-09-13,2023-09-13T12:19:11+00:00,2023-09-14T00:47:49+00:00,2023-09-13T18:33:30+00:00,44918,2023-09-13T11:55:58+00:00,2023-09-14T01:11:03+00:00,2023-09-13T11:27:17+00:00,2023-09-14T01:39:44+00:00,2023-09-13T10:58:09+00:00,2023-09-14T02:08:52+00:00
2023-09-14,2023-09-14T12:19:48+00:00,2023-09-15T00:46:30+00:00,2023-09-14T18:33:09+00:00,44802,2023-09-14T11:56:35+00:00,2023-09-15T01:09:43+00:00,2023-09-14T11:27:57+00:00,2023-09-15T01:38:21+00:00,2023-09-14T10:58:52+00:00,2023-09-15T02:07:26+00:00
2023-09-15,2023-09-15T12:20:24+00:00,2023-09-16T00:45:11+00:00,2023-09-15T18:32:48+00:00,44687,2023-09-15T11:57:13+00:00,2023-09-16T01:08:22+00:00,2023-09-15T11:28:36+00:00,2023-09-16T01:36:59+00:00,2023-09-15T10:59:36+00:00,2023-09-16T02:06:00+00:00
2023-09-16,2023-09-16T12:21:00+00:00,2023-09-17T00:43:52+00:00,2023-09-16T18:32:26+00:00,44572,2023-09-16T11:57:50+00:00,2023-09-17T01:07:02+00:00,2023-09-16T11:29:16+00:00,2023-09-17T01:35:37+00:00,2023-09-16T11:00:18+00:00,2023-09-17T02:04:34+00:00
2023-09-17,2023-09-17T12:21:36+00:00,2023-09-18T00:42:33+00:00,2023-09-17T18:32:05+00:00,44457,2023-09-17T11:58:27+00:00,2023-09-18T01:05:42+00:00,2023-09-17T11:29:55+00:00,2023-09-18T01:34:14+00:00,2023-09-17T11:01:01+00:00,2023-09-18T02:03:08+00:00
2023-09-18,2023-09-18T12:22:12+00:00,2023-09-19T00:41:14+00:00,2023-09-18T18:31:43+00:00,44342,2023-09-18T11:59:04+00:00,2023-09-19T01:04:22+00:00,2023-09-18T11:30:34+00:00,2023-09-19T01:32:52+00:00,2023-09-18T11:01:43+00:00,2023-09-19T02:01:43+00:00
2023-09-19,2023-09-19T12:22:49+00:00,2023-09-20T00:39:55+00:00,2023-09-19T18:31:22+00:00,44226,2023-09-19T11:59:42+00:00,2023-09-20T01:03:02+00:00,2023-09-19T11:31:13+00:00,2023-09-20T01:31:31+00:00,2023-09-19T11:02:25+00:00,2023-09-20T02:00:19+00:00
2023-09-20,2023-09-20T12:23:25+00:00,2023-09-21T00:38:36+00:00,2023-09-20T18:31:00+00:00,44111,2023-09-20T12:00:19+00:00,2023-09-21T01:01:42+00:00,2023-09-20T11:31:52+00:00,2023-09-21T01:30:09+00:00,2023-09-20T11:03:07+00:00,2023-09-21T01:58:54+00:00
2023-09-21,2023-09-21T12:24:02+00:00,2023-09-22T00:37:16+00:00,2023-09-21T18:30:39+00:00,43994,2023-09-21T12:00:56+00:00,2023-09-22T01:00:22+00:00,2023-09-21T11:32:31+00:00,2023-09-22T01:28:48+00:00,2023-09-21T11:03:48+00:00,2023-09-22T01:57:30+00:00
2023-09-22,2023-09-22T12:24:39+00:00,2023-09-23T00:35:57+00:00,2023-09-22T18:30:18+00:00,43878,2023-09-22T12:01:33+00:00,2023-09-23T00:59:03+00:00,2023-09-22T11:33:10+00:00,2023-09-23T01:27:26+00:00,2023-09-22T11:04:30+00:00,2023-09-23T01:56:06+00:00
2023-09-23,2023-09-23T12:25:15+00:00,2023-09-24T00:34:38+00:00,2023-09-23T18:29:57+00:00,43763,2023-09-23T12:02:10+00:00,2023-09-24T00:57:43+00:00,2023-09-23T11:33:48+00:00,2023-09-24T01:26:06+00:00,2023-09-23T11:05:11+00:00,2023-09-24T01:54:43+00:00
2023-09-24,2023-09-24T12:25:52+00:00,2023-09-25T00:33:20+00:00,2023-09-24T18:29:36+00:00,43648,2023-09-24T12:02:48+00:00,2023-09-25T00:56:24+00:00,2023-09-24T11:34:27+00:00,2023-09-25T01:24:45+00:00,2023-09-24T11:05:52+00:00,2023-09-25T01:53:20+00:00
2023-09-25,2023-09-25T12:26:29+00:00,2023-09-26T00:32:01+00:00,2023-09-25T18:29:15+00:00,43532,2023-09-25T12:03:25+00:00,2023-09-26T00:55:05+00:00,2023-09-25T11:35:05+00:00,2023-09-26T01:23:25+00:00,2023-09-25T11:06:32+00:00,2023-09-26T01:51:58+00:00
2023-09-26,2023-09-26T12:27:07+00:00,2023-09-27T00:30:42+00:00,2023-09-26T18:28:54+00:00,43415,2023-09-26T12:04:02+00:00,2023-09-27T00:53:46+00:00,2023-09-26T11:35:44+00:00,2023-09-27T01:22:05+00:00,2023-09-26T11:07:13+00:00,2023-09-27T01:50:36+00:00
2023-09-27,2023-09-27T12:27:44+00:00,2023-09-28T00:29:24+00:00,2023-09-27T18:28:34+00:00,43300,2023-09-27T12:04:40+00:00,2023-09-28T00:52:28+00:00,2023-09-27T11:36:22+00:00,2023-09-28T01:20:46+00:00,2023-09-27T11:07:53+00:00,2023-09-28T01:49:15+00:00
2023-09-28,2023-09-28T12:28:22+00:00,2023-09-29T00:28:06+00:00,2023-09-28T18:28:14+00:00,43184,2023-09-28T12:05:18+00:00,2023-09-29T00:51:10+00:00,2023-09-28T11:37:01+00:00,2023-09-29T01:19:27+00:00,2023-09-28T11:08:33+00:00,2023-09-29T01:47:54+00:00
2023-09-29,2023-09-29T12:29:00+00:00,2023-09-30T00:26:48+00:00,2023-09-29T18:27:54+00:00,43068,2023-09-29T12:05:55+00:00,2023-09-30T00:49:52+00:00,2023-09-29T11:37:39+00:00,2023-09-30T01:18:08+00:00,2023-09-29T11:09:13+00:00,2023-09-30T01:46:34+00:00
2023-09-30,2023-09-30T12:29:38+00:00,2023-10-01T00:25:30+00:00,2023-09-30T18:27:34+00:00,42952,2023-09-30T12:06:33+00:00,2023-10-01T00:48:35+00:00,2023-09-30T11:38:17+00:00,2023-10-01T01:16:51+00:00,2023-09-30T11:09:53+00:00,2023-10-01T01:45:14+00:00
2023-10-01,2023-10-01T12:30:16+00:00,2023-10-02T00:24:13+00:00,2023-10-01T18:27:15+00:00,42837,2023-10-01T12:07:11+00:00,2023-10-02T00:47:18+00:00,2023-10-01T11:38:56+00:00,2023-10-02T01:15:33+00:00,2023-10-01T11:10:33+00:00,2023-10-02T01:43:56+00:00
2023-10-02,2023-10-02T12:30:54+00:00,2023-10-03T00:22:56+00:00,2023-10-02T18:26:55+00:00,42722,2023-10-02T12:07:49+00:00,2023-10-03T00:46:01+00:00,2023-10-02T11:39:34+00:00,2023-10-03T01:14:16+00:00,2023-10-02T11:11:13+00:00,2023-10-03T01:42:37+00:00
2023-10-03,2023-10-03T12:31:33+00:00,2023-10-04T00:21:40+00:00,2023-10-03T18:26:36+00:00,42607,2023-10-03T12:08:28+00:00,2023-10-04T00:44:45+00:00,2023-10-03T11:40:13+00:00,2023-10-04T01:13:00+00:00,2023-10-03T11:11:53+00:00,2023-10-04T01:41:20+00:00
2023-10-04,2023-10-04T12:32:12+00:00,2023-10-05T00:20:24+00:00,2023-10-04T18:26:18+00:00,42492,2023-10-04T12:09:06+00:00,2023-10-05T00:43:30+00:00,2023-10-04T11:40:52+00:00,2023-10-05T01:11:44+00:00,2023-10-04T11:12:33+00:00,2023-10-05T01:40:03+00:00
2023-10-05,2023-10-05T12:32:51+00:00,2023-10-06T00:19:08+00:00,2023-10-05T18:26:00+00:00,42377,2023-10-05T12:09:45+00:00,2023-10-06T00:42:15+00:00,2023-10-05T11:41:30+00:00,2023-10-06T01:10:29+00:00,2023-10-05T11:13:12+00:00,2023-10-06T01:38:47+00:00
2023-10-06,2023-10-06T12:33:31+00:00,2023-10-07T00:17:53+00:00,2023-10-06T18:25:42+00:00,42262,2023-10-06T12:10:24+00:00,2023-10-07T00:41:00+00:00,2023-10-06T11:42:09+00:00,2023-10-07T01:09:15+00:00,2023-10-06T11:13:52+00:00,2023-10-07T01:37:32+00:00
2023-10-07,2023-10-07T12:34:11+00:00,2023-10-08T00:16:38+00:00,2023-10-07T18:25:25+00:00,42147,2023-10-07T12:11:03+00:00,2023-10-08T00:39:46+00:00,2023-10-07T11:42:48+00:00,2023-10-08T01:08:01+00:00,2023-10-07T11:14:32+00:00,2023-10-08T01:36:18+00:00
2023-10-08,2023-10-08T12:34:51+00:00,2023-10-09T00:15:24+00:00,2023-10-08T18:25:08+00:00,42033,2023-10-08T12:11:42+00:00,2023-10-09T00:38:33+00:00,2023-10-08T11:43:27+00:00,2023-10-09T01:06:48+00:00,2023-10-08T11:15:11+00:00,2023-10-09T01:35:04+00:00
2023-10-09,2023-10-09T12:35:32+00:00,2023-10-10T00:14:10+00:00,2023-10-09T18:24:51+00:00,41918,2023-10-09T12:12:22+00:00,2023-10-10T00:37:20+00:00,2023-10-09T11:44:06+00:00,2023-10-10T01:05:36+00:00,2023-10-09T11:15:51+00:00,2023-10-10T01:33:51+00:00
2023-10-10,2023-10-10T12:36:12+00:00,2023-10-11T00:12:57+00:00,2023-10-10T18:24:35+00:00,41805,2023-10-10T12:13:02+00:00,2023-10-11T00:36:08+00:00,2023-10-10T11:44:45+00:00,2023-10-11T01:04:24+00:00,2023-10-10T11:16:30+00:00,2023-10-11T01:32:39+00:00
2023-10-11,2023-10-11T12:36:54+00:00,2023-10-12T00:11:45+00:00,2023-10-11T18:24:19+00:00,41691,2023-10-11T12:13:42+00:00,2023-10-12T00:34:57+00:00,2023-10-11T11:45:25+00:00,2023-10-12T01:03:13+00:00,2023-10-11T11:17:10+00:00,2023-10-12T01:31:28+00:00
2023-10-12,2023-10-12T12:37:35+00:00,2023-10-13T00:10:33+00:00,2023-10-12T18:24:04+00:00,41578,2023-10-12T12:14:22+00:00,2023-10-13T00:33:46+00:00,2023-10-12T11:46:05+00:00,2023-10-13T01:02:04+00:00,2023-10-12T11:17:50+00:00,2023-10-13T01:30:18+00:00
2023-10-13,2023-10-13T12:38:17+00:00,2023-10-14T00:09:22+00:00,2023-10-13T18:23:49+00:00,41465,2023-10-13T12:15:03+00:00,2023-10-14T00:32:36+00:00,2023-10-13T11:46:44+00:00,2023-10-14T01:00:55+00:00,2023-10-13T11:18:30+00:00,2023-10-14T01:29:09+00:00
2023-10-14,2023-10-14T12:38:59+00:00,2023-10-15T00:08:12+00:00,2023-10-14T18:23:35+00:00,41353,2023-10-14T12:15:43+00:00,2023-10-15T00:31:27+00:00,2023-10-14T11:47:24+00:00,2023-10-15T00:59:46+00:00,2023-10-14T11:19:10+00:00,2023-10-15T01:28:01+00:00
2023-10-15,2023-10-15T12:39:42+00:00,2023-10-16T00:07:02+00:00,2023-10-15T18:23:22+00:00,41240,2023-10-15T12:16:24+00:00,2023-10-16T00:30:19+00:00,2023-10-15T11:48:04+00:00,2023-10-16T00:58:39+00:00,2023-10-15T11:19:49+00:00,2023-10-16T01:26:54+00:00
2023-10-16,2023-10-16T12:40:25+00:00,2023-10-17T00:05:53+00:00,2023-10-16T18:23:09+00:00,41128,2023-10-16T12:17:06+00:00,2023-10-17T00:29:12+00:00,2023-10-16T11:48:45+00:00,2023-10-17T00:57:33+00:00,2023-10-16T11:20:30+00:00,2023-10-17T01:25:48+00:00
2023-10-17,2023-10-17T12:41:08+00:00,2023-10-18T00:04:45+00:00,2023-10-17T18:22:56+00:00,41017,2023-10-17T12:17:48+00:00,2023-10-18T00:28:05+00:00,2023-10-17T11:49:25+00:00,2023-10-18T00:56:27+00:00,2023-10-17T11:21:10+00:00,2023-10-18T01:24:43+00:00
2023-10-18,2023-10-18T12:41:51+00:00,2023-10-19T00:03:37+00:00,2023-10-18T18:22:44+00:00,40906,2023-10-18T12:18:30+00:00,2023-10-19T00:26:59+00:00,2023-10-18T11:50:06+00:00,2023-10-19T00:55:23+00:00,2023-10-18T11:21:50+00:00,2023-10-19T01:23:39+00:00
2023-10-19,2023-10-19T12:42:36+00:00,2023-10-20T00:02:31+00:00,2023-10-19T18:22:33+00:00,40795,2023-10-19T12:19:12+00:00,2023-10-20T00:25:55+00:00,2023-10-19T11:50:47+00:00,2023-10-20T00:54:20+00:00,2023-10-19T11:22:30+00:00,2023-10-20T01:22:36+00:00
2023-10-20,2023-10-20T12:43:20+00:00,2023-10-21T00:01:25+00:00,2023-10-20T18:22:23+00:00,40685,2023-10-20T12:19:55+00:00,2023-10-21T00:24:51+00:00,2023-10-20T11:51:28+00:00,2023-10-21T00:53:17+00:00,2023-10-20T11:23:11+00:00,2023-10-21T01:21:34+00:00
2023-10-21,2023-10-21T12:44:05+00:00,2023-10-22T00:00:21+00:00,2023-10-21T18:22:13+00:00,40576,2023-10-21T12:20:38+00:00,2023-10-22T00:23:48+00:00,2023-10-21T11:52:10+00:00,2023-10-22T00:52:16+00:00,2023-10-21T11:23:52+00:00,2023-10-22T01:20:34+00:00
2023-10-22,2023-10-22T12:44:50+00:00,2023-10-22T23:59:17+00:00,2023-10-22T18:22:03+00:00,40467,2023-10-22T12:21:21+00:00,2023-10-23T00:22:46+00:00,2023-10-22T11:52:51+00:00,2023-10-23T00:51:16+00:00,2023-10-22T11:24:33+00:00,2023-10-23T01:19:34+00:00
2023-10-23,2023-10-23T12:45:36+00:00,2023-10-23T23:58:14+00:00,2023-10-23T18:21:55+00:00,40358,2023-10-23T12:22:05+00:00,2023-10-24T00:21:45+00:00,2023-10-23T11:53:33+00:00,2023-10-24T00:50:17+00:00,2023-10-23T11:25:14+00:00,2023-10-24T01:18:36+00:00
2023-10-24,2023-10-24T12:46:22+00:00,2023-10-24T23:57:12+00:00,2023-10-24T18:21:47+00:00,40250,2023-10-24T12:22:49+00:00,2023-10-25T00:20:45+00:00,2023-10-24T11:54:15+00:00,2023-10-25T00:49:19+00:00,2023-10-24T11:25:55+00:00,2023-10-25T01:17:39+00:00
2023-10-25,2023-10-25T12:47:08+00:00,2023-10-25T23:56:12+00:00,2023-10-25T18:21:40+00:00,40144,2023-10-25T12:23:33+00:00,2023-10-26T00:19:47+00:00,2023-10-25T11:54:58+00:00,2023-10-26T00:48:22+00:00,2023-10-25T11:26:36+00:00,2023-10-26T01:16:44+00:00
2023-10-26,2023-10-26T12:47:55+00:00,2023-10-26T23:55:12+00:00,2023-10-26T18:21:33+00:00,40037,2023-10-26T12:24:17+00:00,2023-10-27T00:18:49+00:00,2023-10-26T11:55:41+00:00,2023-10-27T00:47:26+00:00,2023-10-26T11:27:18+00:00,2023-10-27T01:15:49+00:00
2023-10-27,2023-10-27T12:48:42+00:00,2023-10-27T23:54:13+00:00,2023-10-27T18:21:28+00:00,39931,2023-10-27T12:25:02+00:00,2023-10-28T00:17:53+00:00,2023-10-27T11:56:23+00:00,2023-10-28T00:46:32+00:00,2023-10-27T11:27:59+00:00,2023-10-28T01:14:56+00:00
2023-10-28,2023-10-28T12:49:30+00:00,2023-10-28T23:53:16+00:00,2023-10-28T18:21:23+00:00,39826,2023-10-28T12:25:48+00:00,2023-10-29T00:16:58+00:00,2023-10-28T11:57:07+00:00,2023-10-29T00:45:39+00:00,2023-10-28T11:28:41+00:00,2023-10-29T01:14:04+00:00
2023-10-29,2023-10-29T12:50:17+00:00,2023-10-29T23:52:19+00:00,2023-10-29T18:21:18+00:00,39722,2023-10-29T12:26:33+00:00,2023-10-30T00:16:04+00:00,2023-10-29T11:57:50+00:00,2023-10-30T00:44:47+00:00,2023-10-29T11:29:23+00:00,2023-10-30T01:13:13+00:00
2023-10-30,2023-10-30T12:51:06+00:00,2023-10-30T23:51:24+00:00,2023-10-30T18:21:15+00:00,39618,2023-10-30T12:27:19+00:00,2023-10-31T00:15:11+00:00,2023-10-30T11:58:34+00:00,2023-10-31T00:43:56+00:00,2023-10-30T11:30:06+00:00,2023-10-31T01:12:24+00:00
2023-10-31,2023-10-31T12:51:54+00:00,2023-10-31T23:50:30+00:00,2023-10-31T18:21:12+00:00,39516,2023-10-31T12:28:05+00:00,2023-11-01T00:14:19+00:00,2023-10-31T11:59:18+00:00,2023-11-01T00:43:07+00:00,2023-10-31T11:30:48+00:00,2023-11-01T01:11:36+00:00
2023-11-01,2023-11-01T12:52:43+00:00,2023-11-01T23:49:37+00:00,2023-11-01T18:21:10+00:00,39414,2023-11-01T12:28:52+00:00,2023-11-02T00:13:29+00:00,2023-11-01T12:00:02+00:00,2023-11-02T00:42:19+00:00,2023-11-01T11:31:31+00:00,2023-11-02T01:10:50+00:00
2023-11-02,2023-11-02T12:53:33+00:00,2023-11-02T23:48:46+00:00,2023-11-02T18:21:09+00:00,39313,2023-11-02T12:29:39+00:00,2023-11-03T00:12:40+00:00,2023-11-02T12:00:47+00:00,2023-11-03T00:41:32+00:00,2023-11-02T11:32:14+00:00,2023-11-03T01:10:05+00:00
2023-11-03,2023-11-03T12:54:22+00:00,2023-11-03T23:47:56+00:00,2023-11-03T18:21:09+00:00,39214,2023-11-03T12:30:26+00:00,2023-11-04T00:11:52+00:00,2023-11-03T12:01:31+00:00,2023-11-04T00:40:47+00:00,2023-11-03T11:32:57+00:00,2023-11-04T01:09:21+00:00
2023-11-04,2023-11-04T12:55:12+00:00,2023-11-04T23:47:07+00:00,2023-11-04T18:21:10+00:00,39115,2023-11-04T12:31:13+00:00,2023-11-05T00:11:06+00:00,2023-11-04T12:02:16+00:00,2023-11-05T00:40:03+00:00,2023-11-04T11:33:40+00:00,2023-11-05T01:08:39+00:00
2023-11-05,2023-11-05T12:56:03+00:00,2023-11-05T23:46:19+00:00,2023-11-05T18:21:11+00:00,39016,2023-11-05T12:32:01+00:00,2023-11-06T00:10:21+00:00,2023-11-05T12:03:01+00:00,2023-11-06T00:39:20+00:00,2023-11-05T11:34:23+00:00,2023-11-06T01:07:59+00:00
2023-11-06,2023-11-06T12:56:53+00:00,2023-11-06T23:45:33+00:00,2023-11-06T18:21:13+00:00,38920,2023-11-06T12:32:49+00:00,2023-11-07T00:09:37+00:00,2023-11-06T12:03:47+00:00,2023-11-07T00:38:39+00:00,2023-11-06T11:35:07+00:00,2023-11-07T01:07:19+00:00
2023-11-07,2023-11-07T12:57:44+00:00,2023-11-07T23:44:48+00:00,2023-11-07T18:21:16+00:00,38824,2023-11-07T12:33:37+00:00,2023-11-08T00:08:55+00:00,2023-11-07T12:04:33+00:00,2023-11-08T00:38:00+00:00,2023-11-07T11:35:51+00:00,2023-11-08T01:06:42+00:00
2023-11-08,2023-11-08T12:58:35+00:00,2023-11-08T23:44:05+00:00,2023-11-08T18:21:20+00:00,38730,2023-11-08T12:34:26+00:00,2023-11-09T00:08:15+00:00,2023-11-08T12:05:18+00:00,2023-11-09T00:37:22+00:00,2023-11-08T11:36:35+00:00,2023-11-09T01:06:05+00:00
2023-11-09,2023-11-09T12:59:27+00:00,2023-11-09T23:43:23+00:00,2023-11-09T18:21:25+00:00,38636,2023-11-09T12:35:14+00:00,2023-11-10T00:07:35+00:00,2023-11-09T12:06:04+00:00,2023-11-10T00:36:45+00:00,2023-11-09T11:37:19+00:00,2023-11-10T01:05:31+00:00
2023-11-10,2023-11-10T13:00:18+00:00,2023-11-10T23:42:42+00:00,2023-11-10T18:21:30+00:00,38544,2023-11-10T12:36:03+00:00,2023-11-11T00:06:58+00:00,2023-11-10T12:06:51+00:00,2023-11-11T00:36:10+00:00,2023-11-10T11:38:03+00:00,2023-11-11T01:04:58+00:00
2023-11-11,2023-11-11T13:01:10+00:00,2023-11-11T23:42:03+00:00,2023-11-11T18:21:37+00:00,38453,2023-11-11T12:36:52+00:00,2023-11-12T00:06:21+00:00,2023-11-11T12:07:37+00:00,2023-11-12T00:35:36+00:00,2023-11-11T11:38:47+00:00,2023-11-12T01:04:26+00:00
2023-11-12,2023-11-12T13:02:02+00:00,2023-11-12T23:41:26+00:00,2023-11-12T18:21:44+00:00,38364,2023-11-12T12:37:41+00:00,2023-11-13T00:05:47+00:00,2023-11-12T12:08:24+00:00,2023-11-13T00:35:04+00:00,2023-11-12T11:39:32+00:00,2023-11-13T01:03:56+00:00
2023-11-13,2023-11-13T13:02:54+00:00,2023-11-13T23:40:50+00:00,2023-11-13T18:21:52+00:00,38276,2023-11-13T12:38:31+00:00,2023-11-14T00:05:14+00:00,2023-11-13T12:09:10+00:00,2023-11-14T00:34:34+00:00,2023-11-13T11:40:17+00:00,2023-11-14T01:03:28+00:00
2023-11-14,2023-11-14T13:03:47+00:00,2023-11-14T23:40:16+00:00,2023-11-14T18:22:01+00:00,38189,2023-11-14T12:39:20+00:00,2023-11-15T00:04:42+00:00,2023-11-14T12:09:57+00:00,2023-11-15T00:34:05+00:00,2023-11-14T11:41:01+00:00,2023-11-15T01:03:01+00:00
2023-11-15,2023-11-15T13:04:39+00:00,2023-11-15T23:39:43+00:00,2023-11-15T18:22:11+00:00,38104,2023-11-15T12:40:10+00:00,2023-11-16T00:04:12+00:00,2023-11-15T12:10:44+00:00,2023-11-16T00:33:38+00:00,2023-11-15T11:41:46+00:00,2023-11-16T01:02:36+00:00
2023-11-16,2023-11-16T13:05:31+00:00,2023-11-16T23:39:12+00:00,2023-11-16T18:22:22+00:00,38021,2023-11-16T12:41:00+00:00,2023-11-17T00:03:44+00:00,2023-11-16T12:11:31+00:00,2023-11-17T00:33:12+00:00,2023-11-16T11:42:31+00:00,2023-11-17T01:02:12+00:00
2023-11-17,2023-11-17T13:06:24+00:00,2023-11-17T23:38:42+00:00,2023-11-17T18:22:33+00:00,37938,2023-11-17T12:41:49+00:00,2023-11-18T00:03:17+00:00,2023-11-17T12:12:18+00:00,2023-11-18T00:32:48+00:00,2023-11-17T11:43:16+00:00,2023-11-18T01:01:50+00:00
2023-11-18,2023-11-18T13:07:16+00:00,2023-11-18T23:38:14+00:00,2023-11-18T18:22:45+00:00,37858,2023-11-18T12:42:39+00:00,2023-11-19T00:02:52+00:00,2023-11-18T12:13:05+00:00,2023-11-19T00:32:25+00:00,2023-11-18T11:44:01+00:00,2023-11-19T01:01:29+00:00
2023-11-19,2023-11-19T13:08:09+00:00,2023-11-19T23:37:48+00:00,2023-11-19T18:22:59+00:00,37779,2023-11-19T12:43:29+00:00,2023-11-20T00:02:28+00:00,2023-11-19T12:13:53+00:00,2023-11-20T00:32:05+00:00,2023-11-19T11:44:46+00:00,2023-11-20T01:01:11+00:00
2023-11-20,2023-11-20T13:09:01+00:00,2023-11-20T23:37:24+00:00,2023-11-20T18:23:13+00:00,37703,2023-11-20T12:44:19+00:00,2023-11-21T00:02:06+00:00,2023-11-20T12:14:40+00:00,2023-11-21T00:31:45+00:00,2023-11-20T11:45:32+00:00,2023-11-21T01:00:54+00:00
2023-11-21,2023-11-21T13:09:54+00:00,2023-11-21T23:37:01+00:00,2023-11-21T18:23:27+00:00,37627,2023-11-21T12:45:09+00:00,2023-11-22T00:01:46+00:00,2023-11-21T12:15:27+00:00,2023-11-22T00:31:28+00:00,2023-11-21T11:46:17+00:00,2023-11-22T01:00:38+00:00
2023-11-22,2023-11-22T13:10:46+00:00,2023-11-22T23:36:40+00:00,2023-11-22T18:23:43+00:00,37554,2023-11-22T12:45:58+00:00,2023-11-23T00:01:28+00:00,2023-11-22T12:16:14+00:00,2023-11-23T00:31:12+00:00,2023-11-22T11:47:02+00:00,2023-11-23T01:00:24+00:00
2023-11-23,2023-11-23T13:11:38+00:00,2023-11-23T23:36:20+00:00,2023-11-23T18:23:59+00:00,37482,2023-11-23T12:46:48+00:00,2023-11-24T00:01:11+00:00,2023-11-23T12:17:01+00:00,2023-11-24T00:30:58+00:00,2023-11-23T11:47:47+00:00,2023-11-24T01:00:12+00:00
2023-11-24,2023-11-24T13:12:30+00:00,2023-11-24T23:36:03+00:00,2023-11-24T18:24:16+00:00,37413,2023-11-24T12:47:37+00:00,2023-11-25T00:00:56+00:00,2023-11-24T12:17:48+00:00,2023-11-25T00:30:45+00:00,2023-11-24T11:48:32+00:00,2023-11-25T01:00:01+00:00
2023-11-25,2023-11-25T13:13:22+00:00,2023-11-25T23:35:47+00:00,2023-11-25T18:24:34+00:00,37345,2023-11-25T12:48:26+00:00,2023-11-26T00:00:42+00:00,2023-11-25T12:18:35+00:00,2023-11-26T00:30:34+00:00,2023-11-25T11:49:16+00:00,2023-11-26T00:59:52+00:00
2023-11-26,2023-11-26T13:14:13+00:00,2023-11-26T23:35:33+00:00,2023-11-26T18:24:53+00:00,37280,2023-11-26T12:49:16+00:00,2023-11-27T00:00:30+00:00,2023-11-26T12:19:21+00:00,2023-11-27T00:30:25+00:00,2023-11-26T11:50:01+00:00,2023-11-27T00:59:45+00:00
2023-11-27,2023-11-27T13:15:04+00:00,2023-11-27T23:35:20+00:00,2023-11-27T18:25:12+00:00,37216,2023-11-27T12:50:04+00:00,2023-11-28T00:00:21+00:00,2023-11-27T12:20:08+00:00,2023-11-28T00:30:17+00:00,2023-11-27T11:50:45+00:00,2023-11-28T00:59:39+00:00
2023-11-28,2023-11-28T13:15:55+00:00,2023-11-28T23:35:10+00:00,2023-11-28T18:25:33+00:00,37155,2023-11-28T12:50:53+00:00,2023-11-29T00:00:12+00:00,2023-11-28T12:20:54+00:00,2023-11-29T00:30:11+00:00,2023-11-28T11:51:30+00:00,2023-11-29T00:59:35+00:00
2023-11-29,2023-11-29T13:16:46+00:00,2023-11-29T23:35:01+00:00,2023-11-29T18:25:53+00:00,37095,2023-11-29T12:51:41+00:00,2023-11-30T00:00:06+00:00,2023-11-29T12:21:40+00:00,2023-11-30T00:30:07+00:00,2023-11-29T11:52:14+00:00,2023-11-30T00:59:33+00:00
2023-11-30,2023-11-30T13:17:36+00:00,2023-11-30T23:34:54+00:00,2023-11-30T18:26:15+00:00,37038,2023-11-30T12:52:29+00:00,2023-12-01T00:00:01+00:00,2023-11-30T12:22:25+00:00,2023-12-01T00:30:04+00:00,2023-11-30T11:52:58+00:00,2023-12-01T00:59:32+00:00
2023-12-01,2023-12-01T13:18:25+00:00,2023-12-01T23:34:49+00:00,2023-12-01T18:26:37+00:00,36984,2023-12-01T12:53:16+00:00,2023-12-01T23:59:58+00:00,2023-12-01T12:23:10+00:00,2023-12-02T00:30:04+00:00,2023-12-01T11:53:41+00:00,2023-12-02T00:59:33+00:00
2023-12-02,2023-12-02T13:19:14+00:00,2023-12-02T23:34:45+00:00,2023-12-02T18:27:00+00:00,36931,2023-12-02T12:54:03+00:00,2023-12-02T23:59:56+00:00,2023-12-02T12:23:55+00:00,2023-12-03T00:30:04+00:00,2023-12-02T11:54:25+00:00,2023-12-03T00:59:35+00:00
2023-12-03,2023-12-03T13:20:03+00:00,2023-12-03T23:34:44+00:00,2023-12-03T18:27:23+00:00,36881,2023-12-03T12:54:50+00:00,2023-12-03T23:59:57+00:00,2023-12-03T12:24:40+00:00,2023-12-04T00:30:07+00:00,2023-12-03T11:55:08+00:00,2023-12-04T00:59:39+00:00
2023-12-04,2023-12-04T13:20:51+00:00,2023-12-04T23:34:44+00:00,2023-12-04T18:27:47+00:00,36833,2023-12-04T12:55:36+00:00,2023-12-04T23:59:59+00:00,2023-12-04T12:25:24+00:00,2023-12-05T00:30:11+00:00,2023-12-04T11:55:50+00:00,2023-12-05T00:59:44+00:00
2023-12-05,2023-12-05T13:21:38+00:00,2023-12-05T23:34:46+00:00,2023-12-05T18:28:12+00:00,36788,2023-12-05T12:56:21+00:00,2023-12-06T00:00:03+00:00,2023-12-05T12:26:08+00:00,2023-12-06T00:30:16+00:00,2023-12-05T11:56:32+00:00,2023-12-06T00:59:51+00:00
2023-12-06,2023-12-06T13:22:24+00:00,2023-12-06T23:34:49+00:00,2023-12-06T18:28:37+00:00,36745,2023-12-06T12:57:06+00:00,2023-12-07T00:00:08+00:00,2023-12-06T12:26:51+00:00,2023-12-07T00:30:23+00:00,2023-12-06T11:57:14+00:00,2023-12-07T01:00:00+00:00
2023-12-07,2023-12-07T13:23:10+00:00,2023-12-07T23:34:55+00:00,2023-12-07T18:29:03+00:00,36705,2023-12-07T12:57:50+00:00,2023-12-08T00:00:15+00:00,2023-12-07T12:27:33+00:00,2023-12-08T00:30:32+00:00,2023-12-07T11:57:55+00:00,2023-12-08T01:00:10+00:00
2023-12-08,2023-12-08T13:23:55+00:00,2023-12-08T23:35:02+00:00,2023-12-08T18:29:29+00:00,36667,2023-12-08T12:58:34+00:00,2023-12-09T00:00:24+00:00,2023-12-08T12:28:15+00:00,2023-12-09T00:30:42+00:00,2023-12-08T11:58:36+00:00,2023-12-09T01:00:22+00:00
2023-12-09,2023-12-09T13:24:40+00:00,2023-12-09T23:35:11+00:00,2023-12-09T18:29:55+00:00,36631,2023-12-09T12:59:16+00:00,2023-12-10T00:00:34+00:00,2023-12-09T12:28:57+00:00,2023-12-10T00:30:54+00:00,2023-12-09T11:59:16+00:00,2023-12-10T01:00:35+00:00
2023-12-10,2023-12-10T13:25:23+00:00,2023-12-10T23:35:22+00:00,2023-12-10T18:30:22+00:00,36599,2023-12-10T12:59:58+00:00,2023-12-11T00:00:47+00:00,2023-12-10T12:29:37+00:00,2023-12-11T00:31:08+00:00,2023-12-10T11:59:56+00:00,2023-12-11T01:00:49+00:00
2023-12-11,2023-12-11T13:26:05+00:00,2023-12-11T23:35:34+00:00,2023-12-11T18:30:50+00:00,36569,2023-12-11T13:00:40+00:00,2023-12-12T00:01:00+00:00,2023-12-11T12:30:17+00:00,2023-12-12T00:31:23+00:00,2023-12-11T12:00:34+00:00,2023-12-12T01:01:05+00:00
2023-12-12,2023-12-12T13:26:47+00:00,2023-12-12T23:35:49+00:00,2023-12-12T18:31:18+00:00,36542,2023-12-12T13:01:20+00:00,2023-12-13T00:01:16+00:00,2023-12-12T12:30:56+00:00,2023-12-13T00:31:39+00:00,2023-12-12T12:01:13+00:00,2023-12-13T01:01:23+00:00
2023-12-13,2023-12-13T13:27:27+00:00,2023-12-13T23:36:05+00:00,2023-12-13T18:31:46+00:00,36518,2023-12-13T13:01:59+00:00,2023-12-14T00:01:32+00:00,2023-12-13T12:31:35+00:00,2023-12-14T00:31:57+00:00,2023-12-13T12:01:50+00:00,2023-12-14T01:01:41+00:00
2023-12-14,2023-12-14T13:28:07+00:00,2023-12-14T23:36:22+00:00,2023-12-14T18:32:14+00:00,36495,2023-12-14T13:02:38+00:00,2023-12-15T00:01:51+00:00,2023-12-14T12:32:12+00:00,2023-12-15T00:32:16+00:00,2023-12-14T12:02:27+00:00,2023-12-15T01:02:02+00:00
2023-12-15,2023-12-15T13:28:45+00:00,2023-12-15T23:36:41+00:00,2023-12-15T18:32:43+00:00,36476,2023-12-15T13:03:15+00:00,2023-12-16T00:02:11+00:00,2023-12-15T12:32:49+00:00,2023-12-16T00:32:37+00:00,2023-12-15T12:03:03+00:00,2023-12-16T01:02:23+00:00
2023-12-16,2023-12-16T13:29:22+00:00,2023-12-16T23:37:02+00:00,2023-12-16T18:33:12+00:00,36460,2023-12-16T13:03:52+00:00,2023-12-17T00:02:32+00:00,2023-12-16T12:33:25+00:00,2023-12-17T00:32:59+00:00,2023-12-16T12:03:39+00:00,2023-12-17T01:02:46+00:00
2023-12-17,2023-12-17T13:29:58+00:00,2023-12-17T23:37:25+00:00,2023-12-17T18:33:41+00:00,36447,2023-12-17T13:04:27+00:00,2023-12-18T00:02:55+00:00,2023-12-17T12:34:00+00:00,2023-12-18T00:33:23+00:00,2023-12-17T12:04:13+00:00,2023-12-18T01:03:10+00:00
2023-12-18,2023-12-18T13:30:33+00:00,2023-12-18T23:37:49+00:00,2023-12-18T18:34:11+00:00,36436,2023-12-18T13:05:02+00:00,2023-12-19T00:03:20+00:00,2023-12-18T12:34:34+00:00,2023-12-19T00:33:48+00:00,2023-12-18T12:04:47+00:00,2023-12-19T01:03:35+00:00
2023-12-19,2023-12-19T13:31:07+00:00,2023-12-19T23:38:14+00:00,2023-12-19T18:34:40+00:00,36427,2023-12-19T13:05:35+00:00,2023-12-20T00:03:46+00:00,2023-12-19T12:35:07+00:00,2023-12-20T00:34:14+00:00,2023-12-19T12:05:19+00:00,2023-12-20T01:04:02+00:00
2023-12-20,2023-12-20T13:31:39+00:00,2023-12-20T23:38:41+00:00,2023-12-20T18:35:10+00:00,36422,2023-12-20T13:06:07+00:00,2023-12-21T00:04:13+00:00,2023-12-20T12:35:39+00:00,2023-12-21T00:34:42+00:00,2023-12-20T12:05:51+00:00,2023-12-21T01:04:29+00:00
2023-12-21,2023-12-21T13:32:10+00:00,2023-12-21T23:39:10+00:00,2023-12-21T18:35:40+00:00,36420,2023-12-21T13:06:38+00:00,2023-12-22T00:04:42+00:00,2023-12-21T12:36:09+00:00,2023-12-22T00:35:11+00:00,2023-12-21T12:06:22+00:00,2023-12-22T01:04:58+00:00
2023-12-22,2023-12-22T13:32:40+00:00,2023-12-22T23:39:40+00:00,2023-12-22T18:36:10+00:00,36420,2023-12-22T13:07:08+00:00,2023-12-23T00:05:12+00:00,2023-12-22T12:36:39+00:00,2023-12-23T00:35:41+00:00,2023-12-22T12:06:51+00:00,2023-12-23T01:05:28+00:00
2023-12-23,2023-12-23T13:33:08+00:00,2023-12-23T23:40:11+00:00,2023-12-23T18:36:40+00:00,36423,2023-12-23T13:07:36+00:00,2023-12-24T00:05:43+00:00,2023-12-23T12:37:08+00:00,2023-12-24T00:36:12+00:00,2023-12-23T12:07:20+00:00,2023-12-24T01:05:59+00:00
2023-12-24,2023-12-24T13:33:35+00:00,2023-12-24T23:40:44+00:00,2023-12-24T18:37:09+00:00,36429,2023-12-24T13:08:03+00:00,2023-12-25T00:06:16+00:00,2023-12-24T12:37:35+00:00,2023-12-25T00:36:44+00:00,2023-12-24T12:07:48+00:00,2023-12-25T01:06:31+00:00
2023-12-25,2023-12-25T13:34:00+00:00,2023-12-25T23:41:18+00:00,2023-12-25T18:37:39+00:00,36438,2023-12-25T13:08:29+00:00,2023-12-26T00:06:49+00:00,2023-12-25T12:38:01+00:00,2023-12-26T00:37:17+00:00,2023-12-25T12:08:14+00:00,2023-12-26T01:07:05+00:00
2023-12-26,2023-12-26T13:34:24+00:00,2023-12-26T23:41:54+00:00,2023-12-26T18:38:09+00:00,36450,2023-12-26T13:08:53+00:00,2023-12-27T00:07:25+00:00,2023-12-26T12:38:26+00:00,2023-12-27T00:37:52+00:00,2023-12-26T12:08:39+00:00,2023-12-27T01:07:39+00:00
2023-12-27,2023-12-27T13:34:46+00:00,2023-12-27T23:42:31+00:00,2023-12-27T18:38:38+00:00,36465,2023-12-27T13:09:16+00:00,2023-12-28T00:08:01+00:00,2023-12-27T12:38:49+00:00,2023-12-28T00:38:28+00:00,2023-12-27T12:09:03+00:00,2023-12-28T01:08:14+00:00
2023-12-28,2023-12-28T13:35:07+00:00,2023-12-28T23:43:09+00:00,2023-12-28T18:39:08+00:00,36482,2023-12-28T13:09:38+00:00,2023-12-29T00:08:38+00:00,2023-12-28T12:39:12+00:00,2023-12-29T00:39:04+00:00,2023-12-28T12:09:26+00:00,2023-12-29T01:08:50+00:00
2023-12-29,2023-12-29T13:35:26+00:00,2023-12-29T23:43:48+00:00,2023-12-29T18:39:37+00:00,36502,2023-12-29T13:09:58+00:00,2023-12-30T00:09:16+00:00,2023-12-29T12:39:33+00:00,2023-12-30T00:39:42+00:00,2023-12-29T12:09:48+00:00,2023-12-30T01:09:27+00:00
2023-12-30,2023-12-30T13:35:44+00:00,2023-12-30T23:44:28+00:00,2023-12-30T18:40:06+00:00,36524,2023-12-30T13:10:16+00:00,2023-12-31T00:09:56+00:00,2023-12-30T12:39:52+00:00,2023-12-31T00:40:20+00:00,2023-12-30T12:10:08+00:00,2023-12-31T01:10:04+00:00
2023-12-31,2023-12-31T13:36:00+00:00,2023-12-31T23:45:10+00:00,2023-12-31T18:40:35+00:00,36550,2023-12-31T13:10:33+00:00,2024-01-01T00:10:36+00:00,2023-12-31T12:40:10+00:00,2024-01-01T00:40:59+00:00,2023-12-31T12:10:27+00:00,2024-01-01T01:10:43+00:00
2024-01-01,2024-01-01T13:36:14+00:00,2024-01-01T23:45:52+00:00,2024-01-01T18:41:03+00:00,36578,2024-01-01T13:10:49+00:00,2024-01-02T00:11:17+00:00,2024-01-01T12:40:27+00:00,2024-01-02T00:41:40+00:00,2024-01-01T12:10:45+00:00,2024-01-02T01:11:22+00:00
2024-01-02,2024-01-02T13:36:27+00:00,2024-01-02T23:46:36+00:00,2024-01-02T18:41:31+00:00,36609,2024-01-02T13:11:03+00:00,2024-01-03T00:12:00+00:00,2024-01-02T12:40:42+00:00,2024-01-03T00:42:21+00:00,2024-01-02T12:11:01+00:00,2024-01-03T01:12:02+00:00
2024-01-03,2024-01-03T13:36:38+00:00,2024-01-03T23:47:20+00:00,2024-01-03T18:41:59+00:00,36642,2024-01-03T13:11:15+00:00,2024-01-04T00:12:43+00:00,2024-01-03T12:40:56+00:00,2024-01-04T00:43:02+00:00,2024-01-03T12:11:16+00:00,2024-01-04T01:12:43+00:00
2024-01-04,2024-01-04T13:36:47+00:00,2024-01-04T23:48:06+00:00,2024-01-04T18:42:27+00:00,36679,2024-01-04T13:11:26+00:00,2024-01-05T00:13:27+00:00,2024-01-04T12:41:08+00:00,2024-01-05T00:43:45+00:00,2024-01-04T12:11:29+00:00,2024-01-05T01:13:24+00:00
2024-01-05,2024-01-05T13:36:55+00:00,2024-01-05T23:48:52+00:00,2024-01-05T18:42:54+00:00,36717,2024-01-05T13:11:35+00:00,2024-01-06T00:14:12+00:00,2024-01-05T12:41:19+00:00,2024-01-06T00:44:28+00:00,2024-01-05T12:11:41+00:00,2024-01-06T01:14:06+00:00
2024-01-06,2024-01-06T13:37:01+00:00,2024-01-06T23:49:39+00:00,2024-01-06T18:43:20+00:00,36758,2024-01-06T13:11:43+00:00,2024-01-07T00:14:57+00:00,2024-01-06T12:41:28+00:00,2024-01-07T00:45:12+00:00,2024-01-06T12:11:52+00:00,2024-01-07T01:14:48+00:00
2024-01-07,2024-01-07T13:37:05+00:00,2024-01-07T23:50:27+00:00,2024-01-07T18:43:46+00:00,36802,2024-01-07T13:11:49+00:00,2024-01-08T00:15:43+00:00,2024-01-07T12:41:36+00:00,2024-01-08T00:45:56+00:00,2024-01-07T12:12:01+00:00,2024-01-08T01:15:31+00:00
2024-01-08,2024-01-08T13:37:08+00:00,2024-01-08T23:51:16+00:00,2024-01-08T18:44:12+00:00,36848,2024-01-08T13:11:53+00:00,2024-01-09T00:16:30+00:00,2024-01-08T12:41:42+00:00,2024-01-09T00:46:41+00:00,2024-01-08T12:12:09+00:00,2024-01-09T01:16:15+00:00
2024-01-09,2024-01-09T13:37:08+00:00,2024-01-09T23:52:06+00:00,2024-01-09T18:44:37+00:00,36898,2024-01-09T13:11:56+00:00,2024-01-10T00:17:18+00:00,2024-01-09T12:41:47+00:00,2024-01-10T00:47:27+00:00,2024-01-09T12:12:15+00:00,2024-01-10T01:16:59+00:00
2024-01-10,2024-01-10T13:37:07+00:00,2024-01-10T23:52:56+00:00,2024-01-10T18:45:01+00:00,36949,2024-01-10T13:11:57+00:00,2024-01-11T00:18:06+00:00,2024-01-10T12:41:50+00:00,2024-01-11T00:48:13+00:00,2024-01-10T12:12:20+00:00,2024-01-11T01:17:43+00:00
2024-01-11,2024-01-11T13:37:04+00:00,2024-01-11T23:53:46+00:00,2024-01-11T18:45:25+00:00,37002,2024-01-11T13:11:56+00:00,2024-01-12T00:18:55+00:00,2024-01-11T12:41:51+00:00,2024-01-12T00:49:00+00:00,2024-01-11T12:12:23+00:00,2024-01-12T01:18:28+00:00
2024-01-12,2024-01-12T13:37:00+00:00,2024-01-12T23:54:38+00:00,2024-01-12T18:45:49+00:00,37058,2024-01-12T13:11:54+00:00,2024-01-13T00:19:44+00:00,2024-01-12T12:41:51+00:00,2024-01-13T00:49:47+00:00,2024-01-12T12:12:24+00:00,2024-01-13T01:19:13+00:00
2024-01-13,2024-01-13T13:36:54+00:00,2024-01-13T23:55:30+00:00,2024-01-13T18:46:12+00:00,37116,2024-01-13T13:11:50+00:00,2024-01-14T00:20:33+00:00,2024-01-13T12:41:49+00:00,2024-01-14T00:50:34+00:00,2024-01-13T12:12:24+00:00,2024-01-14T01:19:59+00:00
2024-01-14,2024-01-14T13:36:46+00:00,2024-01-14T23:56:22+00:00,2024-01-14T18:46:34+00:00,37176,2024-01-14T13:11:44+00:00,2024-01-15T00:21:23+00:00,2024-01-14T12:41:46+00:00,2024-01-15T00:51:22+00:00,2024-01-14T12:12:23+00:00,2024-01-15T01:20:45+00:00
2024-01-15,2024-01-15T13:36:36+00:00,2024-01-15T23:57:15+00:00,2024-01-15T18:46:55+00:00,37239,2024-01-15T13:11:37+00:00,2024-01-16T00:22:14+00:00,2024-01-15T12:41:41+00:00,2024-01-16T00:52:10+00:00,2024-01-15T12:12:19+00:00,2024-01-16T01:21:31+00:00
2024-01-16,2024-01-16T13:36:24+00:00,2024-01-16T23:58:08+00:00,2024-01-16T18:47:16+00:00,37304,2024-01-16T13:11:28+00:00,2024-01-17T00:23:04+00:00,2024-01-16T12:41:34+00:00,2024-01-17T00:52:58+00:00,2024-01-16T12:12:15+00:00,2024-01-17T01:22:17+00:00
2024-01-17,2024-01-17T13:36:11+00:00,2024-01-17T23:59:01+00:00,2024-01-17T18:47:36+00:00,37370,2024-01-17T13:11:17+00:00,2024-01-18T00:23:56+00:00,2024-01-17T12:41:26+00:00,2024-01-18T00:53:47+00:00,2024-01-17T12:12:08+00:00,2024-01-18T01:23:04+00:00
2024-01-18,2024-01-18T13:35:56+00:00,2024-01-18T23:59:55+00:00,2024-01-18T18:47:56+00:00,37439,2024-01-18T13:11:04+00:00,2024-01-19T00:24:47+00:00,2024-01-18T12:41:16+00:00,2024-01-19T00:54:35+00:00,2024-01-18T12:12:00+00:00,2024-01-19T01:23:51+00:00
2024-01-19,2024-01-19T13:35:39+00:00,2024-01-20T00:00:49+00:00,2024-01-19T18:48:14+00:00,37510,2024-01-19T13:10:50+00:00,2024-01-20T00:25:38+00:00,2024-01-19T12:41:04+00:00,2024-01-20T00:55:24+00:00,2024-01-19T12:11:51+00:00,2024-01-20T01:24:38+00:00
2024-01-20,2024-01-20T13:35:21+00:00,2024-01-21T00:01:44+00:00,2024-01-20T18:48:32+00:00,37583,2024-01-20T13:10:34+00:00,2024-01-21T00:26:30+00:00,2024-01-20T12:40:51+00:00,2024-01-21T00:56:14+00:00,2024-01-20T12:11:40+00:00,2024-01-21T01:25:25+00:00
2024-01-21,2024-01-21T13:35:01+00:00,2024-01-22T00:02:38+00:00,2024-01-21T18:48:49+00:00,37657,2024-01-21T13:10:17+00:00,2024-01-22T00:27:22+00:00,2024-01-21T12:40:36+00:00,2024-01-22T00:57:03+00:00,2024-01-21T12:11:27+00:00,2024-01-22T01:26:12+00:00
2024-01-22,2024-01-22T13:34:39+00:00,2024-01-23T00:03:33+00:00,2024-01-22T18:49:06+00:00,37734,2024-01-22T13:09:58+00:00,2024-01-23T00:28:14+00:00,2024-01-22T12:40:20+00:00,2024-01-23T00:57:52+00:00,2024-01-22T12:11:12+00:00,2024-01-23T01:27:00+00:00
2024-01-23,2024-01-23T13:34:15+00:00,2024-01-24T00:04:28+00:00,2024-01-23T18:49:22+00:00,37813,2024-01-23T13:09:37+00:00,2024-01-24T00:29:06+00:00,2024-01-23T12:40:02+00:00,2024-01-24T00:58:42+00:00,2024-01-23T12:10:56+00:00,2024-01-24T01:27:47+00:00
2024-01-24,2024-01-24T13:33:50+00:00,2024-01-25T00:05:23+00:00,2024-01-24T18:49:37+00:00,37893,2024-01-24T13:09:15+00:00,2024-01-25T00:29:59+00:00,2024-01-24T12:39:42+00:00,2024-01-25T00:59:31+00:00,2024-01-24T12:10:39+00:00,2024-01-25T01:28:35+00:00
2024-01-25,2024-01-25T13:33:23+00:00,2024-01-26T00:06:18+00:00,2024-01-25T18:49:51+00:00,37975,2024-01-25T13:08:51+00:00,2024-01-26T00:30:51+00:00,2024-01-25T12:39:20+00:00,2024-01-26T01:00:21+00:00,2024-01-25T12:10:19+00:00,2024-01-26T01:29:22+00:00
2024-01-26,2024-01-26T13:32:55+00:00,2024-01-27T00:07:13+00:00,2024-01-26T18:50:04+00:00,38058,2024-01-26T13:08:25+00:00,2024-01-27T00:31:43+00:00,2024-01-26T12:38:58+00:00,2024-01-27T01:01:11+00:00,2024-01-26T12:09:59+00:00,2024-01-27T01:30:10+00:00
2024-01-27,2024-01-27T13:32:25+00:00,2024-01-28T00:08:08+00:00,2024-01-27T18:50:17+00:00,38143,2024-01-27T13:07:58+00:00,2024-01-28T00:32:36+00:00,2024-01-27T12:38:33+00:00,2024-01-28T01:02:00+00:00,2024-01-27T12:09:36+00:00,2024-01-28T01:30:57+00:00
2024-01-28,2024-01-28T13:31:53+00:00,2024-01-29T00:09:03+00:00,2024-01-28T18:50:28+00:00,38230,2024-01-28T13:07:29+00:00,2024-01-29T00:33:28+00:00,2024-01-28T12:38:07+00:00,2024-01-29T01:02:50+00:00,2024-01-28T12:09:12+00:00,2024-01-29T01:31:44+00:00
2024-01-29,2024-01-29T13:31:20+00:00,2024-01-30T00:09:58+00:00,2024-01-29T18:50:39+00:00,38318,2024-01-29T13:06:58+00:00,2024-01-30T00:34:20+00:00,2024-01-29T12:37:39+00:00,2024-01-30T01:03:39+00:00,2024-01-29T12:08:47+00:00,2024-01-30T01:32:32+00:00
2024-01-30,2024-01-30T13:30:46+00:00,2024-01-31T00:10:53+00:00,2024-01-30T18:50:49+00:00,38407,2024-01-30T13:06:27+00:00,2024-01-31T00:35:12+00:00,2024-01-30T12:37:10+00:00,2024-01-31T01:04:29+00:00,2024-01-30T12:08:19+00:00,2024-01-31T01:33:19+00:00
2024-01-31,2024-01-31T13:30:09+00:00,2024-02-01T00:11:48+00:00,2024-01-31T18:50:59+00:00,38499,2024-01-31T13:05:53+00:00,2024-02-01T00:36:04+00:00,2024-01-31T12:36:39+00:00,2024-02-01T01:05:18+00:00,2024-01-31T12:07:51+00:00,2024-02-01T01:34:07+00:00
2024-02-01,2024-02-01T13:29:32+00:00,2024-02-02T00:12:43+00:00,2024-02-01T18:51:07+00:00,38591,2024-02-01T13:05:18+00:00,2024-02-02T00:36:56+00:00,2024-02-01T12:36:07+00:00,2024-02-02T01:06:07+00:00,2024-02-01T12:07:20+00:00,2024-02-02T01:34:54+00:00
2024-02-02,2024-02-02T13:28:52+00:00,2024-02-03T00:13:37+00:00,2024-02-02T18:51:15+00:00,38685,2024-02-02T13:04:42+00:00,2024-02-03T00:37:48+00:00,2024-02-02T12:35:33+00:00,2024-02-03T01:06:56+00:00,2024-02-02T12:06:49+00:00,2024-02-03T01:35:41+00:00
2024-02-03,2024-02-03T13:28:12+00:00,2024-02-04T00:14:31+00:00,2024-02-03T18:51:22+00:00,38779,2024-02-03T13:04:04+00:00,2024-02-04T00:38:39+00:00,2024-02-03T12:34:58+00:00,2024-02-04T01:07:45+00:00,2024-02-03T12:06:15+00:00,2024-02-04T01:36:28+00:00
2024-02-04,2024-02-04T13:27:30+00:00,2024-02-05T00:15:26+00:00,2024-02-04T18:51:28+00:00,38876,2024-02-04T13:03:25+00:00,2024-02-05T00:39:31+00:00,2024-02-04T12:34:21+00:00,2024-02-05T01:08:34+00:00,2024-02-04T12:05:41+00:00,2024-02-05T01:37:15+00:00
2024-02-05,2024-02-05T13:26:46+00:00,2024-02-06T00:16:19+00:00,2024-02-05T18:51:33+00:00,38973,2024-02-05T13:02:44+00:00,2024-02-06T00:40:22+00:00,2024-02-05T12:33:43+00:00,2024-02-06T01:09:23+00:00,2024-02-05T12:05:04+00:00,2024-02-06T01:38:02+00:00
2024-02-06,2024-02-06T13:26:01+00:00,2024-02-07T00:17:13+00:00,2024-02-06T18:51:37+00:00,39072,2024-02-06T13:02:02+00:00,2024-02-07T00:41:13+00:00,2024-02-06T12:33:03+00:00,2024-02-07T01:10:11+00:00,2024-02-06T12:04:26+00:00,2024-02-07T01:38:48+00:00
2024-02-07,2024-02-07T13:25:15+00:00,2024-02-08T00:18:07+00:00,2024-02-07T18:51:41+00:00,39172,2024-02-07T13:01:18+00:00,2024-02-08T00:42:04+00:00,2024-02-07T12:32:22+00:00,2024-02-08T01:10:59+00:00,2024-02-07T12:03:47+00:00,2024-02-08T01:39:35+00:00
2024-02-08,2024-02-08T13:24:28+00:00,2024-02-09T00:19:00+00:00,2024-02-08T18:51:44+00:00,39272,2024-02-08T13:00:33+00:00,2024-02-09T00:42:54+00:00,2024-02-08T12:31:40+00:00,2024-02-09T01:11:47+00:00,2024-02-08T12:03:06+00:00,2024-02-09T01:40:21+00:00
2024-02-09,2024-02-09T13:23:39+00:00,2024-02-10T00:19:53+00:00,2024-02-09T18:51:46+00:00,39374,2024-02-09T12:59:47+00:00,2024-02-10T00:43:45+00:00,2024-02-09T12:30:56+00:00,2024-02-10T01:12:35+00:00,2024-02-09T12:02:24+00:00,2024-02-10T01:41:07+00:00
2024-02-10,2024-02-10T13:22:49+00:00,2024-02-11T00:20:45+00:00,2024-02-10T18:51:47+00:00,39476,2024-02-10T12:58:59+00:00,2024-02-11T00:44:35+00:00,2024-02-10T12:30:11+00:00,2024-02-11T01:13:23+00:00,2024-02-10T12:01:41+00:00,2024-02-11T01:41:53+00:00
2024-02-11,2024-02-11T13:21:58+00:00,2024-02-12T00:21:37+00:00,2024-02-11T18:51:47+00:00,39579,2024-02-11T12:58:10+00:00,2024-02-12T00:45:24+00:00,2024-02-11T12:29:24+00:00,2024-02-12T01:14:11+00:00,2024-02-11T12:00:56+00:00,2024-02-12T01:42:39+00:00
2024-02-12,2024-02-12T13:21:05+00:00,2024-02-13T00:22:29+00:00,2024-02-12T18:51:47+00:00,39684,2024-02-12T12:57:20+00:00,2024-02-13T00:46:14+00:00,2024-02-12T12:28:37+00:00,2024-02-13T01:14:58+00:00,2024-02-12T12:00:09+00:00,2024-02-13T01:43:25+00:00
2024-02-13,2024-02-13T13:20:11+00:00,2024-02-14T00:23:21+00:00,2024-02-13T18:51:46+00:00,39790,2024-02-13T12:56:29+00:00,2024-02-14T00:47:03+00:00,2024-02-13T12:27:47+00:00,2024-02-14T01:15:45+00:00,2024-02-13T11:59:21+00:00,2024-02-14T01:44:11+00:00
2024-02-14,2024-02-14T13:19:16+00:00,2024-02-15T00:24:12+00:00,2024-02-14T18:51:44+00:00,39896,2024-02-14T12:55:37+00:00,2024-02-15T00:47:52+00:00,2024-02-14T12:26:57+00:00,2024-02-15T01:16:32+00:00,2024-02-14T11:58:32+00:00,2024-02-15T01:44:56+00:00
2024-02-15,2024-02-15T13:18:21+00:00,2024-02-16T00:25:03+00:00,2024-02-15T18:51:42+00:00,40002,2024-02-15T12:54:43+00:00,2024-02-16T00:48:41+00:00,2024-02-15T12:26:05+00:00,2024-02-16T01:17:18+00:00,2024-02-15T11:57:42+00:00,2024-02-16T01:45:42+00:00
2024-02-16,2024-02-16T13:17:23+00:00,2024-02-17T00:25:54+00:00,2024-02-16T18:51:39+00:00,40111,2024-02-16T12:53:48+00:00,2024-02-17T00:49:29+00:00,2024-02-16T12:25:12+00:00,2024-02-17T01:18:05+00:00,2024-02-16T11:56:50+00:00,2024-02-17T01:46:27+00:00
2024-02-17,2024-02-17T13:16:25+00:00,2024-02-18T00:26:44+00:00,2024-02-17T18:51:35+00:00,40219,2024-02-17T12:52:52+00:00,2024-02-18T00:50:17+00:00,2024-02-17T12:24:18+00:00,2024-02-18T01:18:51+00:00,2024-02-17T11:55:57+00:00,2024-02-18T01:47:12+00:00
2024-02-18,2024-02-18T13:15:26+00:00,2024-02-19T00:27:34+00:00,2024-02-18T18:51:30+00:00,40328,2024-02-18T12:51:55+00:00,2024-02-19T00:51:05+00:00,2024-02-18T12:23:23+00:00,2024-02-19T01:19:37+00:00,2024-02-18T11:55:03+00:00,2024-02-19T01:47:57+00:00
2024-02-19,2024-02-19T13:14:26+00:00,2024-02-20T00:28:23+00:00,2024-02-19T18:51:25+00:00,40437,2024-02-19T12:50:57+00:00,2024-02-20T00:51:52+00:00,2024-02-19T12:22:27+00:00,2024-02-20T01:20:22+00:00,2024-02-19T11:54:08+00:00,2024-02-20T01:48:41+00:00
2024-02-20,2024-02-20T13:13:25+00:00,2024-02-21T00:29:12+00:00,2024-02-20T18:51:19+00:00,40547,2024-02-20T12:49:58+00:00,2024-02-21T00:52:40+00:00,2024-02-20T12:21:29+00:00,2024-02-21T01:21:08+00:00,2024-02-20T11:53:11+00:00,2024-02-21T01:49:26+00:00
2024-02-21,2024-02-21T13:12:23+00:00,2024-02-22T00:30:01+00:00,2024-02-21T18:51:12+00:00,40658,2024-02-21T12:48:57+00:00,2024-02-22T00:53:26+00:00,2024-02-21T12:20:31+00:00,2024-02-22T01:21:53+00:00,2024-02-21T11:52:13+00:00,2024-02-22T01:50:11+00:00
2024-02-22,2024-02-22T13:11:20+00:00,2024-02-23T00:30:50+00:00,2024-02-22T18:51:05+00:00,40770,2024-02-22T12:47:56+00:00,2024-02-23T00:54:13+00:00,2024-02-22T12:19:31+00:00,2024-02-23T01:22:38+00:00,2024-02-22T11:51:14+00:00,2024-02-23T01:50:55+00:00
2024-02-23,2024-02-23T13:10:16+00:00,2024-02-24T00:31:38+00:00,2024-02-23T18:50:57+00:00,40882,2024-02-23T12:46:54+00:00,2024-02-24T00:54:59+00:00,2024-02-23T12:18:30+00:00,2024-02-24T01:23:23+00:00,2024-02-23T11:50:14+00:00,2024-02-24T01:51:39+00:00
2024-02-24,2024-02-24T13:09:11+00:00,2024-02-25T00:32:25+00:00,2024-02-24T18:50:48+00:00,40994,2024-02-24T12:45:51+00:00,2024-02-25T00:55:45+00:00,2024-02-24T12:17:28+00:00,2024-02-25T01:24:08+00:00,2024-02-24T11:49:13+00:00,2024-02-25T01:52:23+00:00
2024-02-25,2024-02-25T13:08:05+00:00,2024-02-26T00:33:13+00:00,2024-02-25T18:50:39+00:00,41108,2024-02-25T12:44:47+00:00,2024-02-26T00:56:31+00:00,2024-02-25T12:16:26+00:00,2024-02-26T01:24:52+00:00,2024-02-25T11:48:10+00:00,2024-02-26T01:53:08+00:00
2024-02-26,2024-02-26T13:06:59+00:00,2024-02-27T00:34:00+00:00,2024-02-26T18:50:29+00:00,41221,2024-02-26T12:43:42+00:00,2024-02-27T00:57:16+00:00,2024-02-26T12:15:22+00:00,2024-02-27T01:25:37+00:00,2024-02-26T11:47:07+00:00,2024-02-27T01:53:52+00:00
2024-02-27,2024-02-27T13:05:52+00:00,2024-02-28T00:34:46+00:00,2024-02-27T18:50:19+00:00,41334,2024-02-27T12:42:36+00:00,2024-02-28T00:58:02+00:00,2024-02-27T12:14:17+00:00,2024-02-28T01:26:21+00:00,2024-02-27T11:46:02+00:00,2024-02-28T01:54:36+00:00
2024-02-28,2024-02-28T13:04:44+00:00,2024-02-29T00:35:32+00:00,2024-02-28T18:50:08+00:00,41448,2024-02-28T12:41:30+00:00,2024-02-29T00:58:46+00:00,2024-02-28T12:13:12+00:00,2024-02-29T01:27:05+00:00,2024-02-28T11:44:57+00:00,2024-02-29T01:55:19+00:00
2024-02-29,2024-02-29T13:03:35+00:00,2024-03-01T00:36:18+00:00,2024-02-29T18:49:57+00:00,41563,2024-02-29T12:40:23+00:00,2024-03-01T00:59:31+00:00,2024-02-29T12:12:05+00:00,2024-03-01T01:27:49+00:00,2024-02-29T11:43:50+00:00,2024-03-01T01:56:03+00:00
2024-03-01,2024-03-01T13:02:26+00:00,2024-03-02T00:37:04+00:00,2024-03-01T18:49:45+00:00,41678,2024-03-01T12:39:14+00:00,2024-03-02T01:00:15+00:00,2024-03-01T12:10:58+00:00,2024-03-02T01:28:32+00:00,2024-03-01T11:42:43+00:00,2024-03-02T01:56:47+00:00
2024-03-02,2024-03-02T13:01:16+00:00,2024-03-03T00:37:49+00:00,2024-03-02T18:49:33+00:00,41793,2024-03-02T12:38:06+00:00,2024-03-03T01:01:00+00:00,2024-03-02T12:09:50+00:00,2024-03-03T01:29:16+00:00,2024-03-02T11:41:34+00:00,2024-03-03T01:57:31+00:00
2024-03-03,2024-03-03T13:00:05+00:00,2024-03-04T00:38:34+00:00,2024-03-03T18:49:20+00:00,41909,2024-03-03T12:36:56+00:00,2024-03-04T01:01:44+00:00,2024-03-03T12:08:41+00:00,2024-03-04T01:29:59+00:00,2024-03-03T11:40:25+00:00,2024-03-04T01:58:15+00:00
2024-03-04,2024-03-04T12:58:54+00:00,2024-03-05T00:39:19+00:00,2024-03-04T18:49:07+00:00,42025,2024-03-04T12:35:46+00:00,2024-03-05T01:02:27+00:00,2024-03-04T12:07:31+00:00,2024-03-05T01:30:42+00:00,2024-03-04T11:39:15+00:00,2024-03-05T01:58:58+00:00
2024-03-05,2024-03-05T12:57:43+00:00,2024-03-06T00:40:03+00:00,2024-03-05T18:48:53+00:00,42140,2024-03-05T12:34:35+00:00,2024-03-06T01:03:11+00:00,2024-03-05T12:06:20+00:00,2024-03-06T01:31:26+00:00,2024-03-05T11:38:04+00:00,2024-03-06T01:59:42+00:00
2024-03-06,2024-03-06T12:56:30+00:00,2024-03-07T00:40:47+00:00,2024-03-06T18:48:39+00:00,42257,2024-03-06T12:33:24+00:00,2024-03-07T01:03:54+00:00,2024-03-06T12:05:09+00:00,2024-03-07T01:32:09+00:00,2024-03-06T11:36:52+00:00,2024-03-07T02:00:26+00:00
2024-03-07,2024-03-07T12:55:18+00:00,2024-03-08T00:41:31+00:00,2024-03-07T18:48:24+00:00,42373,2024-03-07T12:32:12+00:00,2024-03-08T01:04:37+00:00,2024-03-07T12:03:57+00:00,2024-03-08T01:32:52+00:00,2024-03-07T11:35:39+00:00,2024-03-08T02:01:10+00:00
2024-03-08,2024-03-08T12:54:04+00:00,2024-03-09T00:42:15+00:00,2024-03-08T18:48:09+00:00,42491,2024-03-08T12:30:59+00:00,2024-03-09T01:05:20+00:00,2024-03-08T12:02:44+00:00,2024-03-09T01:33:34+00:00,2024-03-08T11:34:26+00:00,2024-03-09T02:01:53+00:00
2024-03-09,2024-03-09T12:52:51+00:00,2024-03-10T00:42:58+00:00,2024-03-09T18:47:54+00:00,42607,2024-03-09T12:29:46+00:00,2024-03-10T01:06:03+00:00,2024-03-09T12:01:31+00:00,2024-03-10T01:34:17+00:00,2024-03-09T11:33:11+00:00,2024-03-10T02:02:37+00:00
2024-03-10,2024-03-10T12:51:37+00:00,2024-03-11T00:43:41+00:00,2024-03-10T18:47:39+00:00,42724,2024-03-10T12:28:32+00:00,2024-03-11T01:06:45+00:00,2024-03-10T12:00:17+00:00,2024-03-11T01:35:00+00:00,2024-03-10T11:31:56+00:00,2024-03-11T02:03:21+00:00
2024-03-11,2024-03-11T12:50:22+00:00,2024-03-12T00:44:23+00:00,2024-03-11T18:47:23+00:00,42841,2024-03-11T12:27:18+00:00,2024-03-12T01:07:27+00:00,2024-03-11T11:59:03+00:00,2024-03-12T01:35:43+00:00,2024-03-11T11:30:40+00:00,2024-03-12T02:04:05+00:00
2024-03-12,2024-03-12T12:49:08+00:00,2024-03-13T00:45:06+00:00,2024-03-12T18:47:07+00:00,42958,2024-03-12T12:26:04+00:00,2024-03-13T01:08:10+00:00,2024-03-12T11:57:48+00:00,2024-03-13T01:36:26+00:00,2024-03-12T11:29:24+00:00,2024-03-13T02:04:50+00:00
2024-03-13,2024-03-13T12:47:52+00:00,2024-03-14T00:45:48+00:00,2024-03-13T18:46:50+00:00,43076,2024-03-13T12:24:49+00:00,2024-03-14T01:08:52+00:00,2024-03-13T11:56:32+00:00,2024-03-14T01:37:08+00:00,2024-03-13T11:28:07+00:00,2024-03-14T02:05:34+00:00
2024-03-14,2024-03-14T12:46:37+00:00,2024-03-15T00:46:30+00:00,2024-03-14T18:46:34+00:00,43193,2024-03-14T12:23:34+00:00,2024-03-15T01:09:34+00:00,2024-03-14T11:55:16+00:00,2024-03-15T01:37:51+00:00,2024-03-14T11:26:49+00:00,2024-03-15T02:06:18+00:00
2024-03-15,2024-03-15T12:45:21+00:00,2024-03-16T00:47:12+00:00,2024-03-15T18:46:17+00:00,43311,2024-03-15T12:22:18+00:00,2024-03-16T01:10:16+00:00,2024-03-15T11:54:00+00:00,2024-03-16T01:38:34+00:00,2024-03-15T11:25:31+00:00,2024-03-16T02:07:03+00:00
2024-03-16,2024-03-16T12:44:05+00:00,2024-03-17T00:47:54+00:00,2024-03-16T18:46:00+00:00,43429,2024-03-16T12:21:02+00:00,2024-03-17T01:10:57+00:00,2024-03-16T11:52:43+00:00,2024-03-17T01:39:16+00:00,2024-03-16T11:24:12+00:00,2024-03-17T02:07:47+00:00
2024-03-17,2024-03-17T12:42:49+00:00,2024-03-18T00:48:35+00:00,2024-03-17T18:45:42+00:00,43546,2024-03-17T12:19:45+00:00,2024-03-18T01:11:39+00:00,2024-03-17T11:51:26+00:00,2024-03-18T01:39:59+00:00,2024-03-17T11:22:52+00:00,2024-03-18T02:08:32+00:00
2024-03-18,2024-03-18T12:41:33+00:00,2024-03-19T00:49:17+00:00,2024-03-18T18:45:25+00:00,43664,2024-03-18T12:18:29+00:00,2024-03-19T01:12:21+00:00,2024-03-18T11:50:08+00:00,2024-03-19T01:40:42+00:00,2024-03-18T11:21:32+00:00,2024-03-19T02:09:17+00:00
2024-03-19,2024-03-19T12:40:17+00:00,2024-03-20T00:49:58+00:00,2024-03-19T18:45:07+00:00,43781,2024-03-19T12:17:12+00:00,2024-03-20T01:13:02+00:00,2024-03-19T11:48:50+00:00,2024-03-20T01:41:25+00:00,2024-03-19T11:20:12+00:00,2024-03-20T02:10:02+00:00
2024-03-20,2024-03-20T12:39:00+00:00,2024-03-21T00:50:39+00:00,2024-03-20T18:44:49+00:00,43899,2024-03-20T12:15:55+00:00,2024-03-21T01:13:44+00:00,2024-03-20T11:47:31+00:00,2024-03-21T01:42:08+00:00,2024-03-20T11:18:51+00:00,2024-03-21T02:10:48+00:00
2024-03-21,2024-03-21T12:37:43+00:00,2024-03-22T00:51:20+00:00,2024-03-21T18:44:32+00:00,44017,2024-03-21T12:14:38+00:00,2024-03-22T01:14:25+00:00,2024-03-21T11:46:12+00:00,2024-03-22T01:42:51+00:00,2024-03-21T11:17:30+00:00,2024-03-22T02:11:34+00:00
2024-03-22,2024-03-22T12:36:27+00:00,2024-03-23T00:52:01+00:00,2024-03-22T18:44:14+00:00,44134,2024-03-22T12:13:20+00:00,2024-03-23T01:15:07+00:00,2024-03-22T11:44:53+00:00,2024-03-23T01:43:34+00:00,2024-03-22T11:16:08+00:00,2024-03-23T02:12:19+00:00
2024-03-23,2024-03-23T12:35:10+00:00,2024-03-24T00:52:41+00:00,2024-03-23T18:43:56+00:00,44251,2024-03-23T12:12:03+00:00,2024-03-24T01:15:48+00:00,2024-03-23T11:43:34+00:00,2024-03-24T01:44:17+00:00,2024-03-23T11:14:46+00:00,2024-03-24T02:13:06+00:00
2024-03-24,2024-03-24T12:33:53+00:00,2024-03-25T00:53:22+00:00,2024-03-24T18:43:37+00:00,44369,2024-03-24T12:10:45+00:00,2024-03-25T01:16:30+00:00,2024-03-24T11:42:15+00:00,2024-03-25T01:45:00+00:00,2024-03-24T11:13:23+00:00,2024-03-25T02:13:52+00:00
2024-03-25,2024-03-25T12:32:36+00:00,2024-03-26T00:54:02+00:00,2024-03-25T18:43:19+00:00,44486,2024-03-25T12:09:28+00:00,2024-03-26T01:17:11+00:00,2024-03-25T11:40:55+00:00,2024-03-26T01:45:44+00:00,2024-03-25T11:12:00+00:00,2024-03-26T02:14:39+00:00
2024-03-26,2024-03-26T12:31:20+00:00,2024-03-27T00:54:43+00:00,2024-03-26T18:43:01+00:00,44603,2024-03-26T12:08:10+00:00,2024-03-27T01:17:52+00:00,2024-03-26T11:39:35+00:00,2024-03-27T01:46:27+00:00,2024-03-26T11:10:37+00:00,2024-03-27T02:15:25+00:00
2024-03-27,2024-03-27T12:30:03+00:00,2024-03-28T00:55:23+00:00,2024-03-27T18:42:43+00:00,44720,2024-03-27T12:06:52+00:00,2024-03-28T01:18:34+00:00,2024-03-27T11:38:15+00:00,2024-03-28T01:47:11+00:00,2024-03-27T11:09:14+00:00,2024-03-28T02:16:13+00:00
2024-03-28,2024-03-28T12:28:47+00:00,2024-03-29T00:56:04+00:00,2024-03-28T18:42:25+00:00,44837,2024-03-28T12:05:35+00:00,2024-03-29T01:19:16+00:00,2024-03-28T11:36:55+00:00,2024-03-29T01:47:55+00:00,2024-03-28T11:07:50+00:00,2024-03-29T02:17:00+00:00
2024-03-29,2024-03-29T12:27:30+00:00,2024-03-30T00:56:44+00:00,2024-03-29T18:42:07+00:00,44954,2024-03-29T12:04:17+00:00,2024-03-30T01:19:57+00:00,2024-03-29T11:35:35+00:00,2024-03-30T01:48:39+00:00,2024-03-29T11:06:26+00:00,2024-03-30T02:17:48+00:00
2024-03-30,2024-03-30T12:26:14+00:00,2024-03-31T00:57:24+00:00,2024-03-30T18:41:49+00:00,45070,2024-03-30T12:02:59+00:00,2024-03-31T01:20:39+00:00,2024-03-30T11:34:15+00:00,2024-03-31T01:49:23+00:00,2024-03-30T11:05:02+00:00,2024-03-31T02:18:36+00:00
2024-03-31,2024-03-31T12:24:58+00:00,2024-04-01T00:58:04+00:00,2024-03-31T18:41:31+00:00,45186,2024-03-31T12:01:42+00:00,2024-04-01T01:21:21+00:00,2024-03-31T11:32:55+00:00,2024-04-01T01:50:08+00:00,2024-03-31T11:03:38+00:00,2024-04-01T02:19:25+00:00
2024-04-01,2024-04-01T12:23:42+00:00,2024-04-02T00:58:45+00:00,2024-04-01T18:41:13+00:00,45303,2024-04-01T12:00:25+00:00,2024-04-02T01:22:02+00:00,2024-04-01T11:31:34+00:00,2024-04-02T01:50:52+00:00,2024-04-01T11:02:14+00:00,2024-04-02T02:20:13+00:00
2024-04-02,2024-04-02T12:22:27+00:00,2024-04-03T00:59:25+00:00,2024-04-02T18:40:56+00:00,45418,2024-04-02T11:59:07+00:00,2024-04-03T01:22:44+00:00,2024-04-02T11:30:14+00:00,2024-04-03T01:51:37+00:00,2024-04-02T11:00:49+00:00,2024-04-03T02:21:03+00:00
2024-04-03,2024-04-03T12:21:11+00:00,2024-04-04T01:00:05+00:00,2024-04-03T18:40:38+00:00,45534,2024-04-03T11:57:50+00:00,2024-04-04T01:23:26+00:00,2024-04-03T11:28:54+00:00,2024-04-04T01:52:22+00:00,2024-04-03T10:59:25+00:00,2024-04-04T02:21:52+00:00
2024-04-04,2024-04-04T12:19:57+00:00,2024-04-05T01:00:46+00:00,2024-04-04T18:40:21+00:00,45649,2024-04-04T11:56:34+00:00,2024-04-05T01:24:08+00:00,2024-04-04T11:27:34+00:00,2024-04-05T01:53:08+00:00,2024-04-04T10:58:00+00:00,2024-04-05T02:22:42+00:00
2024-04-05,2024-04-05T12:18:42+00:00,2024-04-06T01:01:26+00:00,2024-04-05T18:40:04+00:00,45764,2024-04-05T11:55:17+00:00,2024-04-06T01:24:51+00:00,2024-04-05T11:26:15+00:00,2024-04-06T01:53:53+00:00,2024-04-05T10:56:36+00:00,2024-04-06T02:23:32+00:00
2024-04-06,2024-04-06T12:17:28+00:00,2024-04-07T01:02:06+00:00,2024-04-06T18:39:47+00:00,45878,2024-04-06T11:54:01+00:00,2024-04-07T01:25:33+00:00,2024-04-06T11:24:55+00:00,2024-04-07T01:54:39+00:00,2024-04-06T10:55:11+00:00,2024-04-07T02:24:23+00:00
2024-04-07,2024-04-07T12:16:14+00:00,2024-04-08T01:02:47+00:00,2024-04-07T18:39:30+00:00,45993,2024-04-07T11:52:45+00:00,2024-04-08T01:26:16+00:00,2024-04-07T11:23:35+00:00,2024-04-08T01:55:25+00:00,2024-04-07T10:53:47+00:00,2024-04-08T02:25:14+00:00
2024-04-08,2024-04-08T12:15:00+00:00,2024-04-09T01:03:27+00:00,2024-04-08T18:39:14+00:00,46107,2024-04-08T11:51:29+00:00,2024-04-09T01:26:58+00:00,2024-04-08T11:22:16+00:00,2024-04-09T01:56:11+00:00,2024-04-08T10:52:22+00:00,2024-04-09T02:26:05+00:00
2024-04-09,2024-04-09T12:13:47+00:00,2024-04-10T01:04:08+00:00,2024-04-09T18:38:58+00:00,46221,2024-04-09T11:50:14+00:00,2024-04-10T01:27:41+00:00,2024-04-09T11:20:57+00:00,2024-04-10T01:56:58+00:00,2024-04-09T10:50:58+00:00,2024-04-10T02:26:57+00:00
2024-04-10,2024-04-10T12:12:35+00:00,2024-04-11T01:04:49+00:00,2024-04-10T18:38:42+00:00,46334,2024-04-10T11:48:59+00:00,2024-04-11T01:28:24+00:00,2024-04-10T11:19:39+00:00,2024-04-11T01:57:45+00:00,2024-04-10T10:49:34+00:00,2024-04-11T02:27:49+00:00
2024-04-11,2024-04-11T12:11:23+00:00,2024-04-12T01:05:29+00:00,2024-04-11T18:38:26+00:00,46446,2024-04-11T11:47:45+00:00,2024-04-12T01:29:07+00:00,2024-04-11T11:18:20+00:00,2024-04-12T01:58:32+00:00,2024-04-11T10:48:10+00:00,2024-04-12T02:28:42+00:00
2024-04-12,2024-04-12T12:10:11+00:00,2024-04-13T01:06:10+00:00,2024-04-12T18:38:11+00:00,46559,2024-04-12T11:46:31+00:00,2024-04-13T01:29:50+00:00,2024-04-12T11:17:02+00:00,2024-04-13T01:59:19+00:00,2024-04-12T10:46:47+00:00,2024-04-13T02:29:35+00:00
2024-04-13,2024-04-13T12:09:00+00:00,2024-04-14T01:06:51+00:00,2024-04-13T18:37:56+00:00,46671,2024-04-13T11:45:18+00:00,2024-04-14T01:30:34+00:00,2024-04-13T11:15:45+00:00,2024-04-14T02:00:07+00:00,2024-04-13T10:45:23+00:00,2024-04-14T02:30:28+00:00
2024-04-14,2024-04-14T12:07:50+00:00,2024-04-15T01:07:32+00:00,2024-04-14T18:37:41+00:00,46782,2024-04-14T11:44:05+00:00,2024-04-15T01:31:17+00:00,2024-04-14T11:14:27+00:00,2024-04-15T02:00:55+00:00,2024-04-14T10:44:00+00:00,2024-04-15T02:31:22+00:00
2024-04-15,2024-04-15T12:06:40+00:00,2024-04-16T01:08:13+00:00,2024-04-15T18:37:27+00:00,46893,2024-04-15T11:42:52+00:00,2024-04-16T01:32:01+00:00,2024-04-15T11:13:11+00:00,2024-04-16T02:01:43+00:00,2024-04-15T10:42:37+00:00,2024-04-16T02:32:16+00:00
2024-04-16,2024-04-16T12:05:31+00:00,2024-04-17T01:08:54+00:00,2024-04-16T18:37:13+00:00,47003,2024-04-16T11:41:40+00:00,2024-04-17T01:32:45+00:00,2024-04-16T11:11:54+00:00,2024-04-17T02:02:31+00:00,2024-04-16T10:41:15+00:00,2024-04-17T02:33:11+00:00
2024-04-17,2024-04-17T12:04:23+00:00,2024-04-18T01:09:36+00:00,2024-04-17T18:36:59+00:00,47113,2024-04-17T11:40:29+00:00,2024-04-18T01:33:29+00:00,2024-04-17T11:10:39+00:00,2024-04-18T02:03:20+00:00,2024-04-17T10:39:53+00:00,2024-04-18T02:34:06+00:00
2024-04-18,2024-04-18T12:03:15+00:00,2024-04-19T01:10:17+00:00,2024-04-18T18:36:46+00:00,47222,2024-04-18T11:39:18+00:00,2024-04-19T01:34:14+00:00,2024-04-18T11:09:23+00:00,2024-04-19T02:04:09+00:00,2024-04-18T10:38:31+00:00,2024-04-19T02:35:01+00:00
2024-04-19,2024-04-19T12:02:08+00:00,2024-04-20T01:10:58+00:00,2024-04-19T18:36:33+00:00,47330,2024-04-19T11:38:09+00:00,2024-04-20T01:34:58+00:00,2024-04-19T11:08:09+00:00,2024-04-20T02:04:58+00:00,2024-04-19T10:37:10+00:00,2024-04-20T02:35:57+00:00
2024-04-20,2024-04-20T12:01:02+00:00,2024-04-21T01:11:40+00:00,2024-04-20T18:36:21+00:00,47438,2024-04-20T11:36:59+00:00,2024-04-21T01:35:43+00:00,2024-04-20T11:06:54+00:00,2024-04-21T02:05:47+00:00,2024-04-20T10:35:49+00:00,2024-04-21T02:36:53+00:00
2024-04-21,2024-04-21T11:59:56+00:00,2024-04-22T01:12:22+00:00,2024-04-21T18:36:09+00:00,47546,2024-04-21T11:35:51+00:00,2024-04-22T01:36:27+00:00,2024-04-21T11:05:41+00:00,2024-04-22T02:06:37+00:00,2024-04-21T10:34:29+00:00,2024-04-22T02:37:49+00:00
2024-04-22,2024-04-22T11:58:52+00:00,2024-04-23T01:13:03+00:00,2024-04-22T18:35:58+00:00,47651,2024-04-22T11:34:43+00:00,2024-04-23T01:37:12+00:00,2024-04-22T11:04:28+00:00,2024-04-23T02:07:27+00:00,2024-04-22T10:33:09+00:00,2024-04-23T02:38:46+00:00
2024-04-23,2024-04-23T11:57:48+00:00,2024-04-24T01:13:45+00:00,2024-04-23T18:35:47+00:00,47757,2024-04-23T11:33:36+00:00,2024-04-24T01:37:57+00:00,2024-04-23T11:03:16+00:00,2024-04-24T02:08:17+00:00,2024-04-23T10:31:50+00:00,2024-04-24T02:39:43+00:00
2024-04-24,2024-04-24T11:56:45+00:00,2024-04-25T01:14:27+00:00,2024-04-24T18:35:36+00:00,47862,2024-04-24T11:32:30+00:00,2024-04-25T01:38:42+00:00,2024-04-24T11:02:05+00:00,2024-04-25T02:09:07+00:00,2024-04-24T10:30:32+00:00,2024-04-25T02:40:40+00:00
2024-04-25,2024-04-25T11:55:43+00:00,2024-04-26T01:15:09+00:00,2024-04-25T18:35:26+00:00,47966,2024-04-25T11:31:24+00:00,2024-04-26T01:39:28+00:00,2024-04-25T11:00:54+00:00,2024-04-26T02:09:58+00:00,2024-04-25T10:29:14+00:00,2024-04-26T02:41:38+00:00
2024-04-26,2024-04-26T11:54:41+00:00,2024-04-27T01:15:51+00:00,2024-04-26T18:35:16+00:00,48070,2024-04-26T11:30:20+00:00,2024-04-27T01:40:13+00:00,2024-04-26T10:59:44+00:00,2024-04-27T02:10:49+00:00,2024-04-26T10:27:57+00:00,2024-04-27T02:42:36+00:00
2024-04-27,2024-04-27T11:53:41+00:00,2024-04-28T01:16:34+00:00,2024-04-27T18:35:07+00:00,48173,2024-04-27T11:29:16+00:00,2024-04-28T01:40:59+00:00,2024-04-27T10:58:35+00:00,2024-04-28T02:11:40+00:00,2024-04-27T10:26:41+00:00,2024-04-28T02:43:34+00:00
2024-04-28,2024-04-28T11:52:42+00:00,2024-04-29T01:17:16+00:00,2024-04-28T18:34:59+00:00,48274,2024-04-28T11:28:13+00:00,2024-04-29T01:41:44+00:00,2024-04-28T10:57:27+00:00,2024-04-29T02:12:31+00:00,2024-04-28T10:25:25+00:00,2024-04-29T02:44:33+00:00
2024-04-29,2024-04-29T11:51:44+00:00,2024-04-30T01:17:58+00:00,2024-04-29T18:34:51+00:00,48374,2024-04-29T11:27:12+00:00,2024-04-30T01:42:30+00:00,2024-04-29T10:56:20+00:00,2024-04-30T02:13:22+00:00,2024-04-29T10:24:10+00:00,2024-04-30T02:45:31+00:00
2024-04-30,2024-04-30T11:50:46+00:00,2024-05-01T01:18:41+00:00,2024-04-30T18:34:43+00:00,48475,2024-04-30T11:26:11+00:00,2024-05-01T01:43:16+00:00,2024-04-30T10:55:14+00:00,2024-05-01T02:14:13+00:00,2024-04-30T10:22:56+00:00,2024-05-01T02:46:30+00:00
2024-05-01,2024-05-01T11:49:50+00:00,2024-05-02T01:19:23+00:00,2024-05-01T18:34:36+00:00,48573,2024-05-01T11:25:11+00:00,2024-05-02T01:44:02+00:00,2024-05-01T10:54:08+00:00,2024-05-02T02:15:05+00:00,2024-05-01T10:21:43+00:00,2024-05-02T02:47:30+00:00
2024-05-02,2024-05-02T11:48:55+00:00,2024-05-03T01:20:05+00:00,2024-05-02T18:34:30+00:00,48670,2024-05-02T11:24:12+00:00,2024-05-03T01:44:48+00:00,2024-05-02T10:53:04+00:00,2024-05-03T02:15:56+00:00,2024-05-02T10:20:31+00:00,2024-05-03T02:48:29+00:00
2024-05-03,2024-05-03T11:48:01+00:00,2024-05-04T01:20:48+00:00,2024-05-03T18:34:24+00:00,48767,2024-05-03T11:23:14+00:00,2024-05-04T01:45:34+00:00,2024-05-03T10:52:00+00:00,2024-05-04T02:16:48+00:00,2024-05-03T10:19:20+00:00,2024-05-04T02:49:28+00:00
2024-05-04,2024-05-04T11:47:08+00:00,2024-05-05T01:21:30+00:00,2024-05-04T18:34:19+00:00,48862,2024-05-04T11:22:18+00:00,2024-05-05T01:46:20+00:00,2024-05-04T10:50:58+00:00,2024-05-05T02:17:40+00:00,2024-05-04T10:18:10+00:00,2024-05-05T02:50:28+00:00
2024-05-05,2024-05-05T11:46:16+00:00,2024-05-06T01:22:13+00:00,2024-05-05T18:34:14+00:00,48957,2024-05-05T11:21:22+00:00,2024-05-06T01:47:06+00:00,2024-05-05T10:49:57+00:00,2024-05-06T02:18:32+00:00,2024-05-05T10:17:01+00:00,2024-05-06T02:51:28+00:00
2024-05-06,2024-05-06T11:45:25+00:00,2024-05-07T01:22:55+00:00,2024-05-06T18:34:10+00:00,49050,2024-05-06T11:20:28+00:00,2024-05-07T01:47:52+00:00,2024-05-06T10:48:57+00:00,2024-05-07T02:19:23+00:00,2024-05-06T10:15:53+00:00,2024-05-07T02:52:27+00:00
2024-05-07,2024-05-07T11:44:35+00:00,2024-05-08T01:23:38+00:00,2024-05-07T18:34:06+00:00,49143,2024-05-07T11:19:35+00:00,2024-05-08T01:48:38+00:00,2024-05-07T10:47:58+00:00,2024-05-08T02:20:15+00:00,2024-05-07T10:14:46+00:00,2024-05-08T02:53:27+00:00
2024-05-08,2024-05-08T11:43:47+00:00,2024-05-09T01:24:20+00:00,2024-05-08T18:34:03+00:00,49233,2024-05-08T11:18:43+00:00,2024-05-09T01:49:24+00:00,2024-05-08T10:47:00+00:00,2024-05-09T02:21:07+00:00,2024-05-08T10:13:40+00:00,2024-05-09T02:54:27+00:00
2024-05-09,2024-05-09T11:43:00+00:00,2024-05-10T01:25:02+00:00,2024-05-09T18:34:01+00:00,49322,2024-05-09T11:17:52+00:00,2024-05-10T01:50:10+00:00,2024-05-09T10:46:03+00:00,2024-05-10T02:21:59+00:00,2024-05-09T10:12:35+00:00,2024-05-10T02:55:27+00:00
2024-05-10,2024-05-10T11:42:14+00:00,2024-05-11T01:25:44+00:00,2024-05-10T18:33:59+00:00,49410,2024-05-10T11:17:02+00:00,2024-05-11T01:50:56+00:00,2024-05-10T10:45:08+00:00,2024-05-11T02:22:50+00:00,2024-05-10T10:11:32+00:00,2024-05-11T02:56:26+00:00
2024-05-11,2024-05-11T11:41:29+00:00,2024-05-12T01:26:26+00:00,2024-05-11T18:33:58+00:00,49497,2024-05-11T11:16:14+00:00,2024-05-12T01:51:41+00:00,2024-05-11T10:44:14+00:00,2024-05-12T02:23:42+00:00,2024-05-11T10:10:30+00:00,2024-05-12T02:57:26+00:00
2024-05-12,2024-05-12T11:40:46+00:00,2024-05-13T01:27:08+00:00,2024-05-12T18:33:57+00:00,49582,2024-05-12T11:15:27+00:00,2024-05-13T01:52:27+00:00,2024-05-12T10:43:21+00:00,2024-05-13T02:24:33+00:00,2024-05-12T10:09:29+00:00,2024-05-13T02:58:25+00:00
2024-05-13,2024-05-13T11:40:04+00:00,2024-05-14T01:27:50+00:00,2024-05-13T18:33:57+00:00,49666,2024-05-13T11:14:41+00:00,2024-05-14T01:53:12+00:00,2024-05-13T10:42:30+00:00,2024-05-14T02:25:24+00:00,2024-05-13T10:08:30+00:00,2024-05-14T02:59:24+00:00
2024-05-14,2024-05-14T11:39:23+00:00,2024-05-15T01:28:31+00:00,2024-05-14T18:33:57+00:00,49748,2024-05-14T11:13:57+00:00,2024-05-15T01:53:57+00:00,2024-05-14T10:41:40+00:00,2024-05-15T02:26:15+00:00,2024-05-14T10:07:31+00:00,2024-05-15T03:00:23+00:00
2024-05-15,2024-05-15T11:38:44+00:00,2024-05-16T01:29:13+00:00,2024-05-15T18:33:58+00:00,49829,2024-05-15T11:13:14+00:00,2024-05-16T01:54:42+00:00,2024-05-15T10:40:51+00:00,2024-05-16T02:27:05+00:00,2024-05-15T10:06:35+00:00,2024-05-16T03:01:22+00:00
2024-05-16,2024-05-16T11:38:05+00:00,2024-05-17T01:29:54+00:00,2024-05-16T18:34:00+00:00,49909,2024-05-16T11:12:32+00:00,2024-05-17T01:55:27+00:00,2024-05-16T10:40:04+00:00,2024-05-17T02:27:56+00:00,2024-05-16T10:05:40+00:00,2024-05-17T03:02:20+00:00
2024-05-17,2024-05-17T11:37:29+00:00,2024-05-18T01:30:35+00:00,2024-05-17T18:34:02+00:00,49986,2024-05-17T11:11:52+00:00,2024-05-18T01:56:11+00:00,2024-05-17T10:39:18+00:00,2024-05-18T02:28:46+00:00,2024-05-17T10:04:46+00:00,2024-05-18T03:03:18+00:00
2024-05-18,2024-05-18T11:36:53+00:00,2024-05-19T01:31:15+00:00,2024-05-18T18:34:04+00:00,50062,2024-05-18T11:11:13+00:00,2024-05-19T01:56:56+00:00,2024-05-18T10:38:33+00:00,2024-05-19T02:29:35+00:00,2024-05-18T10:03:54+00:00,2024-05-19T03:04:15+00:00
2024-05-19,2024-05-19T11:36:20+00:00,2024-05-20T01:31:56+00:00,2024-05-19T18:34:08+00:00,50136,2024-05-19T11:10:36+00:00,2024-05-20T01:57:39+00:00,2024-05-19T10:37:51+00:00,2024-05-20T02:30:25+00:00,2024-05-19T10:03:03+00:00,2024-05-20T03:05:12+00:00
2024-05-20,2024-05-20T11:35:47+00:00,2024-05-21T01:32:36+00:00,2024-05-20T18:34:11+00:00,50209,2024-05-20T11:10:00+00:00,2024-05-21T01:58:23+00:00,2024-05-20T10:37:09+00:00,2024-05-21T02:31:13+00:00,2024-05-20T10:02:14+00:00,2024-05-21T03:06:09+00:00
2024-05-21,2024-05-21T11:35:16+00:00,2024-05-22T01:33:15+00:00,2024-05-21T18:34:16+00:00,50279,2024-05-21T11:09:26+00:00,2024-05-22T01:59:06+00:00,2024-05-21T10:36:30+00:00,2024-05-22T02:32:02+00:00,2024-05-21T10:01:27+00:00,2024-05-22T03:07:04+00:00
2024-05-22,2024-05-22T11:34:46+00:00,2024-05-23T01:33:54+00:00,2024-05-22T18:34:20+00:00,50348,2024-05-22T11:08:53+00:00,2024-05-23T01:59:48+00:00,2024-05-22T10:35:51+00:00,2024-05-23T02:32:49+00:00,2024-05-22T10:00:41+00:00,2024-05-23T03:08:00+00:00
2024-05-23,2024-05-23T11:34:18+00:00,2024-05-24T01:34:33+00:00,2024-05-23T18:34:26+00:00,50415,2024-05-23T11:08:21+00:00,2024-05-24T02:00:30+00:00,2024-05-23T10:35:15+00:00,2024-05-24T02:33:36+00:00,2024-05-23T09:59:57+00:00,2024-05-24T03:08:54+00:00
2024-05-24,2024-05-24T11:33:51+00:00,2024-05-25T01:35:11+00:00,2024-05-24T18:34:31+00:00,50480,2024-05-24T11:07:51+00:00,2024-05-25T02:01:11+00:00,2024-05-24T10:34:40+00:00,2024-05-25T02:34:23+00:00,2024-05-24T09:59:15+00:00,2024-05-25T03:09:48+00:00
2024-05-25,2024-05-25T11:33:26+00:00,2024-05-26T01:35:49+00:00,2024-05-25T18:34:38+00:00,50543,2024-05-25T11:07:23+00:00,2024-05-26T02:01:52+00:00,2024-05-25T10:34:06+00:00,2024-05-26T02:35:09+00:00,2024-05-25T09:58:34+00:00,2024-05-26T03:10:41+00:00
2024-05-26,2024-05-26T11:33:02+00:00,2024-05-27T01:36:26+00:00,2024-05-26T18:34:44+00:00,50604,2024-05-26T11:06:56+00:00,2024-05-27T02:02:33+00:00,2024-05-26T10:33:35+00:00,2024-05-27T02:35:54+00:00,2024-05-26T09:57:56+00:00,2024-05-27T03:11:33+00:00
2024-05-27,2024-05-27T11:32:40+00:00,2024-05-28T01:37:03+00:00,2024-05-27T18:34:52+00:00,50663,2024-05-27T11:06:31+00:00,2024-05-28T02:03:12+00:00,2024-05-27T10:33:05+00:00,2024-05-28T02:36:39+00:00,2024-05-27T09:57:19+00:00,2024-05-28T03:12:25+00:00
2024-05-28,2024-05-28T11:32:19+00:00,2024-05-29T01:37:39+00:00,2024-05-28T18:34:59+00:00,50720,2024-05-28T11:06:07+00:00,2024-05-29T02:03:52+00:00,2024-05-28T10:32:36+00:00,2024-05-29T02:37:22+00:00,2024-05-28T09:56:44+00:00,2024-05-29T03:13:15+00:00
2024-05-29,2024-05-29T11:32:00+00:00,2024-05-30T01:38:15+00:00,2024-05-29T18:35:08+00:00,50775,2024-05-29T11:05:45+00:00,2024-05-30T02:04:30+00:00,2024-05-29T10:32:10+00:00,2024-05-30T02:38:05+00:00,2024-05-29T09:56:11+00:00,2024-05-30T03:14:04+00:00
2024-05-30,2024-05-30T11:31:42+00:00,2024-05-31T01:38:50+00:00,2024-05-30T18:35:16+00:00,50828,2024-05-30T11:05:25+00:00,2024-05-31T02:05:08+00:00,2024-05-30T10:31:45+00:00,2024-05-31T02:38:47+00:00,2024-05-30T09:55:40+00:00,2024-05-31T03:14:52+00:00
2024-05-31,2024-05-31T11:31:26+00:00,2024-06-01T01:39:24+00:00,2024-05-31T18:35:25+00:00,50878,2024-05-31T11:05:06+00:00,2024-06-01T02:05:44+00:00,2024-05-31T10:31:22+00:00,2024-06-01T02:39:28+00:00,2024-05-31T09:55:11+00:00,2024-06-01T03:15:40+00:00
2024-06-01,2024-06-01T11:31:11+00:00,2024-06-02T01:39:58+00:00,2024-06-01T18:35:34+00:00,50927,2024-06-01T11:04:48+00:00,2024-06-02T02:06:20+00:00,2024-06-01T10:31:01+00:00,2024-06-02T02:40:08+00:00,2024-06-01T09:54:43+00:00,2024-06-02T03:16:25+00:00
2024-06-02,2024-06-02T11:30:58+00:00,2024-06-03T01:40:30+00:00,2024-06-02T18:35:44+00:00,50972,2024-06-02T11:04:33+00:00,2024-06-03T02:06:56+00:00,2024-06-02T10:30:41+00:00,2024-06-03T02:40:47+00:00,2024-06-02T09:54:18+00:00,2024-06-03T03:17:10+00:00
2024-06-03,2024-06-03T11:30:46+00:00,2024-06-04T01:41:02+00:00,2024-06-03T18:35:54+00:00,51016,2024-06-03T11:04:19+00:00,2024-06-04T02:07:30+00:00,2024-06-03T10:30:23+00:00,2024-06-04T02:41:25+00:00,2024-06-03T09:53:55+00:00,2024-06-04T03:17:54+00:00
2024-06-04,2024-06-04T11:30:36+00:00,2024-06-05T01:41:33+00:00,2024-06-04T18:36:05+00:00,51057,2024-06-04T11:04:06+00:00,2024-06-05T02:08:03+00:00,2024-06-04T10:30:07+00:00,2024-06-05T02:42:02+00:00,2024-06-04T09:53:34+00:00,2024-06-05T03:18:36+00:00
2024-06-05,2024-06-05T11:30:27+00:00,2024-06-06T01:42:04+00:00,2024-06-05T18:36:15+00:00,51097,2024-06-05T11:03:55+00:00,2024-06-06T02:08:36+00:00,2024-06-05T10:29:53+00:00,2024-06-06T02:42:38+00:00,2024-06-05T09:53:15+00:00,2024-06-06T03:19:16+00:00
2024-06-06,2024-06-06T11:30:20+00:00,2024-06-07T01:42:33+00:00,2024-06-06T18:36:27+00:00,51133,2024-06-06T11:03:46+00:00,2024-06-07T02:09:07+00:00,2024-06-06T10:29:40+00:00,2024-06-07T02:43:13+00:00,2024-06-06T09:52:58+00:00,2024-06-07T03:19:56+00:00
2024-06-07,2024-06-07T11:30:14+00:00,2024-06-08T01:43:02+00:00,2024-06-07T18:36:38+00:00,51168,2024-06-07T11:03:38+00:00,2024-06-08T02:09:38+00:00,2024-06-07T10:29:30+00:00,2024-06-08T02:43:46+00:00,2024-06-07T09:52:42+00:00,2024-06-08T03:20:33+00:00
2024-06-08,2024-06-08T11:30:10+00:00,2024-06-09T01:43:29+00:00,2024-06-08T18:36:50+00:00,51199,2024-06-08T11:03:32+00:00,2024-06-09T02:10:07+00:00,2024-06-08T10:29:21+00:00,2024-06-09T02:44:18+00:00,2024-06-08T09:52:30+00:00,2024-06-09T03:21:10+00:00
2024-06-09,2024-06-09T11:30:07+00:00,2024-06-10T01:43:56+00:00,2024-06-09T18:37:01+00:00,51229,2024-06-09T11:03:28+00:00,2024-06-10T02:10:35+00:00,2024-06-09T10:29:14+00:00,2024-06-10T02:44:49+00:00,2024-06-09T09:52:19+00:00,2024-06-10T03:21:44+00:00
2024-06-10,2024-06-10T11:30:06+00:00,2024-06-11T01:44:22+00:00,2024-06-10T18:37:14+00:00,51256,2024-06-10T11:03:25+00:00,2024-06-11T02:11:02+00:00,2024-06-10T10:29:09+00:00,2024-06-11T02:45:18+00:00,2024-06-10T09:52:10+00:00,2024-06-11T03:22:17+00:00
2024-06-11,2024-06-11T11:30:06+00:00,2024-06-12T01:44:46+00:00,2024-06-11T18:37:26+00:00,51280,2024-06-11T11:03:24+00:00,2024-06-12T02:11:28+00:00,2024-06-11T10:29:05+00:00,2024-06-12T02:45:46+00:00,2024-06-11T09:52:03+00:00,2024-06-12T03:22:48+00:00
2024-06-12,2024-06-12T11:30:07+00:00,2024-06-13T01:45:10+00:00,2024-06-12T18:37:38+00:00,51303,2024-06-12T11:03:24+00:00,2024-06-13T02:11:53+00:00,2024-06-12T10:29:03+00:00,2024-06-13T02:46:13+00:00,2024-06-12T09:51:59+00:00,2024-06-13T03:23:18+00:00
2024-06-13,2024-06-13T11:30:10+00:00,2024-06-14T01:45:32+00:00,2024-06-13T18:37:51+00:00,51322,2024-06-13T11:03:26+00:00,2024-06-14T02:12:16+00:00,2024-06-13T10:29:04+00:00,2024-06-14T02:46:38+00:00,2024-06-13T09:51:56+00:00,2024-06-14T03:23:46+00:00
2024-06-14,2024-06-14T11:30:14+00:00,2024-06-15T01:45:53+00:00,2024-06-14T18:38:04+00:00,51339,2024-06-14T11:03:29+00:00,2024-06-15T02:12:38+00:00,2024-06-14T10:29:05+00:00,2024-06-15T02:47:02+00:00,2024-06-14T09:51:56+00:00,2024-06-15T03:24:11+00:00
2024-06-15,2024-06-15T11:30:20+00:00,2024-06-16T01:46:13+00:00,2024-06-15T18:38:17+00:00,51353,2024-06-15T11:03:34+00:00,2024-06-16T02:12:59+00:00,2024-06-15T10:29:09+00:00,2024-06-16T02:47:24+00:00,2024-06-15T09:51:58+00:00,2024-06-16T03:24:36+00:00
2024-06-16,2024-06-16T11:30:27+00:00,2024-06-17T01:46:32+00:00,2024-06-16T18:38:30+00:00,51365,2024-06-16T11:03:40+00:00,2024-06-17T02:13:19+00:00,2024-06-16T10:29:14+00:00,2024-06-17T02:47:45+00:00,2024-06-16T09:52:01+00:00,2024-06-17T03:24:58+00:00
2024-06-17,2024-06-17T11:30:35+00:00,2024-06-18T01:46:50+00:00,2024-06-17T18:38:43+00:00,51375,2024-06-17T11:03:48+00:00,2024-06-18T02:13:37+00:00,2024-06-17T10:29:21+00:00,2024-06-18T02:48:04+00:00,2024-06-17T09:52:07+00:00,2024-06-18T03:25:18+00:00
2024-06-18,2024-06-18T11:30:45+00:00,2024-06-19T01:47:06+00:00,2024-06-18T18:38:56+00:00,51381,2024-06-18T11:03:58+00:00,2024-06-19T02:13:54+00:00,2024-06-18T10:29:30+00:00,2024-06-19T02:48:21+00:00,2024-06-18T09:52:15+00:00,2024-06-19T03:25:36+00:00
2024-06-19,2024-06-19T11:30:56+00:00,2024-06-20T01:47:21+00:00,2024-06-19T18:39:09+00:00,51385,2024-06-19T11:04:08+00:00,2024-06-20T02:14:09+00:00,2024-06-19T10:29:41+00:00,2024-06-20T02:48:37+00:00,2024-06-19T09:52:25+00:00,2024-06-20T03:25:52+00:00
2024-06-20,2024-06-20T11:31:09+00:00,2024-06-21T01:47:35+00:00,2024-06-20T18:39:22+00:00,51386,2024-06-20T11:04:21+00:00,2024-06-21T02:14:23+00:00,2024-06-20T10:29:53+00:00,2024-06-21T02:48:51+00:00,2024-06-20T09:52:37+00:00,2024-06-21T03:26:07+00:00
2024-06-21,2024-06-21T11:31:22+00:00,2024-06-22T01:47:48+00:00,2024-06-21T18:39:35+00:00,51386,2024-06-21T11:04:34+00:00,2024-06-22T02:14:35+00:00,2024-06-21T10:30:06+00:00,2024-06-22T02:49:03+00:00,2024-06-21T09:52:51+00:00,2024-06-22T03:26:19+00:00
2024-06-22,2024-06-22T11:31:37+00:00,2024-06-23T01:47:59+00:00,2024-06-22T18:39:48+00:00,51382,2024-06-22T11:04:49+00:00,2024-06-23T02:14:46+00:00,2024-06-22T10:30:22+00:00,2024-06-23T02:49:14+00:00,2024-06-22T09:53:07+00:00,2024-06-23T03:26:29+00:00
2024-06-23,2024-06-23T11:31:53+00:00,2024-06-24T01:48:09+00:00,2024-06-23T18:40:01+00:00,51376,2024-06-23T11:05:06+00:00,2024-06-24T02:14:56+00:00,2024-06-23T10:30:39+00:00,2024-06-24T02:49:23+00:00,2024-06-23T09:53:24+00:00,2024-06-24T03:26:37+00:00
2024-06-24,2024-06-24T11:32:10+00:00,2024-06-25T01:48:17+00:00,2024-06-24T18:40:14+00:00,51367,2024-06-24T11:05:23+00:00,2024-06-25T02:15:04+00:00,2024-06-24T10:30:57+00:00,2024-06-25T02:49:30+00:00,2024-06-24T09:53:44+00:00,2024-06-25T03:26:43+00:00
2024-06-25,2024-06-25T11:32:29+00:00,2024-06-26T01:48:24+00:00,2024-06-25T18:40:26+00:00,51355,2024-06-25T11:05:42+00:00,2024-06-26T02:15:10+00:00,2024-06-25T10:31:17+00:00,2024-06-26T02:49:35+00:00,2024-06-25T09:54:06+00:00,2024-06-26T03:26:47+00:00
2024-06-26,2024-06-26T11:32:48+00:00,2024-06-27T01:48:30+00:00,2024-06-26T18:40:39+00:00,51342,2024-06-26T11:06:03+00:00,2024-06-27T02:15:15+00:00,2024-06-26T10:31:39+00:00,2024-06-27T02:49:39+00:00,2024-06-26T09:54:29+00:00,2024-06-27T03:26:49+00:00
2024-06-27,2024-06-27T11:33:09+00:00,2024-06-28T01:48:34+00:00,2024-06-27T18:40:51+00:00,51325,2024-06-27T11:06:24+00:00,2024-06-28T02:15:18+00:00,2024-06-27T10:32:02+00:00,2024-06-28T02:49:41+00:00,2024-06-27T09:54:54+00:00,2024-06-28T03:26:48+00:00
2024-06-28,2024-06-28T11:33:30+00:00,2024-06-29T01:48:36+00:00,2024-06-28T18:41:03+00:00,51306,2024-06-28T11:06:47+00:00,2024-06-29T02:15:20+00:00,2024-06-28T10:32:26+00:00,2024-06-29T02:49:41+00:00,2024-06-28T09:55:21+00:00,2024-06-29T03:26:46+00:00
2024-06-29,2024-06-29T11:33:53+00:00,2024-06-30T01:48:38+00:00,2024-06-29T18:41:15+00:00,51285,2024-06-29T11:07:11+00:00,2024-06-30T02:15:20+00:00,2024-06-29T10:32:52+00:00,2024-06-30T02:49:39+00:00,2024-06-29T09:55:50+00:00,2024-06-30T03:26:41+00:00
2024-06-30,2024-06-30T11:34:17+00:00,2024-07-01T01:48:37+00:00,2024-06-30T18:41:27+00:00,51260,2024-06-30T11:07:36+00:00,2024-07-01T02:15:18+00:00,2024-06-30T10:33:19+00:00,2024-07-01T02:49:35+00:00,2024-06-30T09:56:20+00:00,2024-07-01T03:26:34+00:00
2024-07-01,2024-07-01T11:34:42+00:00,2024-07-02T01:48:36+00:00,2024-07-01T18:41:39+00:00,51234,2024-07-01T11:08:02+00:00,2024-07-02T02:15:15+00:00,2024-07-01T10:33:48+00:00,2024-07-02T02:49:29+00:00,2024-07-01T09:56:52+00:00,2024-07-02T03:26:25+00:00
2024-07-02,2024-07-02T11:35:07+00:00,2024-07-03T01:48:32+00:00,2024-07-02T18:41:50+00:00,51205,2024-07-02T11:08:29+00:00,2024-07-03T02:15:10+00:00,2024-07-02T10:34:17+00:00,2024-07-03T02:49:22+00:00,2024-07-02T09:57:25+00:00,2024-07-03T03:26:14+00:00
2024-07-03,2024-07-03T11:35:34+00:00,2024-07-04T01:48:27+00:00,2024-07-03T18:42:01+00:00,51173,2024-07-03T11:08:57+00:00,2024-07-04T02:15:04+00:00,2024-07-03T10:34:48+00:00,2024-07-04T02:49:13+00:00,2024-07-03T09:58:00+00:00,2024-07-04T03:26:01+00:00
2024-07-04,2024-07-04T11:36:01+00:00,2024-07-05T01:48:21+00:00,2024-07-04T18:42:11+00:00,51140,2024-07-04T11:09:27+00:00,2024-07-05T02:14:56+00:00,2024-07-04T10:35:21+00:00,2024-07-05T02:49:02+00:00,2024-07-04T09:58:37+00:00,2024-07-05T03:25:45+00:00
2024-07-05,2024-07-05T11:36:29+00:00,2024-07-06T01:48:13+00:00,2024-07-05T18:42:21+00:00,51104,2024-07-05T11:09:57+00:00,2024-07-06T02:14:46+00:00,2024-07-05T10:35:54+00:00,2024-07-06T02:48:49+00:00,2024-07-05T09:59:15+00:00,2024-07-06T03:25:28+00:00
2024-07-06,2024-07-06T11:36:59+00:00,2024-07-07T01:48:04+00:00,2024-07-06T18:42:31+00:00,51065,2024-07-06T11:10:28+00:00,2024-07-07T02:14:34+00:00,2024-07-06T10:36:28+00:00,2024-07-07T02:48:34+00:00,2024-07-06T09:59:54+00:00,2024-07-07T03:25:08+00:00
2024-07-07,2024-07-07T11:37:28+00:00,2024-07-08T01:47:53+00:00,2024-07-07T18:42:41+00:00,51025,2024-07-07T11:11:00+00:00,2024-07-08T02:14:21+00:00,2024-07-07T10:37:04+00:00,2024-07-08T02:48:17+00:00,2024-07-07T10:00:35+00:00,2024-07-08T03:24:47+00:00
2024-07-08,2024-07-08T11:37:59+00:00,2024-07-09T01:47:40+00:00,2024-07-08T18:42:50+00:00,50981,2024-07-08T11:11:33+00:00,2024-07-09T02:14:06+00:00,2024-07-08T10:37:41+00:00,2024-07-09T02:47:59+00:00,2024-07-08T10:01:17+00:00,2024-07-09T03:24:23+00:00
2024-07-09,2024-07-09T11:38:30+00:00,2024-07-10T01:47:26+00:00,2024-07-09T18:42:58+00:00,50936,2024-07-09T11:12:07+00:00,2024-07-10T02:13:50+00:00,2024-07-09T10:38:18+00:00,2024-07-10T02:47:39+00:00,2024-07-09T10:02:00+00:00,2024-07-10T03:23:57+00:00
2024-07-10,2024-07-10T11:39:02+00:00,2024-07-11T01:47:11+00:00,2024-07-10T18:43:07+00:00,50889,2024-07-10T11:12:41+00:00,2024-07-11T02:13:32+00:00,2024-07-10T10:38:57+00:00,2024-07-11T02:47:17+00:00,2024-07-10T10:02:44+00:00,2024-07-11T03:23:29+00:00
2024-07-11,2024-07-11T11:39:35+00:00,2024-07-12T01:46:54+00:00,2024-07-11T18:43:14+00:00,50839,2024-07-11T11:13:17+00:00,2024-07-12T02:13:12+00:00,2024-07-11T10:39:36+00:00,2024-07-12T02:46:53+00:00,2024-07-11T10:03:29+00:00,2024-07-12T03:23:00+00:00
2024-07-12,2024-07-12T11:40:08+00:00,2024-07-13T01:46:35+00:00,2024-07-12T18:43:22+00:00,50787,2024-07-12T11:13:53+00:00,2024-07-13T02:12:51+00:00,2024-07-12T10:40:16+00:00,2024-07-13T02:46:27+00:00,2024-07-12T10:04:16+00:00,2024-07-13T03:22:28+00:00
2024-07-13,2024-07-13T11:40:42+00:00,2024-07-14T01:46:15+00:00,2024-07-13T18:43:29+00:00,50733,2024-07-13T11:14:29+00:00,2024-07-14T02:12:28+00:00,2024-07-13T10:40:57+00:00,2024-07-14T02:46:00+00:00,2024-07-13T10:05:03+00:00,2024-07-14T03:21:54+00:00
2024-07-14,2024-07-14T11:41:17+00:00,2024-07-15T01:45:53+00:00,2024-07-14T18:43:35+00:00,50676,2024-07-14T11:15:06+00:00,2024-07-15T02:12:04+00:00,2024-07-14T10:41:39+00:00,2024-07-15T02:45:31+00:00,2024-07-14T10:05:52+00:00,2024-07-15T03:21:18+00:00
2024-07-15,2024-07-15T11:41:52+00:00,2024-07-16T01:45:30+00:00,2024-07-15T18:43:41+00:00,50618,2024-07-15T11:15:44+00:00,2024-07-16T02:11:37+00:00,2024-07-15T10:42:22+00:00,2024-07-16T02:45:00+00:00,2024-07-15T10:06:41+00:00,2024-07-16T03:20:41+00:00
2024-07-16,2024-07-16T11:42:27+00:00,2024-07-17T01:45:05+00:00,2024-07-16T18:43:46+00:00,50558,2024-07-16T11:16:23+00:00,2024-07-17T02:11:10+00:00,2024-07-16T10:43:05+00:00,2024-07-17T02:44:27+00:00,2024-07-16T10:07:31+00:00,2024-07-17T03:20:01+00:00
2024-07-17,2024-07-17T11:43:03+00:00,2024-07-18T01:44:39+00:00,2024-07-17T18:43:51+00:00,50496,2024-07-17T11:17:02+00:00,2024-07-18T02:10:40+00:00,2024-07-17T10:43:49+00:00,2024-07-18T02:43:53+00:00,2024-07-17T10:08:22+00:00,2024-07-18T03:19:20+00:00
2024-07-18,2024-07-18T11:43:39+00:00,2024-07-19T01:44:11+00:00,2024-07-18T18:43:55+00:00,50432,2024-07-18T11:17:41+00:00,2024-07-19T02:10:09+00:00,2024-07-18T10:44:33+00:00,2024-07-19T02:43:17+00:00,2024-07-18T10:09:13+00:00,2024-07-19T03:18:37+00:00
2024-07-19,2024-07-19T11:44:16+00:00,2024-07-20T01:43:42+00:00,2024-07-19T18:43:59+00:00,50366,2024-07-19T11:18:21+00:00,2024-07-20T02:09:37+00:00,2024-07-19T10:45:18+00:00,2024-07-20T02:42:40+00:00,2024-07-19T10:10:06+00:00,2024-07-20T03:17:52+00:00
2024-07-20,2024-07-20T11:44:53+00:00,2024-07-21T01:43:11+00:00,2024-07-20T18:44:02+00:00,50298,2024-07-20T11:19:01+00:00,2024-07-21T02:09:03+00:00,2024-07-20T10:46:04+00:00,2024-07-21T02:42:00+00:00,2024-07-20T10:10:59+00:00,2024-07-21T03:17:05+00:00
2024-07-21,2024-07-21T11:45:30+00:00,2024-07-22T01:42:39+00:00,2024-07-21T18:44:05+00:00,50229,2024-07-21T11:19:42+00:00,2024-07-22T02:08:27+00:00,2024-07-21T10:46:50+00:00,2024-07-22T02:41:20+00:00,2024-07-21T10:11:52+00:00,2024-07-22T03:16:17+00:00
2024-07-22,2024-07-22T11:46:08+00:00,2024-07-23T01:42:05+00:00,2024-07-22T18:44:07+00:00,50157,2024-07-22T11:20:23+00:00,2024-07-23T02:07:50+00:00,2024-07-22T10:47:36+00:00,2024-07-23T02:40:37+00:00,2024-07-22T10:12:46+00:00,2024-07-23T03:15:27+00:00
2024-07-23,2024-07-23T11:46:46+00:00,2024-07-24T01:41:30+00:00,2024-07-23T18:44:08+00:00,50084,2024-07-23T11:21:04+00:00,2024-07-24T02:07:12+00:00,2024-07-23T10:48:23+00:00,2024-07-24T02:39:53+00:00,2024-07-23T10:13:41+00:00,2024-07-24T03:14:35+00:00
2024-07-24,2024-07-24T11:47:24+00:00,2024-07-25T01:40:54+00:00,2024-07-24T18:44:09+00:00,50010,2024-07-24T11:21:46+00:00,2024-07-25T02:06:32+00:00,2024-07-24T10:49:10+00:00,2024-07-25T02:39:08+00:00,2024-07-24T10:14:36+00:00,2024-07-25T03:13:42+00:00
2024-07-25,2024-07-25T11:48:03+00:00,2024-07-26T01:40:16+00:00,2024-07-25T18:44:09+00:00,49933,2024-07-25T11:22:28+00:00,2024-07-26T02:05:50+00:00,2024-07-25T10:49:57+00:00,2024-07-26T02:38:21+00:00,2024-07-25T10:15:31+00:00,2024-07-26T03:12:47+00:00
2024-07-26,2024-07-26T11:48:41+00:00,2024-07-27T01:39:36+00:00,2024-07-26T18:44:09+00:00,49855,2024-07-26T11:23:10+00:00,2024-07-27T02:05:08+00:00,2024-07-26T10:50:45+00:00,2024-07-27T02:37:32+00:00,2024-07-26T10:16:26+00:00,2024-07-27T03:11:51+00:00
2024-07-27,2024-07-27T11:49:20+00:00,2024-07-28T01:38:56+00:00,2024-07-27T18:44:08+00:00,49776,2024-07-27T11:23:52+00:00,2024-07-28T02:04:23+00:00,2024-07-27T10:51:33+00:00,2024-07-28T02:36:42+00:00,2024-07-27T10:17:22+00:00,2024-07-28T03:10:53+00:00
2024-07-28,2024-07-28T11:49:59+00:00,2024-07-29T01:38:13+00:00,2024-07-28T18:44:06+00:00,49694,2024-07-28T11:24:35+00:00,2024-07-29T02:03:38+00:00,2024-07-28T10:52:21+00:00,2024-07-29T02:35:51+00:00,2024-07-28T10:18:18+00:00,2024-07-29T03:09:54+00:00
2024-07-29,2024-07-29T11:50:38+00:00,2024-07-30T01:37:30+00:00,2024-07-29T18:44:04+00:00,49612,2024-07-29T11:25:18+00:00,2024-07-30T02:02:51+00:00,2024-07-29T10:53:10+00:00,2024-07-30T02:34:58+00:00,2024-07-29T10:19:15+00:00,2024-07-30T03:08:54+00:00
2024-07-30,2024-07-30T11:51:17+00:00,2024-07-31T01:36:45+00:00,2024-07-30T18:44:01+00:00,49528,2024-07-30T11:26:00+00:00,2024-07-31T02:02:02+00:00,2024-07-30T10:53:58+00:00,2024-07-31T02:34:04+00:00,2024-07-30T10:20:11+00:00,2024-07-31T03:07:52+00:00
2024-07-31,2024-07-31T11:51:57+00:00,2024-08-01T01:35:59+00:00,2024-07-31T18:43:58+00:00,49442,2024-07-31T11:26:43+00:00,2024-08-01T02:01:13+00:00,2024-07-31T10:54:47+00:00,2024-08-01T02:33:09+00:00,2024-07-31T10:21:08+00:00,2024-08-01T03:06:48+00:00
2024-08-01,2024-08-01T11:52:36+00:00,2024-08-02T01:35:12+00:00,2024-08-01T18:43:54+00:00,49356,2024-08-01T11:27:26+00:00,2024-08-02T02:00:22+00:00,2024-08-01T10:55:35+00:00,2024-08-02T02:32:12+00:00,2024-08-01T10:22:04+00:00,2024-08-02T03:05:44+00:00
2024-08-02,2024-08-02T11:53:15+00:00,2024-08-03T01:34:23+00:00,2024-08-02T18:43:49+00:00,49268,2024-08-02T11:28:09+00:00,2024-08-03T01:59:29+00:00,2024-08-02T10:56:24+00:00,2024-08-03T02:31:15+00:00,2024-08-02T10:23:01+00:00,2024-08-03T03:04:38+00:00
2024-08-03,2024-08-03T11:53:55+00:00,2024-08-04T01:33:34+00:00,2024-08-03T18:43:44+00:00,49179,2024-08-03T11:28:52+00:00,2024-08-04T01:58:36+00:00,2024-08-03T10:57:13+00:00,2024-08-04T02:30:15+00:00,2024-08-03T10:23:58+00:00,2024-08-04T03:03:31+00:00
2024-08-04,2024-08-04T11:54:34+00:00,2024-08-05T01:32:42+00:00,2024-08-04T18:43:38+00:00,49088,2024-08-04T11:29:35+00:00,2024-08-05T01:57:41+00:00,2024-08-04T10:58:02+00:00,2024-08-05T02:29:15+00:00,2024-08-04T10:24:54+00:00,2024-08-05T03:02:22+00:00
2024-08-05,2024-08-05T11:55:14+00:00,2024-08-06T01:31:50+00:00,2024-08-05T18:43:32+00:00,48996,2024-08-05T11:30:18+00:00,2024-08-06T01:56:46+00:00,2024-08-05T10:58:50+00:00,2024-08-06T02:28:13+00:00,2024-08-05T10:25:51+00:00,2024-08-06T03:01:13+00:00
2024-08-06,2024-08-06T11:55:53+00:00,2024-08-07T01:30:57+00:00,2024-08-06T18:43:25+00:00,48904,2024-08-06T11:31:01+00:00,2024-08-07T01:55:49+00:00,2024-08-06T10:59:39+00:00,2024-08-07T02:27:11+00:00,2024-08-06T10:26:47+00:00,2024-08-07T03:00:02+00:00
2024-08-07,2024-08-07T11:56:32+00:00,2024-08-08T01:30:02+00:00,2024-08-07T18:43:17+00:00,48810,2024-08-07T11:31:44+00:00,2024-08-08T01:54:50+00:00,2024-08-07T11:00:28+00:00,2024-08-08T02:26:07+00:00,2024-08-07T10:27:44+00:00,2024-08-08T02:58:51+00:00
2024-08-08,2024-08-08T11:57:12+00:00,2024-08-09T01:29:07+00:00,2024-08-08T18:43:09+00:00,48715,2024-08-08T11:32:27+00:00,2024-08-09T01:53:51+00:00,2024-08-08T11:01:16+00:00,2024-08-09T02:25:02+00:00,2024-08-08T10:28:40+00:00,2024-08-09T02:57:38+00:00
2024-08-09,2024-08-09T11:57:51+00:00,2024-08-10T01:28:10+00:00,2024-08-09T18:43:00+00:00,48619,2024-08-09T11:33:10+00:00,2024-08-10T01:52:51+00:00,2024-08-09T11:02:04+00:00,2024-08-10T02:23:56+00:00,2024-08-09T10:29:36+00:00,2024-08-10T02:56:25+00:00
2024-08-10,2024-08-10T11:58:30+00:00,2024-08-11T01:27:12+00:00,2024-08-10T18:42:51+00:00,48522,2024-08-10T11:33:53+00:00,2024-08-11T01:51:49+00:00,2024-08-10T11:02:53+00:00,2024-08-11T02:22:49+00:00,2024-08-10T10:30:32+00:00,2024-08-11T02:55:10+00:00
2024-08-11,2024-08-11T11:59:09+00:00,2024-08-12T01:26:13+00:00,2024-08-11T18:42:41+00:00,48424,2024-08-11T11:34:35+00:00,2024-08-12T01:50:47+00:00,2024-08-11T11:03:41+00:00,2024-08-12T02:21:42+00:00,2024-08-11T10:31:27+00:00,2024-08-12T02:53:55+00:00
2024-08-12,2024-08-12T11:59:48+00:00,2024-08-13T01:25:13+00:00,2024-08-12T18:42:31+00:00,48325,2024-08-12T11:35:18+00:00,2024-08-13T01:49:44+00:00,2024-08-12T11:04:29+00:00,2024-08-13T02:20:33+00:00,2024-08-12T10:32:23+00:00,2024-08-13T02:52:39+00:00
2024-08-13,2024-08-13T12:00:27+00:00,2024-08-14T01:24:12+00:00,2024-08-13T18:42:20+00:00,48225,2024-08-13T11:36:00+00:00,2024-08-14T01:48:39+00:00,2024-08-13T11:05:16+00:00,2024-08-14T02:19:23+00:00,2024-08-13T10:33:18+00:00,2024-08-14T02:51:21+00:00
2024-08-14,2024-08-14T12:01:06+00:00,2024-08-15T01:23:10+00:00,2024-08-14T18:42:08+00:00,48124,2024-08-14T11:36:42+00:00,2024-08-15T01:47:34+00:00,2024-08-14T11:06:04+00:00,2024-08-15T02:18:12+00:00,2024-08-14T10:34:13+00:00,2024-08-15T02:50:04+00:00
2024-08-15,2024-08-15T12:01:45+00:00,2024-08-16T01:22:07+00:00,2024-08-15T18:41:56+00:00,48022,2024-08-15T11:37:24+00:00,2024-08-16T01:46:28+00:00,2024-08-15T11:06:51+00:00,2024-08-16T02:17:01+00:00,2024-08-15T10:35:07+00:00,2024-08-16T02:48:45+00:00
2024-08-16,2024-08-16T12:02:24+00:00,2024-08-17T01:21:03+00:00,2024-08-16T18:41:43+00:00,47919,2024-08-16T11:38:06+00:00,2024-08-17T01:45:21+00:00,2024-08-16T11:07:38+00:00,2024-08-17T02:15:49+00:00,2024-08-16T10:36:01+00:00,2024-08-17T02:47:26+00:00
2024-08-17,2024-08-17T12:03:02+00:00,2024-08-18T01:19:59+00:00,2024-08-17T18:41:30+00:00,47817,2024-08-17T11:38:48+00:00,2024-08-18T01:44:13+00:00,2024-08-17T11:08:25+00:00,2024-08-18T02:14:36+00:00,2024-08-17T10:36:55+00:00,2024-08-18T02:46:05+00:00
2024-08-18,2024-08-18T12:03:40+00:00,2024-08-19T01:18:53+00:00,2024-08-18T18:41:17+00:00,47713,2024-08-18T11:39:29+00:00,2024-08-19T01:43:04+00:00,2024-08-18T11:09:12+00:00,2024-08-19T02:13:22+00:00,2024-08-18T10:37:49+00:00,2024-08-19T02:44:45+00:00
2024-08-19,2024-08-19T12:04:19+00:00,2024-08-20T01:17:47+00:00,2024-08-19T18:41:03+00:00,47608,2024-08-19T11:40:11+00:00,2024-08-20T01:41:55+00:00,2024-08-19T11:09:58+00:00,2024-08-20T02:12:07+00:00,2024-08-19T10:38:42+00:00,2024-08-20T02:43:23+00:00
2024-08-20,2024-08-20T12:04:57+00:00,2024-08-21T01:16:39+00:00,2024-08-20T18:40:48+00:00,47502,2024-08-20T11:40:52+00:00,2024-08-21T01:40:44+00:00,2024-08-20T11:10:44+00:00,2024-08-21T02:10:52+00:00,2024-08-20T10:39:35+00:00,2024-08-21T02:42:01+00:00
2024-08-21,2024-08-21T12:05:35+00:00,2024-08-22T01:15:31+00:00,2024-08-21T18:40:33+00:00,47396,2024-08-21T11:41:33+00:00,2024-08-22T01:39:33+00:00,2024-08-21T11:11:30+00:00,2024-08-22T02:09:36+00:00,2024-08-21T10:40:27+00:00,2024-08-22T02:40:39+00:00
2024-08-22,2024-08-22T12:06:13+00:00,2024-08-23T01:14:23+00:00,2024-08-22T18:40:18+00:00,47290,2024-08-22T11:42:14+00:00,2024-08-23T01:38:22+00:00,2024-08-22T11:12:15+00:00,2024-08-23T02:08:20+00:00,2024-08-22T10:41:19+00:00,2024-08-23T02:39:16+00:00
2024-08-23,2024-08-23T12:06:50+00:00,2024-08-24T01:13:13+00:00,2024-08-23T18:40:02+00:00,47183,2024-08-23T11:42:54+00:00,2024-08-24T01:37:09+00:00,2024-08-23T11:13:00+00:00,2024-08-24T02:07:03+00:00,2024-08-23T10:42:11+00:00,2024-08-24T02:37:53+00:00
2024-08-24,2024-08-24T12:07:28+00:00,2024-08-25T01:12:03+00:00,2024-08-24T18:39:45+00:00,47075,2024-08-24T11:43:34+00:00,2024-08-25T01:35:56+00:00,2024-08-24T11:13:45+00:00,2024-08-25T02:05:45+00:00,2024-08-24T10:43:02+00:00,2024-08-25T02:36:29+00:00
2024-08-25,2024-08-25T12:08:05+00:00,2024-08-26T01:10:52+00:00,2024-08-25T18:39:28+00:00,46967,2024-08-25T11:44:15+00:00,2024-08-26T01:34:42+00:00,2024-08-25T11:14:30+00:00,2024-08-26T02:04:27+00:00,2024-08-25T10:43:53+00:00,2024-08-26T02:35:04+00:00
2024-08-26,2024-08-26T12:08:43+00:00,2024-08-27T01:09:40+00:00,2024-08-26T18:39:11+00:00,46857,2024-08-26T11:44:55+00:00,2024-08-27T01:33:28+00:00,2024-08-26T11:15:14+00:00,2024-08-27T02:03:08+00:00,2024-08-26T10:44:43+00:00,2024-08-27T02:33:40+00:00
2024-08-27,2024-08-27T12:09:20+00:00,2024-08-28T01:08:28+00:00,2024-08-27T18:38:54+00:00,46748,2024-08-27T11:45:34+00:00,2024-08-28T01:32:13+00:00,2024-08-27T11:15:59+00:00,2024-08-28T02:01:49+00:00,2024-08-27T10:45:33+00:00,2024-08-28T02:32:15+00:00
2024-08-28,2024-08-28T12:09:57+00:00,2024-08-29T01:07:15+00:00,2024-08-28T18:38:36+00:00,46638,2024-08-28T11:46:14+00:00,2024-08-29T01:30:58+00:00,2024-08-28T11:16:42+00:00,2024-08-29T02:00:30+00:00,2024-08-28T10:46:23+00:00,2024-08-29T02:30:49+00:00
2024-08-29,2024-08-29T12:10:34+00:00,2024-08-30T01:06:02+00:00,2024-08-29T18:38:18+00:00,46528,2024-08-29T11:46:54+00:00,2024-08-30T01:29:42+00:00,2024-08-29T11:17:26+00:00,2024-08-30T01:59:10+00:00,2024-08-29T10:47:12+00:00,2024-08-30T02:29:24+00:00
2024-08-30,2024-08-30T12:11:11+00:00,2024-08-31T01:04:48+00:00,2024-08-30T18:37:59+00:00,46417,2024-08-30T11:47:33+00:00,2024-08-31T01:28:25+00:00,2024-08-30T11:18:09+00:00,2024-08-31T01:57:49+00:00,2024-08-30T10:48:00+00:00,2024-08-31T02:27:58+00:00
2024-08-31,2024-08-31T12:11:47+00:00,2024-09-01T01:03:33+00:00,2024-08-31T18:37:40+00:00,46306,2024-08-31T11:48:12+00:00,2024-09-01T01:27:09+00:00,2024-08-31T11:18:52+00:00,2024-09-01T01:56:28+00:00,2024-08-31T10:48:49+00:00,2024-09-01T02:26:32+00:00
2024-09-01,2024-09-01T12:12:24+00:00,2024-09-02T01:02:18+00:00,2024-09-01T18:37:21+00:00,46194,2024-09-01T11:48:51+00:00,2024-09-02T01:25:51+00:00,2024-09-01T11:19:35+00:00,2024-09-02T01:55:07+00:00,2024-09-01T10:49:37+00:00,2024-09-02T02:25:05+00:00
2024-09-02,2024-09-02T12:13:01+00:00,2024-09-03T01:01:03+00:00,2024-09-02T18:37:02+00:00,46082,2024-09-02T11:49:29+00:00,2024-09-03T01:24:34+00:00,2024-09-02T11:20:17+00:00,2024-09-03T01:53:46+00:00,2024-09-02T10:50:24+00:00,2024-09-03T02:23:39+00:00
2024-09-03,2024-09-03T12:13:37+00:00,2024-09-04T00:59:47+00:00,2024-09-03T18:36:42+00:00,45970,2024-09-03T11:50:08+00:00,2024-09-04T01:23:16+00:00,2024-09-03T11:20:59+00:00,2024-09-04T01:52:25+00:00,2024-09-03T10:51:11+00:00,2024-09-04T02:22:12+00:00
2024-09-04,2024-09-04T12:14:13+00:00,2024-09-05T00:58:30+00:00,2024-09-04T18:36:22+00:00,45857,2024-09-04T11:50:46+00:00,2024-09-05T01:21:57+00:00,2024-09-04T11:21:41+00:00,2024-09-05T01:51:03+00:00,2024-09-04T10:51:58+00:00,2024-09-05T02:20:46+00:00
2024-09-05,2024-09-05T12:14:50+00:00,2024-09-06T00:57:14+00:00,2024-09-05T18:36:02+00:00,45744,2024-09-05T11:51:25+00:00,2024-09-06T01:20:39+00:00,2024-09-05T11:22:23+00:00,2024-09-06T01:49:41+00:00,2024-09-05T10:52:44+00:00,2024-09-06T02:19:19+00:00
2024-09-06,2024-09-06T12:15:26+00:00,2024-09-07T00:55:57+00:00,2024-09-06T18:35:41+00:00,45631,2024-09-06T11:52:03+00:00,2024-09-07T01:19:20+00:00,2024-09-06T11:23:04+00:00,2024-09-07T01:48:19+00:00,2024-09-06T10:53:30+00:00,2024-09-07T02:17:52+00:00
2024-09-07,2024-09-07T12:16:02+00:00,2024-09-08T00:54:39+00:00,2024-09-07T18:35:21+00:00,45517,2024-09-07T11:52:41+00:00,2024-09-08T01:18:01+00:00,2024-09-07T11:23:45+00:00,2024-09-08T01:46:56+00:00,2024-09-07T10:54:16+00:00,2024-09-08T02:16:25+00:00
2024-09-08,2024-09-08T12:16:38+00:00,2024-09-09T00:53:22+00:00,2024-09-08T18:35:00+00:00,45404,2024-09-08T11:53:19+00:00,2024-09-09T01:16:41+00:00,2024-09-08T11:24:26+00:00,2024-09-09T01:45:34+00:00,2024-09-08T10:55:01+00:00,2024-09-09T02:14:59+00:00
2024-09-09,2024-09-09T12:17:14+00:00,2024-09-10T00:52:04+00:00,2024-09-09T18:34:39+00:00,45290,2024-09-09T11:53:56+00:00,2024-09-10T01:15:22+00:00,2024-09-09T11:25:07+00:00,2024-09-10T01:44:11+00:00,2024-09-09T10:55:46+00:00,2024-09-10T02:13:32+00:00
2024-09-10,2024-09-10T12:17:51+00:00,2024-09-11T00:50:45+00:00,2024-09-10T18:34:18+00:00,45174,2024-09-10T11:54:34+00:00,2024-09-11T01:14:02+00:00,2024-09-10T11:25:47+00:00,2024-09-11T01:42:49+00:00,2024-09-10T10:56:31+00:00,2024-09-11T02:12:05+00:00
2024-09-11,2024-09-11T12:18:27+00:00,2024-09-12T00:49:27+00:00,2024-09-11T18:33:57+00:00,45060,2024-09-11T11:55:12+00:00,2024-09-12T01:12:42+00:00,2024-09-11T11:26:27+00:00,2024-09-12T01:41:26+00:00,2024-09-11T10:57:15+00:00,2024-09-12T02:10:39+00:00
2024-09-12,2024-09-12T12:19:03+00:00,2024-09-13T00:48:08+00:00,2024-09-12T18:33:36+00:00,44945,2024-09-12T11:55:49+00:00,2024-09-13T01:11:22+00:00,2024-09-12T11:27:07+00:00,2024-09-13T01:40:04+00:00,2024-09-12T10:57:59+00:00,2024-09-13T02:09:13+00:00
2024-09-13,2024-09-13T12:19:39+00:00,2024-09-14T00:46:50+00:00,2024-09-13T18:33:14+00:00,44831,2024-09-13T11:56:26+00:00,2024-09-14T01:10:02+00:00,2024-09-13T11:27:47+00:00,2024-09-14T01:38:41+00:00,2024-09-13T10:58:42+00:00,2024-09-14T02:07:46+00:00
2024-09-14,2024-09-14T12:20:15+00:00,2024-09-15T00:45:31+00:00,2024-09-14T18:32:53+00:00,44716,2024-09-14T11:57:04+00:00,2024-09-15T01:08:42+00:00,2024-09-14T11:28:27+00:00,2024-09-15T01:37:19+00:00,2024-09-14T10:59:25+00:00,2024-09-15T02:06:20+00:00
2024-09-15,2024-09-15T12:20:51+00:00,2024-09-16T00:44:12+00:00,2024-09-15T18:32:31+00:00,44601,2024-09-15T11:57:41+00:00,2024-09-16T01:07:22+00:00,2024-09-15T11:29:06+00:00,2024-09-16T01:35:57+00:00,2024-09-15T11:00:08+00:00,2024-09-16T02:04:55+00:00
2024-09-16,2024-09-16T12:21:27+00:00,2024-09-17T00:42:52+00:00,2024-09-16T18:32:10+00:00,44485,2024-09-16T11:58:18+00:00,2024-09-17T01:06:02+00:00,2024-09-16T11:29:45+00:00,2024-09-17T01:34:34+00:00,2024-09-16T11:00:51+00:00,2024-09-17T02:03:29+00:00
2024-09-17,2024-09-17T12:22:04+00:00,2024-09-18T00:41:33+00:00,2024-09-17T18:31:48+00:00,44369,2024-09-17T11:58:55+00:00,2024-09-18T01:04:42+00:00,2024-09-17T11:30:25+00:00,2024-09-18T01:33:12+00:00,2024-09-17T11:01:33+00:00,2024-09-18T02:02:04+00:00
2024-09-18,2024-09-18T12:22:40+00:00,2024-09-19T00:40:14+00:00,2024-09-18T18:31:27+00:00,44254,2024-09-18T11:59:33+00:00,2024-09-19T01:03:22+00:00,2024-09-18T11:31:04+00:00,2024-09-19T01:31:50+00:00,2024-09-18T11:02:15+00:00,2024-09-19T02:00:39+00:00
2024-09-19,2024-09-19T12:23:16+00:00,2024-09-20T00:38:55+00:00,2024-09-19T18:31:06+00:00,44139,2024-09-19T12:00:10+00:00,2024-09-20T01:02:02+00:00,2024-09-19T11:31:43+00:00,2024-09-20T01:30:29+00:00,2024-09-19T11:02:57+00:00,2024-09-20T01:59:15+00:00
2024-09-20,2024-09-20T12:23:53+00:00,2024-09-21T00:37:36+00:00,2024-09-20T18:30:44+00:00,44023,2024-09-20T12:00:47+00:00,2024-09-21T01:00:42+00:00,2024-09-20T11:32:21+00:00,2024-09-21T01:29:07+00:00,2024-09-20T11:03:38+00:00,2024-09-21T01:57:50+00:00
2024-09-21,2024-09-21T12:24:30+00:00,2024-09-22T00:36:17+00:00,2024-09-21T18:30:23+00:00,43907,2024-09-21T12:01:24+00:00,2024-09-22T00:59:22+00:00,2024-09-21T11:33:00+00:00,2024-09-22T01:27:46+00:00,2024-09-21T11:04:20+00:00,2024-09-22T01:56:27+00:00
2024-09-22,2024-09-22T12:25:06+00:00,2024-09-23T00:34:58+00:00,2024-09-22T18:30:02+00:00,43792,2024-09-22T12:02:01+00:00,2024-09-23T00:58:03+00:00,2024-09-22T11:33:39+00:00,2024-09-23T01:26:25+00:00,2024-09-22T11:05:01+00:00,2024-09-23T01:55:03+00:00
2024-09-23,2024-09-23T12:25:43+00:00,2024-09-24T00:33:39+00:00,2024-09-23T18:29:41+00:00,43676,2024-09-23T12:02:39+00:00,2024-09-24T00:56:43+00:00,2024-09-23T11:34:17+00:00,2024-09-24T01:25:05+00:00,2024-09-23T11:05:42+00:00,2024-09-24T01:53:40+00:00
2024-09-24,2024-09-24T12:26:20+00:00,2024-09-25T00:32:20+00:00,2024-09-24T18:29:20+00:00,43560,2024-09-24T12:03:16+00:00,2024-09-25T00:55:24+00:00,2024-09-24T11:34:56+00:00,2024-09-25T01:23:44+00:00,2024-09-24T11:06:22+00:00,2024-09-25T01:52:18+00:00
2024-09-25,2024-09-25T12:26:58+00:00,2024-09-26T00:31:01+00:00,2024-09-25T18:28:59+00:00,43443,2024-09-25T12:03:53+00:00,2024-09-26T00:54:05+00:00,2024-09-25T11:35:34+00:00,2024-09-26T01:22:25+00:00,2024-09-25T11:07:03+00:00,2024-09-26T01:50:56+00:00
2024-09-26,2024-09-26T12:27:35+00:00,2024-09-27T00:29:43+00:00,2024-09-26T18:28:39+00:00,43328,2024-09-26T12:04:31+00:00,2024-09-27T00:52:47+00:00,2024-09-26T11:36:13+00:00,2024-09-27T01:21:05+00:00,2024-09-26T11:07:43+00:00,2024-09-27T01:49:34+00:00
2024-09-27,2024-09-27T12:28:13+00:00,2024-09-28T00:28:25+00:00,2024-09-27T18:28:19+00:00,43212,2024-09-27T12:05:09+00:00,2024-09-28T00:51:29+00:00,2024-09-27T11:36:51+00:00,2024-09-28T01:19:46+00:00,2024-09-27T11:08:24+00:00,2024-09-28T01:48:14+00:00
2024-09-28,2024-09-28T12:28:50+00:00,2024-09-29T00:27:07+00:00,2024-09-28T18:27:59+00:00,43097,2024-09-28T12:05:46+00:00,2024-09-29T00:50:11+00:00,2024-09-28T11:37:30+00:00,2024-09-29T01:18:27+00:00,2024-09-28T11:09:04+00:00,2024-09-29T01:46:53+00:00
2024-09-29,2024-09-29T12:29:28+00:00,2024-09-30T00:25:49+00:00,2024-09-29T18:27:39+00:00,42981,2024-09-29T12:06:24+00:00,2024-09-30T00:48:53+00:00,2024-09-29T11:38:08+00:00,2024-09-30T01:17:09+00:00,2024-09-29T11:09:44+00:00,2024-09-30T01:45:34+00:00
2024-09-30,2024-09-30T12:30:07+00:00,2024-10-01T00:24:32+00:00,2024-09-30T18:27:19+00:00,42865,2024-09-30T12:07:02+00:00,2024-10-01T00:47:36+00:00,2024-09-30T11:38:47+00:00,2024-10-01T01:15:52+00:00,2024-09-30T11:10:24+00:00,2024-10-01T01:44:15+00:00
2024-10-01,2024-10-01T12:30:45+00:00,2024-10-02T00:23:15+00:00,2024-10-01T18:27:00+00:00,42750,2024-10-01T12:07:40+00:00,2024-10-02T00:46:20+00:00,2024-10-01T11:39:25+00:00,2024-10-02T01:14:35+00:00,2024-10-01T11:11:04+00:00,2024-10-02T01:42:56+00:00
2024-10-02,2024-10-02T12:31:24+00:00,2024-10-03T00:21:58+00:00,2024-10-02T18:26:41+00:00,42634,2024-10-02T12:08:19+00:00,2024-10-03T00:45:04+00:00,2024-10-02T11:40:04+00:00,2024-10-03T01:13:18+00:00,2024-10-02T11:11:43+00:00,2024-10-03T01:41:39+00:00
2024-10-03,2024-10-03T12:32:03+00:00,2024-10-04T00:20:42+00:00,2024-10-03T18:26:22+00:00,42519,2024-10-03T12:08:57+00:00,2024-10-04T00:43:48+00:00,2024-10-03T11:40:42+00:00,2024-10-04T01:12:03+00:00,2024-10-03T11:12:23+00:00,2024-10-04T01:40:22+00:00
2024-10-04,2024-10-04T12:32:42+00:00,2024-10-05T00:19:26+00:00,2024-10-04T18:26:04+00:00,42404,2024-10-04T12:09:36+00:00,2024-10-05T00:42:33+00:00,2024-10-04T11:41:21+00:00,2024-10-05T01:10:47+00:00,2024-10-04T11:13:03+00:00,2024-10-05T01:39:06+00:00
2024-10-05,2024-10-05T12:33:21+00:00,2024-10-06T00:18:11+00:00,2024-10-05T18:25:46+00:00,42290,2024-10-05T12:10:14+00:00,2024-10-06T00:41:18+00:00,2024-10-05T11:42:00+00:00,2024-10-06T01:09:33+00:00,2024-10-05T11:13:42+00:00,2024-10-06T01:37:50+00:00
2024-10-06,2024-10-06T12:34:01+00:00,2024-10-07T00:16:56+00:00,2024-10-06T18:25:29+00:00,42175,2024-10-06T12:10:53+00:00,2024-10-07T00:40:04+00:00,2024-10-06T11:42:39+00:00,2024-10-07T01:08:19+00:00,2024-10-06T11:14:22+00:00,2024-10-07T01:36:35+00:00
2024-10-07,2024-10-07T12:34:41+00:00,2024-10-08T00:15:42+00:00,2024-10-07T18:25:12+00:00,42061,2024-10-07T12:11:33+00:00,2024-10-08T00:38:50+00:00,2024-10-07T11:43:18+00:00,2024-10-08T01:07:06+00:00,2024-10-07T11:15:02+00:00,2024-10-08T01:35:22+00:00
2024-10-08,2024-10-08T12:35:22+00:00,2024-10-09T00:14:28+00:00,2024-10-08T18:24:55+00:00,41946,2024-10-08T12:12:12+00:00,2024-10-09T00:37:38+00:00,2024-10-08T11:43:57+00:00,2024-10-09T01:05:53+00:00,2024-10-08T11:15:41+00:00,2024-10-09T01:34:09+00:00
2024-10-09,2024-10-09T12:36:02+00:00,2024-10-10T00:13:15+00:00,2024-10-09T18:24:39+00:00,41833,2024-10-09T12:12:52+00:00,2024-10-10T00:36:25+00:00,2024-10-09T11:44:36+00:00,2024-10-10T01:04:41+00:00,2024-10-09T11:16:21+00:00,2024-10-10T01:32:57+00:00
2024-10-10,2024-10-10T12:36:44+00:00,2024-10-11T00:12:02+00:00,2024-10-10T18:24:23+00:00,41718,2024-10-10T12:13:32+00:00,2024-10-11T00:35:14+00:00,2024-10-10T11:45:15+00:00,2024-10-11T01:03:31+00:00,2024-10-10T11:17:00+00:00,2024-10-11T01:31:45+00:00
2024-10-11,2024-10-11T12:37:25+00:00,2024-10-12T00:10:50+00:00,2024-10-11T18:24:08+00:00,41605,2024-10-11T12:14:12+00:00,2024-10-12T00:34:03+00:00,2024-10-11T11:45:55+00:00,2024-10-12T01:02:20+00:00,2024-10-11T11:17:40+00:00,2024-10-12T01:30:35+00:00
2024-10-12,2024-10-12T12:38:07+00:00,2024-10-13T00:09:39+00:00,2024-10-12T18:23:53+00:00,41492,2024-10-12T12:14:53+00:00,2024-10-13T00:32:53+00:00,2024-10-12T11:46:35+00:00,2024-10-13T01:01:11+00:00,2024-10-12T11:18:20+00:00,2024-10-13T01:29:26+00:00
2024-10-13,2024-10-13T12:38:49+00:00,2024-10-14T00:08:29+00:00,2024-10-13T18:23:39+00:00,41380,2024-10-13T12:15:33+00:00,2024-10-14T00:31:44+00:00,2024-10-13T11:47:15+00:00,2024-10-14T01:00:03+00:00,2024-10-13T11:19:00+00:00,2024-10-14T01:28:17+00:00
2024-10-14,2024-10-14T12:39:31+00:00,2024-10-15T00:07:19+00:00,2024-10-14T18:23:25+00:00,41268,2024-10-14T12:16:14+00:00,2024-10-15T00:30:35+00:00,2024-10-14T11:47:55+00:00,2024-10-15T00:58:55+00:00,2024-10-14T11:19:40+00:00,2024-10-15T01:27:10+00:00
2024-10-15,2024-10-15T12:40:14+00:00,2024-10-16T00:06:10+00:00,2024-10-15T18:23:12+00:00,41156,2024-10-15T12:16:56+00:00,2024-10-16T00:29:28+00:00,2024-10-15T11:48:35+00:00,2024-10-16T00:57:49+00:00,2024-10-15T11:20:20+00:00,2024-10-16T01:26:04+00:00
2024-10-16,2024-10-16T12:40:57+00:00,2024-10-17T00:05:01+00:00,2024-10-16T18:22:59+00:00,41044,2024-10-16T12:17:37+00:00,2024-10-17T00:28:21+00:00,2024-10-16T11:49:15+00:00,2024-10-17T00:56:43+00:00,2024-10-16T11:21:00+00:00,2024-10-17T01:24:58+00:00
2024-10-17,2024-10-17T12:41:41+00:00,2024-10-18T00:03:54+00:00,2024-10-17T18:22:47+00:00,40933,2024-10-17T12:18:19+00:00,2024-10-18T00:27:15+00:00,2024-10-17T11:49:56+00:00,2024-10-18T00:55:38+00:00,2024-10-17T11:21:40+00:00,2024-10-18T01:23:54+00:00
2024-10-18,2024-10-18T12:42:25+00:00,2024-10-19T00:02:47+00:00,2024-10-18T18:22:36+00:00,40822,2024-10-18T12:19:02+00:00,2024-10-19T00:26:10+00:00,2024-10-18T11:50:37+00:00,2024-10-19T00:54:35+00:00,2024-10-18T11:22:21+00:00,2024-10-19T01:22:51+00:00
2024-10-19,2024-10-19T12:43:09+00:00,2024-10-20T00:01:41+00:00,2024-10-19T18:22:25+00:00,40712,2024-10-19T12:19:44+00:00,2024-10-20T00:25:06+00:00,2024-10-19T11:51:18+00:00,2024-10-20T00:53:32+00:00,2024-10-19T11:23:01+00:00,2024-10-20T01:21:49+00:00
2024-10-20,2024-10-20T12:43:54+00:00,2024-10-21T00:00:36+00:00,2024-10-20T18:22:15+00:00,40602,2024-10-20T12:20:27+00:00,2024-10-21T00:24:03+00:00,2024-10-20T11:52:00+00:00,2024-10-21T00:52:31+00:00,2024-10-20T11:23:42+00:00,2024-10-21T01:20:48+00:00
2024-10-21,2024-10-21T12:44:39+00:00,2024-10-21T23:59:32+00:00,2024-10-21T18:22:06+00:00,40493,2024-10-21T12:21:10+00:00,2024-10-22T00:23:01+00:00,2024-10-21T11:52:41+00:00,2024-10-22T00:51:30+00:00,2024-10-21T11:24:23+00:00,2024-10-22T01:19:49+00:00
2024-10-22,2024-10-22T12:45:25+00:00,2024-10-22T23:58:29+00:00,2024-10-22T18:21:57+00:00,40384,2024-10-22T12:21:54+00:00,2024-10-23T00:22:00+00:00,2024-10-22T11:53:23+00:00,2024-10-23T00:50:31+00:00,2024-10-22T11:25:04+00:00,2024-10-23T01:18:50+00:00
2024-10-23,2024-10-23T12:46:10+00:00,2024-10-23T23:57:27+00:00,2024-10-23T18:21:49+00:00,40277,2024-10-23T12:22:38+00:00,2024-10-24T00:21:00+00:00,2024-10-23T11:54:05+00:00,2024-10-24T00:49:33+00:00,2024-10-23T11:25:45+00:00,2024-10-24T01:17:53+00:00
2024-10-24,2024-10-24T12:46:57+00:00,2024-10-24T23:56:26+00:00,2024-10-24T18:21:41+00:00,40169,2024-10-24T12:23:22+00:00,2024-10-25T00:20:01+00:00,2024-10-24T11:54:47+00:00,2024-10-25T00:48:35+00:00,2024-10-24T11:26:26+00:00,2024-10-25T01:16:57+00:00
2024-10-25,2024-10-25T12:47:43+00:00,2024-10-25T23:55:26+00:00,2024-10-25T18:21:35+00:00,40063,2024-10-25T12:24:07+00:00,2024-10-26T00:19:03+00:00,2024-10-25T11:55:30+00:00,2024-10-26T00:47:40+00:00,2024-10-25T11:27:08+00:00,2024-10-26T01:16:02+00:00
2024-10-26,2024-10-26T12:48:30+00:00,2024-10-26T23:54:27+00:00,2024-10-26T18:21:29+00:00,39957,2024-10-26T12:24:51+00:00,2024-10-27T00:18:06+00:00,2024-10-26T11:56:13+00:00,2024-10-27T00:46:45+00:00,2024-10-26T11:27:49+00:00,2024-10-27T01:15:09+00:00
2024-10-27,2024-10-27T12:49:18+00:00,2024-10-27T23:53:30+00:00,2024-10-27T18:21:24+00:00,39852,2024-10-27T12:25:37+00:00,2024-10-28T00:17:11+00:00,2024-10-27T11:56:56+00:00,2024-10-28T00:45:51+00:00,2024-10-27T11:28:31+00:00,2024-10-28T01:14:16+00:00
2024-10-28,2024-10-28T12:50:06+00:00,2024-10-28T23:52:33+00:00,2024-10-28T18:21:19+00:00,39747,2024-10-28T12:26:22+00:00,2024-10-29T00:16:17+00:00,2024-10-28T11:57:40+00:00,2024-10-29T00:44:59+00:00,2024-10-28T11:29:13+00:00,2024-10-29T01:13:26+00:00
2024-10-29,2024-10-29T12:50:54+00:00,2024-10-29T23:51:37+00:00,2024-10-29T18:21:16+00:00,39643,2024-10-29T12:27:08+00:00,2024-10-30T00:15:23+00:00,2024-10-29T11:58:23+00:00,2024-10-30T00:44:08+00:00,2024-10-29T11:29:55+00:00,2024-10-30T01:12:36+00:00
2024-10-30,2024-10-30T12:51:43+00:00,2024-10-30T23:50:43+00:00,2024-10-30T18:21:13+00:00,39540,2024-10-30T12:27:54+00:00,2024-10-31T00:14:32+00:00,2024-10-30T11:59:07+00:00,2024-10-31T00:43:19+00:00,2024-10-30T11:30:38+00:00,2024-10-31T01:11:48+00:00
2024-10-31,2024-10-31T12:52:31+00:00,2024-10-31T23:49:50+00:00,2024-10-31T18:21:11+00:00,39439,2024-10-31T12:28:41+00:00,2024-11-01T00:13:41+00:00,2024-10-31T11:59:51+00:00,2024-11-01T00:42:30+00:00,2024-10-31T11:31:20+00:00,2024-11-01T01:11:01+00:00
2024-11-01,2024-11-01T12:53:21+00:00,2024-11-01T23:48:58+00:00,2024-11-01T18:21:09+00:00,39337,2024-11-01T12:29:27+00:00,2024-11-02T00:12:52+00:00,2024-11-01T12:00:36+00:00,2024-11-02T00:41:43+00:00,2024-11-01T11:32:03+00:00,2024-11-02T01:10:16+00:00
2024-11-02,2024-11-02T12:54:10+00:00,2024-11-02T23:48:08+00:00,2024-11-02T18:21:09+00:00,39238,2024-11-02T12:30:14+00:00,2024-11-03T00:12:04+00:00,2024-11-02T12:01:20+00:00,2024-11-03T00:40:58+00:00,2024-11-02T11:32:46+00:00,2024-11-03T01:09:32+00:00
2024-11-03,2024-11-03T12:55:00+00:00,2024-11-03T23:47:18+00:00,2024-11-03T18:21:09+00:00,39138,2024-11-03T12:31:02+00:00,2024-11-04T00:11:17+00:00,2024-11-03T12:02:05+00:00,2024-11-04T00:40:13+00:00,2024-11-03T11:33:29+00:00,2024-11-04T01:08:49+00:00
2024-11-04,2024-11-04T12:55:50+00:00,2024-11-04T23:46:31+00:00,2024-11-04T18:21:10+00:00,39041,2024-11-04T12:31:49+00:00,2024-11-05T00:10:32+00:00,2024-11-04T12:02:50+00:00,2024-11-05T00:39:31+00:00,2024-11-04T11:34:13+00:00,2024-11-05T01:08:08+00:00
2024-11-05,2024-11-05T12:56:41+00:00,2024-11-05T23:45:44+00:00,2024-11-05T18:21:12+00:00,38943,2024-11-05T12:32:37+00:00,2024-11-06T00:09:48+00:00,2024-11-05T12:03:36+00:00,2024-11-06T00:38:49+00:00,2024-11-05T11:34:56+00:00,2024-11-06T01:07:29+00:00
2024-11-06,2024-11-06T12:57:32+00:00,2024-11-06T23:44:59+00:00,2024-11-06T18:21:15+00:00,38847,2024-11-06T12:33:25+00:00,2024-11-07T00:09:05+00:00,2024-11-06T12:04:21+00:00,2024-11-07T00:38:09+00:00,2024-11-06T11:35:40+00:00,2024-11-07T01:06:51+00:00
2024-11-07,2024-11-07T12:58:23+00:00,2024-11-07T23:44:15+00:00,2024-11-07T18:21:19+00:00,38752,2024-11-07T12:34:14+00:00,2024-11-08T00:08:24+00:00,2024-11-07T12:05:07+00:00,2024-11-08T00:37:31+00:00,2024-11-07T11:36:24+00:00,2024-11-08T01:06:14+00:00
2024-11-08,2024-11-08T12:59:14+00:00,2024-11-08T23:43:33+00:00,2024-11-08T18:21:24+00:00,38659,2024-11-08T12:35:02+00:00,2024-11-09T00:07:45+00:00,2024-11-08T12:05:53+00:00,2024-11-09T00:36:54+00:00,2024-11-08T11:37:08+00:00,2024-11-09T01:05:39+00:00
2024-11-09,2024-11-09T13:00:06+00:00,2024-11-09T23:42:52+00:00,2024-11-09T18:21:29+00:00,38566,2024-11-09T12:35:51+00:00,2024-11-10T00:07:07+00:00,2024-11-09T12:06:39+00:00,2024-11-10T00:36:18+00:00,2024-11-09T11:37:52+00:00,2024-11-10T01:05:05+00:00
2024-11-10,2024-11-10T13:00:57+00:00,2024-11-10T23:42:13+00:00,2024-11-10T18:21:35+00:00,38476,2024-11-10T12:36:40+00:00,2024-11-11T00:06:30+00:00,2024-11-10T12:07:26+00:00,2024-11-11T00:35:44+00:00,2024-11-10T11:38:37+00:00,2024-11-11T01:04:34+00:00
2024-11-11,2024-11-11T13:01:49+00:00,2024-11-11T23:41:35+00:00,2024-11-11T18:21:42+00:00,38386,2024-11-11T12:37:29+00:00,2024-11-12T00:05:55+00:00,2024-11-11T12:08:12+00:00,2024-11-12T00:35:12+00:00,2024-11-11T11:39:21+00:00,2024-11-12T01:04:03+00:00
2024-11-12,2024-11-12T13:02:41+00:00,2024-11-12T23:40:59+00:00,2024-11-12T18:21:50+00:00,38298,2024-11-12T12:38:19+00:00,2024-11-13T00:05:21+00:00,2024-11-12T12:08:59+00:00,2024-11-13T00:34:41+00:00,2024-11-12T11:40:06+00:00,2024-11-13T01:03:34+00:00
2024-11-13,2024-11-13T13:03:34+00:00,2024-11-13T23:40:24+00:00,2024-11-13T18:21:59+00:00,38210,2024-11-13T12:39:08+00:00,2024-11-14T00:04:49+00:00,2024-11-13T12:09:46+00:00,2024-11-14T00:34:12+00:00,2024-11-13T11:40:51+00:00,2024-11-14T01:03:07+00:00
2024-11-14,2024-11-14T13:04:26+00:00,2024-11-14T23:39:51+00:00,2024-11-14T18:22:08+00:00,38125,2024-11-14T12:39:58+00:00,2024-11-15T00:04:19+00:00,2024-11-14T12:10:33+00:00,2024-11-15T00:33:44+00:00,2024-11-14T11:41:35+00:00,2024-11-15T01:02:41+00:00
2024-11-15,2024-11-15T13:05:19+00:00,2024-11-15T23:39:19+00:00,2024-11-15T18:22:19+00:00,38040,2024-11-15T12:40:48+00:00,2024-11-16T00:03:50+00:00,2024-11-15T12:11:20+00:00,2024-11-16T00:33:18+00:00,2024-11-15T11:42:20+00:00,2024-11-16T01:02:17+00:00
2024-11-16,2024-11-16T13:06:11+00:00,2024-11-16T23:38:49+00:00,2024-11-16T18:22:30+00:00,37958,2024-11-16T12:41:37+00:00,2024-11-17T00:03:23+00:00,2024-11-16T12:12:07+00:00,2024-11-17T00:32:54+00:00,2024-11-16T11:43:05+00:00,2024-11-17T01:01:55+00:00
2024-11-17,2024-11-17T13:07:04+00:00,2024-11-17T23:38:21+00:00,2024-11-17T18:22:42+00:00,37877,2024-11-17T12:42:27+00:00,2024-11-18T00:02:57+00:00,2024-11-17T12:12:54+00:00,2024-11-18T00:32:31+00:00,2024-11-17T11:43:50+00:00,2024-11-18T01:01:34+00:00
2024-11-18,2024-11-18T13:07:56+00:00,2024-11-18T23:37:54+00:00,2024-11-18T18:22:55+00:00,37798,2024-11-18T12:43:17+00:00,2024-11-19T00:02:34+00:00,2024-11-18T12:13:41+00:00,2024-11-19T00:32:09+00:00,2024-11-18T11:44:35+00:00,2024-11-19T01:01:15+00:00
2024-11-19,2024-11-19T13:08:49+00:00,2024-11-19T23:37:29+00:00,2024-11-19T18:23:09+00:00,37720,2024-11-19T12:44:07+00:00,2024-11-20T00:02:11+00:00,2024-11-19T12:14:28+00:00,2024-11-20T00:31:50+00:00,2024-11-19T11:45:20+00:00,2024-11-20T01:00:57+00:00
2024-11-20,2024-11-20T13:09:41+00:00,2024-11-20T23:37:06+00:00,2024-11-20T18:23:24+00:00,37645,2024-11-20T12:44:56+00:00,2024-11-21T00:01:51+00:00,2024-11-20T12:15:15+00:00,2024-11-21T00:31:32+00:00,2024-11-20T11:46:06+00:00,2024-11-21T01:00:42+00:00
2024-11-21,2024-11-21T13:10:33+00:00,2024-11-21T23:36:45+00:00,2024-11-21T18:23:39+00:00,37572,2024-11-21T12:45:46+00:00,2024-11-22T00:01:32+00:00,2024-11-21T12:16:02+00:00,2024-11-22T00:31:16+00:00,2024-11-21T11:46:51+00:00,2024-11-22T01:00:27+00:00
2024-11-22,2024-11-22T13:11:25+00:00,2024-11-22T23:36:25+00:00,2024-11-22T18:23:55+00:00,37500,2024-11-22T12:46:36+00:00,2024-11-23T00:01:15+00:00,2024-11-22T12:16:49+00:00,2024-11-23T00:31:01+00:00,2024-11-22T11:47:36+00:00,2024-11-23T01:00:15+00:00
2024-11-23,2024-11-23T13:12:17+00:00,2024-11-23T23:36:07+00:00,2024-11-23T18:24:12+00:00,37430,2024-11-23T12:47:25+00:00,2024-11-24T00:00:59+00:00,2024-11-23T12:17:36+00:00,2024-11-24T00:30:48+00:00,2024-11-23T11:48:21+00:00,2024-11-24T01:00:04+00:00
2024-11-24,2024-11-24T13:13:09+00:00,2024-11-24T23:35:50+00:00,2024-11-24T18:24:30+00:00,37361,2024-11-24T12:48:14+00:00,2024-11-25T00:00:45+00:00,2024-11-24T12:18:23+00:00,2024-11-25T00:30:37+00:00,2024-11-24T11:49:05+00:00,2024-11-25T00:59:54+00:00
2024-11-25,2024-11-25T13:14:01+00:00,2024-11-25T23:35:36+00:00,2024-11-25T18:24:48+00:00,37295,2024-11-25T12:49:04+00:00,2024-11-26T00:00:33+00:00,2024-11-25T12:19:10+00:00,2024-11-26T00:30:27+00:00,2024-11-25T11:49:50+00:00,2024-11-26T00:59:47+00:00
2024-11-26,2024-11-26T13:14:52+00:00,2024-11-26T23:35:23+00:00,2024-11-26T18:25:08+00:00,37231,2024-11-26T12:49:52+00:00,2024-11-27T00:00:23+00:00,2024-11-26T12:19:56+00:00,2024-11-27T00:30:19+00:00,2024-11-26T11:50:35+00:00,2024-11-27T00:59:40+00:00
2024-11-27,2024-11-27T13:15:43+00:00,2024-11-27T23:35:12+00:00,2024-11-27T18:25:27+00:00,37169,2024-11-27T12:50:41+00:00,2024-11-28T00:00:14+00:00,2024-11-27T12:20:42+00:00,2024-11-28T00:30:13+00:00,2024-11-27T11:51:19+00:00,2024-11-28T00:59:36+00:00
2024-11-28,2024-11-28T13:16:33+00:00,2024-11-28T23:35:03+00:00,2024-11-28T18:25:48+00:00,37110,2024-11-28T12:51:29+00:00,2024-11-29T00:00:07+00:00,2024-11-28T12:21:28+00:00,2024-11-29T00:30:08+00:00,2024-11-28T11:52:03+00:00,2024-11-29T00:59:33+00:00
2024-11-29,2024-11-29T13:17:24+00:00,2024-11-29T23:34:55+00:00,2024-11-29T18:26:09+00:00,37051,2024-11-29T12:52:17+00:00,2024-11-30T00:00:02+00:00,2024-11-29T12:22:14+00:00,2024-11-30T00:30:05+00:00,2024-11-29T11:52:47+00:00,2024-11-30T00:59:32+00:00
2024-11-30,2024-11-30T13:18:13+00:00,2024-11-30T23:34:50+00:00,2024-11-30T18:26:31+00:00,36997,2024-11-30T12:53:05+00:00,2024-11-30T23:59:58+00:00,2024-11-30T12:22:59+00:00,2024-12-01T00:30:04+00:00,2024-11-30T11:53:31+00:00,2024-12-01T00:59:32+00:00
2024-12-01,2024-12-01T13:19:02+00:00,2024-12-01T23:34:46+00:00,2024-12-01T18:26:54+00:00,36944,2024-12-01T12:53:52+00:00,2024-12-01T23:59:57+00:00,2024-12-01T12:23:44+00:00,2024-12-02T00:30:04+00:00,2024-12-01T11:54:14+00:00,2024-12-02T00:59:34+00:00
2024-12-02,2024-12-02T13:19:51+00:00,2024-12-02T23:34:44+00:00,2024-12-02T18:27:17+00:00,36893,2024-12-02T12:54:38+00:00,2024-12-02T23:59:56+00:00,2024-12-02T12:24:29+00:00,2024-12-03T00:30:06+00:00,2024-12-02T11:54:57+00:00,2024-12-03T00:59:38+00:00
2024-12-03,2024-12-03T13:20:39+00:00,2024-12-03T23:34:44+00:00,2024-12-03T18:27:41+00:00,36845,2024-12-03T12:55:24+00:00,2024-12-03T23:59:58+00:00,2024-12-03T12:25:13+00:00,2024-12-04T00:30:09+00:00,2024-12-03T11:55:40+00:00,2024-12-04T00:59:43+00:00
2024-12-04,2024-12-04T13:21:26+00:00,2024-12-04T23:34:45+00:00,2024-12-04T18:28:06+00:00,36799,2024-12-04T12:56:10+00:00,2024-12-05T00:00:01+00:00,2024-12-04T12:25:57+00:00,2024-12-05T00:30:14+00:00,2024-12-04T11:56:22+00:00,2024-12-05T00:59:50+00:00
2024-12-05,2024-12-05T13:22:13+00:00,2024-12-05T23:34:48+00:00,2024-12-05T18:28:31+00:00,36755,2024-12-05T12:56:55+00:00,2024-12-06T00:00:06+00:00,2024-12-05T12:26:40+00:00,2024-12-06T00:30:21+00:00,2024-12-05T11:57:04+00:00,2024-12-06T00:59:58+00:00
2024-12-06,2024-12-06T13:22:59+00:00,2024-12-06T23:34:53+00:00,2024-12-06T18:28:56+00:00,36714,2024-12-06T12:57:39+00:00,2024-12-07T00:00:13+00:00,2024-12-06T12:27:23+00:00,2024-12-07T00:30:30+00:00,2024-12-06T11:57:45+00:00,2024-12-07T01:00:07+00:00
2024-12-07,2024-12-07T13:23:44+00:00,2024-12-07T23:35:00+00:00,2024-12-07T18:29:22+00:00,36676,2024-12-07T12:58:23+00:00,2024-12-08T00:00:22+00:00,2024-12-07T12:28:05+00:00,2024-12-08T00:30:40+00:00,2024-12-07T11:58:26+00:00,2024-12-08T01:00:19+00:00
2024-12-08,2024-12-08T13:24:29+00:00,2024-12-08T23:35:09+00:00,2024-12-08T18:29:49+00:00,36640,2024-12-08T12:59:06+00:00,2024-12-09T00:00:32+00:00,2024-12-08T12:28:46+00:00,2024-12-09T00:30:51+00:00,2024-12-08T11:59:06+00:00,2024-12-09T01:00:31+00:00
2024-12-09,2024-12-09T13:25:12+00:00,2024-12-09T23:35:19+00:00,2024-12-09T18:30:16+00:00,36607,2024-12-09T12:59:48+00:00,2024-12-10T00:00:43+00:00,2024-12-09T12:29:27+00:00,2024-12-10T00:31:04+00:00,2024-12-09T11:59:46+00:00,2024-12-10T01:00:46+00:00
2024-12-10,2024-12-10T13:25:55+00:00,2024-12-10T23:35:31+00:00,2024-12-10T18:30:43+00:00,36576,2024-12-10T13:00:30+00:00,2024-12-11T00:00:57+00:00,2024-12-10T12:30:07+00:00,2024-12-11T00:31:19+00:00,2024-12-10T12:00:25+00:00,2024-12-11T01:01:01+00:00
2024-12-11,2024-12-11T13:26:37+00:00,2024-12-11T23:35:45+00:00,2024-12-11T18:31:11+00:00,36548,2024-12-11T13:01:10+00:00,2024-12-12T00:01:12+00:00,2024-12-11T12:30:47+00:00,2024-12-12T00:31:35+00:00,2024-12-11T12:01:03+00:00,2024-12-12T01:01:18+00:00
2024-12-12,2024-12-12T13:27:17+00:00,2024-12-12T23:36:00+00:00,2024-12-12T18:31:39+00:00,36523,2024-12-12T13:01:50+00:00,2024-12-13T00:01:28+00:00,2024-12-12T12:31:25+00:00,2024-12-13T00:31:52+00:00,2024-12-12T12:01:41+00:00,2024-12-13T01:01:37+00:00
2024-12-13,2024-12-13T13:27:57+00:00,2024-12-13T23:36:18+00:00,2024-12-13T18:32:07+00:00,36501,2024-12-13T13:02:29+00:00,2024-12-14T00:01:46+00:00,2024-12-13T12:32:03+00:00,2024-12-14T00:32:12+00:00,2024-12-13T12:02:18+00:00,2024-12-14T01:01:56+00:00
2024-12-14,2024-12-14T13:28:36+00:00,2024-12-14T23:36:36+00:00,2024-12-14T18:32:36+00:00,36480,2024-12-14T13:03:06+00:00,2024-12-15T00:02:06+00:00,2024-12-14T12:32:40+00:00,2024-12-15T00:32:32+00:00,2024-12-14T12:02:55+00:00,2024-12-15T01:02:18+00:00
2024-12-15,2024-12-15T13:29:13+00:00,2024-12-15T23:36:57+00:00,2024-12-15T18:33:05+00:00,36464,2024-12-15T13:03:43+00:00,2024-12-16T00:02:27+00:00,2024-12-15T12:33:16+00:00,2024-12-16T00:32:54+00:00,2024-12-15T12:03:30+00:00,2024-12-16T01:02:40+00:00
2024-12-16,2024-12-16T13:29:50+00:00,2024-12-16T23:37:19+00:00,2024-12-16T18:33:34+00:00,36449,2024-12-16T13:04:19+00:00,2024-12-17T00:02:50+00:00,2024-12-16T12:33:51+00:00,2024-12-17T00:33:17+00:00,2024-12-16T12:04:05+00:00,2024-12-17T01:03:04+00:00
2024-12-17,2024-12-17T13:30:25+00:00,2024-12-17T23:37:42+00:00,2024-12-17T18:34:04+00:00,36437,2024-12-17T13:04:53+00:00,2024-12-18T00:03:14+00:00,2024-12-17T12:34:26+00:00,2024-12-18T00:33:42+00:00,2024-12-17T12:04:38+00:00,2024-12-18T01:03:29+00:00
2024-12-18,2024-12-18T13:30:59+00:00,2024-12-18T23:38:08+00:00,2024-12-18T18:34:33+00:00,36429,2024-12-18T13:05:27+00:00,2024-12-19T00:03:39+00:00,2024-12-18T12:34:59+00:00,2024-12-19T00:34:08+00:00,2024-12-18T12:05:11+00:00,2024-12-19T01:03:55+00:00
2024-12-19,2024-12-19T13:31:31+00:00,2024-12-19T23:38:34+00:00,2024-12-19T18:35:03+00:00,36423,2024-12-19T13:05:59+00:00,2024-12-20T00:04:06+00:00,2024-12-19T12:35:31+00:00,2024-12-20T00:34:35+00:00,2024-12-19T12:05:43+00:00,2024-12-20T01:04:22+00:00
2024-12-20,2024-12-20T13:32:03+00:00,2024-12-20T23:39:03+00:00,2024-12-20T18:35:33+00:00,36420,2024-12-20T13:06:31+00:00,2024-12-21T00:04:35+00:00,2024-12-20T12:36:02+00:00,2024-12-21T00:35:03+00:00,2024-12-20T12:06:14+00:00,2024-12-21T01:04:51+00:00
2024-12-21,2024-12-21T13:32:33+00:00,2024-12-21T23:39:32+00:00,2024-12-21T18:36:02+00:00,36419,2024-12-21T13:07:01+00:00,2024-12-22T00:05:04+00:00,2024-12-21T12:36:32+00:00,2024-12-22T00:35:33+00:00,2024-12-21T12:06:44+00:00,2024-12-22T01:05:21+00:00
2024-12-22,2024-12-22T13:33:01+00:00,2024-12-22T23:40:03+00:00,2024-12-22T18:36:32+00:00,36422,2024-12-22T13:07:29+00:00,2024-12-23T00:05:35+00:00,2024-12-22T12:37:01+00:00,2024-12-23T00:36:04+00:00,2024-12-22T12:07:13+00:00,2024-12-23T01:05:52+00:00
2024-12-23,2024-12-23T13:33:28+00:00,2024-12-23T23:40:36+00:00,2024-12-23T18:37:02+00:00,36428,2024-12-23T13:07:57+00:00,2024-12-24T00:06:08+00:00,2024-12-23T12:37:28+00:00,2024-12-24T00:36:36+00:00,2024-12-23T12:07:41+00:00,2024-12-24T01:06:23+00:00
2024-12-24,2024-12-24T13:33:54+00:00,2024-12-24T23:41:10+00:00,2024-12-24T18:37:32+00:00,36436,2024-12-24T13:08:23+00:00,2024-12-25T00:06:41+00:00,2024-12-24T12:37:55+00:00,2024-12-25T00:37:09+00:00,2024-12-24T12:08:07+00:00,2024-12-25T01:06:56+00:00
2024-12-25,2024-12-25T13:34:18+00:00,2024-12-25T23:41:45+00:00,2024-12-25T18:38:02+00:00,36447,2024-12-25T13:08:47+00:00,2024-12-26T00:07:16+00:00,2024-12-25T12:38:20+00:00,2024-12-26T00:37:43+00:00,2024-12-25T12:08:33+00:00,2024-12-26T01:07:30+00:00
2024-12-26,2024-12-26T13:34:41+00:00,2024-12-26T23:42:21+00:00,2024-12-26T18:38:31+00:00,36460,2024-12-26T13:09:11+00:00,2024-12-27T00:07:52+00:00,2024-12-26T12:38:44+00:00,2024-12-27T00:38:19+00:00,2024-12-26T12:08:57+00:00,2024-12-27T01:08:05+00:00
2024-12-27,2024-12-27T13:35:02+00:00,2024-12-27T23:42:59+00:00,2024-12-27T18:39:01+00:00,36477,2024-12-27T13:09:33+00:00,2024-12-28T00:08:29+00:00,2024-12-27T12:39:06+00:00,2024-12-28T00:38:55+00:00,2024-12-27T12:09:20+00:00,2024-12-28T01:08:41+00:00
2024-12-28,2024-12-28T13:35:22+00:00,2024-12-28T23:43:38+00:00,2024-12-28T18:39:30+00:00,36496,2024-12-28T13:09:53+00:00,2024-12-29T00:09:07+00:00,2024-12-28T12:39:27+00:00,2024-12-29T00:39:32+00:00,2024-12-28T12:09:42+00:00,2024-12-29T01:09:17+00:00
2024-12-29,2024-12-29T13:35:40+00:00,2024-12-29T23:44:18+00:00,2024-12-29T18:39:59+00:00,36518,2024-12-29T13:10:12+00:00,2024-12-30T00:09:46+00:00,2024-12-29T12:39:47+00:00,2024-12-30T00:40:11+00:00,2024-12-29T12:10:03+00:00,2024-12-30T01:09:55+00:00
2024-12-30,2024-12-30T13:35:56+00:00,2024-12-30T23:44:59+00:00,2024-12-30T18:40:28+00:00,36543,2024-12-30T13:10:29+00:00,2024-12-31T00:10:26+00:00,2024-12-30T12:40:06+00:00,2024-12-31T00:40:50+00:00,2024-12-30T12:10:22+00:00,2024-12-31T01:10:33+00:00
2024-12-31,2024-12-31T13:36:11+00:00,2024-12-31T23:45:42+00:00,2024-12-31T18:40:56+00:00,36571,2024-12-31T13:10:45+00:00,2025-01-01T00:11:07+00:00,2024-12-31T12:40:23+00:00,2025-01-01T00:41:30+00:00,2024-12-31T12:10:40+00:00,2025-01-01T01:11:12+00:00
2025-01-01,2025-01-01T13:36:24+00:00,2025-01-01T23:46:25+00:00,2025-01-01T18:41:24+00:00,36601,2025-01-01T13:11:00+00:00,2025-01-02T00:11:49+00:00,2025-01-01T12:40:38+00:00,2025-01-02T00:42:10+00:00,2025-01-01T12:10:57+00:00,2025-01-02T01:11:52+00:00
2025-01-02,2025-01-02T13:36:35+00:00,2025-01-02T23:47:09+00:00,2025-01-02T18:41:52+00:00,36634,2025-01-02T13:11:12+00:00,2025-01-03T00:12:32+00:00,2025-01-02T12:40:53+00:00,2025-01-03T00:42:52+00:00,2025-01-02T12:11:12+00:00,2025-01-03T01:12:32+00:00
2025-01-03,2025-01-03T13:36:45+00:00,2025-01-03T23:47:54+00:00,2025-01-03T18:42:20+00:00,36669,2025-01-03T13:11:24+00:00,2025-01-04T00:13:16+00:00,2025-01-03T12:41:05+00:00,2025-01-04T00:43:34+00:00,2025-01-03T12:11:26+00:00,2025-01-04T01:13:14+00:00
2025-01-04,2025-01-04T13:36:53+00:00,2025-01-04T23:48:41+00:00,2025-01-04T18:42:47+00:00,36708,2025-01-04T13:11:33+00:00,2025-01-05T00:14:01+00:00,2025-01-04T12:41:16+00:00,2025-01-05T00:44:17+00:00,2025-01-04T12:11:38+00:00,2025-01-05T01:13:55+00:00
2025-01-05,2025-01-05T13:36:59+00:00,2025-01-05T23:49:28+00:00,2025-01-05T18:43:14+00:00,36749,2025-01-05T13:11:41+00:00,2025-01-06T00:14:46+00:00,2025-01-05T12:41:26+00:00,2025-01-06T00:45:01+00:00,2025-01-05T12:11:49+00:00,2025-01-06T01:14:38+00:00
2025-01-06,2025-01-06T13:37:04+00:00,2025-01-06T23:50:15+00:00,2025-01-06T18:43:40+00:00,36791,2025-01-06T13:11:48+00:00,2025-01-07T00:15:32+00:00,2025-01-06T12:41:34+00:00,2025-01-07T00:45:45+00:00,2025-01-06T12:11:59+00:00,2025-01-07T01:15:21+00:00
2025-01-07,2025-01-07T13:37:07+00:00,2025-01-07T23:51:04+00:00,2025-01-07T18:44:05+00:00,36837,2025-01-07T13:11:52+00:00,2025-01-08T00:16:19+00:00,2025-01-07T12:41:41+00:00,2025-01-08T00:46:30+00:00,2025-01-07T12:12:07+00:00,2025-01-08T01:16:04+00:00
2025-01-08,2025-01-08T13:37:08+00:00,2025-01-08T23:51:53+00:00,2025-01-08T18:44:31+00:00,36885,2025-01-08T13:11:55+00:00,2025-01-09T00:17:06+00:00,2025-01-08T12:41:46+00:00,2025-01-09T00:47:16+00:00,2025-01-08T12:12:13+00:00,2025-01-09T01:16:48+00:00
2025-01-09,2025-01-09T13:37:07+00:00,2025-01-09T23:52:43+00:00,2025-01-09T18:44:55+00:00,36936,2025-01-09T13:11:57+00:00,2025-01-10T00:17:54+00:00,2025-01-09T12:41:49+00:00,2025-01-10T00:48:02+00:00,2025-01-09T12:12:18+00:00,2025-01-10T01:17:32+00:00
2025-01-10,2025-01-10T13:37:05+00:00,2025-01-10T23:53:34+00:00,2025-01-10T18:45:19+00:00,36989,2025-01-10T13:11:56+00:00,2025-01-11T00:18:43+00:00,2025-01-10T12:41:51+00:00,2025-01-11T00:48:48+00:00,2025-01-10T12:12:22+00:00,2025-01-11T01:18:17+00:00
2025-01-11,2025-01-11T13:37:01+00:00,2025-01-11T23:54:25+00:00,2025-01-11T18:45:43+00:00,37044,2025-01-11T13:11:54+00:00,2025-01-12T00:19:32+00:00,2025-01-11T12:41:51+00:00,2025-01-12T00:49:35+00:00,2025-01-11T12:12:24+00:00,2025-01-12T01:19:02+00:00
2025-01-12,2025-01-12T13:36:55+00:00,2025-01-12T23:55:17+00:00,2025-01-12T18:46:06+00:00,37102,2025-01-12T13:11:51+00:00,2025-01-13T00:20:21+00:00,2025-01-12T12:41:50+00:00,2025-01-13T00:50:22+00:00,2025-01-12T12:12:24+00:00,2025-01-13T01:19:48+00:00
2025-01-13,2025-01-13T13:36:47+00:00,2025-01-13T23:56:09+00:00,2025-01-13T18:46:28+00:00,37162,2025-01-13T13:11:45+00:00,2025-01-14T00:21:11+00:00,2025-01-13T12:41:47+00:00,2025-01-14T00:51:10+00:00,2025-01-13T12:12:23+00:00,2025-01-14T01:20:34+00:00
2025-01-14,2025-01-14T13:36:38+00:00,2025-01-14T23:57:02+00:00,2025-01-14T18:46:50+00:00,37224,2025-01-14T13:11:38+00:00,2025-01-15T00:22:01+00:00,2025-01-14T12:41:42+00:00,2025-01-15T00:51:58+00:00,2025-01-14T12:12:20+00:00,2025-01-15T01:21:20+00:00
2025-01-15,2025-01-15T13:36:27+00:00,2025-01-15T23:57:55+00:00,2025-01-15T18:47:11+00:00,37288,2025-01-15T13:11:30+00:00,2025-01-16T00:22:52+00:00,2025-01-15T12:41:36+00:00,2025-01-16T00:52:46+00:00,2025-01-15T12:12:16+00:00,2025-01-16T01:22:06+00:00
2025-01-16,2025-01-16T13:36:14+00:00,2025-01-16T23:58:48+00:00,2025-01-16T18:47:31+00:00,37354,2025-01-16T13:11:19+00:00,2025-01-17T00:23:43+00:00,2025-01-16T12:41:28+00:00,2025-01-17T00:53:35+00:00,2025-01-16T12:12:10+00:00,2025-01-17T01:22:53+00:00
2025-01-17,2025-01-17T13:36:00+00:00,2025-01-17T23:59:42+00:00,2025-01-17T18:47:51+00:00,37422,2025-01-17T13:11:07+00:00,2025-01-18T00:24:34+00:00,2025-01-17T12:41:18+00:00,2025-01-18T00:54:23+00:00,2025-01-17T12:12:02+00:00,2025-01-18T01:23:39+00:00
2025-01-18,2025-01-18T13:35:43+00:00,2025-01-19T00:00:36+00:00,2025-01-18T18:48:10+00:00,37493,2025-01-18T13:10:54+00:00,2025-01-19T00:25:26+00:00,2025-01-18T12:41:07+00:00,2025-01-19T00:55:12+00:00,2025-01-18T12:11:53+00:00,2025-01-19T01:24:26+00:00
2025-01-19,2025-01-19T13:35:25+00:00,2025-01-20T00:01:30+00:00,2025-01-19T18:48:28+00:00,37565,2025-01-19T13:10:38+00:00,2025-01-20T00:26:17+00:00,2025-01-19T12:40:54+00:00,2025-01-20T00:56:01+00:00,2025-01-19T12:11:42+00:00,2025-01-20T01:25:13+00:00
2025-01-20,2025-01-20T13:35:05+00:00,2025-01-21T00:02:25+00:00,2025-01-20T18:48:45+00:00,37640,2025-01-20T13:10:21+00:00,2025-01-21T00:27:09+00:00,2025-01-20T12:40:40+00:00,2025-01-21T00:56:51+00:00,2025-01-20T12:11:30+00:00,2025-01-21T01:26:01+00:00
2025-01-21,2025-01-21T13:34:44+00:00,2025-01-22T00:03:20+00:00,2025-01-21T18:49:02+00:00,37716,2025-01-21T13:10:02+00:00,2025-01-22T00:28:01+00:00,2025-01-21T12:40:24+00:00,2025-01-22T00:57:40+00:00,2025-01-21T12:11:16+00:00,2025-01-22T01:26:48+00:00
2025-01-22,2025-01-22T13:34:21+00:00,2025-01-23T00:04:15+00:00,2025-01-22T18:49:18+00:00,37794,2025-01-22T13:09:42+00:00,2025-01-23T00:28:54+00:00,2025-01-22T12:40:06+00:00,2025-01-23T00:58:30+00:00,2025-01-22T12:11:00+00:00,2025-01-23T01:27:35+00:00
2025-01-23,2025-01-23T13:33:56+00:00,2025-01-24T00:05:10+00:00,2025-01-23T18:49:33+00:00,37874,2025-01-23T13:09:20+00:00,2025-01-24T00:29:46+00:00,2025-01-23T12:39:47+00:00,2025-01-24T00:59:19+00:00,2025-01-23T12:10:43+00:00,2025-01-24T01:28:23+00:00
2025-01-24,2025-01-24T13:33:30+00:00,2025-01-25T00:06:05+00:00,2025-01-24T18:49:47+00:00,37955,2025-01-24T13:08:56+00:00,2025-01-25T00:30:38+00:00,2025-01-24T12:39:26+00:00,2025-01-25T01:00:09+00:00,2025-01-24T12:10:24+00:00,2025-01-25T01:29:10+00:00
2025-01-25,2025-01-25T13:33:02+00:00,2025-01-26T00:07:00+00:00,2025-01-25T18:50:01+00:00,38038,2025-01-25T13:08:31+00:00,2025-01-26T00:31:30+00:00,2025-01-25T12:39:03+00:00,2025-01-26T01:00:58+00:00,2025-01-25T12:10:04+00:00,2025-01-26T01:29:58+00:00
2025-01-26,2025-01-26T13:32:32+00:00,2025-01-27T00:07:55+00:00,2025-01-26T18:50:13+00:00,38123,2025-01-26T13:08:04+00:00,2025-01-27T00:32:23+00:00,2025-01-26T12:38:39+00:00,2025-01-27T01:01:48+00:00,2025-01-26T12:09:42+00:00,2025-01-27T01:30:45+00:00
2025-01-27,2025-01-27T13:32:01+00:00,2025-01-28T00:08:50+00:00,2025-01-27T18:50:25+00:00,38209,2025-01-27T13:07:36+00:00,2025-01-28T00:33:15+00:00,2025-01-27T12:38:13+00:00,2025-01-28T01:02:38+00:00,2025-01-27T12:09:18+00:00,2025-01-28T01:31:33+00:00
2025-01-28,2025-01-28T13:31:28+00:00,2025-01-29T00:09:45+00:00,2025-01-28T18:50:37+00:00,38297,2025-01-28T13:07:06+00:00,2025-01-29T00:34:07+00:00,2025-01-28T12:37:46+00:00,2025-01-29T01:03:27+00:00,2025-01-28T12:08:53+00:00,2025-01-29T01:32:20+00:00
2025-01-29,2025-01-29T13:30:54+00:00,2025-01-30T00:10:40+00:00,2025-01-29T18:50:47+00:00,38386,2025-01-29T13:06:34+00:00,2025-01-30T00:34:59+00:00,2025-01-29T12:37:17+00:00,2025-01-30T01:04:16+00:00,2025-01-29T12:08:26+00:00,2025-01-30T01:33:08+00:00
2025-01-30,2025-01-30T13:30:18+00:00,2025-01-31T00:11:35+00:00,2025-01-30T18:50:56+00:00,38477,2025-01-30T13:06:01+00:00,2025-01-31T00:35:51+00:00,2025-01-30T12:36:47+00:00,2025-01-31T01:05:06+00:00,2025-01-30T12:07:58+00:00,2025-01-31T01:33:55+00:00
2025-01-31,2025-01-31T13:29:41+00:00,2025-02-01T00:12:29+00:00,2025-01-31T18:51:05+00:00,38568,2025-01-31T13:05:27+00:00,2025-02-01T00:36:43+00:00,2025-01-31T12:36:15+00:00,2025-02-01T01:05:55+00:00,2025-01-31T12:07:28+00:00,2025-02-01T01:34:42+00:00
2025-02-01,2025-02-01T13:29:02+00:00,2025-02-02T00:13:24+00:00,2025-02-01T18:51:13+00:00,38662,2025-02-01T13:04:51+00:00,2025-02-02T00:37:35+00:00,2025-02-01T12:35:42+00:00,2025-02-02T01:06:44+00:00,2025-02-01T12:06:56+00:00,2025-02-02T01:35:29+00:00
2025-02-02,2025-02-02T13:28:22+00:00,2025-02-03T00:14:18+00:00,2025-02-02T18:51:20+00:00,38756,2025-02-02T13:04:13+00:00,2025-02-03T00:38:27+00:00,2025-02-02T12:35:07+00:00,2025-02-03T01:07:33+00:00,2025-02-02T12:06:23+00:00,2025-02-03T01:36:16+00:00
2025-02-03,2025-02-03T13:27:40+00:00,2025-02-04T00:15:12+00:00,2025-02-03T18:51:26+00:00,38852,2025-02-03T13:03:34+00:00,2025-02-04T00:39:18+00:00,2025-02-03T12:34:30+00:00,2025-02-04T01:08:22+00:00,2025-02-03T12:05:49+00:00,2025-02-04T01:37:03+00:00
2025-02-04,2025-02-04T13:26:57+00:00,2025-02-05T00:16:06+00:00,2025-02-04T18:51:32+00:00,38949,2025-02-04T13:02:54+00:00,2025-02-05T00:40:09+00:00,2025-02-04T12:33:52+00:00,2025-02-05T01:09:11+00:00,2025-02-04T12:05:13+00:00,2025-02-05T01:37:50+00:00
2025-02-05,2025-02-05T13:26:12+00:00,2025-02-06T00:17:00+00:00,2025-02-05T18:51:36+00:00,39048,2025-02-05T13:02:12+00:00,2025-02-06T00:41:01+00:00,2025-02-05T12:33:13+00:00,2025-02-06T01:09:59+00:00,2025-02-05T12:04:36+00:00,2025-02-06T01:38:37+00:00
2025-02-06,2025-02-06T13:25:26+00:00,2025-02-07T00:17:53+00:00,2025-02-06T18:51:40+00:00,39147,2025-02-06T13:01:29+00:00,2025-02-07T00:41:51+00:00,2025-02-06T12:32:32+00:00,2025-02-07T01:10:48+00:00,2025-02-06T12:03:57+00:00,2025-02-07T01:39:23+00:00
2025-02-07,2025-02-07T13:24:39+00:00,2025-02-08T00:18:47+00:00,2025-02-07T18:51:43+00:00,39248,2025-02-07T13:00:44+00:00,2025-02-08T00:42:42+00:00,2025-02-07T12:31:50+00:00,2025-02-08T01:11:36+00:00,2025-02-07T12:03:16+00:00,2025-02-08T01:40:10+00:00
2025-02-08,2025-02-08T13:23:51+00:00,2025-02-09T00:19:40+00:00,2025-02-08T18:51:45+00:00,39349,2025-02-08T12:59:58+00:00,2025-02-09T00:43:32+00:00,2025-02-08T12:31:07+00:00,2025-02-09T01:12:24+00:00,2025-02-08T12:02:34+00:00,2025-02-09T01:40:56+00:00
2025-02-09,2025-02-09T13:23:01+00:00,2025-02-10T00:20:32+00:00,2025-02-09T18:51:47+00:00,39451,2025-02-09T12:59:11+00:00,2025-02-10T00:44:22+00:00,2025-02-09T12:30:22+00:00,2025-02-10T01:13:11+00:00,2025-02-09T12:01:51+00:00,2025-02-10T01:41:42+00:00
2025-02-10,2025-02-10T13:22:10+00:00,2025-02-11T00:21:25+00:00,2025-02-10T18:51:47+00:00,39555,2025-02-10T12:58:22+00:00,2025-02-11T00:45:12+00:00,2025-02-10T12:29:36+00:00,2025-02-11T01:13:59+00:00,2025-02-10T12:01:06+00:00,2025-02-11T01:42:28+00:00
2025-02-11,2025-02-11T13:21:18+00:00,2025-02-12T00:22:17+00:00,2025-02-11T18:51:47+00:00,39659,2025-02-11T12:57:33+00:00,2025-02-12T00:46:02+00:00,2025-02-11T12:28:48+00:00,2025-02-12T01:14:46+00:00,2025-02-11T12:00:20+00:00,2025-02-12T01:43:14+00:00
2025-02-12,2025-02-12T13:20:24+00:00,2025-02-13T00:23:08+00:00,2025-02-12T18:51:46+00:00,39764,2025-02-12T12:56:42+00:00,2025-02-13T00:46:51+00:00,2025-02-12T12:27:59+00:00,2025-02-13T01:15:33+00:00,2025-02-12T11:59:33+00:00,2025-02-13T01:44:00+00:00
2025-02-13,2025-02-13T13:19:30+00:00,2025-02-14T00:24:00+00:00,2025-02-13T18:51:45+00:00,39870,2025-02-13T12:55:49+00:00,2025-02-14T00:47:40+00:00,2025-02-13T12:27:09+00:00,2025-02-14T01:16:20+00:00,2025-02-13T11:58:44+00:00,2025-02-14T01:44:45+00:00
2025-02-14,2025-02-14T13:18:34+00:00,2025-02-15T00:24:51+00:00,2025-02-14T18:51:42+00:00,39977,2025-02-14T12:54:56+00:00,2025-02-15T00:48:29+00:00,2025-02-14T12:26:18+00:00,2025-02-15T01:17:07+00:00,2025-02-14T11:57:54+00:00,2025-02-15T01:45:30+00:00
2025-02-15,2025-02-15T13:17:37+00:00,2025-02-16T00:25:41+00:00,2025-02-15T18:51:39+00:00,40084,2025-02-15T12:54:01+00:00,2025-02-16T00:49:17+00:00,2025-02-15T12:25:25+00:00,2025-02-16T01:17:53+00:00,2025-02-15T11:57:03+00:00,2025-02-16T01:46:16+00:00
2025-02-16,2025-02-16T13:16:39+00:00,2025-02-17T00:26:32+00:00,2025-02-16T18:51:35+00:00,40193,2025-02-16T12:53:06+00:00,2025-02-17T00:50:05+00:00,2025-02-16T12:24:31+00:00,2025-02-17T01:18:40+00:00,2025-02-16T11:56:10+00:00,2025-02-17T01:47:01+00:00
2025-02-17,2025-02-17T13:15:40+00:00,2025-02-18T00:27:22+00:00,2025-02-17T18:51:31+00:00,40302,2025-02-17T12:52:09+00:00,2025-02-18T00:50:53+00:00,2025-02-17T12:23:36+00:00,2025-02-18T01:19:26+00:00,2025-02-17T11:55:16+00:00,2025-02-18T01:47:46+00:00
2025-02-18,2025-02-18T13:14:41+00:00,2025-02-19T00:28:11+00:00,2025-02-18T18:51:26+00:00,40410,2025-02-18T12:51:11+00:00,2025-02-19T00:51:41+00:00,2025-02-18T12:22:40+00:00,2025-02-19T01:20:11+00:00,2025-02-18T11:54:21+00:00,2025-02-19T01:48:30+00:00
2025-02-19,2025-02-19T13:13:40+00:00,2025-02-20T00:29:00+00:00,2025-02-19T18:51:20+00:00,40520,2025-02-19T12:50:12+00:00,2025-02-20T00:52:28+00:00,2025-02-19T12:21:43+00:00,2025-02-20T01:20:57+00:00,2025-02-19T11:53:25+00:00,2025-02-20T01:49:15+00:00
2025-02-20,2025-02-20T13:12:38+00:00,2025-02-21T00:29:49+00:00,2025-02-20T18:51:13+00:00,40631,2025-02-20T12:49:12+00:00,2025-02-21T00:53:15+00:00,2025-02-20T12:20:45+00:00,2025-02-21T01:21:42+00:00,2025-02-20T11:52:27+00:00,2025-02-21T01:50:00+00:00
2025-02-21,2025-02-21T13:11:35+00:00,2025-02-22T00:30:38+00:00,2025-02-21T18:51:06+00:00,40743,2025-02-21T12:48:11+00:00,2025-02-22T00:54:02+00:00,2025-02-21T12:19:45+00:00,2025-02-22T01:22:27+00:00,2025-02-21T11:51:28+00:00,2025-02-22T01:50:44+00:00
2025-02-22,2025-02-22T13:10:31+00:00,2025-02-23T00:31:26+00:00,2025-02-22T18:50:59+00:00,40855,2025-02-22T12:47:09+00:00,2025-02-23T00:54:48+00:00,2025-02-22T12:18:45+00:00,2025-02-23T01:23:12+00:00,2025-02-22T11:50:29+00:00,2025-02-23T01:51:28+00:00
2025-02-23,2025-02-23T13:09:27+00:00,2025-02-24T00:32:14+00:00,2025-02-23T18:50:50+00:00,40967,2025-02-23T12:46:06+00:00,2025-02-24T00:55:34+00:00,2025-02-23T12:17:43+00:00,2025-02-24T01:23:57+00:00,2025-02-23T11:49:28+00:00,2025-02-24T01:52:13+00:00
2025-02-24,2025-02-24T13:08:21+00:00,2025-02-25T00:33:01+00:00,2025-02-24T18:50:41+00:00,41080,2025-02-24T12:45:02+00:00,2025-02-25T00:56:20+00:00,2025-02-24T12:16:41+00:00,2025-02-25T01:24:42+00:00,2025-02-24T11:48:25+00:00,2025-02-25T01:52:57+00:00
2025-02-25,2025-02-25T13:07:15+00:00,2025-02-26T00:33:48+00:00,2025-02-25T18:50:32+00:00,41193,2025-02-25T12:43:58+00:00,2025-02-26T00:57:05+00:00,2025-02-25T12:15:37+00:00,2025-02-26T01:25:26+00:00,2025-02-25T11:47:22+00:00,2025-02-26T01:53:41+00:00
2025-02-26,2025-02-26T13:06:08+00:00,2025-02-27T00:34:35+00:00,2025-02-26T18:50:21+00:00,41307,2025-02-26T12:42:52+00:00,2025-02-27T00:57:51+00:00,2025-02-26T12:14:33+00:00,2025-02-27T01:26:10+00:00,2025-02-26T11:46:18+00:00,2025-02-27T01:54:25+00:00
2025-02-27,2025-02-27T13:05:00+00:00,2025-02-28T00:35:21+00:00,2025-02-27T18:50:11+00:00,41421,2025-02-27T12:41:46+00:00,2025-02-28T00:58:36+00:00,2025-02-27T12:13:27+00:00,2025-02-28T01:26:54+00:00,2025-02-27T11:45:13+00:00,2025-02-28T01:55:09+00:00
2025-02-28,2025-02-28T13:03:52+00:00,2025-03-01T00:36:07+00:00,2025-02-28T18:50:00+00:00,41535,2025-02-28T12:40:39+00:00,2025-03-01T00:59:20+00:00,2025-02-28T12:12:21+00:00,2025-03-01T01:27:38+00:00,2025-02-28T11:44:06+00:00,2025-03-01T01:55:53+00:00
2025-03-01,2025-03-01T13:02:43+00:00,2025-03-02T00:36:53+00:00,2025-03-01T18:49:48+00:00,41650,2025-03-01T12:39:31+00:00,2025-03-02T01:00:05+00:00,2025-03-01T12:11:14+00:00,2025-03-02T01:28:22+00:00,2025-03-01T11:42:59+00:00,2025-03-02T01:56:36+00:00
2025-03-02,2025-03-02T13:01:33+00:00,2025-03-03T00:37:38+00:00,2025-03-02T18:49:36+00:00,41765,2025-03-02T12:38:22+00:00,2025-03-03T01:00:49+00:00,2025-03-02T12:10:06+00:00,2025-03-03T01:29:05+00:00,2025-03-02T11:41:51+00:00,2025-03-03T01:57:20+00:00
2025-03-03,2025-03-03T13:00:23+00:00,2025-03-04T00:38:23+00:00,2025-03-03T18:49:23+00:00,41880,2025-03-03T12:37:13+00:00,2025-03-04T01:01:33+00:00,2025-03-03T12:08:57+00:00,2025-03-04T01:29:49+00:00,2025-03-03T11:40:42+00:00,2025-03-04T01:58:04+00:00
2025-03-04,2025-03-04T12:59:12+00:00,2025-03-05T00:39:08+00:00,2025-03-04T18:49:10+00:00,41996,2025-03-04T12:36:03+00:00,2025-03-05T01:02:17+00:00,2025-03-04T12:07:48+00:00,2025-03-05T01:30:32+00:00,2025-03-04T11:39:32+00:00,2025-03-05T01:58:48+00:00
2025-03-05,2025-03-05T12:58:00+00:00,2025-03-06T00:39:52+00:00,2025-03-05T18:48:56+00:00,42112,2025-03-05T12:34:52+00:00,2025-03-06T01:03:00+00:00,2025-03-05T12:06:37+00:00,2025-03-06T01:31:15+00:00,2025-03-05T11:38:21+00:00,2025-03-06T01:59:31+00:00
2025-03-06,2025-03-06T12:56:48+00:00,2025-03-07T00:40:37+00:00,2025-03-06T18:48:42+00:00,42229,2025-03-06T12:33:41+00:00,2025-03-07T01:03:43+00:00,2025-03-06T12:05:26+00:00,2025-03-07T01:31:58+00:00,2025-03-06T11:37:09+00:00,2025-03-07T02:00:15+00:00
2025-03-07,2025-03-07T12:55:35+00:00,2025-03-08T00:41:20+00:00,2025-03-07T18:48:28+00:00,42345,2025-03-07T12:32:29+00:00,2025-03-08T01:04:26+00:00,2025-03-07T12:04:15+00:00,2025-03-08T01:32:41+00:00,2025-03-07T11:35:57+00:00,2025-03-08T02:00:59+00:00
2025-03-08,2025-03-08T12:54:22+00:00,2025-03-09T00:42:04+00:00,2025-03-08T18:48:13+00:00,42462,2025-03-08T12:31:17+00:00,2025-03-09T01:05:09+00:00,2025-03-08T12:03:02+00:00,2025-03-09T01:33:24+00:00,2025-03-08T11:34:43+00:00,2025-03-09T02:01:43+00:00
2025-03-09,2025-03-09T12:53:09+00:00,2025-03-10T00:42:47+00:00,2025-03-09T18:47:58+00:00,42578,2025-03-09T12:30:04+00:00,2025-03-10T01:05:52+00:00,2025-03-09T12:01:49+00:00,2025-03-10T01:34:07+00:00,2025-03-09T11:33:29+00:00,2025-03-10T02:02:27+00:00
2025-03-10,2025-03-10T12:51:55+00:00,2025-03-11T00:43:30+00:00,2025-03-10T18:47:42+00:00,42695,2025-03-10T12:28:50+00:00,2025-03-11T01:06:35+00:00,2025-03-10T12:00:35+00:00,2025-03-11T01:34:50+00:00,2025-03-10T11:32:14+00:00,2025-03-11T02:03:11+00:00
2025-03-11,2025-03-11T12:50:40+00:00,2025-03-12T00:44:13+00:00,2025-03-11T18:47:27+00:00,42813,2025-03-11T12:27:36+00:00,2025-03-12T01:07:17+00:00,2025-03-11T11:59:21+00:00,2025-03-12T01:35:32+00:00,2025-03-11T11:30:59+00:00,2025-03-12T02:03:55+00:00
2025-03-12,2025-03-12T12:49:26+00:00,2025-03-13T00:44:56+00:00,2025-03-12T18:47:11+00:00,42930,2025-03-12T12:26:22+00:00,2025-03-13T01:07:59+00:00,2025-03-12T11:58:06+00:00,2025-03-13T01:36:15+00:00,2025-03-12T11:29:42+00:00,2025-03-13T02:04:39+00:00
2025-03-13,2025-03-13T12:48:11+00:00,2025-03-14T00:45:38+00:00,2025-03-13T18:46:54+00:00,43047,2025-03-13T12:25:07+00:00,2025-03-14T01:08:42+00:00,2025-03-13T11:56:51+00:00,2025-03-14T01:36:58+00:00,2025-03-13T11:28:25+00:00,2025-03-14T02:05:23+00:00
2025-03-14,2025-03-14T12:46:55+00:00,2025-03-15T00:46:20+00:00,2025-03-14T18:46:38+00:00,43165,2025-03-14T12:23:52+00:00,2025-03-15T01:09:24+00:00,2025-03-14T11:55:35+00:00,2025-03-15T01:37:40+00:00,2025-03-14T11:27:08+00:00,2025-03-15T02:06:07+00:00
2025-03-15,2025-03-15T12:45:40+00:00,2025-03-16T00:47:02+00:00,2025-03-15T18:46:21+00:00,43282,2025-03-15T12:22:36+00:00,2025-03-16T01:10:05+00:00,2025-03-15T11:54:18+00:00,2025-03-16T01:38:23+00:00,2025-03-15T11:25:50+00:00,2025-03-16T02:06:52+00:00
2025-03-16,2025-03-16T12:44:24+00:00,2025-03-17T00:47:44+00:00,2025-03-16T18:46:04+00:00,43400,2025-03-16T12:21:20+00:00,2025-03-17T01:10:47+00:00,2025-03-16T11:53:02+00:00,2025-03-17T01:39:06+00:00,2025-03-16T11:24:31+00:00,2025-03-17T02:07:36+00:00
2025-03-17,2025-03-17T12:43:08+00:00,2025-03-18T00:48:25+00:00,2025-03-17T18:45:46+00:00,43517,2025-03-17T12:20:04+00:00,2025-03-18T01:11:29+00:00,2025-03-17T11:51:44+00:00,2025-03-18T01:39:49+00:00,2025-03-17T11:23:12+00:00,2025-03-18T02:08:21+00:00
2025-03-18,2025-03-18T12:41:51+00:00,2025-03-19T00:49:07+00:00,2025-03-18T18:45:29+00:00,43636,2025-03-18T12:18:47+00:00,2025-03-19T01:12:11+00:00,2025-03-18T11:50:27+00:00,2025-03-19T01:40:31+00:00,2025-03-18T11:21:52+00:00,2025-03-19T02:09:06+00:00
2025-03-19,2025-03-19T12:40:35+00:00,2025-03-20T00:49:48+00:00,2025-03-19T18:45:11+00:00,43753,2025-03-19T12:17:31+00:00,2025-03-20T01:12:52+00:00,2025-03-19T11:49:09+00:00,2025-03-20T01:41:14+00:00,2025-03-19T11:20:31+00:00,2025-03-20T02:09:51+00:00
2025-03-20,2025-03-20T12:39:19+00:00,2025-03-21T00:50:29+00:00,2025-03-20T18:44:54+00:00,43870,2025-03-20T12:16:14+00:00,2025-03-21T01:13:34+00:00,2025-03-20T11:47:50+00:00,2025-03-21T01:41:57+00:00,2025-03-20T11:19:11+00:00,2025-03-21T02:10:37+00:00
2025-03-21,2025-03-21T12:38:02+00:00,2025-03-22T00:51:10+00:00,2025-03-21T18:44:36+00:00,43988,2025-03-21T12:14:57+00:00,2025-03-22T01:14:15+00:00,2025-03-21T11:46:32+00:00,2025-03-22T01:42:40+00:00,2025-03-21T11:17:49+00:00,2025-03-22T02:11:22+00:00
2025-03-22,2025-03-22T12:36:45+00:00,2025-03-23T00:51:51+00:00,2025-03-22T18:44:18+00:00,44106,2025-03-22T12:13:39+00:00,2025-03-23T01:14:57+00:00,2025-03-22T11:45:13+00:00,2025-03-23T01:43:23+00:00,2025-03-22T11:16:28+00:00,2025-03-23T02:12:08+00:00
2025-03-23,2025-03-23T12:35:28+00:00,2025-03-24T00:52:31+00:00,2025-03-23T18:44:00+00:00,44223,2025-03-23T12:12:22+00:00,2025-03-24T01:15:38+00:00,2025-03-23T11:43:53+00:00,2025-03-24T01:44:06+00:00,2025-03-23T11:15:05+00:00,2025-03-24T02:12:54+00:00
2025-03-24,2025-03-24T12:34:12+00:00,2025-03-25T00:53:12+00:00,2025-03-24T18:43:42+00:00,44340,2025-03-24T12:11:04+00:00,2025-03-25T01:16:19+00:00,2025-03-24T11:42:34+00:00,2025-03-25T01:44:50+00:00,2025-03-24T11:13:43+00:00,2025-03-25T02:13:41+00:00
2025-03-25,2025-03-25T12:32:55+00:00,2025-03-26T00:53:52+00:00,2025-03-25T18:43:24+00:00,44457,2025-03-25T12:09:47+00:00,2025-03-26T01:17:01+00:00,2025-03-25T11:41:14+00:00,2025-03-26T01:45:33+00:00,2025-03-25T11:12:20+00:00,2025-03-26T02:14:27+00:00
2025-03-26,2025-03-26T12:31:38+00:00,2025-03-27T00:54:33+00:00,2025-03-26T18:43:06+00:00,44575,2025-03-26T12:08:29+00:00,2025-03-27T01:17:42+00:00,2025-03-26T11:39:55+00:00,2025-03-27T01:46:17+00:00,2025-03-26T11:10:57+00:00,2025-03-27T02:15:14+00:00
2025-03-27,2025-03-27T12:30:22+00:00,2025-03-28T00:55:13+00:00,2025-03-27T18:42:47+00:00,44691,2025-03-27T12:07:11+00:00,2025-03-28T01:18:24+00:00,2025-03-27T11:38:35+00:00,2025-03-28T01:47:00+00:00,2025-03-27T11:09:34+00:00,2025-03-28T02:16:01+00:00
2025-03-28,2025-03-28T12:29:05+00:00,2025-03-29T00:55:54+00:00,2025-03-28T18:42:29+00:00,44809,2025-03-28T12:05:53+00:00,2025-03-29T01:19:05+00:00,2025-03-28T11:37:15+00:00,2025-03-29T01:47:44+00:00,2025-03-28T11:08:10+00:00,2025-03-29T02:16:49+00:00
2025-03-29,2025-03-29T12:27:49+00:00,2025-03-30T00:56:34+00:00,2025-03-29T18:42:11+00:00,44925,2025-03-29T12:04:36+00:00,2025-03-30T01:19:47+00:00,2025-03-29T11:35:54+00:00,2025-03-30T01:48:28+00:00,2025-03-29T11:06:46+00:00,2025-03-30T02:17:36+00:00
2025-03-30,2025-03-30T12:26:32+00:00,2025-03-31T00:57:14+00:00,2025-03-30T18:41:53+00:00,45042,2025-03-30T12:03:18+00:00,2025-03-31T01:20:29+00:00,2025-03-30T11:34:34+00:00,2025-03-31T01:49:13+00:00,2025-03-30T11:05:22+00:00,2025-03-31T02:18:24+00:00
2025-03-31,2025-03-31T12:25:16+00:00,2025-04-01T00:57:55+00:00,2025-03-31T18:41:36+00:00,45159,2025-03-31T12:02:01+00:00,2025-04-01T01:21:10+00:00,2025-03-31T11:33:14+00:00,2025-04-01T01:49:57+00:00,2025-03-31T11:03:58+00:00,2025-04-01T02:19:13+00:00
2025-04-01,2025-04-01T12:24:01+00:00,2025-04-02T00:58:35+00:00,2025-04-01T18:41:18+00:00,45274,2025-04-01T12:00:43+00:00,2025-04-02T01:21:52+00:00,2025-04-01T11:31:54+00:00,2025-04-02T01:50:42+00:00,2025-04-01T11:02:34+00:00,2025-04-02T02:20:02+00:00
2025-04-02,2025-04-02T12:22:45+00:00,2025-04-03T00:59:15+00:00,2025-04-02T18:41:00+00:00,45390,2025-04-02T11:59:26+00:00,2025-04-03T01:22:34+00:00,2025-04-02T11:30:34+00:00,2025-04-03T01:51:26+00:00,2025-04-02T11:01:10+00:00,2025-04-03T02:20:51+00:00
2025-04-03,2025-04-03T12:21:30+00:00,2025-04-04T00:59:56+00:00,2025-04-03T18:40:43+00:00,45506,2025-04-03T11:58:09+00:00,2025-04-04T01:23:16+00:00,2025-04-03T11:29:14+00:00,2025-04-04T01:52:11+00:00,2025-04-03T10:59:45+00:00,2025-04-04T02:21:40+00:00
2025-04-04,2025-04-04T12:20:15+00:00,2025-04-05T01:00:36+00:00,2025-04-04T18:40:25+00:00,45621,2025-04-04T11:56:52+00:00,2025-04-05T01:23:58+00:00,2025-04-04T11:27:54+00:00,2025-04-05T01:52:57+00:00,2025-04-04T10:58:21+00:00,2025-04-05T02:22:30+00:00
2025-04-05,2025-04-05T12:19:00+00:00,2025-04-06T01:01:16+00:00,2025-04-05T18:40:08+00:00,45736,2025-04-05T11:55:36+00:00,2025-04-06T01:24:40+00:00,2025-04-05T11:26:34+00:00,2025-04-06T01:53:42+00:00,2025-04-05T10:56:56+00:00,2025-04-06T02:23:20+00:00
2025-04-06,2025-04-06T12:17:46+00:00,2025-04-07T01:01:57+00:00,2025-04-06T18:39:51+00:00,45851,2025-04-06T11:54:19+00:00,2025-04-07T01:25:23+00:00,2025-04-06T11:25:14+00:00,2025-04-07T01:54:28+00:00,2025-04-06T10:55:32+00:00,2025-04-07T02:24:11+00:00
2025-04-07,2025-04-07T12:16:32+00:00,2025-04-08T01:02:37+00:00,2025-04-07T18:39:34+00:00,45965,2025-04-07T11:53:03+00:00,2025-04-08T01:26:05+00:00,2025-04-07T11:23:55+00:00,2025-04-08T01:55:14+00:00,2025-04-07T10:54:07+00:00,2025-04-08T02:25:02+00:00
2025-04-08,2025-04-08T12:15:18+00:00,2025-04-09T01:03:18+00:00,2025-04-08T18:39:18+00:00,46080,2025-04-08T11:51:48+00:00,2025-04-09T01:26:48+00:00,2025-04-08T11:22:35+00:00,2025-04-09T01:56:00+00:00,2025-04-08T10:52:43+00:00,2025-04-09T02:25:53+00:00
2025-04-09,2025-04-09T12:14:05+00:00,2025-04-10T01:03:58+00:00,2025-04-09T18:39:02+00:00,46193,2025-04-09T11:50:32+00:00,2025-04-10T01:27:31+00:00,2025-04-09T11:21:16+00:00,2025-04-10T01:56:47+00:00,2025-04-09T10:51:19+00:00,2025-04-10T02:26:45+00:00
2025-04-10,2025-04-10T12:12:52+00:00,2025-04-11T01:04:39+00:00,2025-04-10T18:38:46+00:00,46307,2025-04-10T11:49:17+00:00,2025-04-11T01:28:14+00:00,2025-04-10T11:19:58+00:00,2025-04-11T01:57:33+00:00,2025-04-10T10:49:55+00:00,2025-04-11T02:27:37+00:00
2025-04-11,2025-04-11T12:11:40+00:00,2025-04-12T01:05:19+00:00,2025-04-11T18:38:30+00:00,46419,2025-04-11T11:48:03+00:00,2025-04-12T01:28:57+00:00,2025-04-11T11:18:39+00:00,2025-04-12T01:58:20+00:00,2025-04-11T10:48:31+00:00,2025-04-12T02:28:29+00:00
2025-04-12,2025-04-12T12:10:29+00:00,2025-04-13T01:06:00+00:00,2025-04-12T18:38:14+00:00,46531,2025-04-12T11:46:49+00:00,2025-04-13T01:29:40+00:00,2025-04-12T11:17:21+00:00,2025-04-13T01:59:08+00:00,2025-04-12T10:47:07+00:00,2025-04-13T02:29:22+00:00
2025-04-13,2025-04-13T12:09:18+00:00,2025-04-14T01:06:41+00:00,2025-04-13T18:37:59+00:00,46643,2025-04-13T11:45:35+00:00,2025-04-14T01:30:23+00:00,2025-04-13T11:16:03+00:00,2025-04-14T01:59:55+00:00,2025-04-13T10:45:43+00:00,2025-04-14T02:30:15+00:00
2025-04-14,2025-04-14T12:08:07+00:00,2025-04-15T01:07:22+00:00,2025-04-14T18:37:45+00:00,46755,2025-04-14T11:44:22+00:00,2025-04-15T01:31:07+00:00,2025-04-14T11:14:46+00:00,2025-04-15T02:00:43+00:00,2025-04-14T10:44:20+00:00,2025-04-15T02:31:09+00:00
2025-04-15,2025-04-15T12:06:57+00:00,2025-04-16T01:08:03+00:00,2025-04-15T18:37:30+00:00,46866,2025-04-15T11:43:10+00:00,2025-04-16T01:31:51+00:00,2025-04-15T11:13:29+00:00,2025-04-16T02:01:31+00:00,2025-04-15T10:42:57+00:00,2025-04-16T02:32:03+00:00
2025-04-16,2025-04-16T12:05:48+00:00,2025-04-17T01:08:44+00:00,2025-04-16T18:37:16+00:00,46976,2025-04-16T11:41:58+00:00,2025-04-17T01:32:35+00:00,2025-04-16T11:12:13+00:00,2025-04-17T02:02:19+00:00,2025-04-16T10:41:35+00:00,2025-04-17T02:32:57+00:00
2025-04-17,2025-04-17T12:04:39+00:00,2025-04-18T01:09:26+00:00,2025-04-17T18:37:02+00:00,47087,2025-04-17T11:40:46+00:00,2025-04-18T01:33:19+00:00,2025-04-17T11:10:57+00:00,2025-04-18T02:03:08+00:00,2025-04-17T10:40:13+00:00,2025-04-18T02:33:52+00:00
2025-04-18,2025-04-18T12:03:31+00:00,2025-04-19T01:10:07+00:00,2025-04-18T18:36:49+00:00,47196,2025-04-18T11:39:36+00:00,2025-04-19T01:34:03+00:00,2025-04-18T11:09:41+00:00,2025-04-19T02:03:57+00:00,2025-04-18T10:38:51+00:00,2025-04-19T02:34:47+00:00
2025-04-19,2025-04-19T12:02:24+00:00,2025-04-20T01:10:48+00:00,2025-04-19T18:36:36+00:00,47304,2025-04-19T11:38:25+00:00,2025-04-20T01:34:47+00:00,2025-04-19T11:08:27+00:00,2025-04-20T02:04:46+00:00,2025-04-19T10:37:30+00:00,2025-04-20T02:35:43+00:00
2025-04-20,2025-04-20T12:01:18+00:00,2025-04-21T01:11:30+00:00,2025-04-20T18:36:24+00:00,47412,2025-04-20T11:37:16+00:00,2025-04-21T01:35:32+00:00,2025-04-20T11:07:12+00:00,2025-04-21T02:05:35+00:00,2025-04-20T10:36:09+00:00,2025-04-21T02:36:39+00:00
2025-04-21,2025-04-21T12:00:12+00:00,2025-04-22T01:12:12+00:00,2025-04-21T18:36:12+00:00,47520,2025-04-21T11:36:07+00:00,2025-04-22T01:36:16+00:00,2025-04-21T11:05:59+00:00,2025-04-22T02:06:25+00:00,2025-04-21T10:34:48+00:00,2025-04-22T02:37:35+00:00
2025-04-22,2025-04-22T11:59:07+00:00,2025-04-23T01:12:53+00:00,2025-04-22T18:36:00+00:00,47626,2025-04-22T11:34:59+00:00,2025-04-23T01:37:01+00:00,2025-04-22T11:04:46+00:00,2025-04-23T02:07:15+00:00,2025-04-22T10:33:29+00:00,2025-04-23T02:38:32+00:00
2025-04-23,2025-04-23T11:58:03+00:00,2025-04-24T01:13:35+00:00,2025-04-23T18:35:49+00:00,47732,2025-04-23T11:33:52+00:00,2025-04-24T01:37:46+00:00,2025-04-23T11:03:34+00:00,2025-04-24T02:08:05+00:00,2025-04-23T10:32:09+00:00,2025-04-24T02:39:29+00:00
2025-04-24,2025-04-24T11:57:00+00:00,2025-04-25T01:14:17+00:00,2025-04-24T18:35:39+00:00,47837,2025-04-24T11:32:46+00:00,2025-04-25T01:38:31+00:00,2025-04-24T11:02:22+00:00,2025-04-25T02:08:55+00:00,2025-04-24T10:30:51+00:00,2025-04-25T02:40:26+00:00
2025-04-25,2025-04-25T11:55:58+00:00,2025-04-26T01:14:59+00:00,2025-04-25T18:35:28+00:00,47941,2025-04-25T11:31:40+00:00,2025-04-26T01:39:17+00:00,2025-04-25T11:01:11+00:00,2025-04-26T02:09:46+00:00,2025-04-25T10:29:33+00:00,2025-04-26T02:41:24+00:00
2025-04-26,2025-04-26T11:54:56+00:00,2025-04-27T01:15:41+00:00,2025-04-26T18:35:19+00:00,48045,2025-04-26T11:30:35+00:00,2025-04-27T01:40:02+00:00,2025-04-26T11:00:01+00:00,2025-04-27T02:10:36+00:00,2025-04-26T10:28:16+00:00,2025-04-27T02:42:22+00:00
2025-04-27,2025-04-27T11:53:56+00:00,2025-04-28T01:16:23+00:00,2025-04-27T18:35:10+00:00,48147,2025-04-27T11:29:31+00:00,2025-04-28T01:40:48+00:00,2025-04-27T10:58:52+00:00,2025-04-28T02:11:27+00:00,2025-04-27T10:26:59+00:00,2025-04-28T02:43:20+00:00
2025-04-28,2025-04-28T11:52:56+00:00,2025-04-29T01:17:06+00:00,2025-04-28T18:35:01+00:00,48250,2025-04-28T11:28:29+00:00,2025-04-29T01:41:33+00:00,2025-04-28T10:57:44+00:00,2025-04-29T02:12:18+00:00,2025-04-28T10:25:43+00:00,2025-04-29T02:44:19+00:00
2025-04-29,2025-04-29T11:51:58+00:00,2025-04-30T01:17:48+00:00,2025-04-29T18:34:53+00:00,48350,2025-04-29T11:27:26+00:00,2025-04-30T01:42:19+00:00,2025-04-29T10:56:36+00:00,2025-04-30T02:13:10+00:00,2025-04-29T10:24:28+00:00,2025-04-30T02:45:17+00:00
2025-04-30,2025-04-30T11:51:00+00:00,2025-05-01T01:18:30+00:00,2025-04-30T18:34:45+00:00,48450,2025-04-30T11:26:25+00:00,2025-05-01T01:43:05+00:00,2025-04-30T10:55:30+00:00,2025-05-01T02:14:01+00:00,2025-04-30T10:23:14+00:00,2025-05-01T02:46:16+00:00
2025-05-01,2025-05-01T11:50:04+00:00,2025-05-02T01:19:13+00:00,2025-05-01T18:34:38+00:00,48549,2025-05-01T11:25:25+00:00,2025-05-02T01:43:51+00:00,2025-05-01T10:54:24+00:00,2025-05-02T02:14:52+00:00,2025-05-01T10:22:01+00:00,2025-05-02T02:47:15+00:00
2025-05-02,2025-05-02T11:49:08+00:00,2025-05-03T01:19:55+00:00,2025-05-02T18:34:32+00:00,48647,2025-05-02T11:24:26+00:00,2025-05-03T01:44:37+00:00,2025-05-02T10:53:19+00:00,2025-05-03T02:15:44+00:00,2025-05-02T10:20:49+00:00,2025-05-03T02:48:15+00:00
2025-05-03,2025-05-03T11:48:14+00:00,2025-05-04T01:20:38+00:00,2025-05-03T18:34:26+00:00,48744,2025-05-03T11:23:28+00:00,2025-05-04T01:45:23+00:00,2025-05-03T10:52:16+00:00,2025-05-04T02:16:36+00:00,2025-05-03T10:19:37+00:00,2025-05-04T02:49:14+00:00
2025-05-04,2025-05-04T11:47:20+00:00,2025-05-05T01:21:20+00:00,2025-05-04T18:34:20+00:00,48840,2025-05-04T11:22:31+00:00,2025-05-05T01:46:09+00:00,2025-05-04T10:51:13+00:00,2025-05-05T02:17:27+00:00,2025-05-04T10:18:27+00:00,2025-05-05T02:50:14+00:00
2025-05-05,2025-05-05T11:46:28+00:00,2025-05-06T01:22:03+00:00,2025-05-05T18:34:15+00:00,48935,2025-05-05T11:21:36+00:00,2025-05-06T01:46:55+00:00,2025-05-05T10:50:12+00:00,2025-05-06T02:18:19+00:00,2025-05-05T10:17:17+00:00,2025-05-06T02:51:13+00:00
2025-05-06,2025-05-06T11:45:37+00:00,2025-05-07T01:22:45+00:00,2025-05-06T18:34:11+00:00,49028,2025-05-06T11:20:41+00:00,2025-05-07T01:47:41+00:00,2025-05-06T10:49:11+00:00,2025-05-07T02:19:11+00:00,2025-05-06T10:16:09+00:00,2025-05-07T02:52:13+00:00
2025-05-07,2025-05-07T11:44:47+00:00,2025-05-08T01:23:27+00:00,2025-05-07T18:34:07+00:00,49120,2025-05-07T11:19:48+00:00,2025-05-08T01:48:27+00:00,2025-05-07T10:48:12+00:00,2025-05-08T02:20:03+00:00,2025-05-07T10:15:02+00:00,2025-05-08T02:53:13+00:00
2025-05-08,2025-05-08T11:43:59+00:00,2025-05-09T01:24:10+00:00,2025-05-08T18:34:04+00:00,49211,2025-05-08T11:18:55+00:00,2025-05-09T01:49:13+00:00,2025-05-08T10:47:14+00:00,2025-05-09T02:20:54+00:00,2025-05-08T10:13:56+00:00,2025-05-09T02:54:12+00:00
2025-05-09,2025-05-09T11:43:11+00:00,2025-05-10T01:24:52+00:00,2025-05-09T18:34:02+00:00,49301,2025-05-09T11:18:04+00:00,2025-05-10T01:49:59+00:00,2025-05-09T10:46:17+00:00,2025-05-10T02:21:46+00:00,2025-05-09T10:12:51+00:00,2025-05-10T02:55:12+00:00
2025-05-10,2025-05-10T11:42:25+00:00,2025-05-11T01:25:34+00:00,2025-05-10T18:34:00+00:00,49389,2025-05-10T11:17:14+00:00,2025-05-11T01:50:45+00:00,2025-05-10T10:45:21+00:00,2025-05-11T02:22:38+00:00,2025-05-10T10:11:47+00:00,2025-05-11T02:56:12+00:00
2025-05-11,2025-05-11T11:41:40+00:00,2025-05-12T01:26:16+00:00,2025-05-11T18:33:58+00:00,49476,2025-05-11T11:16:26+00:00,2025-05-12T01:51:30+00:00,2025-05-11T10:44:27+00:00,2025-05-12T02:23:29+00:00,2025-05-11T10:10:45+00:00,2025-05-12T02:57:11+00:00
2025-05-12,2025-05-12T11:40:56+00:00,2025-05-13T01:26:58+00:00,2025-05-12T18:33:57+00:00,49562,2025-05-12T11:15:38+00:00,2025-05-13T01:52:16+00:00,2025-05-12T10:43:34+00:00,2025-05-13T02:24:20+00:00,2025-05-12T10:09:44+00:00,2025-05-13T02:58:11+00:00
2025-05-13,2025-05-13T11:40:14+00:00,2025-05-14T01:27:40+00:00,2025-05-13T18:33:57+00:00,49646,2025-05-13T11:14:52+00:00,2025-05-14T01:53:01+00:00,2025-05-13T10:42:42+00:00,2025-05-14T02:25:12+00:00,2025-05-13T10:08:44+00:00,2025-05-14T02:59:10+00:00
2025-05-14,2025-05-14T11:39:33+00:00,2025-05-15T01:28:21+00:00,2025-05-14T18:33:57+00:00,49728,2025-05-14T11:14:08+00:00,2025-05-15T01:53:47+00:00,2025-05-14T10:41:52+00:00,2025-05-15T02:26:03+00:00,2025-05-14T10:07:45+00:00,2025-05-15T03:00:09+00:00
2025-05-15,2025-05-15T11:38:53+00:00,2025-05-16T01:29:03+00:00,2025-05-15T18:33:58+00:00,49810,2025-05-15T11:13:24+00:00,2025-05-16T01:54:32+00:00,2025-05-15T10:41:03+00:00,2025-05-16T02:26:53+00:00,2025-05-15T10:06:48+00:00,2025-05-16T03:01:07+00:00
2025-05-16,2025-05-16T11:38:15+00:00,2025-05-17T01:29:44+00:00,2025-05-16T18:33:59+00:00,49889,2025-05-16T11:12:42+00:00,2025-05-17T01:55:16+00:00,2025-05-16T10:40:15+00:00,2025-05-17T02:27:44+00:00,2025-05-16T10:05:53+00:00,2025-05-17T03:02:06+00:00
2025-05-17,2025-05-17T11:37:38+00:00,2025-05-18T01:30:25+00:00,2025-05-17T18:34:01+00:00,49967,2025-05-17T11:12:02+00:00,2025-05-18T01:56:01+00:00,2025-05-17T10:39:29+00:00,2025-05-18T02:28:34+00:00,2025-05-17T10:04:59+00:00,2025-05-18T03:03:04+00:00
2025-05-18,2025-05-18T11:37:02+00:00,2025-05-19T01:31:06+00:00,2025-05-18T18:34:04+00:00,50044,2025-05-18T11:11:23+00:00,2025-05-19T01:56:45+00:00,2025-05-18T10:38:44+00:00,2025-05-19T02:29:23+00:00,2025-05-18T10:04:06+00:00,2025-05-19T03:04:01+00:00
2025-05-19,2025-05-19T11:36:28+00:00,2025-05-20T01:31:46+00:00,2025-05-19T18:34:07+00:00,50118,2025-05-19T11:10:45+00:00,2025-05-20T01:57:29+00:00,2025-05-19T10:38:01+00:00,2025-05-20T02:30:13+00:00,2025-05-19T10:03:15+00:00,2025-05-20T03:04:58+00:00
2025-05-20,2025-05-20T11:35:55+00:00,2025-05-21T01:32:26+00:00,2025-05-20T18:34:10+00:00,50191,2025-05-20T11:10:09+00:00,2025-05-21T01:58:12+00:00,2025-05-20T10:37:19+00:00,2025-05-21T02:31:02+00:00,2025-05-20T10:02:26+00:00,2025-05-21T03:05:55+00:00
2025-05-21,2025-05-21T11:35:23+00:00,2025-05-22T01:33:06+00:00,2025-05-21T18:34:15+00:00,50263,2025-05-21T11:09:34+00:00,2025-05-22T01:58:55+00:00,2025-05-21T10:36:39+00:00,2025-05-22T02:31:50+00:00,2025-05-21T10:01:38+00:00,2025-05-22T03:06:51+00:00
2025-05-22,2025-05-22T11:34:54+00:00,2025-05-23T01:33:45+00:00,2025-05-22T18:34:19+00:00,50331,2025-05-22T11:09:01+00:00,2025-05-23T01:59:38+00:00,2025-05-22T10:36:01+00:00,2025-05-23T02:32:38+00:00,2025-05-22T10:00:52+00:00,2025-05-23T03:07:46+00:00
2025-05-23,2025-05-23T11:34:25+00:00,2025-05-24T01:34:24+00:00,2025-05-23T18:34:24+00:00,50399,2025-05-23T11:08:29+00:00,2025-05-24T02:00:20+00:00,2025-05-23T10:35:24+00:00,2025-05-24T02:33:25+00:00,2025-05-23T10:00:08+00:00,2025-05-24T03:08:41+00:00
2025-05-24,2025-05-24T11:33:58+00:00,2025-05-25T01:35:02+00:00,2025-05-24T18:34:30+00:00,50464,2025-05-24T11:07:59+00:00,2025-05-25T02:01:02+00:00,2025-05-24T10:34:48+00:00,2025-05-25T02:34:12+00:00,2025-05-24T09:59:25+00:00,2025-05-25T03:09:35+00:00
2025-05-25,2025-05-25T11:33:32+00:00,2025-05-26T01:35:40+00:00,2025-05-25T18:34:36+00:00,50528,2025-05-25T11:07:30+00:00,2025-05-26T02:01:43+00:00,2025-05-25T10:34:14+00:00,2025-05-26T02:34:58+00:00,2025-05-25T09:58:44+00:00,2025-05-26T03:10:28+00:00
2025-05-26,2025-05-26T11:33:08+00:00,2025-05-27T01:36:18+00:00,2025-05-26T18:34:43+00:00,50590,2025-05-26T11:07:03+00:00,2025-05-27T02:02:23+00:00,2025-05-26T10:33:42+00:00,2025-05-27T02:35:43+00:00,2025-05-26T09:58:05+00:00,2025-05-27T03:11:21+00:00
2025-05-27,2025-05-27T11:32:46+00:00,2025-05-28T01:36:54+00:00,2025-05-27T18:34:50+00:00,50648,2025-05-27T11:06:37+00:00,2025-05-28T02:03:03+00:00,2025-05-27T10:33:12+00:00,2025-05-28T02:36:28+00:00,2025-05-27T09:57:28+00:00,2025-05-28T03:12:12+00:00
2025-05-28,2025-05-28T11:32:24+00:00,2025-05-29T01:37:31+00:00,2025-05-28T18:34:58+00:00,50707,2025-05-28T11:06:13+00:00,2025-05-29T02:03:42+00:00,2025-05-28T10:32:43+00:00,2025-05-29T02:37:12+00:00,2025-05-28T09:56:52+00:00,2025-05-29T03:13:03+00:00
2025-05-29,2025-05-29T11:32:05+00:00,2025-05-30T01:38:06+00:00,2025-05-29T18:35:06+00:00,50761,2025-05-29T11:05:50+00:00,2025-05-30T02:04:21+00:00,2025-05-29T10:32:16+00:00,2025-05-30T02:37:55+00:00,2025-05-29T09:56:19+00:00,2025-05-30T03:13:52+00:00
2025-05-30,2025-05-30T11:31:47+00:00,2025-05-31T01:38:42+00:00,2025-05-30T18:35:14+00:00,50815,2025-05-30T11:05:30+00:00,2025-05-31T02:04:59+00:00,2025-05-30T10:31:51+00:00,2025-05-31T02:38:37+00:00,2025-05-30T09:55:47+00:00,2025-05-31T03:14:41+00:00
2025-05-31,2025-05-31T11:31:30+00:00,2025-06-01T01:39:16+00:00,2025-05-31T18:35:23+00:00,50866,2025-05-31T11:05:10+00:00,2025-06-01T02:05:36+00:00,2025-05-31T10:31:27+00:00,2025-06-01T02:39:18+00:00,2025-05-31T09:55:18+00:00,2025-06-01T03:15:28+00:00
2025-06-01,2025-06-01T11:31:15+00:00,2025-06-02T01:39:50+00:00,2025-06-01T18:35:32+00:00,50915,2025-06-01T11:04:53+00:00,2025-06-02T02:06:12+00:00,2025-06-01T10:31:06+00:00,2025-06-02T02:39:59+00:00,2025-06-01T09:54:50+00:00,2025-06-02T03:16:15+00:00
2025-06-02,2025-06-02T11:31:01+00:00,2025-06-03T01:40:23+00:00,2025-06-02T18:35:42+00:00,50962,2025-06-02T11:04:36+00:00,2025-06-03T02:06:47+00:00,2025-06-02T10:30:46+00:00,2025-06-03T02:40:38+00:00,2025-06-02T09:54:24+00:00,2025-06-03T03:17:00+00:00
2025-06-03,2025-06-03T11:30:49+00:00,2025-06-04T01:40:55+00:00,2025-06-03T18:35:52+00:00,51006,2025-06-03T11:04:22+00:00,2025-06-04T02:07:22+00:00,2025-06-03T10:30:27+00:00,2025-06-04T02:41:16+00:00,2025-06-03T09:54:00+00:00,2025-06-04T03:17:43+00:00
2025-06-04,2025-06-04T11:30:38+00:00,2025-06-05T01:41:26+00:00,2025-06-04T18:36:02+00:00,51048,2025-06-04T11:04:09+00:00,2025-06-05T02:07:55+00:00,2025-06-04T10:30:11+00:00,2025-06-05T02:41:54+00:00,2025-06-04T09:53:39+00:00,2025-06-05T03:18:26+00:00
2025-06-05,2025-06-05T11:30:29+00:00,2025-06-06T01:41:57+00:00,2025-06-05T18:36:13+00:00,51088,2025-06-05T11:03:58+00:00,2025-06-06T02:08:28+00:00,2025-06-05T10:29:56+00:00,2025-06-06T02:42:30+00:00,2025-06-05T09:53:19+00:00,2025-06-06T03:19:07+00:00
2025-06-06,2025-06-06T11:30:22+00:00,2025-06-07T01:42:26+00:00,2025-06-06T18:36:24+00:00,51124,2025-06-06T11:03:48+00:00,2025-06-07T02:09:00+00:00,2025-06-06T10:29:43+00:00,2025-06-07T02:43:05+00:00,2025-06-06T09:53:02+00:00,2025-06-07T03:19:46+00:00
2025-06-07,2025-06-07T11:30:16+00:00,2025-06-08T01:42:55+00:00,2025-06-07T18:36:35+00:00,51159,2025-06-07T11:03:40+00:00,2025-06-08T02:09:30+00:00,2025-06-07T10:29:32+00:00,2025-06-08T02:43:38+00:00,2025-06-07T09:52:46+00:00,2025-06-08T03:20:24+00:00
2025-06-08,2025-06-08T11:30:11+00:00,2025-06-09T01:43:23+00:00,2025-06-08T18:36:47+00:00,51192,2025-06-08T11:03:34+00:00,2025-06-09T02:10:00+00:00,2025-06-08T10:29:23+00:00,2025-06-09T02:44:11+00:00,2025-06-08T09:52:33+00:00,2025-06-09T03:21:01+00:00
2025-06-09,2025-06-09T11:30:08+00:00,2025-06-10T01:43:50+00:00,2025-06-09T18:36:59+00:00,51222,2025-06-09T11:03:29+00:00,2025-06-10T02:10:28+00:00,2025-06-09T10:29:16+00:00,2025-06-10T02:44:42+00:00,2025-06-09T09:52:21+00:00,2025-06-10T03:21:36+00:00
2025-06-10,2025-06-10T11:30:06+00:00,2025-06-11T01:44:16+00:00,2025-06-10T18:37:11+00:00,51250,2025-06-10T11:03:26+00:00,2025-06-11T02:10:56+00:00,2025-06-10T10:29:10+00:00,2025-06-11T02:45:12+00:00,2025-06-10T09:52:12+00:00,2025-06-11T03:22:09+00:00
2025-06-11,2025-06-11T11:30:06+00:00,2025-06-12T01:44:40+00:00,2025-06-11T18:37:23+00:00,51274,2025-06-11T11:03:24+00:00,2025-06-12T02:11:22+00:00,2025-06-11T10:29:06+00:00,2025-06-12T02:45:40+00:00,2025-06-11T09:52:05+00:00,2025-06-12T03:22:41+00:00
2025-06-12,2025-06-12T11:30:07+00:00,2025-06-13T01:45:04+00:00,2025-06-12T18:37:35+00:00,51297,2025-06-12T11:03:24+00:00,2025-06-13T02:11:47+00:00,2025-06-12T10:29:04+00:00,2025-06-13T02:46:07+00:00,2025-06-12T09:52:00+00:00,2025-06-13T03:23:11+00:00
2025-06-13,2025-06-13T11:30:09+00:00,2025-06-14T01:45:27+00:00,2025-06-13T18:37:48+00:00,51318,2025-06-13T11:03:25+00:00,2025-06-14T02:12:11+00:00,2025-06-13T10:29:04+00:00,2025-06-14T02:46:32+00:00,2025-06-13T09:51:57+00:00,2025-06-14T03:23:39+00:00
2025-06-14,2025-06-14T11:30:13+00:00,2025-06-15T01:45:48+00:00,2025-06-14T18:38:01+00:00,51335,2025-06-14T11:03:28+00:00,2025-06-15T02:12:33+00:00,2025-06-14T10:29:05+00:00,2025-06-15T02:46:56+00:00,2025-06-14T09:51:56+00:00,2025-06-15T03:24:05+00:00
2025-06-15,2025-06-15T11:30:19+00:00,2025-06-16T01:46:09+00:00,2025-06-15T18:38:14+00:00,51350,2025-06-15T11:03:33+00:00,2025-06-16T02:12:54+00:00,2025-06-15T10:29:08+00:00,2025-06-16T02:47:19+00:00,2025-06-15T09:51:57+00:00,2025-06-16T03:24:30+00:00
2025-06-16,2025-06-16T11:30:25+00:00,2025-06-17T01:46:28+00:00,2025-06-16T18:38:27+00:00,51363,2025-06-16T11:03:39+00:00,2025-06-17T02:13:14+00:00,2025-06-16T10:29:13+00:00,2025-06-17T02:47:40+00:00,2025-06-16T09:52:00+00:00,2025-06-17T03:24:53+00:00
2025-06-17,2025-06-17T11:30:33+00:00,2025-06-18T01:46:46+00:00,2025-06-17T18:38:40+00:00,51373,2025-06-17T11:03:46+00:00,2025-06-18T02:13:33+00:00,2025-06-17T10:29:20+00:00,2025-06-18T02:47:59+00:00,2025-06-17T09:52:06+00:00,2025-06-18T03:25:13+00:00
2025-06-18,2025-06-18T11:30:43+00:00,2025-06-19T01:47:02+00:00,2025-06-18T18:38:53+00:00,51379,2025-06-18T11:03:55+00:00,2025-06-19T02:13:50+00:00,2025-06-18T10:29:28+00:00,2025-06-19T02:48:17+00:00,2025-06-18T09:52:13+00:00,2025-06-19T03:25:32+00:00
2025-06-19,2025-06-19T11:30:54+00:00,2025-06-20T01:47:18+00:00,2025-06-19T18:39:06+00:00,51384,2025-06-19T11:04:06+00:00,2025-06-20T02:14:06+00:00,2025-06-19T10:29:38+00:00,2025-06-20T02:48:33+00:00,2025-06-19T09:52:23+00:00,2025-06-20T03:25:49+00:00
2025-06-20,2025-06-20T11:31:06+00:00,2025-06-21T01:47:32+00:00,2025-06-20T18:39:19+00:00,51386,2025-06-20T11:04:18+00:00,2025-06-21T02:14:20+00:00,2025-06-20T10:29:50+00:00,2025-06-21T02:48:48+00:00,2025-06-20T09:52:34+00:00,2025-06-21T03:26:04+00:00
2025-06-21,2025-06-21T11:31:19+00:00,2025-06-22T01:47:45+00:00,2025-06-21T18:39:32+00:00,51386,2025-06-21T11:04:31+00:00,2025-06-22T02:14:33+00:00,2025-06-21T10:30:03+00:00,2025-06-22T02:49:01+00:00,2025-06-21T09:52:47+00:00,2025-06-22T03:26:16+00:00
2025-06-22,2025-06-22T11:31:33+00:00,2025-06-23T01:47:56+00:00,2025-06-22T18:39:45+00:00,51383,2025-06-22T11:04:46+00:00,2025-06-23T02:14:44+00:00,2025-06-22T10:30:18+00:00,2025-06-23T02:49:12+00:00,2025-06-22T09:53:03+00:00,2025-06-23T03:26:27+00:00
2025-06-23,2025-06-23T11:31:49+00:00,2025-06-24T01:48:06+00:00,2025-06-23T18:39:58+00:00,51377,2025-06-23T11:05:02+00:00,2025-06-24T02:14:54+00:00,2025-06-23T10:30:35+00:00,2025-06-24T02:49:21+00:00,2025-06-23T09:53:20+00:00,2025-06-24T03:26:35+00:00
2025-06-24,2025-06-24T11:32:06+00:00,2025-06-25T01:48:15+00:00,2025-06-24T18:40:11+00:00,51369,2025-06-24T11:05:19+00:00,2025-06-25T02:15:02+00:00,2025-06-24T10:30:53+00:00,2025-06-25T02:49:28+00:00,2025-06-24T09:53:39+00:00,2025-06-25T03:26:42+00:00
2025-06-25,2025-06-25T11:32:24+00:00,2025-06-26T01:48:23+00:00,2025-06-25T18:40:23+00:00,51359,2025-06-25T11:05:38+00:00,2025-06-26T02:15:09+00:00,2025-06-25T10:31:12+00:00,2025-06-26T02:49:34+00:00,2025-06-25T09:54:00+00:00,2025-06-26T03:26:46+00:00
2025-06-26,2025-06-26T11:32:43+00:00,2025-06-27T01:48:28+00:00,2025-06-26T18:40:36+00:00,51345,2025-06-26T11:05:58+00:00,2025-06-27T02:15:14+00:00,2025-06-26T10:31:34+00:00,2025-06-27T02:49:38+00:00,2025-06-26T09:54:23+00:00,2025-06-27T03:26:49+00:00
2025-06-27,2025-06-27T11:33:04+00:00,2025-06-28T01:48:33+00:00,2025-06-27T18:40:48+00:00,51329,2025-06-27T11:06:19+00:00,2025-06-28T02:15:18+00:00,2025-06-27T10:31:56+00:00,2025-06-28T02:49:40+00:00,2025-06-27T09:54:48+00:00,2025-06-28T03:26:49+00:00
2025-06-28,2025-06-28T11:33:25+00:00,2025-06-29T01:48:36+00:00,2025-06-28T18:41:01+00:00,51311,2025-06-28T11:06:42+00:00,2025-06-29T02:15:20+00:00,2025-06-28T10:32:20+00:00,2025-06-29T02:49:41+00:00,2025-06-28T09:55:15+00:00,2025-06-29T03:26:47+00:00
2025-06-29,2025-06-29T11:33:48+00:00,2025-06-30T01:48:38+00:00,2025-06-29T18:41:13+00:00,51290,2025-06-29T11:07:05+00:00,2025-06-30T02:15:20+00:00,2025-06-29T10:32:46+00:00,2025-06-30T02:49:39+00:00,2025-06-29T09:55:43+00:00,2025-06-30T03:26:42+00:00
2025-06-30,2025-06-30T11:34:11+00:00,2025-07-01T01:48:38+00:00,2025-06-30T18:41:24+00:00,51267,2025-06-30T11:07:30+00:00,2025-07-01T02:15:19+00:00,2025-06-30T10:33:13+00:00,2025-07-01T02:49:36+00:00,2025-06-30T09:56:13+00:00,2025-07-01T03:26:36+00:00
2025-07-01,2025-07-01T11:34:36+00:00,2025-07-02T01:48:36+00:00,2025-07-01T18:41:36+00:00,51240,2025-07-01T11:07:56+00:00,2025-07-02T02:15:16+00:00,2025-07-01T10:33:41+00:00,2025-07-02T02:49:31+00:00,2025-07-01T09:56:44+00:00,2025-07-02T03:26:28+00:00
2025-07-02,2025-07-02T11:35:01+00:00,2025-07-03T01:48:33+00:00,2025-07-02T18:41:47+00:00,51212,2025-07-02T11:08:23+00:00,2025-07-03T02:15:12+00:00,2025-07-02T10:34:10+00:00,2025-07-03T02:49:24+00:00,2025-07-02T09:57:17+00:00,2025-07-03T03:26:17+00:00
2025-07-03,2025-07-03T11:35:27+00:00,2025-07-04T01:48:29+00:00,2025-07-03T18:41:58+00:00,51182,2025-07-03T11:08:51+00:00,2025-07-04T02:15:05+00:00,2025-07-03T10:34:41+00:00,2025-07-04T02:49:15+00:00,2025-07-03T09:57:52+00:00,2025-07-04T03:26:04+00:00
2025-07-04,2025-07-04T11:35:55+00:00,2025-07-05T01:48:23+00:00,2025-07-04T18:42:09+00:00,51148,2025-07-04T11:09:20+00:00,2025-07-05T02:14:58+00:00,2025-07-04T10:35:13+00:00,2025-07-05T02:49:05+00:00,2025-07-04T09:58:28+00:00,2025-07-05T03:25:50+00:00
2025-07-05,2025-07-05T11:36:23+00:00,2025-07-06T01:48:15+00:00,2025-07-05T18:42:19+00:00,51112,2025-07-05T11:09:50+00:00,2025-07-06T02:14:48+00:00,2025-07-05T10:35:46+00:00,2025-07-06T02:48:52+00:00,2025-07-05T09:59:06+00:00,2025-07-06T03:25:33+00:00
2025-07-06,2025-07-06T11:36:52+00:00,2025-07-07T01:48:06+00:00,2025-07-06T18:42:29+00:00,51074,2025-07-06T11:10:21+00:00,2025-07-07T02:14:37+00:00,2025-07-06T10:36:20+00:00,2025-07-07T02:48:38+00:00,2025-07-06T09:59:45+00:00,2025-07-07T03:25:13+00:00
2025-07-07,2025-07-07T11:37:21+00:00,2025-07-08T01:47:56+00:00,2025-07-07T18:42:39+00:00,51035,2025-07-07T11:10:53+00:00,2025-07-08T02:14:25+00:00,2025-07-07T10:36:55+00:00,2025-07-08T02:48:22+00:00,2025-07-07T10:00:25+00:00,2025-07-08T03:24:52+00:00
2025-07-08,2025-07-08T11:37:52+00:00,2025-07-09T01:47:44+00:00,2025-07-08T18:42:48+00:00,50992,2025-07-08T11:11:25+00:00,2025-07-09T02:14:10+00:00,2025-07-08T10:37:32+00:00,2025-07-09T02:48:04+00:00,2025-07-08T10:01:06+00:00,2025-07-09T03:24:29+00:00
2025-07-09,2025-07-09T11:38:23+00:00,2025-07-10T01:47:30+00:00,2025-07-09T18:42:57+00:00,50947,2025-07-09T11:11:59+00:00,2025-07-10T02:13:54+00:00,2025-07-09T10:38:09+00:00,2025-07-10T02:47:44+00:00,2025-07-09T10:01:49+00:00,2025-07-10T03:24:04+00:00
2025-07-10,2025-07-10T11:38:55+00:00,2025-07-11T01:47:15+00:00,2025-07-10T18:43:05+00:00,50900,2025-07-10T11:12:33+00:00,2025-07-11T02:13:37+00:00,2025-07-10T10:38:47+00:00,2025-07-11T02:47:22+00:00,2025-07-10T10:02:33+00:00,2025-07-11T03:23:36+00:00
2025-07-11,2025-07-11T11:39:27+00:00,2025-07-12T01:46:58+00:00,2025-07-11T18:43:13+00:00,50851,2025-07-11T11:13:08+00:00,2025-07-12T02:13:17+00:00,2025-07-11T10:39:27+00:00,2025-07-12T02:46:59+00:00,2025-07-11T10:03:18+00:00,2025-07-12T03:23:07+00:00
2025-07-12,2025-07-12T11:40:00+00:00,2025-07-13T01:46:40+00:00,2025-07-12T18:43:20+00:00,50800,2025-07-12T11:13:44+00:00,2025-07-13T02:12:56+00:00,2025-07-12T10:40:07+00:00,2025-07-13T02:46:34+00:00,2025-07-12T10:04:05+00:00,2025-07-13T03:22:36+00:00
2025-07-13,2025-07-13T11:40:34+00:00,2025-07-14T01:46:20+00:00,2025-07-13T18:43:27+00:00,50746,2025-07-13T11:14:20+00:00,2025-07-14T02:12:34+00:00,2025-07-13T10:40:47+00:00,2025-07-14T02:46:07+00:00,2025-07-13T10:04:52+00:00,2025-07-14T03:22:02+00:00
2025-07-14,2025-07-14T11:41:08+00:00,2025-07-15T01:45:59+00:00,2025-07-14T18:43:34+00:00,50691,2025-07-14T11:14:57+00:00,2025-07-15T02:12:10+00:00,2025-07-14T10:41:29+00:00,2025-07-15T02:45:38+00:00,2025-07-14T10:05:40+00:00,2025-07-15T03:21:27+00:00
2025-07-15,2025-07-15T11:41:43+00:00,2025-07-16T01:45:36+00:00,2025-07-15T18:43:40+00:00,50633,2025-07-15T11:15:35+00:00,2025-07-16T02:11:44+00:00,2025-07-15T10:42:11+00:00,2025-07-16T02:45:08+00:00,2025-07-15T10:06:29+00:00,2025-07-16T03:20:50+00:00
2025-07-16,2025-07-16T11:42:19+00:00,2025-07-17T01:45:11+00:00,2025-07-16T18:43:45+00:00,50572,2025-07-16T11:16:13+00:00,2025-07-17T02:11:17+00:00,2025-07-16T10:42:55+00:00,2025-07-17T02:44:36+00:00,2025-07-16T10:07:19+00:00,2025-07-17T03:20:11+00:00
2025-07-17,2025-07-17T11:42:54+00:00,2025-07-18T01:44:46+00:00,2025-07-17T18:43:50+00:00,50512,2025-07-17T11:16:52+00:00,2025-07-18T02:10:48+00:00,2025-07-17T10:43:38+00:00,2025-07-18T02:44:02+00:00,2025-07-17T10:08:10+00:00,2025-07-18T03:19:30+00:00
2025-07-18,2025-07-18T11:43:31+00:00,2025-07-19T01:44:18+00:00,2025-07-18T18:43:54+00:00,50447,2025-07-18T11:17:32+00:00,2025-07-19T02:10:17+00:00,2025-07-18T10:44:23+00:00,2025-07-19T02:43:26+00:00,2025-07-18T10:09:01+00:00,2025-07-19T03:18:48+00:00
2025-07-19,2025-07-19T11:44:07+00:00,2025-07-20T01:43:49+00:00,2025-07-19T18:43:58+00:00,50382,2025-07-19T11:18:11+00:00,2025-07-20T02:09:45+00:00,2025-07-19T10:45:07+00:00,2025-07-20T02:42:49+00:00,2025-07-19T10:09:53+00:00,2025-07-20T03:18:03+00:00
2025-07-20,2025-07-20T11:44:44+00:00,2025-07-21T01:43:19+00:00,2025-07-20T18:44:01+00:00,50315,2025-07-20T11:18:52+00:00,2025-07-21T02:09:11+00:00,2025-07-20T10:45:53+00:00,2025-07-21T02:42:10+00:00,2025-07-20T10:10:46+00:00,2025-07-21T03:17:17+00:00
2025-07-21,2025-07-21T11:45:21+00:00,2025-07-22T01:42:47+00:00,2025-07-21T18:44:04+00:00,50246,2025-07-21T11:19:32+00:00,2025-07-22T02:08:36+00:00,2025-07-21T10:46:39+00:00,2025-07-22T02:41:30+00:00,2025-07-21T10:11:39+00:00,2025-07-22T03:16:29+00:00
2025-07-22,2025-07-22T11:45:59+00:00,2025-07-23T01:42:14+00:00,2025-07-22T18:44:06+00:00,50175,2025-07-22T11:20:13+00:00,2025-07-23T02:08:00+00:00,2025-07-22T10:47:25+00:00,2025-07-23T02:40:48+00:00,2025-07-22T10:12:33+00:00,2025-07-23T03:15:39+00:00
2025-07-23,2025-07-23T11:46:37+00:00,2025-07-24T01:41:39+00:00,2025-07-23T18:44:08+00:00,50102,2025-07-23T11:20:54+00:00,2025-07-24T02:07:21+00:00,2025-07-23T10:48:12+00:00,2025-07-24T02:40:04+00:00,2025-07-23T10:13:28+00:00,2025-07-24T03:14:48+00:00
2025-07-24,2025-07-24T11:47:15+00:00,2025-07-25T01:41:03+00:00,2025-07-24T18:44:09+00:00,50028,2025-07-24T11:21:36+00:00,2025-07-25T02:06:42+00:00,2025-07-24T10:48:59+00:00,2025-07-25T02:39:19+00:00,2025-07-24T10:14:22+00:00,2025-07-25T03:13:55+00:00
2025-07-25,2025-07-25T11:47:53+00:00,2025-07-26T01:40:25+00:00,2025-07-25T18:44:09+00:00,49952,2025-07-25T11:22:18+00:00,2025-07-26T02:06:01+00:00,2025-07-25T10:49:46+00:00,2025-07-26T02:38:32+00:00,2025-07-25T10:15:18+00:00,2025-07-26T03:13:01+00:00
2025-07-26,2025-07-26T11:48:32+00:00,2025-07-27T01:39:46+00:00,2025-07-26T18:44:09+00:00,49874,2025-07-26T11:23:00+00:00,2025-07-27T02:05:18+00:00,2025-07-26T10:50:34+00:00,2025-07-27T02:37:44+00:00,2025-07-26T10:16:13+00:00,2025-07-27T03:12:05+00:00
2025-07-27,2025-07-27T11:49:11+00:00,2025-07-28T01:39:06+00:00,2025-07-27T18:44:08+00:00,49795,2025-07-27T11:23:42+00:00,2025-07-28T02:04:34+00:00,2025-07-27T10:51:22+00:00,2025-07-28T02:36:55+00:00,2025-07-27T10:17:09+00:00,2025-07-28T03:11:08+00:00
2025-07-28,2025-07-28T11:49:50+00:00,2025-07-29T01:38:24+00:00,2025-07-28T18:44:07+00:00,49714,2025-07-28T11:24:25+00:00,2025-07-29T02:03:49+00:00,2025-07-28T10:52:10+00:00,2025-07-29T02:36:04+00:00,2025-07-28T10:18:05+00:00,2025-07-29T03:10:09+00:00
2025-07-29,2025-07-29T11:50:29+00:00,2025-07-30T01:37:41+00:00,2025-07-29T18:44:05+00:00,49632,2025-07-29T11:25:07+00:00,2025-07-30T02:03:02+00:00,2025-07-29T10:52:58+00:00,2025-07-30T02:35:11+00:00,2025-07-29T10:19:01+00:00,2025-07-30T03:09:08+00:00
2025-07-30,2025-07-30T11:51:08+00:00,2025-07-31T01:36:56+00:00,2025-07-30T18:44:02+00:00,49548,2025-07-30T11:25:50+00:00,2025-07-31T02:02:14+00:00,2025-07-30T10:53:47+00:00,2025-07-31T02:34:18+00:00,2025-07-30T10:19:58+00:00,2025-07-31T03:08:07+00:00
2025-07-31,2025-07-31T11:51:47+00:00,2025-08-01T01:36:11+00:00,2025-07-31T18:43:59+00:00,49464,2025-07-31T11:26:33+00:00,2025-08-01T02:01:25+00:00,2025-07-31T10:54:35+00:00,2025-08-01T02:33:23+00:00,2025-07-31T10:20:54+00:00,2025-08-01T03:07:04+00:00
2025-08-01,2025-08-01T11:52:27+00:00,2025-08-02T01:35:24+00:00,2025-08-01T18:43:55+00:00,49377,2025-08-01T11:27:16+00:00,2025-08-02T02:00:34+00:00,2025-08-01T10:55:24+00:00,2025-08-02T02:32:26+00:00,2025-08-01T10:21:51+00:00,2025-08-02T03:05:59+00:00
2025-08-02,2025-08-02T11:53:06+00:00,2025-08-03T01:34:35+00:00,2025-08-02T18:43:51+00:00,49289,2025-08-02T11:27:59+00:00,2025-08-03T01:59:42+00:00,2025-08-02T10:56:13+00:00,2025-08-03T02:31:29+00:00,2025-08-02T10:22:47+00:00,2025-08-03T03:04:54+00:00
2025-08-03,2025-08-03T11:53:45+00:00,2025-08-04T01:33:46+00:00,2025-08-03T18:43:46+00:00,49201,2025-08-03T11:28:42+00:00,2025-08-04T01:58:49+00:00,2025-08-03T10:57:01+00:00,2025-08-04T02:30:30+00:00,2025-08-03T10:23:44+00:00,2025-08-04T03:03:47+00:00
2025-08-04,2025-08-04T11:54:25+00:00,2025-08-05T01:32:55+00:00,2025-08-04T18:43:40+00:00,49110,2025-08-04T11:29:25+00:00,2025-08-05T01:57:55+00:00,2025-08-04T10:57:50+00:00,2025-08-05T02:29:30+00:00,2025-08-04T10:24:41+00:00,2025-08-05T03:02:39+00:00
2025-08-05,2025-08-05T11:55:04+00:00,2025-08-06T01:32:03+00:00,2025-08-05T18:43:34+00:00,49019,2025-08-05T11:30:08+00:00,2025-08-06T01:56:59+00:00,2025-08-05T10:58:39+00:00,2025-08-06T02:28:29+00:00,2025-08-05T10:25:37+00:00,2025-08-06T03:01:30+00:00
2025-08-06,2025-08-06T11:55:44+00:00,2025-08-07T01:31:10+00:00,2025-08-06T18:43:27+00:00,48926,2025-08-06T11:30:51+00:00,2025-08-07T01:56:03+00:00,2025-08-06T10:59:27+00:00,2025-08-07T02:27:26+00:00,2025-08-06T10:26:34+00:00,2025-08-07T03:00:20+00:00
2025-08-07,2025-08-07T11:56:23+00:00,2025-08-08T01:30:16+00:00,2025-08-07T18:43:19+00:00,48833,2025-08-07T11:31:34+00:00,2025-08-08T01:55:05+00:00,2025-08-07T11:00:16+00:00,2025-08-08T02:26:23+00:00,2025-08-07T10:27:30+00:00,2025-08-08T02:59:08+00:00
2025-08-08,2025-08-08T11:57:02+00:00,2025-08-09T01:29:20+00:00,2025-08-08T18:43:11+00:00,48738,2025-08-08T11:32:17+00:00,2025-08-09T01:54:06+00:00,2025-08-08T11:01:05+00:00,2025-08-09T02:25:18+00:00,2025-08-08T10:28:27+00:00,2025-08-09T02:57:56+00:00
2025-08-09,2025-08-09T11:57:42+00:00,2025-08-10T01:28:24+00:00,2025-08-09T18:43:03+00:00,48642,2025-08-09T11:33:00+00:00,2025-08-10T01:53:06+00:00,2025-08-09T11:01:53+00:00,2025-08-10T02:24:12+00:00,2025-08-09T10:29:23+00:00,2025-08-10T02:56:43+00:00
2025-08-10,2025-08-10T11:58:21+00:00,2025-08-11T01:27:26+00:00,2025-08-10T18:42:53+00:00,48545,2025-08-10T11:33:42+00:00,2025-08-11T01:52:05+00:00,2025-08-10T11:02:41+00:00,2025-08-11T02:23:06+00:00,2025-08-10T10:30:18+00:00,2025-08-11T02:55:28+00:00
2025-08-11,2025-08-11T11:59:00+00:00,2025-08-12T01:26:27+00:00,2025-08-11T18:42:44+00:00,48447,2025-08-11T11:34:25+00:00,2025-08-12T01:51:02+00:00,2025-08-11T11:03:29+00:00,2025-08-12T02:21:58+00:00,2025-08-11T10:31:14+00:00,2025-08-12T02:54:13+00:00
2025-08-12,2025-08-12T11:59:39+00:00,2025-08-13T01:25:28+00:00,2025-08-12T18:42:33+00:00,48349,2025-08-12T11:35:08+00:00,2025-08-13T01:49:59+00:00,2025-08-12T11:04:17+00:00,2025-08-13T02:20:50+00:00,2025-08-12T10:32:10+00:00,2025-08-13T02:52:57+00:00
2025-08-13,2025-08-13T12:00:18+00:00,2025-08-14T01:24:27+00:00,2025-08-13T18:42:23+00:00,48249,2025-08-13T11:35:50+00:00,2025-08-14T01:48:55+00:00,2025-08-13T11:05:05+00:00,2025-08-14T02:19:40+00:00,2025-08-13T10:33:05+00:00,2025-08-14T02:51:40+00:00
2025-08-14,2025-08-14T12:00:57+00:00,2025-08-15T01:23:25+00:00,2025-08-14T18:42:11+00:00,48148,2025-08-14T11:36:32+00:00,2025-08-15T01:47:50+00:00,2025-08-14T11:05:53+00:00,2025-08-15T02:18:30+00:00,2025-08-14T10:34:00+00:00,2025-08-15T02:50:23+00:00
2025-08-15,2025-08-15T12:01:36+00:00,2025-08-16T01:22:23+00:00,2025-08-15T18:41:59+00:00,48047,2025-08-15T11:37:14+00:00,2025-08-16T01:46:44+00:00,2025-08-15T11:06:40+00:00,2025-08-16T02:17:18+00:00,2025-08-15T10:34:54+00:00,2025-08-16T02:49:04+00:00
2025-08-16,2025-08-16T12:02:14+00:00,2025-08-17T01:21:19+00:00,2025-08-16T18:41:47+00:00,47945,2025-08-16T11:37:56+00:00,2025-08-17T01:45:37+00:00,2025-08-16T11:07:27+00:00,2025-08-17T02:16:06+00:00,2025-08-16T10:35:48+00:00,2025-08-17T02:47:45+00:00
2025-08-17,2025-08-17T12:02:53+00:00,2025-08-18T01:20:14+00:00,2025-08-17T18:41:34+00:00,47841,2025-08-17T11:38:38+00:00,2025-08-18T01:44:30+00:00,2025-08-17T11:08:14+00:00,2025-08-18T02:14:53+00:00,2025-08-17T10:36:42+00:00,2025-08-18T02:46:25+00:00
2025-08-18,2025-08-18T12:03:31+00:00,2025-08-19T01:19:09+00:00,2025-08-18T18:41:20+00:00,47738,2025-08-18T11:39:19+00:00,2025-08-19T01:43:21+00:00,2025-08-18T11:09:00+00:00,2025-08-19T02:13:40+00:00,2025-08-18T10:37:36+00:00,2025-08-19T02:45:04+00:00
2025-08-19,2025-08-19T12:04:09+00:00,2025-08-20T01:18:03+00:00,2025-08-19T18:41:06+00:00,47634,2025-08-19T11:40:01+00:00,2025-08-20T01:42:12+00:00,2025-08-19T11:09:47+00:00,2025-08-20T02:12:26+00:00,2025-08-19T10:38:29+00:00,2025-08-20T02:43:43+00:00
2025-08-20,2025-08-20T12:04:48+00:00,2025-08-21T01:16:56+00:00,2025-08-20T18:40:52+00:00,47528,2025-08-20T11:40:42+00:00,2025-08-21T01:41:01+00:00,2025-08-20T11:10:33+00:00,2025-08-21T02:11:10+00:00,2025-08-20T10:39:22+00:00,2025-08-21T02:42:21+00:00
2025-08-21,2025-08-21T12:05:26+00:00,2025-08-22T01:15:48+00:00,2025-08-21T18:40:37+00:00,47422,2025-08-21T11:41:23+00:00,2025-08-22T01:39:51+00:00,2025-08-21T11:11:19+00:00,2025-08-22T02:09:55+00:00,2025-08-21T10:40:14+00:00,2025-08-22T02:40:59+00:00
2025-08-22,2025-08-22T12:06:03+00:00,2025-08-23T01:14:39+00:00,2025-08-22T18:40:21+00:00,47316,2025-08-22T11:42:04+00:00,2025-08-23T01:38:39+00:00,2025-08-22T11:12:04+00:00,2025-08-23T02:08:38+00:00,2025-08-22T10:41:07+00:00,2025-08-23T02:39:36+00:00
2025-08-23,2025-08-23T12:06:41+00:00,2025-08-24T01:13:30+00:00,2025-08-23T18:40:06+00:00,47209,2025-08-23T11:42:44+00:00,2025-08-24T01:37:27+00:00,2025-08-23T11:12:50+00:00,2025-08-24T02:07:21+00:00,2025-08-23T10:41:58+00:00,2025-08-24T02:38:13+00:00
2025-08-24,2025-08-24T12:07:19+00:00,2025-08-25T01:12:20+00:00,2025-08-24T18:39:49+00:00,47101,2025-08-24T11:43:25+00:00,2025-08-25T01:36:14+00:00,2025-08-24T11:13:35+00:00,2025-08-25T02:06:04+00:00,2025-08-24T10:42:50+00:00,2025-08-25T02:36:49+00:00
2025-08-25,2025-08-25T12:07:56+00:00,2025-08-26T01:11:09+00:00,2025-08-25T18:39:33+00:00,46993,2025-08-25T11:44:05+00:00,2025-08-26T01:35:00+00:00,2025-08-25T11:14:19+00:00,2025-08-26T02:04:46+00:00,2025-08-25T10:43:40+00:00,2025-08-26T02:35:25+00:00
2025-08-26,2025-08-26T12:08:34+00:00,2025-08-27T01:09:58+00:00,2025-08-26T18:39:16+00:00,46884,2025-08-26T11:44:45+00:00,2025-08-27T01:33:46+00:00,2025-08-26T11:15:04+00:00,2025-08-27T02:03:27+00:00,2025-08-26T10:44:31+00:00,2025-08-27T02:34:00+00:00
2025-08-27,2025-08-27T12:09:11+00:00,2025-08-28T01:08:46+00:00,2025-08-27T18:38:58+00:00,46775,2025-08-27T11:45:25+00:00,2025-08-28T01:32:31+00:00,2025-08-27T11:15:48+00:00,2025-08-28T02:02:08+00:00,2025-08-27T10:45:21+00:00,2025-08-28T02:32:35+00:00
2025-08-28,2025-08-28T12:09:48+00:00,2025-08-29T01:07:33+00:00,2025-08-28T18:38:40+00:00,46665,2025-08-28T11:46:05+00:00,2025-08-29T01:31:16+00:00,2025-08-28T11:16:32+00:00,2025-08-29T02:00:49+00:00,2025-08-28T10:46:11+00:00,2025-08-29T02:31:10+00:00
2025-08-29,2025-08-29T12:10:25+00:00,2025-08-30T01:06:20+00:00,2025-08-29T18:38:22+00:00,46555,2025-08-29T11:46:44+00:00,2025-08-30T01:30:00+00:00,2025-08-29T11:17:15+00:00,2025-08-30T01:59:29+00:00,2025-08-29T10:47:00+00:00,2025-08-30T02:29:44+00:00
2025-08-30,2025-08-30T12:11:02+00:00,2025-08-31T01:05:06+00:00,2025-08-30T18:38:04+00:00,46444,2025-08-30T11:47:23+00:00,2025-08-31T01:28:44+00:00,2025-08-30T11:17:59+00:00,2025-08-31T01:58:09+00:00,2025-08-30T10:47:49+00:00,2025-08-31T02:28:19+00:00
2025-08-31,2025-08-31T12:11:39+00:00,2025-09-01T01:03:51+00:00,2025-08-31T18:37:45+00:00,46332,2025-08-31T11:48:02+00:00,2025-09-01T01:27:27+00:00,2025-08-31T11:18:42+00:00,2025-09-01T01:56:48+00:00,2025-08-31T10:48:37+00:00,2025-09-01T02:26:53+00:00
2025-09-01,2025-09-01T12:12:15+00:00,2025-09-02T01:02:36+00:00,2025-09-01T18:37:26+00:00,46221,2025-09-01T11:48:41+00:00,2025-09-02T01:26:10+00:00,2025-09-01T11:19:24+00:00,2025-09-02T01:55:27+00:00,2025-09-01T10:49:25+00:00,2025-09-02T02:25:26+00:00
2025-09-02,2025-09-02T12:12:52+00:00,2025-09-03T01:01:21+00:00,2025-09-02T18:37:06+00:00,46109,2025-09-02T11:49:20+00:00,2025-09-03T01:24:53+00:00,2025-09-02T11:20:07+00:00,2025-09-03T01:54:06+00:00,2025-09-02T10:50:13+00:00,2025-09-03T02:24:00+00:00
2025-09-03,2025-09-03T12:13:28+00:00,2025-09-04T01:00:05+00:00,2025-09-03T18:36:47+00:00,45997,2025-09-03T11:49:59+00:00,2025-09-04T01:23:35+00:00,2025-09-03T11:20:49+00:00,2025-09-04T01:52:44+00:00,2025-09-03T10:51:00+00:00,2025-09-04T02:22:33+00:00
2025-09-04,2025-09-04T12:14:05+00:00,2025-09-05T00:58:49+00:00,2025-09-04T18:36:27+00:00,45884,2025-09-04T11:50:37+00:00,2025-09-05T01:22:16+00:00,2025-09-04T11:21:31+00:00,2025-09-05T01:51:23+00:00,2025-09-04T10:51:47+00:00,2025-09-05T02:21:07+00:00
2025-09-05,2025-09-05T12:14:41+00:00,2025-09-06T00:57:32+00:00,2025-09-05T18:36:07+00:00,45771,2025-09-05T11:51:15+00:00,2025-09-06T01:20:58+00:00,2025-09-05T11:22:13+00:00,2025-09-06T01:50:01+00:00,2025-09-05T10:52:33+00:00,2025-09-06T02:19:40+00:00
2025-09-06,2025-09-06T12:15:17+00:00,2025-09-07T00:56:15+00:00,2025-09-06T18:35:46+00:00,45658,2025-09-06T11:51:54+00:00,2025-09-07T01:19:39+00:00,2025-09-06T11:22:54+00:00,2025-09-07T01:48:39+00:00,2025-09-06T10:53:19+00:00,2025-09-07T02:18:13+00:00
2025-09-07,2025-09-07T12:15:53+00:00,2025-09-08T00:54:58+00:00,2025-09-07T18:35:26+00:00,45545,2025-09-07T11:52:32+00:00,2025-09-08T01:18:20+00:00,2025-09-07T11:23:35+00:00,2025-09-08T01:47:16+00:00,2025-09-07T10:54:05+00:00,2025-09-08T02:16:46+00:00
2025-09-08,2025-09-08T12:16:30+00:00,2025-09-09T00:53:40+00:00,2025-09-08T18:35:05+00:00,45430,2025-09-08T11:53:10+00:00,2025-09-09T01:17:01+00:00,2025-09-08T11:24:16+00:00,2025-09-09T01:45:54+00:00,2025-09-08T10:54:50+00:00,2025-09-09T02:15:20+00:00
2025-09-09,2025-09-09T12:17:06+00:00,2025-09-10T00:52:23+00:00,2025-09-09T18:34:44+00:00,45317,2025-09-09T11:53:47+00:00,2025-09-10T01:15:41+00:00,2025-09-09T11:24:57+00:00,2025-09-10T01:44:31+00:00,2025-09-09T10:55:35+00:00,2025-09-10T02:13:53+00:00
2025-09-10,2025-09-10T12:17:42+00:00,2025-09-11T00:51:04+00:00,2025-09-10T18:34:23+00:00,45202,2025-09-10T11:54:25+00:00,2025-09-11T01:14:21+00:00,2025-09-10T11:25:37+00:00,2025-09-11T01:43:09+00:00,2025-09-10T10:56:20+00:00,2025-09-11T02:12:26+00:00
2025-09-11,2025-09-11T12:18:18+00:00,2025-09-12T00:49:46+00:00,2025-09-11T18:34:02+00:00,45088,2025-09-11T11:55:03+00:00,2025-09-12T01:13:01+00:00,2025-09-11T11:26:18+00:00,2025-09-12T01:41:46+00:00,2025-09-11T10:57:04+00:00,2025-09-12T02:11:00+00:00
2025-09-12,2025-09-12T12:18:54+00:00,2025-09-13T00:48:27+00:00,2025-09-12T18:33:41+00:00,44973,2025-09-12T11:55:40+00:00,2025-09-13T01:11:42+00:00,2025-09-12T11:26:58+00:00,2025-09-13T01:40:24+00:00,2025-09-12T10:57:48+00:00,2025-09-13T02:09:33+00:00
2025-09-13,2025-09-13T12:19:30+00:00,2025-09-14T00:47:09+00:00,2025-09-13T18:33:19+00:00,44859,2025-09-13T11:56:17+00:00,2025-09-14T01:10:21+00:00,2025-09-13T11:27:37+00:00,2025-09-14T01:39:01+00:00,2025-09-13T10:58:32+00:00,2025-09-14T02:08:07+00:00
2025-09-14,2025-09-14T12:20:06+00:00,2025-09-15T00:45:50+00:00,2025-09-14T18:32:58+00:00,44744,2025-09-14T11:56:55+00:00,2025-09-15T01:09:01+00:00,2025-09-14T11:28:17+00:00,2025-09-15T01:37:39+00:00,2025-09-14T10:59:15+00:00,2025-09-15T02:06:41+00:00
2025-09-15,2025-09-15T12:20:42+00:00,2025-09-16T00:44:31+00:00,2025-09-15T18:32:37+00:00,44629,2025-09-15T11:57:32+00:00,2025-09-16T01:07:41+00:00,2025-09-15T11:28:57+00:00,2025-09-16T01:36:17+00:00,2025-09-15T10:59:58+00:00,2025-09-16T02:05:15+00:00
2025-09-16,2025-09-16T12:21:19+00:00,2025-09-17T00:43:12+00:00,2025-09-16T18:32:15+00:00,44513,2025-09-16T11:58:09+00:00,2025-09-17T01:06:21+00:00,2025-09-16T11:29:36+00:00,2025-09-17T01:34:54+00:00,2025-09-16T11:00:40+00:00,2025-09-17T02:03:50+00:00
2025-09-17,2025-09-17T12:21:55+00:00,2025-09-18T00:41:52+00:00,2025-09-17T18:31:54+00:00,44397,2025-09-17T11:58:46+00:00,2025-09-18T01:05:01+00:00,2025-09-17T11:30:15+00:00,2025-09-18T01:33:32+00:00,2025-09-17T11:01:23+00:00,2025-09-18T02:02:25+00:00
2025-09-18,2025-09-18T12:22:31+00:00,2025-09-19T00:40:33+00:00,2025-09-18T18:31:32+00:00,44282,2025-09-18T11:59:24+00:00,2025-09-19T01:03:41+00:00,2025-09-18T11:30:54+00:00,2025-09-19T01:32:10+00:00,2025-09-18T11:02:05+00:00,2025-09-19T02:01:00+00:00
2025-09-19,2025-09-19T12:23:08+00:00,2025-09-20T00:39:14+00:00,2025-09-19T18:31:11+00:00,44166,2025-09-19T12:00:01+00:00,2025-09-20T01:02:21+00:00,2025-09-19T11:31:33+00:00,2025-09-20T01:30:48+00:00,2025-09-19T11:02:47+00:00,2025-09-20T01:59:35+00:00
2025-09-20,2025-09-20T12:23:44+00:00,2025-09-21T00:37:55+00:00,2025-09-20T18:30:50+00:00,44051,2025-09-20T12:00:38+00:00,2025-09-21T01:01:01+00:00,2025-09-20T11:32:12+00:00,2025-09-21T01:29:27+00:00,2025-09-20T11:03:28+00:00,2025-09-21T01:58:11+00:00
2025-09-21,2025-09-21T12:24:21+00:00,2025-09-22T00:36:36+00:00,2025-09-21T18:30:28+00:00,43935,2025-09-21T12:01:15+00:00,2025-09-22T00:59:41+00:00,2025-09-21T11:32:51+00:00,2025-09-22T01:28:06+00:00,2025-09-21T11:04:10+00:00,2025-09-22T01:56:47+00:00
2025-09-22,2025-09-22T12:24:58+00:00,2025-09-23T00:35:17+00:00,2025-09-22T18:30:07+00:00,43819,2025-09-22T12:01:52+00:00,2025-09-23T00:58:22+00:00,2025-09-22T11:33:30+00:00,2025-09-23T01:26:45+00:00,2025-09-22T11:04:51+00:00,2025-09-23T01:55:23+00:00
2025-09-23,2025-09-23T12:25:34+00:00,2025-09-24T00:33:58+00:00,2025-09-23T18:29:46+00:00,43704,2025-09-23T12:02:30+00:00,2025-09-24T00:57:03+00:00,2025-09-23T11:34:08+00:00,2025-09-24T01:25:24+00:00,2025-09-23T11:05:32+00:00,2025-09-24T01:54:00+00:00
2025-09-24,2025-09-24T12:26:11+00:00,2025-09-25T00:32:39+00:00,2025-09-24T18:29:25+00:00,43588,2025-09-24T12:03:07+00:00,2025-09-25T00:55:43+00:00,2025-09-24T11:34:47+00:00,2025-09-25T01:24:04+00:00,2025-09-24T11:06:13+00:00,2025-09-25T01:52:38+00:00
2025-09-25,2025-09-25T12:26:49+00:00,2025-09-26T00:31:20+00:00,2025-09-25T18:29:04+00:00,43471,2025-09-25T12:03:44+00:00,2025-09-26T00:54:25+00:00,2025-09-25T11:35:25+00:00,2025-09-26T01:22:44+00:00,2025-09-25T11:06:53+00:00,2025-09-26T01:51:16+00:00
2025-09-26,2025-09-26T12:27:26+00:00,2025-09-27T00:30:02+00:00,2025-09-26T18:28:44+00:00,43356,2025-09-26T12:04:22+00:00,2025-09-27T00:53:06+00:00,2025-09-26T11:36:04+00:00,2025-09-27T01:21:24+00:00,2025-09-26T11:07:34+00:00,2025-09-27T01:49:54+00:00
2025-09-27,2025-09-27T12:28:04+00:00,2025-09-28T00:28:44+00:00,2025-09-27T18:28:24+00:00,43240,2025-09-27T12:04:59+00:00,2025-09-28T00:51:48+00:00,2025-09-27T11:36:42+00:00,2025-09-28T01:20:05+00:00,2025-09-27T11:08:14+00:00,2025-09-28T01:48:33+00:00
2025-09-28,2025-09-28T12:28:41+00:00,2025-09-29T00:27:26+00:00,2025-09-28T18:28:03+00:00,43125,2025-09-28T12:05:37+00:00,2025-09-29T00:50:30+00:00,2025-09-28T11:37:20+00:00,2025-09-29T01:18:46+00:00,2025-09-28T11:08:54+00:00,2025-09-29T01:47:13+00:00
2025-09-29,2025-09-29T12:29:19+00:00,2025-09-30T00:26:08+00:00,2025-09-29T18:27:44+00:00,43009,2025-09-29T12:06:15+00:00,2025-09-30T00:49:12+00:00,2025-09-29T11:37:59+00:00,2025-09-30T01:17:28+00:00,2025-09-29T11:09:34+00:00,2025-09-30T01:45:53+00:00
2025-09-30,2025-09-30T12:29:57+00:00,2025-10-01T00:24:51+00:00,2025-09-30T18:27:24+00:00,42894,2025-09-30T12:06:53+00:00,2025-10-01T00:47:55+00:00,2025-09-30T11:38:37+00:00,2025-10-01T01:16:11+00:00,2025-09-30T11:10:14+00:00,2025-10-01T01:44:34+00:00
2025-10-01,2025-10-01T12:30:36+00:00,2025-10-02T00:23:34+00:00,2025-10-01T18:27:05+00:00,42778,2025-10-01T12:07:31+00:00,2025-10-02T00:46:38+00:00,2025-10-01T11:39:16+00:00,2025-10-02T01:14:53+00:00,2025-10-01T11:10:54+00:00,2025-10-02T01:43:15+00:00
2025-10-02,2025-10-02T12:31:14+00:00,2025-10-03T00:22:17+00:00,2025-10-02T18:26:46+00:00,42663,2025-10-02T12:08:09+00:00,2025-10-03T00:45:22+00:00,2025-10-02T11:39:54+00:00,2025-10-03T01:13:37+00:00,2025-10-02T11:11:34+00:00,2025-10-03T01:41:57+00:00
2025-10-03,2025-10-03T12:31:53+00:00,2025-10-04T00:21:01+00:00,2025-10-03T18:26:27+00:00,42548,2025-10-03T12:08:48+00:00,2025-10-04T00:44:06+00:00,2025-10-03T11:40:33+00:00,2025-10-04T01:12:21+00:00,2025-10-03T11:12:13+00:00,2025-10-04T01:40:40+00:00
2025-10-04,2025-10-04T12:32:32+00:00,2025-10-05T00:19:45+00:00,2025-10-04T18:26:09+00:00,42433,2025-10-04T12:09:26+00:00,2025-10-05T00:42:51+00:00,2025-10-04T11:41:12+00:00,2025-10-05T01:11:05+00:00,2025-10-04T11:12:53+00:00,2025-10-05T01:39:24+00:00
2025-10-05,2025-10-05T12:33:12+00:00,2025-10-06T00:18:29+00:00,2025-10-05T18:25:51+00:00,42317,2025-10-05T12:10:05+00:00,2025-10-06T00:41:36+00:00,2025-10-05T11:41:50+00:00,2025-10-06T01:09:51+00:00,2025-10-05T11:13:33+00:00,2025-10-06T01:38:08+00:00
2025-10-06,2025-10-06T12:33:52+00:00,2025-10-07T00:17:14+00:00,2025-10-06T18:25:33+00:00,42202,2025-10-06T12:10:44+00:00,2025-10-07T00:40:22+00:00,2025-10-06T11:42:29+00:00,2025-10-07T01:08:37+00:00,2025-10-06T11:14:12+00:00,2025-10-07T01:36:53+00:00
2025-10-07,2025-10-07T12:34:32+00:00,2025-10-08T00:16:00+00:00,2025-10-07T18:25:16+00:00,42088,2025-10-07T12:11:23+00:00,2025-10-08T00:39:08+00:00,2025-10-07T11:43:08+00:00,2025-10-08T01:07:23+00:00,2025-10-07T11:14:52+00:00,2025-10-08T01:35:39+00:00
2025-10-08,2025-10-08T12:35:12+00:00,2025-10-09T00:14:46+00:00,2025-10-08T18:24:59+00:00,41974,2025-10-08T12:12:03+00:00,2025-10-09T00:37:55+00:00,2025-10-08T11:43:47+00:00,2025-10-09T01:06:11+00:00,2025-10-08T11:15:32+00:00,2025-10-09T01:34:26+00:00
2025-10-09,2025-10-09T12:35:53+00:00,2025-10-10T00:13:33+00:00,2025-10-09T18:24:43+00:00,41860,2025-10-09T12:12:42+00:00,2025-10-10T00:36:43+00:00,2025-10-09T11:44:26+00:00,2025-10-10T01:04:59+00:00,2025-10-09T11:16:11+00:00,2025-10-10T01:33:14+00:00
2025-10-10,2025-10-10T12:36:34+00:00,2025-10-11T00:12:20+00:00,2025-10-10T18:24:27+00:00,41746,2025-10-10T12:13:22+00:00,2025-10-11T00:35:31+00:00,2025-10-10T11:45:06+00:00,2025-10-11T01:03:48+00:00,2025-10-10T11:16:51+00:00,2025-10-11T01:32:03+00:00
2025-10-11,2025-10-11T12:37:15+00:00,2025-10-12T00:11:08+00:00,2025-10-11T18:24:11+00:00,41633,2025-10-11T12:14:02+00:00,2025-10-12T00:34:20+00:00,2025-10-11T11:45:45+00:00,2025-10-12T01:02:37+00:00,2025-10-11T11:17:31+00:00,2025-10-12T01:30:52+00:00
2025-10-12,2025-10-12T12:37:57+00:00,2025-10-13T00:09:56+00:00,2025-10-12T18:23:56+00:00,41519,2025-10-12T12:14:43+00:00,2025-10-13T00:33:10+00:00,2025-10-12T11:46:25+00:00,2025-10-13T01:01:28+00:00,2025-10-12T11:18:10+00:00,2025-10-13T01:29:43+00:00
2025-10-13,2025-10-13T12:38:39+00:00,2025-10-14T00:08:46+00:00,2025-10-13T18:23:42+00:00,41407,2025-10-13T12:15:24+00:00,2025-10-14T00:32:01+00:00,2025-10-13T11:47:05+00:00,2025-10-14T01:00:19+00:00,2025-10-13T11:18:50+00:00,2025-10-14T01:28:34+00:00
2025-10-14,2025-10-14T12:39:21+00:00,2025-10-15T00:07:35+00:00,2025-10-14T18:23:28+00:00,41294,2025-10-14T12:16:04+00:00,2025-10-15T00:30:52+00:00,2025-10-14T11:47:45+00:00,2025-10-15T00:59:12+00:00,2025-10-14T11:19:30+00:00,2025-10-15T01:27:26+00:00
2025-10-15,2025-10-15T12:40:04+00:00,2025-10-16T00:06:26+00:00,2025-10-15T18:23:15+00:00,41182,2025-10-15T12:16:46+00:00,2025-10-16T00:29:44+00:00,2025-10-15T11:48:25+00:00,2025-10-16T00:58:05+00:00,2025-10-15T11:20:10+00:00,2025-10-16T01:26:20+00:00
2025-10-16,2025-10-16T12:40:47+00:00,2025-10-17T00:05:18+00:00,2025-10-16T18:23:02+00:00,41071,2025-10-16T12:17:27+00:00,2025-10-17T00:28:37+00:00,2025-10-16T11:49:06+00:00,2025-10-17T00:56:59+00:00,2025-10-16T11:20:50+00:00,2025-10-17T01:25:14+00:00
2025-10-17,2025-10-17T12:41:30+00:00,2025-10-18T00:04:10+00:00,2025-10-17T18:22:50+00:00,40960,2025-10-17T12:18:09+00:00,2025-10-18T00:27:31+00:00,2025-10-17T11:49:46+00:00,2025-10-18T00:55:54+00:00,2025-10-17T11:21:30+00:00,2025-10-18T01:24:10+00:00
2025-10-18,2025-10-18T12:42:14+00:00,2025-10-19T00:03:03+00:00,2025-10-18T18:22:39+00:00,40849,2025-10-18T12:18:51+00:00,2025-10-19T00:26:26+00:00,2025-10-18T11:50:27+00:00,2025-10-19T00:54:50+00:00,2025-10-18T11:22:11+00:00,2025-10-19T01:23:06+00:00
2025-10-19,2025-10-19T12:42:58+00:00,2025-10-20T00:01:57+00:00,2025-10-19T18:22:28+00:00,40739,2025-10-19T12:19:34+00:00,2025-10-20T00:25:21+00:00,2025-10-19T11:51:08+00:00,2025-10-20T00:53:47+00:00,2025-10-19T11:22:51+00:00,2025-10-20T01:22:04+00:00
2025-10-20,2025-10-20T12:43:43+00:00,2025-10-21T00:00:52+00:00,2025-10-20T18:22:17+00:00,40629,2025-10-20T12:20:17+00:00,2025-10-21T00:24:18+00:00,2025-10-20T11:51:49+00:00,2025-10-21T00:52:45+00:00,2025-10-20T11:23:32+00:00,2025-10-21T01:21:03+00:00
2025-10-21,2025-10-21T12:44:28+00:00,2025-10-21T23:59:48+00:00,2025-10-21T18:22:08+00:00,40520,2025-10-21T12:21:00+00:00,2025-10-22T00:23:16+00:00,2025-10-21T11:52:31+00:00,2025-10-22T00:51:45+00:00,2025-10-21T11:24:13+00:00,2025-10-22T01:20:03+00:00
2025-10-22,2025-10-22T12:45:13+00:00,2025-10-22T23:58:44+00:00,2025-10-22T18:21:59+00:00,40411,2025-10-22T12:21:43+00:00,2025-10-23T00:22:15+00:00,2025-10-22T11:53:13+00:00,2025-10-23T00:50:45+00:00,2025-10-22T11:24:54+00:00,2025-10-23T01:19:04+00:00
2025-10-23,2025-10-23T12:45:59+00:00,2025-10-23T23:57:42+00:00,2025-10-23T18:21:51+00:00,40303,2025-10-23T12:22:27+00:00,2025-10-24T00:21:14+00:00,2025-10-23T11:53:55+00:00,2025-10-24T00:49:47+00:00,2025-10-23T11:25:35+00:00,2025-10-24T01:18:07+00:00
2025-10-24,2025-10-24T12:46:45+00:00,2025-10-24T23:56:41+00:00,2025-10-24T18:21:43+00:00,40196,2025-10-24T12:23:11+00:00,2025-10-25T00:20:15+00:00,2025-10-24T11:54:37+00:00,2025-10-25T00:48:49+00:00,2025-10-24T11:26:16+00:00,2025-10-25T01:17:10+00:00
2025-10-25,2025-10-25T12:47:32+00:00,2025-10-25T23:55:41+00:00,2025-10-25T18:21:36+00:00,40089,2025-10-25T12:23:56+00:00,2025-10-26T00:19:17+00:00,2025-10-25T11:55:20+00:00,2025-10-26T00:47:53+00:00,2025-10-25T11:26:57+00:00,2025-10-26T01:16:15+00:00
2025-10-26,2025-10-26T12:48:19+00:00,2025-10-26T23:54:41+00:00,2025-10-26T18:21:30+00:00,39982,2025-10-26T12:24:40+00:00,2025-10-27T00:18:20+00:00,2025-10-26T11:56:03+00:00,2025-10-27T00:46:58+00:00,2025-10-26T11:27:39+00:00,2025-10-27T01:15:21+00:00
2025-10-27,2025-10-27T12:49:06+00:00,2025-10-27T23:53:43+00:00,2025-10-27T18:21:25+00:00,39877,2025-10-27T12:25:26+00:00,2025-10-28T00:17:24+00:00,2025-10-27T11:56:46+00:00,2025-10-28T00:46:04+00:00,2025-10-27T11:28:21+00:00,2025-10-28T01:14:29+00:00
2025-10-28,2025-10-28T12:49:54+00:00,2025-10-28T23:52:46+00:00,2025-10-28T18:21:20+00:00,39772,2025-10-28T12:26:11+00:00,2025-10-29T00:16:30+00:00,2025-10-28T11:57:29+00:00,2025-10-29T00:45:12+00:00,2025-10-28T11:29:03+00:00,2025-10-29T01:13:38+00:00
2025-10-29,2025-10-29T12:50:42+00:00,2025-10-29T23:51:51+00:00,2025-10-29T18:21:16+00:00,39669,2025-10-29T12:26:57+00:00,2025-10-30T00:15:36+00:00,2025-10-29T11:58:13+00:00,2025-10-30T00:44:20+00:00,2025-10-29T11:29:45+00:00,2025-10-30T01:12:48+00:00
2025-10-30,2025-10-30T12:51:31+00:00,2025-10-30T23:50:56+00:00,2025-10-30T18:21:13+00:00,39565,2025-10-30T12:27:43+00:00,2025-10-31T00:14:44+00:00,2025-10-30T11:58:56+00:00,2025-10-31T00:43:30+00:00,2025-10-30T11:30:27+00:00,2025-10-31T01:11:59+00:00
2025-10-31,2025-10-31T12:52:19+00:00,2025-10-31T23:50:03+00:00,2025-10-31T18:21:11+00:00,39464,2025-10-31T12:28:29+00:00,2025-11-01T00:13:53+00:00,2025-10-31T11:59:40+00:00,2025-11-01T00:42:42+00:00,2025-10-31T11:31:10+00:00,2025-11-01T01:11:12+00:00
2025-11-01,2025-11-01T12:53:09+00:00,2025-11-01T23:49:11+00:00,2025-11-01T18:21:10+00:00,39362,2025-11-01T12:29:16+00:00,2025-11-02T00:13:03+00:00,2025-11-01T12:00:25+00:00,2025-11-02T00:41:54+00:00,2025-11-01T11:31:53+00:00,2025-11-02T01:10:27+00:00
2025-11-02,2025-11-02T12:53:58+00:00,2025-11-02T23:48:20+00:00,2025-11-02T18:21:09+00:00,39262,2025-11-02T12:30:03+00:00,2025-11-03T00:12:15+00:00,2025-11-02T12:01:09+00:00,2025-11-03T00:41:08+00:00,2025-11-02T11:32:36+00:00,2025-11-03T01:09:42+00:00
2025-11-03,2025-11-03T12:54:48+00:00,2025-11-03T23:47:30+00:00,2025-11-03T18:21:09+00:00,39162,2025-11-03T12:30:50+00:00,2025-11-04T00:11:28+00:00,2025-11-03T12:01:54+00:00,2025-11-04T00:40:24+00:00,2025-11-03T11:33:19+00:00,2025-11-04T01:08:59+00:00
2025-11-04,2025-11-04T12:55:38+00:00,2025-11-04T23:46:42+00:00,2025-11-04T18:21:10+00:00,39064,2025-11-04T12:31:38+00:00,2025-11-05T00:10:43+00:00,2025-11-04T12:02:39+00:00,2025-11-05T00:39:41+00:00,2025-11-04T11:34:02+00:00,2025-11-05T01:08:18+00:00
2025-11-05,2025-11-05T12:56:29+00:00,2025-11-05T23:45:55+00:00,2025-11-05T18:21:12+00:00,38966,2025-11-05T12:32:25+00:00,2025-11-06T00:09:58+00:00,2025-11-05T12:03:25+00:00,2025-11-06T00:38:59+00:00,2025-11-05T11:34:46+00:00,2025-11-06T01:07:38+00:00
2025-11-06,2025-11-06T12:57:19+00:00,2025-11-06T23:45:10+00:00,2025-11-06T18:21:15+00:00,38871,2025-11-06T12:33:14+00:00,2025-11-07T00:09:15+00:00,2025-11-06T12:04:10+00:00,2025-11-07T00:38:19+00:00,2025-11-06T11:35:29+00:00,2025-11-07T01:07:00+00:00
2025-11-07,2025-11-07T12:58:10+00:00,2025-11-07T23:44:26+00:00,2025-11-07T18:21:18+00:00,38776,2025-11-07T12:34:02+00:00,2025-11-08T00:08:34+00:00,2025-11-07T12:04:56+00:00,2025-11-08T00:37:40+00:00,2025-11-07T11:36:13+00:00,2025-11-08T01:06:23+00:00
2025-11-08,2025-11-08T12:59:02+00:00,2025-11-08T23:43:43+00:00,2025-11-08T18:21:22+00:00,38681,2025-11-08T12:34:50+00:00,2025-11-09T00:07:54+00:00,2025-11-08T12:05:42+00:00,2025-11-09T00:37:03+00:00,2025-11-08T11:36:57+00:00,2025-11-09T01:05:47+00:00
2025-11-09,2025-11-09T12:59:53+00:00,2025-11-09T23:43:02+00:00,2025-11-09T18:21:27+00:00,38589,2025-11-09T12:35:39+00:00,2025-11-10T00:07:16+00:00,2025-11-09T12:06:28+00:00,2025-11-10T00:36:27+00:00,2025-11-09T11:37:41+00:00,2025-11-10T01:05:13+00:00
2025-11-10,2025-11-10T13:00:45+00:00,2025-11-10T23:42:22+00:00,2025-11-10T18:21:33+00:00,38497,2025-11-10T12:36:28+00:00,2025-11-11T00:06:39+00:00,2025-11-10T12:07:14+00:00,2025-11-11T00:35:52+00:00,2025-11-10T11:38:26+00:00,2025-11-11T01:04:41+00:00
2025-11-11,2025-11-11T13:01:37+00:00,2025-11-11T23:41:44+00:00,2025-11-11T18:21:40+00:00,38407,2025-11-11T12:37:17+00:00,2025-11-12T00:06:03+00:00,2025-11-11T12:08:01+00:00,2025-11-12T00:35:20+00:00,2025-11-11T11:39:10+00:00,2025-11-12T01:04:10+00:00
2025-11-12,2025-11-12T13:02:29+00:00,2025-11-12T23:41:07+00:00,2025-11-12T18:21:48+00:00,38318,2025-11-12T12:38:07+00:00,2025-11-13T00:05:29+00:00,2025-11-12T12:08:48+00:00,2025-11-13T00:34:48+00:00,2025-11-12T11:39:55+00:00,2025-11-13T01:03:41+00:00
2025-11-13,2025-11-13T13:03:21+00:00,2025-11-13T23:40:32+00:00,2025-11-13T18:21:57+00:00,38231,2025-11-13T12:38:56+00:00,2025-11-14T00:04:57+00:00,2025-11-13T12:09:34+00:00,2025-11-14T00:34:19+00:00,2025-11-13T11:40:40+00:00,2025-11-14T01:03:13+00:00
2025-11-14,2025-11-14T13:04:13+00:00,2025-11-14T23:39:59+00:00,2025-11-14T18:22:06+00:00,38146,2025-11-14T12:39:46+00:00,2025-11-15T00:04:26+00:00,2025-11-14T12:10:21+00:00,2025-11-15T00:33:51+00:00,2025-11-14T11:41:24+00:00,2025-11-15T01:02:47+00:00
2025-11-15,2025-11-15T13:05:06+00:00,2025-11-15T23:39:27+00:00,2025-11-15T18:22:16+00:00,38061,2025-11-15T12:40:35+00:00,2025-11-16T00:03:57+00:00,2025-11-15T12:11:08+00:00,2025-11-16T00:33:24+00:00,2025-11-15T11:42:09+00:00,2025-11-16T01:02:23+00:00
2025-11-16,2025-11-16T13:05:58+00:00,2025-11-16T23:38:56+00:00,2025-11-16T18:22:27+00:00,37978,2025-11-16T12:41:25+00:00,2025-11-17T00:03:29+00:00,2025-11-16T12:11:55+00:00,2025-11-17T00:32:59+00:00,2025-11-16T11:42:54+00:00,2025-11-17T01:02:00+00:00
2025-11-17,2025-11-17T13:06:51+00:00,2025-11-17T23:38:28+00:00,2025-11-17T18:22:39+00:00,37897,2025-11-17T12:42:15+00:00,2025-11-18T00:03:03+00:00,2025-11-17T12:12:42+00:00,2025-11-18T00:32:36+00:00,2025-11-17T11:43:39+00:00,2025-11-18T01:01:39+00:00
2025-11-18,2025-11-18T13:07:43+00:00,2025-11-18T23:38:01+00:00,2025-11-18T18:22:52+00:00,37818,2025-11-18T12:43:05+00:00,2025-11-19T00:02:39+00:00,2025-11-18T12:13:29+00:00,2025-11-19T00:32:14+00:00,2025-11-18T11:44:24+00:00,2025-11-19T01:01:19+00:00
2025-11-19,2025-11-19T13:08:36+00:00,2025-11-19T23:37:35+00:00,2025-11-19T18:23:05+00:00,37739,2025-11-19T12:43:55+00:00,2025-11-20T00:02:16+00:00,2025-11-19T12:14:17+00:00,2025-11-20T00:31:54+00:00,2025-11-19T11:45:09+00:00,2025-11-20T01:01:02+00:00
2025-11-20,2025-11-20T13:09:28+00:00,2025-11-20T23:37:12+00:00,2025-11-20T18:23:20+00:00,37664,2025-11-20T12:44:44+00:00,2025-11-21T00:01:55+00:00,2025-11-20T12:15:04+00:00,2025-11-21T00:31:36+00:00,2025-11-20T11:45:55+00:00,2025-11-21T01:00:45+00:00
2025-11-21,2025-11-21T13:10:20+00:00,2025-11-21T23:36:50+00:00,2025-11-21T18:23:35+00:00,37590,2025-11-21T12:45:34+00:00,2025-11-22T00:01:36+00:00,2025-11-21T12:15:51+00:00,2025-11-22T00:31:19+00:00,2025-11-21T11:46:40+00:00,2025-11-22T01:00:31+00:00
2025-11-22,2025-11-22T13:11:13+00:00,2025-11-22T23:36:29+00:00,2025-11-22T18:23:51+00:00,37516,2025-11-22T12:46:24+00:00,2025-11-23T00:01:18+00:00,2025-11-22T12:16:38+00:00,2025-11-23T00:31:04+00:00,2025-11-22T11:47:25+00:00,2025-11-23T01:00:18+00:00
2025-11-23,2025-11-23T13:12:05+00:00,2025-11-23T23:36:11+00:00,2025-11-23T18:24:08+00:00,37446,2025-11-23T12:47:13+00:00,2025-11-24T00:01:03+00:00,2025-11-23T12:17:25+00:00,2025-11-24T00:30:51+00:00,2025-11-23T11:48:10+00:00,2025-11-24T01:00:06+00:00
2025-11-24,2025-11-24T13:12:57+00:00,2025-11-24T23:35:54+00:00,2025-11-24T18:24:25+00:00,37377,2025-11-24T12:48:02+00:00,2025-11-25T00:00:48+00:00,2025-11-24T12:18:12+00:00,2025-11-25T00:30:39+00:00,2025-11-24T11:48:54+00:00,2025-11-25T00:59:56+00:00
2025-11-25,2025-11-25T13:13:48+00:00,2025-11-25T23:35:39+00:00,2025-11-25T18:24:44+00:00,37311,2025-11-25T12:48:52+00:00,2025-11-26T00:00:36+00:00,2025-11-25T12:18:58+00:00,2025-11-26T00:30:29+00:00,2025-11-25T11:49:39+00:00,2025-11-26T00:59:48+00:00
2025-11-26,2025-11-26T13:14:39+00:00,2025-11-26T23:35:26+00:00,2025-11-26T18:25:03+00:00,37247,2025-11-26T12:49:40+00:00,2025-11-27T00:00:25+00:00,2025-11-26T12:19:45+00:00,2025-11-27T00:30:21+00:00,2025-11-26T11:50:24+00:00,2025-11-27T00:59:42+00:00
2025-11-27,2025-11-27T13:15:30+00:00,2025-11-27T23:35:15+00:00,2025-11-27T18:25:22+00:00,37185,2025-11-27T12:50:29+00:00,2025-11-28T00:00:16+00:00,2025-11-27T12:20:31+00:00,2025-11-28T00:30:14+00:00,2025-11-27T11:51:08+00:00,2025-11-28T00:59:37+00:00
2025-11-28,2025-11-28T13:16:21+00:00,2025-11-28T23:35:05+00:00,2025-11-28T18:25:43+00:00,37124,2025-11-28T12:51:17+00:00,2025-11-29T00:00:09+00:00,2025-11-28T12:21:17+00:00,2025-11-29T00:30:09+00:00,2025-11-28T11:51:52+00:00,2025-11-29T00:59:34+00:00
2025-11-29,2025-11-29T13:17:11+00:00,2025-11-29T23:34:57+00:00,2025-11-29T18:26:04+00:00,37066,2025-11-29T12:52:05+00:00,2025-11-30T00:00:03+00:00,2025-11-29T12:22:03+00:00,2025-11-30T00:30:05+00:00,2025-11-29T11:52:36+00:00,2025-11-30T00:59:32+00:00
2025-11-30,2025-11-30T13:18:01+00:00,2025-11-30T23:34:51+00:00,2025-11-30T18:26:26+00:00,37010,2025-11-30T12:52:53+00:00,2025-11-30T23:59:59+00:00,2025-11-30T12:22:48+00:00,2025-12-01T00:30:04+00:00,2025-11-30T11:53:20+00:00,2025-12-01T00:59:32+00:00
2025-12-01,2025-12-01T13:18:50+00:00,2025-12-01T23:34:47+00:00,2025-12-01T18:26:48+00:00,36957,2025-12-01T12:53:40+00:00,2025-12-01T23:59:57+00:00,2025-12-01T12:23:33+00:00,2025-12-02T00:30:04+00:00,2025-12-01T11:54:03+00:00,2025-12-02T00:59:34+00:00
2025-12-02,2025-12-02T13:19:39+00:00,2025-12-02T23:34:44+00:00,2025-12-02T18:27:12+00:00,36905,2025-12-02T12:54:27+00:00,2025-12-02T23:59:56+00:00,2025-12-02T12:24:18+00:00,2025-12-03T00:30:05+00:00,2025-12-02T11:54:46+00:00,2025-12-03T00:59:37+00:00
2025-12-03,2025-12-03T13:20:27+00:00,2025-12-03T23:34:43+00:00,2025-12-03T18:27:35+00:00,36856,2025-12-03T12:55:13+00:00,2025-12-03T23:59:57+00:00,2025-12-03T12:25:02+00:00,2025-12-04T00:30:08+00:00,2025-12-03T11:55:29+00:00,2025-12-04T00:59:41+00:00
2025-12-04,2025-12-04T13:21:15+00:00,2025-12-04T23:34:44+00:00,2025-12-04T18:28:00+00:00,36809,2025-12-04T12:55:59+00:00,2025-12-05T00:00:00+00:00,2025-12-04T12:25:46+00:00,2025-12-05T00:30:13+00:00,2025-12-04T11:56:12+00:00,2025-12-05T00:59:48+00:00
2025-12-05,2025-12-05T13:22:02+00:00,2025-12-05T23:34:47+00:00,2025-12-05T18:28:24+00:00,36765,2025-12-05T12:56:44+00:00,2025-12-06T00:00:05+00:00,2025-12-05T12:26:30+00:00,2025-12-06T00:30:19+00:00,2025-12-05T11:56:53+00:00,2025-12-06T00:59:56+00:00
2025-12-06,2025-12-06T13:22:48+00:00,2025-12-06T23:34:52+00:00,2025-12-06T18:28:50+00:00,36724,2025-12-06T12:57:28+00:00,2025-12-07T00:00:11+00:00,2025-12-06T12:27:12+00:00,2025-12-07T00:30:27+00:00,2025-12-06T11:57:35+00:00,2025-12-07T01:00:05+00:00
2025-12-07,2025-12-07T13:23:33+00:00,2025-12-07T23:34:58+00:00,2025-12-07T18:29:16+00:00,36685,2025-12-07T12:58:12+00:00,2025-12-08T00:00:19+00:00,2025-12-07T12:27:55+00:00,2025-12-08T00:30:37+00:00,2025-12-07T11:58:16+00:00,2025-12-08T01:00:16+00:00
2025-12-08,2025-12-08T13:24:18+00:00,2025-12-08T23:35:06+00:00,2025-12-08T18:29:42+00:00,36648,2025-12-08T12:58:55+00:00,2025-12-09T00:00:29+00:00,2025-12-08T12:28:36+00:00,2025-12-09T00:30:48+00:00,2025-12-08T11:58:56+00:00,2025-12-09T01:00:28+00:00
2025-12-09,2025-12-09T13:25:02+00:00,2025-12-09T23:35:16+00:00,2025-12-09T18:30:09+00:00,36614,2025-12-09T12:59:38+00:00,2025-12-10T00:00:40+00:00,2025-12-09T12:29:17+00:00,2025-12-10T00:31:01+00:00,2025-12-09T11:59:36+00:00,2025-12-10T01:00:42+00:00
2025-12-10,2025-12-10T13:25:45+00:00,2025-12-10T23:35:28+00:00,2025-12-10T18:30:36+00:00,36583,2025-12-10T13:00:19+00:00,2025-12-11T00:00:53+00:00,2025-12-10T12:29:58+00:00,2025-12-11T00:31:15+00:00,2025-12-10T12:00:15+00:00,2025-12-11T01:00:57+00:00
2025-12-11,2025-12-11T13:26:27+00:00,2025-12-11T23:35:41+00:00,2025-12-11T18:31:04+00:00,36554,2025-12-11T13:01:00+00:00,2025-12-12T00:01:08+00:00,2025-12-11T12:30:37+00:00,2025-12-12T00:31:31+00:00,2025-12-11T12:00:54+00:00,2025-12-12T01:01:14+00:00
2025-12-12,2025-12-12T13:27:08+00:00,2025-12-12T23:35:56+00:00,2025-12-12T18:31:32+00:00,36528,2025-12-12T13:01:40+00:00,2025-12-13T00:01:24+00:00,2025-12-12T12:31:16+00:00,2025-12-13T00:31:48+00:00,2025-12-12T12:01:32+00:00,2025-12-13T01:01:32+00:00
2025-12-13,2025-12-13T13:27:47+00:00,2025-12-13T23:36:13+00:00,2025-12-13T18:32:00+00:00,36506,2025-12-13T13:02:19+00:00,2025-12-14T00:01:42+00:00,2025-12-13T12:31:54+00:00,2025-12-14T00:32:07+00:00,2025-12-13T12:02:09+00:00,2025-12-14T01:01:51+00:00
2025-12-14,2025-12-14T13:28:26+00:00,2025-12-14T23:36:32+00:00,2025-12-14T18:32:29+00:00,36486,2025-12-14T13:02:57+00:00,2025-12-15T00:02:01+00:00,2025-12-14T12:32:31+00:00,2025-12-15T00:32:27+00:00,2025-12-14T12:02:46+00:00,2025-12-15T01:02:12+00:00
2025-12-15,2025-12-15T13:29:04+00:00,2025-12-15T23:36:52+00:00,2025-12-15T18:32:58+00:00,36468,2025-12-15T13:03:34+00:00,2025-12-16T00:02:22+00:00,2025-12-15T12:33:07+00:00,2025-12-16T00:32:48+00:00,2025-12-15T12:03:21+00:00,2025-12-16T01:02:34+00:00
2025-12-16,2025-12-16T13:29:41+00:00,2025-12-16T23:37:13+00:00,2025-12-16T18:33:27+00:00,36452,2025-12-16T13:04:10+00:00,2025-12-17T00:02:44+00:00,2025-12-16T12:33:43+00:00,2025-12-17T00:33:11+00:00,2025-12-16T12:03:56+00:00,2025-12-17T01:02:58+00:00
2025-12-17,2025-12-17T13:30:16+00:00,2025-12-17T23:37:36+00:00,2025-12-17T18:33:56+00:00,36440,2025-12-17T13:04:45+00:00,2025-12-18T00:03:08+00:00,2025-12-17T12:34:17+00:00,2025-12-18T00:33:36+00:00,2025-12-17T12:04:30+00:00,2025-12-18T01:03:23+00:00
2025-12-18,2025-12-18T13:30:50+00:00,2025-12-18T23:38:01+00:00,2025-12-18T18:34:26+00:00,36431,2025-12-18T13:05:19+00:00,2025-12-19T00:03:33+00:00,2025-12-18T12:34:51+00:00,2025-12-19T00:34:01+00:00,2025-12-18T12:05:03+00:00,2025-12-19T01:03:48+00:00
2025-12-19,2025-12-19T13:31:23+00:00,2025-12-19T23:38:28+00:00,2025-12-19T18:34:55+00:00,36425,2025-12-19T13:05:52+00:00,2025-12-20T00:03:59+00:00,2025-12-19T12:35:23+00:00,2025-12-20T00:34:28+00:00,2025-12-19T12:05:35+00:00,2025-12-20T01:04:16+00:00
2025-12-20,2025-12-20T13:31:55+00:00,2025-12-20T23:38:55+00:00,2025-12-20T18:35:25+00:00,36420,2025-12-20T13:06:23+00:00,2025-12-21T00:04:27+00:00,2025-12-20T12:35:54+00:00,2025-12-21T00:34:56+00:00,2025-12-20T12:06:07+00:00,2025-12-21T01:04:44+00:00
2025-12-21,2025-12-21T13:32:25+00:00,2025-12-21T23:39:25+00:00,2025-12-21T18:35:55+00:00,36420,2025-12-21T13:06:53+00:00,2025-12-22T00:04:57+00:00,2025-12-21T12:36:24+00:00,2025-12-22T00:35:26+00:00,2025-12-21T12:06:37+00:00,2025-12-22T01:05:13+00:00
2025-12-22,2025-12-22T13:32:54+00:00,2025-12-22T23:39:56+00:00,2025-12-22T18:36:25+00:00,36422,2025-12-22T13:07:22+00:00,2025-12-23T00:05:28+00:00,2025-12-22T12:36:54+00:00,2025-12-23T00:35:56+00:00,2025-12-22T12:07:06+00:00,2025-12-23T01:05:44+00:00
2025-12-23,2025-12-23T13:33:22+00:00,2025-12-23T23:40:28+00:00,2025-12-23T18:36:55+00:00,36426,2025-12-23T13:07:50+00:00,2025-12-24T00:05:59+00:00,2025-12-23T12:37:21+00:00,2025-12-24T00:36:28+00:00,2025-12-23T12:07:34+00:00,2025-12-24T01:06:15+00:00
2025-12-24,2025-12-24T13:33:48+00:00,2025-12-24T23:41:01+00:00,2025-12-24T18:37:25+00:00,36433,2025-12-24T13:08:16+00:00,2025-12-25T00:06:33+00:00,2025-12-24T12:37:48+00:00,2025-12-25T00:37:01+00:00,2025-12-24T12:08:01+00:00,2025-12-25T01:06:48+00:00
2025-12-25,2025-12-25T13:34:12+00:00,2025-12-25T23:41:36+00:00,2025-12-25T18:37:54+00:00,36444,2025-12-25T13:08:41+00:00,2025-12-26T00:07:07+00:00,2025-12-25T12:38:14+00:00,2025-12-26T00:37:35+00:00,2025-12-25T12:08:27+00:00,2025-12-26T01:07:22+00:00
2025-12-26,2025-12-26T13:34:35+00:00,2025-12-26T23:42:12+00:00,2025-12-26T18:38:24+00:00,36457,2025-12-26T13:09:05+00:00,2025-12-27T00:07:43+00:00,2025-12-26T12:38:38+00:00,2025-12-27T00:38:10+00:00,2025-12-26T12:08:51+00:00,2025-12-27T01:07:56+00:00
2025-12-27,2025-12-27T13:34:57+00:00,2025-12-27T23:42:50+00:00,2025-12-27T18:38:53+00:00,36473,2025-12-27T13:09:27+00:00,2025-12-28T00:08:19+00:00,2025-12-27T12:39:01+00:00,2025-12-28T00:38:46+00:00,2025-12-27T12:09:15+00:00,2025-12-28T01:08:32+00:00
2025-12-28,2025-12-28T13:35:17+00:00,2025-12-28T23:43:28+00:00,2025-12-28T18:39:23+00:00,36491,2025-12-28T13:09:48+00:00,2025-12-29T00:08:57+00:00,2025-12-28T12:39:22+00:00,2025-12-29T00:39:23+00:00,2025-12-28T12:09:37+00:00,2025-12-29T01:09:08+00:00
2025-12-29,2025-12-29T13:35:35+00:00,2025-12-29T23:44:08+00:00,2025-12-29T18:39:52+00:00,36513,2025-12-29T13:10:07+00:00,2025-12-30T00:09:36+00:00,2025-12-29T12:39:42+00:00,2025-12-30T00:40:01+00:00,2025-12-29T12:09:58+00:00,2025-12-30T01:09:46+00:00
2025-12-30,2025-12-30T13:35:52+00:00,2025-12-30T23:44:49+00:00,2025-12-30T18:40:21+00:00,36537,2025-12-30T13:10:25+00:00,2025-12-31T00:10:16+00:00,2025-12-30T12:40:01+00:00,2025-12-31T00:40:40+00:00,2025-12-30T12:10:18+00:00,2025-12-31T01:10:24+00:00
2025-12-31,2025-12-31T13:36:07+00:00,2025-12-31T23:45:31+00:00,2025-12-31T18:40:49+00:00,36564,2025-12-31T13:10:41+00:00,2026-01-01T00:10:57+00:00,2025-12-31T12:40:19+00:00,2026-01-01T00:41:20+00:00,2025-12-31T12:10:36+00:00,2026-01-01T01:11:03+00:00
2026-01-01,2026-01-01T13:36:21+00:00,2026-01-01T23:46:14+00:00,2026-01-01T18:41:17+00:00,36593,2026-01-01T13:10:56+00:00,2026-01-02T00:11:39+00:00,2026-01-01T12:40:35+00:00,2026-01-02T00:42:00+00:00,2026-01-01T12:10:53+00:00,2026-01-02T01:11:42+00:00
2026-01-02,2026-01-02T13:36:33+00:00,2026-01-02T23:46:58+00:00,2026-01-02T18:41:45+00:00,36625,2026-01-02T13:11:09+00:00,2026-01-03T00:12:22+00:00,2026-01-02T12:40:49+00:00,2026-01-03T00:42:42+00:00,2026-01-02T12:11:08+00:00,2026-01-03T01:12:22+00:00
2026-01-03,2026-01-03T13:36:43+00:00,2026-01-03T23:47:43+00:00,2026-01-03T18:42:13+00:00,36660,2026-01-03T13:11:21+00:00,2026-01-04T00:13:05+00:00,2026-01-03T12:41:02+00:00,2026-01-04T00:43:24+00:00,2026-01-03T12:11:23+00:00,2026-01-04T01:13:03+00:00
2026-01-04,2026-01-04T13:36:51+00:00,2026-01-04T23:48:29+00:00,2026-01-04T18:42:40+00:00,36698,2026-01-04T13:11:31+00:00,2026-01-05T00:13:50+00:00,2026-01-04T12:41:14+00:00,2026-01-05T00:44:07+00:00,2026-01-04T12:11:35+00:00,2026-01-05T01:13:45+00:00
2026-01-05,2026-01-05T13:36:58+00:00,2026-01-05T23:49:16+00:00,2026-01-05T18:43:07+00:00,36738,2026-01-05T13:11:39+00:00,2026-01-06T00:14:35+00:00,2026-01-05T12:41:24+00:00,2026-01-06T00:44:50+00:00,2026-01-05T12:11:47+00:00,2026-01-06T01:14:27+00:00
2026-01-06,2026-01-06T13:37:03+00:00,2026-01-06T23:50:04+00:00,2026-01-06T18:43:33+00:00,36781,2026-01-06T13:11:46+00:00,2026-01-07T00:15:21+00:00,2026-01-06T12:41:32+00:00,2026-01-07T00:45:34+00:00,2026-01-06T12:11:57+00:00,2026-01-07T01:15:10+00:00
2026-01-07,2026-01-07T13:37:06+00:00,2026-01-07T23:50:52+00:00,2026-01-07T18:43:59+00:00,36826,2026-01-07T13:11:51+00:00,2026-01-08T00:16:07+00:00,2026-01-07T12:41:39+00:00,2026-01-08T00:46:19+00:00,2026-01-07T12:12:05+00:00,2026-01-08T01:15:53+00:00
2026-01-08,2026-01-08T13:37:08+00:00,2026-01-08T23:51:41+00:00,2026-01-08T18:44:24+00:00,36873,2026-01-08T13:11:55+00:00,2026-01-09T00:16:54+00:00,2026-01-08T12:41:44+00:00,2026-01-09T00:47:04+00:00,2026-01-08T12:12:12+00:00,2026-01-09T01:16:37+00:00
2026-01-09,2026-01-09T13:37:08+00:00,2026-01-09T23:52:31+00:00,2026-01-09T18:44:49+00:00,36923,2026-01-09T13:11:56+00:00,2026-01-10T00:17:42+00:00,2026-01-09T12:41:48+00:00,2026-01-10T00:47:50+00:00,2026-01-09T12:12:17+00:00,2026-01-10T01:17:21+00:00
2026-01-10,2026-01-10T13:37:06+00:00,2026-01-10T23:53:21+00:00,2026-01-10T18:45:14+00:00,36975,2026-01-10T13:11:56+00:00,2026-01-11T00:18:31+00:00,2026-01-10T12:41:50+00:00,2026-01-11T00:48:37+00:00,2026-01-10T12:12:21+00:00,2026-01-11T01:18:06+00:00
2026-01-11,2026-01-11T13:37:02+00:00,2026-01-11T23:54:12+00:00,2026-01-11T18:45:37+00:00,37030,2026-01-11T13:11:55+00:00,2026-01-12T00:19:20+00:00,2026-01-11T12:41:51+00:00,2026-01-12T00:49:23+00:00,2026-01-11T12:12:23+00:00,2026-01-12T01:18:51+00:00
2026-01-12,2026-01-12T13:36:57+00:00,2026-01-12T23:55:04+00:00,2026-01-12T18:46:00+00:00,37087,2026-01-12T13:11:52+00:00,2026-01-13T00:20:09+00:00,2026-01-12T12:41:50+00:00,2026-01-13T00:50:11+00:00,2026-01-12T12:12:24+00:00,2026-01-13T01:19:37+00:00
2026-01-13,2026-01-13T13:36:49+00:00,2026-01-13T23:55:56+00:00,2026-01-13T18:46:23+00:00,37147,2026-01-13T13:11:47+00:00,2026-01-14T00:20:59+00:00,2026-01-13T12:41:47+00:00,2026-01-14T00:50:58+00:00,2026-01-13T12:12:23+00:00,2026-01-14T01:20:22+00:00
2026-01-14,2026-01-14T13:36:40+00:00,2026-01-14T23:56:49+00:00,2026-01-14T18:46:45+00:00,37209,2026-01-14T13:11:40+00:00,2026-01-15T00:21:49+00:00,2026-01-14T12:41:43+00:00,2026-01-15T00:51:46+00:00,2026-01-14T12:12:21+00:00,2026-01-15T01:21:08+00:00
2026-01-15,2026-01-15T13:36:30+00:00,2026-01-15T23:57:42+00:00,2026-01-15T18:47:06+00:00,37272,2026-01-15T13:11:32+00:00,2026-01-16T00:22:40+00:00,2026-01-15T12:41:37+00:00,2026-01-16T00:52:34+00:00,2026-01-15T12:12:17+00:00,2026-01-16T01:21:55+00:00
2026-01-16,2026-01-16T13:36:17+00:00,2026-01-16T23:58:35+00:00,2026-01-16T18:47:26+00:00,37338,2026-01-16T13:11:22+00:00,2026-01-17T00:23:30+00:00,2026-01-16T12:41:30+00:00,2026-01-17T00:53:23+00:00,2026-01-16T12:12:11+00:00,2026-01-17T01:22:41+00:00
2026-01-17,2026-01-17T13:36:03+00:00,2026-01-17T23:59:29+00:00,2026-01-17T18:47:46+00:00,37406,2026-01-17T13:11:10+00:00,2026-01-18T00:24:22+00:00,2026-01-17T12:41:21+00:00,2026-01-18T00:54:11+00:00,2026-01-17T12:12:04+00:00,2026-01-18T01:23:28+00:00
2026-01-18,2026-01-18T13:35:47+00:00,2026-01-19T00:00:23+00:00,2026-01-18T18:48:05+00:00,37476,2026-01-18T13:10:57+00:00,2026-01-19T00:25:13+00:00,2026-01-18T12:41:10+00:00,2026-01-19T00:55:00+00:00,2026-01-18T12:11:55+00:00,2026-01-19T01:24:15+00:00
2026-01-19,2026-01-19T13:35:30+00:00,2026-01-20T00:01:17+00:00,2026-01-19T18:48:23+00:00,37547,2026-01-19T13:10:42+00:00,2026-01-20T00:26:05+00:00,2026-01-19T12:40:57+00:00,2026-01-20T00:55:49+00:00,2026-01-19T12:11:45+00:00,2026-01-20T01:25:02+00:00
2026-01-20,2026-01-20T13:35:10+00:00,2026-01-21T00:02:12+00:00,2026-01-20T18:48:41+00:00,37622,2026-01-20T13:10:25+00:00,2026-01-21T00:26:57+00:00,2026-01-20T12:40:43+00:00,2026-01-21T00:56:39+00:00,2026-01-20T12:11:33+00:00,2026-01-21T01:25:49+00:00
2026-01-21,2026-01-21T13:34:49+00:00,2026-01-22T00:03:06+00:00,2026-01-21T18:48:58+00:00,37697,2026-01-21T13:10:07+00:00,2026-01-22T00:27:49+00:00,2026-01-21T12:40:28+00:00,2026-01-22T00:57:28+00:00,2026-01-21T12:11:19+00:00,2026-01-22T01:26:36+00:00
2026-01-22,2026-01-22T13:34:27+00:00,2026-01-23T00:04:01+00:00,2026-01-22T18:49:14+00:00,37774,2026-01-22T13:09:47+00:00,2026-01-23T00:28:41+00:00,2026-01-22T12:40:10+00:00,2026-01-23T00:58:18+00:00,2026-01-22T12:11:04+00:00,2026-01-23T01:27:24+00:00
2026-01-23,2026-01-23T13:34:02+00:00,2026-01-24T00:04:56+00:00,2026-01-23T18:49:29+00:00,37854,2026-01-23T13:09:25+00:00,2026-01-24T00:29:33+00:00,2026-01-23T12:39:51+00:00,2026-01-24T00:59:07+00:00,2026-01-23T12:10:47+00:00,2026-01-24T01:28:11+00:00
2026-01-24,2026-01-24T13:33:36+00:00,2026-01-25T00:05:51+00:00,2026-01-24T18:49:44+00:00,37935,2026-01-24T13:09:02+00:00,2026-01-25T00:30:25+00:00,2026-01-24T12:39:31+00:00,2026-01-25T00:59:57+00:00,2026-01-24T12:10:29+00:00,2026-01-25T01:28:59+00:00
2026-01-25,2026-01-25T13:33:09+00:00,2026-01-26T00:06:46+00:00,2026-01-25T18:49:57+00:00,38017,2026-01-25T13:08:37+00:00,2026-01-26T00:31:18+00:00,2026-01-25T12:39:09+00:00,2026-01-26T01:00:46+00:00,2026-01-25T12:10:09+00:00,2026-01-26T01:29:46+00:00
2026-01-26,2026-01-26T13:32:39+00:00,2026-01-27T00:07:41+00:00,2026-01-26T18:50:10+00:00,38102,2026-01-26T13:08:11+00:00,2026-01-27T00:32:10+00:00,2026-01-26T12:38:45+00:00,2026-01-27T01:01:36+00:00,2026-01-26T12:09:47+00:00,2026-01-27T01:30:34+00:00
2026-01-27,2026-01-27T13:32:09+00:00,2026-01-28T00:08:36+00:00,2026-01-27T18:50:22+00:00,38187,2026-01-27T13:07:43+00:00,2026-01-28T00:33:02+00:00,2026-01-27T12:38:20+00:00,2026-01-28T01:02:25+00:00,2026-01-27T12:09:24+00:00,2026-01-28T01:31:21+00:00
2026-01-28,2026-01-28T13:31:36+00:00,2026-01-29T00:09:31+00:00,2026-01-28T18:50:34+00:00,38275,2026-01-28T13:07:13+00:00,2026-01-29T00:33:54+00:00,2026-01-28T12:37:53+00:00,2026-01-29T01:03:15+00:00,2026-01-28T12:08:59+00:00,2026-01-29T01:32:09+00:00
2026-01-29,2026-01-29T13:31:02+00:00,2026-01-30T00:10:26+00:00,2026-01-29T18:50:44+00:00,38364,2026-01-29T13:06:42+00:00,2026-01-30T00:34:47+00:00,2026-01-29T12:37:24+00:00,2026-01-30T01:04:04+00:00,2026-01-29T12:08:33+00:00,2026-01-30T01:32:56+00:00
2026-01-30,2026-01-30T13:30:27+00:00,2026-01-31T00:11:21+00:00,2026-01-30T18:50:54+00:00,38454,2026-01-30T13:06:09+00:00,2026-01-31T00:35:39+00:00,2026-01-30T12:36:54+00:00,2026-01-31T01:04:54+00:00,2026-01-30T12:08:05+00:00,2026-01-31T01:33:43+00:00
2026-01-31,2026-01-31T13:29:50+00:00,2026-02-01T00:12:16+00:00,2026-01-31T18:51:03+00:00,38546,2026-01-31T13:05:35+00:00,2026-02-01T00:36:31+00:00,2026-01-31T12:36:23+00:00,2026-02-01T01:05:43+00:00,2026-01-31T12:07:35+00:00,2026-02-01T01:34:31+00:00
2026-02-01,2026-02-01T13:29:11+00:00,2026-02-02T00:13:10+00:00,2026-02-01T18:51:11+00:00,38639,2026-02-01T13:04:59+00:00,2026-02-02T00:37:22+00:00,2026-02-01T12:35:50+00:00,2026-02-02T01:06:32+00:00,2026-02-01T12:07:04+00:00,2026-02-02T01:35:18+00:00
2026-02-02,2026-02-02T13:28:31+00:00,2026-02-03T00:14:05+00:00,2026-02-02T18:51:18+00:00,38734,2026-02-02T13:04:22+00:00,2026-02-03T00:38:14+00:00,2026-02-02T12:35:15+00:00,2026-02-03T01:07:21+00:00,2026-02-02T12:06:31+00:00,2026-02-03T01:36:05+00:00
2026-02-03,2026-02-03T13:27:50+00:00,2026-02-04T00:14:59+00:00,2026-02-03T18:51:25+00:00,38829,2026-02-03T13:03:43+00:00,2026-02-04T00:39:06+00:00,2026-02-03T12:34:39+00:00,2026-02-04T01:08:10+00:00,2026-02-03T12:05:57+00:00,2026-02-04T01:36:52+00:00
2026-02-04,2026-02-04T13:27:07+00:00,2026-02-05T00:15:53+00:00,2026-02-04T18:51:30+00:00,38926,2026-02-04T13:03:03+00:00,2026-02-05T00:39:57+00:00,2026-02-04T12:34:02+00:00,2026-02-05T01:08:59+00:00,2026-02-04T12:05:22+00:00,2026-02-05T01:37:39+00:00
2026-02-05,2026-02-05T13:26:23+00:00,2026-02-06T00:16:47+00:00,2026-02-05T18:51:35+00:00,39024,2026-02-05T13:02:22+00:00,2026-02-06T00:40:48+00:00,2026-02-05T12:33:23+00:00,2026-02-06T01:09:47+00:00,2026-02-05T12:04:45+00:00,2026-02-06T01:38:25+00:00
2026-02-06,2026-02-06T13:25:38+00:00,2026-02-07T00:17:40+00:00,2026-02-06T18:51:39+00:00,39122,2026-02-06T13:01:39+00:00,2026-02-07T00:41:39+00:00,2026-02-06T12:32:42+00:00,2026-02-07T01:10:36+00:00,2026-02-06T12:04:06+00:00,2026-02-07T01:39:12+00:00
2026-02-07,2026-02-07T13:24:51+00:00,2026-02-08T00:18:34+00:00,2026-02-07T18:51:42+00:00,39223,2026-02-07T13:00:55+00:00,2026-02-08T00:42:30+00:00,2026-02-07T12:32:00+00:00,2026-02-08T01:11:24+00:00,2026-02-07T12:03:26+00:00,2026-02-08T01:39:58+00:00
2026-02-08,2026-02-08T13:24:02+00:00,2026-02-09T00:19:27+00:00,2026-02-08T18:51:45+00:00,39325,2026-02-08T13:00:09+00:00,2026-02-09T00:43:20+00:00,2026-02-08T12:31:17+00:00,2026-02-09T01:12:12+00:00,2026-02-08T12:02:45+00:00,2026-02-09T01:40:45+00:00
2026-02-09,2026-02-09T13:23:13+00:00,2026-02-10T00:20:19+00:00,2026-02-09T18:51:46+00:00,39426,2026-02-09T12:59:22+00:00,2026-02-10T00:44:10+00:00,2026-02-09T12:30:33+00:00,2026-02-10T01:13:00+00:00,2026-02-09T12:02:02+00:00,2026-02-10T01:41:31+00:00
2026-02-10,2026-02-10T13:22:22+00:00,2026-02-11T00:21:12+00:00,2026-02-10T18:51:47+00:00,39530,2026-02-10T12:58:34+00:00,2026-02-11T00:45:00+00:00,2026-02-10T12:29:47+00:00,2026-02-11T01:13:47+00:00,2026-02-10T12:01:17+00:00,2026-02-11T01:42:17+00:00
2026-02-11,2026-02-11T13:21:30+00:00,2026-02-12T00:22:04+00:00,2026-02-11T18:51:47+00:00,39634,2026-02-11T12:57:45+00:00,2026-02-12T00:45:50+00:00,2026-02-11T12:29:00+00:00,2026-02-12T01:14:35+00:00,2026-02-11T12:00:32+00:00,2026-02-12T01:43:03+00:00
2026-02-12,2026-02-12T13:20:37+00:00,2026-02-13T00:22:56+00:00,2026-02-12T18:51:46+00:00,39739,2026-02-12T12:56:54+00:00,2026-02-13T00:46:39+00:00,2026-02-12T12:28:11+00:00,2026-02-13T01:15:22+00:00,2026-02-12T11:59:45+00:00,2026-02-13T01:43:48+00:00
2026-02-13,2026-02-13T13:19:43+00:00,2026-02-14T00:23:47+00:00,2026-02-13T18:51:45+00:00,39844,2026-02-13T12:56:02+00:00,2026-02-14T00:47:28+00:00,2026-02-13T12:27:21+00:00,2026-02-14T01:16:09+00:00,2026-02-13T11:58:56+00:00,2026-02-14T01:44:34+00:00
2026-02-14,2026-02-14T13:18:48+00:00,2026-02-15T00:24:38+00:00,2026-02-14T18:51:43+00:00,39950,2026-02-14T12:55:09+00:00,2026-02-15T00:48:17+00:00,2026-02-14T12:26:30+00:00,2026-02-15T01:16:55+00:00,2026-02-14T11:58:06+00:00,2026-02-15T01:45:19+00:00
2026-02-15,2026-02-15T13:17:51+00:00,2026-02-16T00:25:29+00:00,2026-02-15T18:51:40+00:00,40058,2026-02-15T12:54:15+00:00,2026-02-16T00:49:05+00:00,2026-02-15T12:25:38+00:00,2026-02-16T01:17:42+00:00,2026-02-15T11:57:15+00:00,2026-02-16T01:46:05+00:00
2026-02-16,2026-02-16T13:16:53+00:00,2026-02-17T00:26:19+00:00,2026-02-16T18:51:36+00:00,40166,2026-02-16T12:53:19+00:00,2026-02-17T00:49:54+00:00,2026-02-16T12:24:44+00:00,2026-02-17T01:18:28+00:00,2026-02-16T11:56:23+00:00,2026-02-17T01:46:50+00:00
2026-02-17,2026-02-17T13:15:55+00:00,2026-02-18T00:27:09+00:00,2026-02-17T18:51:32+00:00,40274,2026-02-17T12:52:23+00:00,2026-02-18T00:50:42+00:00,2026-02-17T12:23:50+00:00,2026-02-18T01:19:14+00:00,2026-02-17T11:55:29+00:00,2026-02-18T01:47:35+00:00
2026-02-18,2026-02-18T13:14:55+00:00,2026-02-19T00:27:59+00:00,2026-02-18T18:51:27+00:00,40384,2026-02-18T12:51:25+00:00,2026-02-19T00:51:29+00:00,2026-02-18T12:22:54+00:00,2026-02-19T01:20:00+00:00,2026-02-18T11:54:35+00:00,2026-02-19T01:48:20+00:00
2026-02-19,2026-02-19T13:13:54+00:00,2026-02-20T00:28:48+00:00,2026-02-19T18:51:21+00:00,40494,2026-02-19T12:50:26+00:00,2026-02-20T00:52:16+00:00,2026-02-19T12:21:57+00:00,2026-02-20T01:20:46+00:00,2026-02-19T11:53:38+00:00,2026-02-20T01:49:04+00:00
2026-02-20,2026-02-20T13:12:53+00:00,2026-02-21T00:29:37+00:00,2026-02-20T18:51:15+00:00,40604,2026-02-20T12:49:27+00:00,2026-02-21T00:53:03+00:00,2026-02-20T12:20:59+00:00,2026-02-21T01:21:31+00:00,2026-02-20T11:52:41+00:00,2026-02-21T01:49:49+00:00
2026-02-21,2026-02-21T13:11:50+00:00,2026-02-22T00:30:26+00:00,2026-02-21T18:51:08+00:00,40716,2026-02-21T12:48:26+00:00,2026-02-22T00:53:50+00:00,2026-02-21T12:20:00+00:00,2026-02-22T01:22:16+00:00,2026-02-21T11:51:43+00:00,2026-02-22T01:50:33+00:00
2026-02-22,2026-02-22T13:10:47+00:00,2026-02-23T00:31:14+00:00,2026-02-22T18:51:00+00:00,40827,2026-02-22T12:47:24+00:00,2026-02-23T00:54:37+00:00,2026-02-22T12:18:59+00:00,2026-02-23T01:23:01+00:00,2026-02-22T11:50:43+00:00,2026-02-23T01:51:18+00:00
2026-02-23,2026-02-23T13:09:42+00:00,2026-02-24T00:32:02+00:00,2026-02-23T18:50:52+00:00,40940,2026-02-23T12:46:21+00:00,2026-02-24T00:55:23+00:00,2026-02-23T12:17:58+00:00,2026-02-24T01:23:46+00:00,2026-02-23T11:49:42+00:00,2026-02-24T01:52:02+00:00
2026-02-24,2026-02-24T13:08:37+00:00,2026-02-25T00:32:49+00:00,2026-02-24T18:50:43+00:00,41052,2026-02-24T12:45:18+00:00,2026-02-25T00:56:09+00:00,2026-02-24T12:16:56+00:00,2026-02-25T01:24:31+00:00,2026-02-24T11:48:41+00:00,2026-02-25T01:52:46+00:00
2026-02-25,2026-02-25T13:07:31+00:00,2026-02-26T00:33:37+00:00,2026-02-25T18:50:34+00:00,41166,2026-02-25T12:44:13+00:00,2026-02-26T00:56:54+00:00,2026-02-25T12:15:53+00:00,2026-02-26T01:25:15+00:00,2026-02-25T11:47:38+00:00,2026-02-26T01:53:30+00:00
